Date,adj close,close,high,low,open,volume,daily_return,log_return,realized_vol_5d,realized_vol_20d,realized_vol_60d,parkinson_vol_20d,garman_klass_vol_20d,vol_of_vol_20d,leverage_effect,vol_lag_1d,vol_lag_5d,vol_lag_20d,volume_ratio,volume_trend,daily_range,avg_range,range_volatility,squared_return,ma_squared_return,squared_return_deviation
2021-01-19,124.4364013671875,127.83000183105467,128.7100067138672,126.94000244140624,127.77999877929688,90757300,,,,,,,,,,,,,,,0.013846548127256239,,,,,
2021-01-20,128.52491760253906,132.02999877929688,132.49000549316406,128.5500030517578,128.66000366210938,104319500,0.0328561127128284,0.0323278897413908,,,,,,,,,,,,,0.029841721410544062,,,0.0010450924551315206,,
2021-01-21,133.23638916015625,136.8699951171875,139.6699981689453,133.58999633789062,133.8000030517578,120150900,0.0366583078288231,0.036002374302895,,,,,,,,,,,,,0.04442172899801024,,,0.0012961709554457541,,
2021-01-22,135.3780059814453,139.07000732421875,139.85000610351562,135.02000427246094,136.27999877929688,114459400,0.016073736286376,0.0159459216078619,,,,,,,,,,,,,0.034730722489963894,,,0.0002542724159240771,,
2021-01-25,139.1258087158203,142.9199981689453,145.08999633789062,136.5399932861328,143.07000732421875,157611700,0.0276838329040347,0.0273075641872462,,,,,,,,,,,,,0.05982369970121941,,,0.0007457030618405712,,
2021-01-26,139.35939025878906,143.16000366210938,144.3000030517578,141.3699951171875,143.60000610351562,98390600,0.0016792995818566,0.0016778911348962,0.2214500026127235,,,,,,,,,,,,0.02046666568607952,,,2.815318660563258e-06,,
2021-01-27,138.2886199951172,142.05999755859375,144.3000030517578,140.41000366210938,143.42999267578125,140843800,-0.0076837529713389,-0.007713425094436,0.2846604523558076,,,,,,,,,,,,0.027382792175847933,,,5.949692668747502e-05,,
2021-01-28,133.45057678222656,137.08999633789062,141.99000549316406,136.6999969482422,139.52000427246094,142621100,-0.0349852267078436,-0.0356118686492915,0.3831299410167663,,,,,,,,,,,,0.03858785240524335,,,0.0012682051886943907,,
2021-01-29,128.4567413330078,131.9600067138672,136.74000549316406,130.2100067138672,135.8300018310547,177523800,-0.0374205978631684,-0.0381387204962048,0.4332884813475227,,,,,,,,,,,,0.04948468056277131,,,0.0014545620010876321,,
2021-02-01,130.57888793945312,134.13999938964844,135.3800048828125,130.92999267578125,133.75,106239800,0.0165201012796869,0.0163851288830554,0.3764647715372165,,,,,,,,,,,,0.033174386665269784,,,0.00026847244851433625,,
2021-02-02,131.40634155273438,134.99000549316406,136.30999755859375,134.61000061035156,135.72999572753906,83305400,0.0063367087176327,0.0063167161923707,0.3888475982922835,,,,,,,,,,,,0.012593502326572435,,,3.99009034549582e-05,,
2021-02-03,130.38421630859375,133.94000244140625,135.77000427246094,133.61000061035156,135.75999450683594,89880900,-0.0077783762429062,-0.007808785604338,0.3887857798491833,,,,,,,,,,,,0.016126650908897033,,,6.097713261451639e-05,,
2021-02-04,133.74264526367188,137.38999938964844,137.39999389648438,134.58999633789062,136.3000030517578,84183100,0.025757778746879,0.0254316357838671,0.3944523645418912,,,,,,,,,,,,0.020452708137980148,,,0.0006467680986432696,,
2021-02-05,133.32827758789062,136.75999450683594,137.4199981689453,135.86000061035156,137.35000610351562,75693800,-0.0045855221312415,-0.0045960678887352,0.2219502962735503,,,,,,,,,,,,0.011406826712878916,,,2.1123840037862836e-05,,
2021-02-08,133.47454833984375,136.91000366210938,136.9600067138672,134.9199981689453,136.02999877929688,71297200,0.0010968789214593,0.0010962777893145,0.2079522523621078,,,,,,,,,,,,0.01490036148093727,,,1.2018249913442871e-06,,
2021-02-09,132.59710693359375,136.00999450683594,137.8800048828125,135.85000610351562,136.6199951171875,76774200,-0.0065737282243789,-0.0065954303372428,0.2191368659304292,,,,,,,,,,,,0.014925364762034795,,,4.349970133342267e-05,,
2021-02-10,131.9926300048828,135.38999938964844,136.99000549316406,134.39999389648438,136.47999572753906,73046600,-0.0045584526301583,-0.0045688740577984,0.2115363926678371,,,,,,,,,,,,0.019130006709178794,,,2.087461015602322e-05,,
2021-02-11,131.73919677734375,135.1300048828125,136.38999938964844,133.77000427246094,135.89999389648438,64280000,-0.0019203376025409,-0.0019221838147405,0.0472075419280982,,,,,,,,,,,,0.019388699937216855,,,3.694790617650341e-06,,
2021-02-12,131.97315979003906,135.3699951171875,135.52999877929688,133.69000244140625,134.35000610351562,60145100,0.0017759951580194,0.001774419943392,0.0569865084720751,,,,,,,,,,,,0.013592349887416125,,,3.148566135507269e-06,,
2021-02-16,129.84786987304688,133.19000244140625,136.00999450683594,132.7899932861328,135.49000549316406,80576300,-0.0161039577041727,-0.0162350355843806,0.1073806506825515,,,0.2783398484423644,0.29937528433226596,,,,,,0.8009172504057327,,0.024175997910351323,0.02592266334978347,0.013632280935730235,0.00026357638042610437,,
2021-02-17,127.55684661865234,130.83999633789062,132.22000122070312,129.47000122070312,131.25,97918500,-0.0176440127670202,-0.0178015238622268,0.1392590100510005,0.3214212287589238,,0.28037338104688847,0.3019167344541392,,,,,,0.9698445723999024,0.029097731702434366,0.021018037885741008,0.02628123783770771,0.01339008640652476,0.00031689425181743015,0.00039082254361072044,-7.392829179329028e-05
2021-02-18,126.4551773071289,129.7100067138672,130.0,127.41000366210938,129.1999969482422,96856700,-0.0086364235375341,-0.0086739335677855,0.1363695705805634,0.3009967790844783,,0.27623878509357025,0.3018968685288756,,,0.3214212287589238,,,0.9628864992420465,0.0210838606360789,0.01996759080896517,0.025787531307628765,0.013433861455065595,7.523712353835608e-05,0.00034232977703106226,-0.00026709265349270615
2021-02-19,126.61115264892578,129.8699951171875,130.7100067138672,128.8000030517578,130.24000549316406,87668800,0.0012334314627955,0.0012326714111257,0.1474501208656145,0.2679713555111056,,0.26132452332772677,0.2872155007760471,,,0.3009967790844783,,,0.8858490970217603,0.00875288374949908,0.01470704345823601,0.024301797030640053,0.012896959655719726,1.5194788078066245e-06,0.0002775972031991649,-0.00027607772439135826
2021-02-22,122.83827209472656,126.0,129.72000122070312,125.5999984741211,128.00999450683594,103916400,-0.0297989933217094,-0.0302520055728263,0.1850210248291008,0.2755764636686513,,0.2596356537274648,0.28644881173172304,,,0.2679713555111056,,,1.0556459050806142,0.02038783023871634,0.03269843449668279,0.024200182630976,0.012818231924303883,0.0009151838411783134,0.0003106427744618767,0.0006045410667164367
2021-02-23,122.7017822265625,125.86000061035156,126.70999908447266,118.38999938964844,123.76000213623048,158273000,-0.0011111062670511,-0.0011117240032422,0.2053297337323013,0.248621544390329,,0.26759786529687324,0.2941085981392883,,,0.2755764636686513,,,1.6072933807262804,0.02769135157581045,0.0661051935045035,0.024514257321140202,0.013778045910788505,1.2359302593848633e-06,0.0002734194178828174,-0.0002721834876234325
2021-02-24,122.20459747314452,125.3499984741211,125.55999755859376,122.2300033569336,124.94000244140624,111039900,-0.0040521383581537,-0.0040603705168804,0.2011393371787116,0.2469913393490641,,0.27014725955218055,0.29731123016455935,,,0.248621544390329,0.3214212287589238,,1.120435638361313,0.031556975275682644,0.02656557034061439,0.024819202553866947,0.013751213321465427,1.648660873435161e-05,0.0002741029823865068,-0.0002576163736521552
2021-02-25,117.95399475097656,120.98999786376952,126.45999908447266,120.54000091552734,124.68000030517578,148199500,-0.0347826139882379,-0.0354019325342254,0.2771312984260318,0.2673032136710149,,0.2828991826192402,0.30696254033790304,,,0.2469913393490641,0.3009967790844783,,1.489861393665484,0.02671571028294346,0.048929649338543026,0.025896545412001704,0.014769010564734961,0.0012532968271578467,0.0003337929774100254,0.0009195038497478213
2021-02-26,118.21722412109376,121.26000213623048,124.8499984741211,121.1999969482422,122.58999633789062,164560400,0.0022316247394678,0.0022291383633973,0.2806316545450506,0.2486048008988932,,0.2783551364286484,0.3026778691318631,,,0.2673032136710149,0.2679713555111056,,1.6362939781525057,0.03160465350978366,0.03010062231219714,0.025472183907349392,0.014504723593253922,4.969057843169593e-06,0.00027063117086746435,-0.00026566211302429474
2021-03-01,124.58335876464844,127.79000091552734,127.93000030517578,122.79000091552734,123.75,116307900,0.0538512177491197,0.052451280524396,0.5012001728406625,0.2971554809223024,,0.2724744462136355,0.29354201436518673,,,0.2486048008988932,0.2755764636686513,,1.1928015266412277,0.004707460462262942,0.040222234547491055,0.02500906160658538,0.0138298446860557,0.0027511368286488834,0.00033545991224552687,0.0024156769164033567
2021-03-02,121.98037719726562,125.12000274658205,128.72000122070312,125.01000213623048,128.41000366210938,102260900,-0.0208936391722092,-0.0211150000363397,0.5303593194399078,0.2968572367649523,,0.2702826045963462,0.2850965953565463,,,0.2971554809223024,0.248621544390329,,1.0508859231544634,0.018746055644766623,0.02965152655876192,0.024832918601259985,0.013742532703674587,0.00044584322653462555,0.0003443284511465413,0.00010151477538808423
2021-03-03,118.99714660644533,122.05999755859376,125.70999908447266,121.83999633789062,124.80999755859376,112966300,-0.0244565626663708,-0.0247605916339244,0.5571280401021512,0.3036721267708322,,0.2770925690288996,0.2901327293538171,,,0.2968572367649523,0.2469913393490641,,1.14347300940281,0.03477410709837089,0.03170574163516817,0.025788530566689772,0.013509169202435542,0.000613086898061967,0.0003729877508768918,0.00024009914718507524
2021-03-04,117.1155776977539,120.12999725341795,123.5999984741211,118.62000274658205,121.75,178155000,-0.0158118986054321,-0.0159382402447904,0.505677607775019,0.3060191993231306,,0.28861319516726514,0.305327919768039,,,0.3036721267708322,0.2673032136710149,,1.7262081131345297,0.059680646593672934,0.04145505570131324,0.02705495080631058,0.01374096274315427,0.00025402750210065634,0.00038264026935119885,-0.0001286127672505425
2021-03-05,118.37320709228516,121.41999816894533,121.94000244140624,117.56999969482422,120.9800033569336,153766600,0.0107383746359874,0.0106811277520809,0.5130336174664664,0.2903610421283983,,0.29565188208601234,0.3149140767511961,,,0.3060191993231306,0.2486048008988932,,1.4413120550839524,0.05600557165422119,0.035990798982730506,0.027831855348548096,0.01378720849974207,0.00011408649005627277,0.00035600618892184894,-0.00024191969886557617
2021-03-08,113.44017028808594,116.36000061035156,121.0,116.20999908447266,120.93000030517578,154376600,-0.0416735104175607,-0.0425667557495759,0.3056672511337513,0.3176194515103932,,0.3069722197268656,0.31858287706574034,,,0.2903610421283983,0.2971554809223024,,1.3955666595054688,0.0612460882671365,0.041165356569285015,0.02931978184136841,0.013524592474163788,0.0018119286950440529,0.0004455464316721584,0.0013663822633718944
2021-03-09,118.0514678955078,121.08999633789062,122.05999755859376,118.79000091552734,119.02999877929688,129525800,0.0406496708725376,0.039845201651029,0.5123310122030166,0.3594851696492316,,0.3107405338872669,0.32170073552686124,,,0.3176194515103932,0.2968572367649523,,1.140887631960423,0.056101530454668744,0.027004680336613376,0.029924997784152207,0.013109843057694949,0.001587640094611164,0.0005248683451531495,0.0010627717494580144
2021-03-10,116.9693374633789,119.9800033569336,122.16999816894533,119.4499969482422,121.69000244140624,111943300,-0.009166677797724,-0.0092089503193459,0.4888604063588521,0.3596488015602825,,0.312831811060658,0.32314371324662894,,,0.3594851696492316,0.3036721267708322,,0.9709783693491445,0.045473308324955206,0.022670454614101637,0.030312252276755554,0.012752980662775847,8.480476598418093e-05,0.0005269335983856874,-0.00044212883240150647
2021-03-11,118.89965057373048,121.95999908447266,123.20999908447266,121.26000213623048,122.54000091552734,103026500,0.0165027143869023,0.0163680244092137,0.4906133168910361,0.3685313795158385,,0.3120330318604826,0.3223869013659024,,,0.3596488015602825,0.3060191993231306,,0.8821655103352716,0.04391821623336245,0.015988823900298283,0.030155193136311532,0.012916241169382814,0.0002679122230606155,0.000539285479030917,-0.0002713732559703015
2021-03-12,117.99298095703124,121.02999877929688,121.16999816894533,119.16000366210938,120.4000015258789,88105100,-0.0076254535270342,-0.0076546759487128,0.4898520377803955,0.368412072626988,,0.3113301064808922,0.32148163280820724,,,0.3685313795158385,0.2903610421283983,,0.746783570661428,0.042677371258981606,0.016607407478382765,0.030016128513369822,0.013052514930096565,5.85940638798022e-05,0.0005420304426940247,-0.00048343637881422246
2021-03-15,120.87870025634766,123.98999786376952,124.0,120.41999816894533,121.41000366210938,92403800,0.0244567389434609,0.0241624612981385,0.3344984545137588,0.3825818398076079,,0.31619237477202883,0.3251254757021437,,,0.368412072626988,0.3176194515103932,,0.772656348087104,0.04833322009461062,0.02887331149878798,0.03078017659393841,0.012474995856962826,0.0005838245359840408,0.0005710642411864513,1.2760294797589558e-05
2021-03-16,122.4190673828125,125.56999969482422,127.22000122070312,124.72000122070312,125.6999969482422,115227900,0.0127429781294994,0.0126624696078525,0.23699179485278,0.3844624344089785,,0.3148949782605506,0.3255657909995027,0.04581825002941476,,0.3825818398076079,0.3594851696492316,,0.9497461548406224,0.04369849085912323,0.019909214032617743,0.030566837400051738,0.012629408640748989,0.00016033813656978824,0.0005659023289936354,-0.0004055641924238471
2021-03-17,121.62939453125,124.76000213623048,125.86000061035156,122.33999633789062,124.0500030517578,111932600,-0.0064505659039763,-0.0064714607082267,0.2255221639842514,0.3807413537504426,,0.31750269644768997,0.3288895734778694,0.048401803733111544,0.26188269059674296,0.3844624344089785,0.3596488015602825,0.3214212287589238,0.9172874719372526,0.03150723252421598,0.02821420497105557,0.030926645754317462,0.012444198301197387,4.1879803698122014e-05,0.0005521516065876699,-0.0005102718028895479
2021-03-18,117.50552368164062,120.52999877929688,123.18000030517578,120.31999969482422,122.87999725341795,121229700,-0.0339051241143349,-0.0344932343898645,0.3555498188651027,0.3970828966633826,,0.31855215299961415,0.32764987770804954,0.05174054755221642,0.2181778950857608,0.3807413537504426,0.3685313795158385,0.3009967790844783,0.9836536050754477,0.036202408398988424,0.02372853761982131,0.031114693094860268,0.01229742804775796,0.001189783218674131,0.0006078789113444588,0.0005819043073296721
2021-03-19,116.97906494140624,119.98999786376952,121.43000030517578,119.68000030517578,119.9000015258789,185549500,-0.0044802200364753,-0.004490286299564,0.3532829561921514,0.3966651182847123,,0.31850962906338387,0.3276485067607906,0.05312485212686282,0.25949676175410713,0.3970828966633826,0.368412072626988,0.2679713555111056,1.4480405102813299,0.06747351657624331,0.014584548972047322,0.031108568370550833,0.012306057436725372,2.016267105205216e-05,0.000608811070956671,-0.0005886483999046189
2021-03-22,120.29376983642578,123.38999938964844,123.87000274658205,120.26000213623048,120.33000183105467,111912300,0.0283357078624093,0.0279416777910254,0.3712900340562818,0.3992761012144223,,0.31731623093692335,0.323189373644402,0.05427829870320433,0.24970984115398448,0.3966651182847123,0.3825818398076079,0.2755764636686513,0.8706544898389295,0.03836404320417856,0.029256833035161006,0.030936488297474744,0.012306718236941723,0.000780737357777482,0.0006020887467866295,0.00017864861099085253
2021-03-23,119.46510314941406,122.54000091552734,124.23999786376952,122.13999938964844,123.33000183105467,95467100,-0.0068887144689653,-0.0069125511951571,0.3514888079812432,0.3998192242296907,,0.2846892336098534,0.2799987275182457,0.05270672538161417,0.27802669266534624,0.3992761012144223,0.3844624344089785,0.248621544390329,0.7613137818527728,0.004862678250523345,0.017137248722306674,0.028488091058364907,0.009490547007723518,4.778336402566785e-05,0.0006044161184749436,-0.0005566327544492758
2021-03-24,117.07655334472656,120.08999633789062,122.9000015258789,120.06999969482422,122.81999969482422,88530500,-0.0199935087263922,-0.020196083590877,0.3684849613064545,0.4053415601425816,,0.2832506843206518,0.27360475107215476,0.05005353292904936,0.2812585032297154,0.3998192242296907,0.3807413537504426,0.2469913393490641,0.7123908843289496,0.01615110055977743,0.023565675054998476,0.028338096294084115,0.00954607467530688,0.0004078817924096912,0.0006239858776587107,-0.00021610408524901944
2021-03-25,117.56402587890624,120.58999633789062,121.66000366210938,119.0,119.54000091552734,98844700,0.0041635441356262,0.0041549005693488,0.2832808988293545,0.3861599186739001,,0.268338657425904,0.25976455018884637,0.047128308754951595,0.35000902704056464,0.4053415601425816,0.3970828966633826,0.2673032136710149,0.8115020262982625,0.005243780747718696,0.022058244820375487,0.026994526068175734,0.008305813281685679,1.7263198741174987e-05,0.000562184196237877,-0.000544920997496702
2021-03-26,118.16847229003906,121.20999908447266,121.4800033569336,118.91999816894533,120.3499984741211,94071200,0.0051414111071435,0.0051282391819545,0.2816883357880211,0.3865353058016403,,0.2647005055395645,0.25518937094051,0.040803862527310435,0.3752191374227215,0.3861599186739001,0.3966651182847123,0.2486048008988932,0.795325234793171,-0.0026907560802396035,0.021120412567647736,0.026545515580948264,0.008371534847393827,2.6298837107333356e-05,0.0005632506852010853,-0.0005369518480937519
2021-03-29,118.34396362304688,121.38999938964844,122.58000183105467,120.7300033569336,121.6500015258789,80819200,0.0014850285169158,0.0014839269525027,0.1680037240850392,0.3334657994629377,,0.2519427996459713,0.2469516549178779,0.03864285758742652,-0.005329769837621394,0.3865353058016403,0.3992761012144223,0.2971554809223024,0.6936929196529648,0.004926673138365223,0.015240122608311328,0.025296409983989278,0.008082219897796212,2.2020392003639503e-06,0.0004258039457286592,-0.00042360190652829526
2021-03-30,116.89132690429688,119.9000015258789,120.4000015258789,118.86000061035156,120.11000061035156,85671900,-0.0122744696536887,-0.0123504231219592,0.1794784975747846,0.3284136812758816,,0.2456446970698789,0.24475434170714616,0.036462873536740555,-0.0019013021867650118,0.3334657994629377,0.3998192242296907,0.2968572367649523,0.7406176962122226,0.013967580922887963,0.012844044169548688,0.024456035864528616,0.008470049685537275,0.00015253295129142444,0.00041113843196649916,-0.0002586054806750747
2021-03-31,119.08487701416016,122.1500015258789,123.5199966430664,121.1500015258789,121.6500015258789,118323800,0.0187656377928766,0.0185917354358634,0.174996679037665,0.3248268700673988,,0.24000762171329112,0.24175130039609957,0.03493480154530902,0.002314802948851018,0.3284136812758816,0.4053415601425816,0.3036721267708322,1.0205240617778446,0.02778958952671339,0.019402333913891838,0.0238408654784648,0.008361900027729657,0.0003456526265171388,0.0003977667183892577,-5.211409187211893e-05
2021-04-01,119.91354370117188,123.0,124.18000030517578,122.48999786376952,123.66000366210938,75089100,0.0069586448096852,0.0069345451768228,0.1768532026654644,0.3200184128803063,,0.22532391580668323,0.22294707149159235,0.033839828149516964,-0.0006391833184313144,0.3248268700673988,0.3861599186739001,0.3060191993231306,0.6777553671846216,-0.019333227840339418,0.0137398572472054,0.022455105555759407,0.00754589511349997,4.8087916809396354e-05,0.00038746973912469476,-0.0003393818223152984
2021-04-05,122.74079895019533,125.9000015258789,126.16000366210938,123.06999969482422,123.87000274658205,88651200,0.0235772481778773,0.0233035977976528,0.2249605301640186,0.3280249626780287,,0.21797377832414486,0.20968183033905988,0.03036838518615694,0.045569948916705856,0.3200184128803063,0.3865353058016403,0.2903610421283983,0.8243932282941318,-0.003457842405404038,0.024543319538006536,0.021882731583523208,0.006868936675619517,0.0005430576703147684,0.0004089182981376196,0.00013413937217714882
2021-04-06,123.0429916381836,126.20999908447266,127.12999725341795,125.6500015258789,126.5,80171300,0.0024622522226898,0.0024592258464687,0.2233931312205469,0.2830909720032741,,0.20179555363811685,0.20432703747129166,0.03404386805553774,0.2676643296104231,0.3280249626780287,0.3334657994629377,0.3176194515103932,0.7721785228147507,-0.008438927750963898,0.011726453833095138,0.020410786446713715,0.005546271539020941,6.047791763939694e-06,0.0003186242529736139,-0.0003125764612096742
2021-04-07,124.69061279296876,127.9000015258789,127.91999816894533,125.13999938964844,125.83000183105467,83466700,0.0133904005519811,0.0133015414985073,0.1340871455170635,0.2526331824387622,,0.19890745890637007,0.20070462243919215,0.04228132118098258,-0.059682559274637594,0.2830909720032741,0.3284136812758816,0.3594851696492316,0.8221548716547479,0.0016650551850387273,0.021735721236362866,0.020147338491701187,0.005337796464203882,0.0001769310062365118,0.0002480887985548813,-7.115779231836947e-05
2021-04-08,127.0888671875,130.36000061035156,130.38999938964844,128.52000427246094,128.9499969482422,88844600,0.0192337690001895,0.0190511381363606,0.1353455384615985,0.254817836666429,,0.19547025874384963,0.1969829500601649,0.04830310324472533,-0.02203566798501616,0.2526331824387622,0.3248268700673988,0.3596488015602825,0.8851978990889778,0.011673897189892502,0.01434485354734655,0.019731058438363435,0.005454048644323483,0.0003629458642906932,0.0002619958534702069,0.00010095001082048631
2021-04-09,129.66261291503906,133.0,133.0399932861328,129.47000122070312,129.8000030517578,106686700,0.0202516061467308,0.0200492695703465,0.130182869839079,0.2574802736567169,,0.20103325246822928,0.19769344966334196,0.05273014213426223,-0.026721717540103954,0.254817836666429,0.3200184128803063,0.3685313795158385,1.0610319080731472,0.02569781200300677,0.026842045604734494,0.020273719523585247,0.005600086859065167,0.0004019732103044222,0.0002686989028323972,0.00013327430747202496
2021-04-12,127.94681549072266,131.24000549316406,132.85000610351562,130.6300048828125,132.52000427246094,91420000,-0.0132330414047814,-0.0133213782729861,0.2217103990557982,0.2617300417722427,,0.20108047552803526,0.1969341920685461,0.055909122663992235,-0.04949729693764336,0.2574802736567169,0.3280249626780287,0.368412072626988,0.9077036557064744,0.025784425106657897,0.016915583113250927,0.02028912830532865,0.005589882642958535,0.00017745911909198615,0.00027464215559300643,-9.718303650102029e-05
2021-04-13,131.05674743652344,134.42999267578125,134.66000366210938,131.92999267578125,132.44000244140625,91266500,0.0243065151561834,0.0240158130338785,0.2380961522704121,0.2615810494225763,,0.19605980915943927,0.19258366137302996,0.05792888758073626,-0.10035894403914014,0.2617300417722427,0.2830909720032741,0.3825818398076079,0.9066914897923753,0.023260942316293824,0.02030804980338261,0.019860865220558386,0.005213004703863788,0.0005767592756782085,0.00027428889257771484,0.00030247038310049365
2021-04-14,128.71697998046875,132.02999877929688,135.0,131.66000366210938,134.94000244140625,87222800,-0.017853113347054,-0.0180144027371861,0.3215966185198833,0.270679484135131,,0.19874993262351273,0.19040134213321394,0.058616694756991494,-0.17214758889852638,0.2615810494225763,0.2526331824387622,0.3844624344089785,0.8787432661985761,0.008695421313564372,0.025297253417943356,0.020130267189824667,0.00535297936427026,0.000324518705977538,0.0002824979210481023,4.202078492943572e-05
2021-04-15,131.1249542236328,134.5,135.0,133.63999938964844,133.82000732421875,89347100,0.0187078788422319,0.0185350387964336,0.320331498963655,0.2742078370618483,0.3252517664245588,0.19055382131899795,0.17850157158659788,0.05873912770706821,-0.13991233092585822,0.270679484135131,0.254817836666429,0.3807413537504426,0.9105038408764682,0.011343070270229311,0.010111528701498606,0.019225133376346813,0.005443842972388245,0.0003435476631852987,0.00029758131402246113,4.596634916283757e-05
2021-04-16,130.79351806640625,134.16000366210938,134.6699981689453,133.27999877929688,134.3000030517578,84922400,-0.0025278538133132,-0.0025310542303592,0.2984247643029905,0.2358610886070001,0.3186192370993862,0.18518097286274682,0.17570923456466064,0.05954117261320072,0.05451871575350642,0.2742078370618483,0.2574802736567169,0.3970828966633826,0.881725000734577,0.004713950377208081,0.010360758435496473,0.018556744417130573,0.0056774471521709455,6.406235517019203e-06,0.00023841246486460557,-0.00023200622934758637
2021-04-19,131.4564666748047,134.83999633789062,135.47000122070312,133.33999633789062,133.50999450683594,94264200,0.0050685201045004,0.0050557183954006,0.2668536642392893,0.2329918028273855,0.3099895824894131,0.18567642119780917,0.17507981420926313,0.05941243401917196,0.06963223330644648,0.2358610886070001,0.2617300417722427,0.3966651182847123,1.0274064760890407,-0.016313922061737658,0.015796536195944403,0.01861734377832543,0.005639156731784623,2.5560288493592018e-05,0.00023868234573668255,-0.00021312205724309053
2021-04-20,129.76983642578125,133.11000061035156,135.52999877929688,131.80999755859375,135.02000427246094,94812300,-0.0128299894283883,-0.0129130045626901,0.231041486578345,0.2266214999912143,0.3091909056691162,0.18444639115450534,0.1791738151832705,0.058266905891770866,0.026345908709263188,0.2329918028273855,0.2615810494225763,0.3992761012144223,1.0431008244543285,0.0038198102200472928,0.027946819950760572,0.01855184312410541,0.005515319676561464,0.00016674568683605533,0.0002079827621896112,-4.123707535355587e-05
2021-04-21,130.15008544921875,133.5,133.75,131.3000030517578,132.36000061035156,68847100,0.0029299029964704,0.0029256191960594,0.1820903411350264,0.2231220907869528,0.3037370061779021,0.1850758456993873,0.17963497884263624,0.05587591699928538,0.04643377188320798,0.2266214999912143,0.270679484135131,0.3998192242296907,0.7686945370089534,-0.002525778513085897,0.01835203706548455,0.018612582541264303,0.005505601602780191,8.55924768035125e-06,0.00020602155637234536,-0.00019746230869199411
2021-04-22,128.6292724609375,131.94000244140625,134.14999389648438,131.41000366210938,133.0399932861328,84566500,-0.0116853749707397,-0.0117541855416668,0.1308021002320154,0.2126022315816131,0.3044519992005252,0.18363559769069152,0.18345679963505657,0.05184342341537777,0.14430451114053766,0.2231220907869528,0.2742078370618483,0.4053415601425816,0.9462995576646974,0.012523367936261387,0.020766940910068674,0.018472645834017812,0.005407781041450261,0.00013816087774792886,0.00019253551063925725,-5.437463289132839e-05
2021-04-23,130.9495086669922,134.32000732421875,135.1199951171875,132.16000366210938,132.16000366210938,78657500,0.0180385390235948,0.0178777749987789,0.2036577487865679,0.2176514512862513,0.3066802523273475,0.18365919465344296,0.18100120673742154,0.04767722567147095,0.18219809504965973,0.2126022315816131,0.2358610886070001,0.3861599186739001,0.8902327688618686,0.0032044436368587003,0.022036861924324955,0.018471576689215286,0.005407036903493795,0.0003196148389069639,0.00020765309264754672,0.00011196174625941716
2021-04-26,131.3394775390625,134.72000122070312,135.05999755859375,133.55999755859375,134.8300018310547,66905100,0.0029779174707671,0.0029734922576387,0.2010749066724114,0.2178203363672997,0.2981200879861486,0.1795438783527214,0.17587745984290934,0.04127264592468582,0.1780982012929382,0.2176514512862513,0.2329918028273855,0.3865353058016403,0.7690435850101957,-0.0018515262326062043,0.011134204174646988,0.01797226626956525,0.005606947755111187,8.841656206237295e-06,0.0002067802336024919,-0.0001979385773962546
2021-04-27,131.01773071289062,134.38999938964844,135.41000366210938,134.11000061035156,135.00999450683594,66015800,-0.0024495385099801,-0.0024525435377266,0.1707661046541705,0.2191750863620182,0.287552638046867,0.1777862996681115,0.17315138619704426,0.03928710284592992,0.14932583258368312,0.2178203363672997,0.2266214999912143,0.3334657994629377,0.765332875480117,0.004527476719475282,0.009673361542242458,0.017693928216261805,0.005881179476635158,6.014969804444506e-06,0.00020697088013269592,-0.00020095591032825142
2021-04-28,130.2280731201172,133.5800018310547,135.02000427246094,133.0800018310547,134.30999755859375,107760100,-0.0060272160300057,-0.0060454530122876,0.1790916191324801,0.2135936678447324,0.2858642705023609,0.17834436744866575,0.17357204926263942,0.03711890819217936,0.16434767117961535,0.2191750863620182,0.2231220907869528,0.3284136812758816,1.2334888242078597,0.033142182499045596,0.014523150283078063,0.01777788352193827,0.005819968603005722,3.654750212377722e-05,0.00020117160767431355,-0.00016462410555053634
2021-04-29,130.13058471679688,133.47999572753906,137.07000732421875,132.4499969482422,136.47000122070312,151101000,-0.00074866074371,-0.0007489411301162,0.1473526741294894,0.2087311097341941,0.2855566326490687,0.188264103223849,0.18127858144460468,0.034516510878540574,0.15940700747811093,0.2135936678447324,0.2126022315816131,0.3248268700673988,1.697746876716977,0.03419571899113884,0.034612005722617654,0.01853836711237456,0.006931054380275946,5.609128163797308e-07,0.0001839170219892756,-0.00018335610917289587
2021-04-30,128.16127014160156,131.4600067138672,133.55999755859375,131.07000732421875,131.77999877929688,109839500,-0.0151332714888237,-0.0152489479679366,0.1099396407700151,0.2197690471623213,0.2868091176435239,0.19026182751193674,0.18444742441832002,0.03066705186534329,0.045699979479293676,0.2087311097341941,0.2176514512862513,0.3200184128803063,1.210507081785202,0.03881175816148114,0.0189410475217353,0.01879842662610106,0.006838492513154253,0.00023253041412883775,0.00019313914685524768,3.939126727359006e-05
2021-05-03,129.21417236328125,132.5399932861328,134.07000732421875,131.8300018310547,132.0399932861328,75135100,0.0082153241830902,0.0081817620976878,0.135018476441379,0.2077645196657802,0.2823399368281231,0.18626635595001306,0.182076584491314,0.02439218748982428,-0.033407360133727,0.2197690471623213,0.2178203363672997,0.3280249626780287,0.8342540353730569,0.01398330893279271,0.016900600623452923,0.018416290680373378,0.0067129568688728295,6.694123102316065e-05,0.0001693333248906673,-0.00010239209386750664
2021-05-04,124.64185333251952,127.8499984741211,131.49000549316406,126.6999969482422,131.19000244140625,137564700,-0.0353855066363762,-0.0360267462023956,0.2676087843504372,0.2488809896371995,0.2914415111369205,0.20082343115042486,0.19429883159842143,0.022128399872888005,-0.4206429147730358,0.2077645196657802,0.2191750863620182,0.2830909720032741,1.4802681328668503,0.060310938835551206,0.037465847493861615,0.019703260363411704,0.007750103180941354,0.0012979264419318258,0.00023392725739906163,0.0010639991845327642
2021-05-05,124.88558959960938,128.10000610351562,130.4499969482422,127.97000122070312,129.1999969482422,84000900,0.0019554762016296,0.001953566746899,0.2807177502464767,0.2444475768992934,0.2914746855840496,0.1995253800713226,0.19486317884839124,0.021876607805090913,-0.3850812095576522,0.2488809896371995,0.2135936678447324,0.2526331824387622,0.9036339086927521,0.038787129983923585,0.019359840822607118,0.019584466342723914,0.007735504904364218,3.816423034589542e-06,0.0002252715282389655,-0.00022145510520437593
2021-05-06,126.48443603515624,129.74000549316406,129.75,127.12999725341795,127.88999938964844,78128300,0.0128024926737566,0.0127212335755168,0.3176404219972261,0.238901089387217,0.2926076910844704,0.20187421346590353,0.19710498421932213,0.021420729287332584,-0.4190560210242132,0.2444475768992934,0.2087311097341941,0.254817836666429,0.8453323073280967,0.03206998802154956,0.020194254937965856,0.019876936412254877,0.007636926260429065,0.00016182978368285594,0.00021521572420857364,-5.3385940525717696e-05
2021-05-07,127.1582260131836,130.2100067138672,131.25999450683594,129.47999572753906,130.85000610351562,78973300,0.0036226391305949,0.0036160931777795,0.3099936038783368,0.2272283746436174,0.292636602729828,0.19554552688041943,0.19527823307592362,0.020784682776798725,-0.46268499664398466,0.238901089387217,0.2197690471623213,0.2574802736567169,0.8674808878230523,0.022569580909059868,0.013670214941378293,0.019218344879087072,0.007572338860825041,1.3076129870383441e-05,0.00019577087018687167,-0.00018269474031648824
2021-05-10,123.87699127197266,126.8499984741211,129.5399932861328,126.80999755859376,129.41000366210938,88071200,-0.0258045316526986,-0.0261433092861868,0.3344067124600104,0.240571219823041,0.2972597352442253,0.19750757929151586,0.19421146286400195,0.01976798470224271,-0.4978451028885056,0.2272283746436174,0.2077645196657802,0.2617300417722427,0.9691992093766407,0.035484614079067105,0.021521448643107392,0.019448638155579893,0.007568657240202595,0.0006834726204332209,0.00022107154525393343,0.00046240107517928747
2021-05-11,122.9590301513672,125.91000366210938,126.2699966430664,122.7699966430664,123.5,126142800,-0.0074102863485921,-0.0074378789175448,0.2342173729156345,0.2210954289711658,0.2974848189854963,0.20172681255156505,0.19828740591479704,0.018631497383990243,-0.5064166672032653,0.240571219823041,0.2488809896371995,0.2615810494225763,1.362029030528198,0.05718267039691447,0.027797632421587084,0.019823117286490118,0.007795306619192995,5.5322042792057404e-05,0.00019499968360962586,-0.00013967764081756847
2021-05-12,119.89260864257812,122.7699966430664,124.63999938964844,122.25,123.4000015258789,112172300,-0.0249385031190171,-0.0252547362492685,0.2738382651605765,0.2288553705542365,0.2999946367840402,0.1988596668453063,0.1997787172687617,0.015996257556688674,-0.5059512474014752,0.2210954289711658,0.2444475768992934,0.270679484135131,1.1950849636101586,0.05386042255496173,0.019467292131618835,0.01953161922217389,0.007688098537016411,0.0006378017030201164,0.0002106638334617548,0.0004271378695583616
2021-05-13,122.04106903076172,124.97000122070312,126.1500015258789,124.26000213623048,124.58000183105467,105861300,0.0179197249962699,0.0177610594161862,0.2995717543784952,0.2278752784735495,0.3005213318865963,0.20028690844616087,0.20193753491165736,0.011740034254152862,-0.5307232679567114,0.2288553705542365,0.238901089387217,0.2742078370618483,1.1180122058904136,0.04982959594182877,0.015123624639409198,0.01978222401906942,0.0074426458888943,0.0003154552315852965,0.00020925921188175468,0.0001061960197035418
2021-05-14,124.4629364013672,127.4499969482422,127.88999938964844,125.8499984741211,126.25,81918000,0.019844728361323,0.019650388611717,0.3537547556450235,0.2424857886576838,0.3029339497735595,0.20199178907171694,0.20322216431153034,0.01212946023174575,-0.45810965827624495,0.2278752784735495,0.2272283746436174,0.2358610886070001,0.8665192461987046,0.04099691865209286,0.016006284538051373,0.020064500324197165,0.007168522881301642,0.0003861377725914972,0.0002282457887354786,0.00015789198385601864
2021-05-17,123.31060028076172,126.2699966430664,126.93000030517578,125.16999816894533,126.81999969482422,74244600,-0.0092585353741121,-0.0093016620121515,0.3050464615415461,0.2418556185579857,0.3034761489011868,0.2013586516668565,0.20330157030256274,0.012552576202421152,-0.4507600133856118,0.2424857886576838,0.240571219823041,0.2329918028273855,0.7937553796206739,0.030813134799379575,0.013938403286772382,0.019971593678738565,0.007238448510382244,8.65209161883023e-05,0.0002312938201202141,-0.0001447729039319118
2021-05-18,121.92388916015624,124.8499984741211,126.98999786376952,124.77999877929688,126.55999755859376,63342900,-0.0112457290464598,-0.0113094403611422,0.3114321666076397,0.2410745229385535,0.2979688279659244,0.19602516628163225,0.19616474073627116,0.01297185197797094,-0.4696003474199549,0.2418556185579857,0.2210954289711658,0.2266214999912143,0.6887912886136073,0.023180663303832887,0.017701234373108388,0.019459314399855952,0.007003041805292844,0.0001279034412822322,0.00022935170784252297,-0.00010144826656029076
2021-05-19,121.76763916015624,124.69000244140624,124.91999816894533,122.86000061035156,123.16000366210938,92612000,-0.0012815060846637,-0.0012823279157823,0.2340480654741933,0.2401164945381285,0.2979713780902708,0.19526677132687664,0.19412692765453637,0.01324610030488818,-0.466263448251152,0.2410745229385535,0.2288553705542365,0.2231220907869528,0.9942174850211719,0.059977306762110674,0.016520952107301378,0.019367760151946793,0.007030196382178043,1.6443648835945776e-06,0.0002290059637026851,-0.0002273615988190905
2021-05-20,124.3262176513672,127.30999755859376,127.72000122070312,125.0999984741211,125.2300033569336,76857100,0.0210120704618534,0.0207943613083897,0.2466662621945171,0.2525929835212385,0.3009193950309571,0.19531041104882965,0.19163407144110903,0.013802182306955145,-0.4168775292826708,0.2401164945381285,0.2278752784735495,0.2126022315816131,0.8285124239780716,0.040055276461261155,0.02057970934589162,0.019358398573737945,0.0070283595583205075,0.0004324054622238546,0.0002437181929264814,0.00018868726929737318
2021-05-21,122.49028778076172,125.43000030517578,128.0,125.20999908447266,127.81999969482422,79295400,-0.0147670826287834,-0.0148772014270723,0.2271160386455178,0.2454307859745603,0.2933759328966139,0.1952528483329762,0.19036173181177027,0.013889019650514135,-0.41651741425420263,0.2525929835212385,0.2424857886576838,0.2176514512862513,0.8545032725709982,0.045135232216714415,0.022243489665464158,0.019368729960794903,0.00703265456160953,0.0002213311223016821,0.0002388040070962173,-1.7472884794535176e-05
2021-05-24,124.12114715576172,127.0999984741211,127.94000244140624,125.94000244140624,126.01000213623048,63092900,0.0133141845242936,0.0132263297204469,0.2445956177457099,0.2515962630133038,0.2945001878632189,0.19668498519014566,0.1914625419552785,0.014199217072354543,-0.387604492234091,0.2454307859745603,0.2418556185579857,0.2178203363672997,0.6813012828694672,0.04238930377855349,0.015735641416291767,0.019598801822877144,0.0068211730342123324,0.000174935797873977,0.0002471087141796043,-7.217291630562731e-05
2021-05-25,123.92583465576172,126.9000015258789,128.32000732421875,126.31999969482422,127.81999969482422,72009500,-0.0015735401309459,-0.0015747794454624,0.2216395451677121,0.2516367763798359,0.2741247106796675,0.19845275295683465,0.19358560036267444,0.014377659097600687,-0.3879149855738249,0.2515962630133038,0.2410745229385535,0.2191750863620182,0.7750779025434754,0.050120148600340565,0.015760501224160086,0.019903158806973024,0.006482385659522805,2.479930301850864e-06,0.0002469319622044746,-0.00024445203190262376
2021-05-26,123.87699127197266,126.8499984741211,127.38999938964844,126.41999816894533,126.95999908447266,56575900,-0.0003940350760958,-0.0003941127283155,0.220580596439085,0.2514896653992558,0.2706118891564785,0.19671590340977743,0.19148059120063746,0.013936564938020759,-0.3990916396808496,0.2516367763798359,0.2401164945381285,0.2135936678447324,0.6262071867739619,0.007786883984697418,0.00764683667616285,0.019559343126627264,0.006948358037592402,1.553248426202871e-07,0.00024511235334041673,-0.00024495702849779643
2021-05-27,122.3437957763672,125.27999877929688,127.63999938964844,125.08000183105467,126.44000244140624,94625600,-0.0123768207623945,-0.0124540515175947,0.1778958126901663,0.2537781743060045,0.2669078873967963,0.1876704212740655,0.1839020484605333,0.012784622309955057,-0.3940690965901306,0.2514896653992558,0.2525929835212385,0.2087311097341941,1.081149202042682,0.021304109905220487,0.0204342080422882,0.018850453242610792,0.005988788424133325,0.00015510339920290285,0.00025283947765974296,-9.77360784568401e-05
2021-05-28,121.68950653076172,124.61000061035156,125.8000030517578,124.5500030517578,125.56999969482422,71311100,-0.0053480058706388,-0.0053623576458232,0.149090558153694,0.2499343664281173,0.2650103208299272,0.18456404127563125,0.17877103510047374,0.01217724927871646,-0.36984374377550466,0.2537781743060045,0.2454307859745603,0.2197690471623213,0.833105277542972,0.022638385055083414,0.010031297599529587,0.018404965746500506,0.006304744519809548,2.8754879521718537e-05,0.00024265070092938695,-0.00021389582140766842
2021-06-01,121.3672332763672,124.27999877929688,125.3499984741211,123.94000244140624,125.08000183105467,67637100,-0.0026482772605593,-0.0026517901502249,0.0764786070033799,0.2466289626967008,0.2642537965200111,0.18263437622533982,0.17563010704345927,0.009506608397882716,-0.34352599301435777,0.2499343664281173,0.2515962630133038,0.2077645196657802,0.7936591844497147,0.03586012617187807,0.011345317400741248,0.018127201585364922,0.0064940406993821915,7.031991000829798e-06,0.00023965523892827042,-0.00023262324792744062
2021-06-02,122.1289520263672,125.05999755859376,125.23999786376952,124.0500030517578,124.27999877929688,59278900,0.0062761408670597,0.0062565279146264,0.1086922667789335,0.2157624525668659,0.2488506689089647,0.16586589225333387,0.16059657742496405,0.011061555369067482,-0.01301600226878393,0.2466289626967008,0.2516367763798359,0.2488809896371995,0.7290700107757514,-0.011863480566944468,0.009515391294120058,0.016729678775377843,0.0049332245157274225,3.914414154649937e-05,0.0001767161239090041,-0.00013757198236250473
2021-06-03,120.64458465576172,123.54000091552734,124.8499984741211,123.12999725341795,124.68000030517578,76229200,-0.0121541393950072,-0.0122286049387425,0.1229007709078825,0.2189469447854096,0.2369088410951942,0.16343741075934815,0.1569324756437531,0.012030224888518388,-0.027520436063135888,0.2157624525668659,0.2514896653992558,0.2444475768992934,0.9420436271000484,0.02190218107114013,0.013922625934568516,0.016457818030975912,0.00493046921167583,0.00014953877874783743,0.00018400224169466648,-3.446346294682905e-05
2021-06-04,122.93951416015624,125.88999938964844,126.16000366210938,123.8499984741211,124.06999969482422,75169300,0.0190221665590559,0.0188435072513455,0.1903003463553972,0.2253226765830405,0.2390484554463884,0.16239652998132006,0.15533638169328715,0.012435747703616306,0.05060113384344189,0.2189469447854096,0.2537781743060045,0.238901089387217,0.9306469077646908,0.02470253282029859,0.018349393908871733,0.016365574979521208,0.004873817963198169,0.0003550777655315104,0.00019366464078709918,0.0001614131247444112
2021-06-07,122.94927978515624,125.9000015258789,126.31999969482422,124.83000183105467,126.16999816894533,71057600,7.945139629006448e-05,7.944824019504792e-05,0.1826577097289805,0.2246049064944159,0.2368385712867345,0.16175680141394155,0.15471454395650583,0.012576316322910949,0.07318331598038132,0.2253226765830405,0.2499343664281173,0.2272283746436174,0.8840733093968559,0.021426796044903017,0.01183477240437741,0.016273802852671163,0.004944016548493905,6.312022870090028e-09,0.00019301114989472352,-0.00019300483787185343
2021-06-08,123.76956939697266,126.73999786376952,128.4600067138672,126.20999908447266,126.5999984741211,74403800,0.0066719327061959,0.0066497738700813,0.1794503014361611,0.2066875246407599,0.2365413158834291,0.15975765649770193,0.15805919881889452,0.014438719835571255,0.1656088160521675,0.2246049064944159,0.2466289626967008,0.240571219823041,0.9336436033966579,0.018021253404075142,0.017752940408070884,0.016085377440919334,0.004803302985577431,4.421949252321603e-05,0.0001610484934992233,-0.00011682900097600727
2021-06-09,124.1504364013672,127.12999725341795,127.75,126.5199966430664,127.20999908447266,56877900,0.0030771610874384,0.0030724363173638,0.1782583400232664,0.2050610323613927,0.2315280697088879,0.14952261358829905,0.14970113773732077,0.015747629845896605,0.12306207469814547,0.2066875246407599,0.2157624525668659,0.2210954289711658,0.7461488873863911,-0.015370406790918972,0.009675162302424455,0.015179253934961206,0.004141290271111803,9.43986492425603e-06,0.00015875438460583323,-0.0001493145196815772
2021-06-10,123.15436553955078,126.11000061035156,128.19000244140625,125.94000244140624,127.0199966430664,71186400,-0.0080232570211825,-0.0080556165498976,0.1565170298688922,0.1844866218382781,0.2307396727310185,0.14858821846020936,0.14798706455750602,0.01949848469633719,0.3138155069911904,0.2050610323613927,0.2189469447854096,0.2288553705542365,0.959652841273495,0.0027454262449116474,0.01784156679970174,0.01509796766836535,0.004068000324441886,6.48929579989841e-05,0.0001301089473547766,-6.521598935579251e-05
2021-06-11,124.3652801513672,127.3499984741211,127.44000244140624,126.0999984741211,126.52999877929688,53522400,0.009832668763525,0.0097846426360741,0.1087451648605815,0.1770959072628291,0.2311754675896673,0.14680143015239996,0.14495838127630978,0.023262684814575888,0.28708170933354354,0.1844866218382781,0.2253226765830405,0.2278752784735495,0.747912520517065,-0.006848354900224623,0.010522214239032327,0.014867897148346507,0.0041946213582068825,9.57392315156791e-05,0.00011912314735129575,-2.3383915835616643e-05
2021-06-14,127.4219207763672,130.47999572753906,130.5399932861328,127.06999969482422,127.81999969482422,96906500,0.0245779135525785,0.0242807361248832,0.1858895590831908,0.1842032222835688,0.224634293056782,0.15386434070545094,0.14942405907706474,0.025348589771958238,0.26625494132944105,0.1770959072628291,0.2246049064944159,0.2424857886576838,1.3401200537035411,0.04498937073397207,0.02659406579499311,0.015397286211193595,0.004946578658762127,0.0005895541467662081,0.00012929396606003128,0.0004602601807061768
2021-06-15,126.60162353515624,129.63999938964844,130.60000610351562,129.38999938964844,129.94000244140625,62746300,-0.0064377403846996,-0.0064585520032784,0.2098459262940551,0.1823254542188348,0.2248878895458315,0.15225625251298197,0.14734673475566082,0.027120499319064045,0.2783506175930389,0.1842032222835688,0.2066875246407599,0.2418556185579857,0.8746727102331868,0.03204761686954042,0.00933359086365288,0.01516704559003762,0.005122109018379416,4.171289397905144e-05,0.00012705356494956875,-8.534067097051731e-05
2021-06-16,127.09967041015624,130.14999389648438,130.88999938964844,128.4600067138672,130.3699951171875,91815000,0.0039339286426798,0.0039262109792669,0.2095610164440758,0.1762510914757714,0.2180118213558334,0.15289597592977403,0.15122340146316277,0.028964367819823596,0.29685820287862064,0.1823254542188348,0.2050610323613927,0.2410745229385535,1.2549805738739193,0.06255303951924145,0.018670709102867573,0.015215519326525578,0.0051518548845992974,1.5415132653715948e-05,0.00012142914951814292,-0.00010601401686442697
2021-06-17,128.70120239257812,131.7899932861328,132.5500030517578,129.64999389648438,129.8000030517578,96721700,0.0126008410799682,0.0125221111675557,0.1794334611283141,0.1795404699452787,0.2186785946999759,0.1560274405726317,0.15435278603187422,0.03013551021668822,0.3254368901838445,0.1762510914757714,0.1844866218382781,0.2401164945381285,1.318345369338759,0.042121403125145854,0.022004775043710255,0.015489710473346024,0.005366449326165445,0.00015680326809262314,0.00012918709467859435,2.7616173414028798e-05
2021-06-18,127.40238189697266,130.4600067138672,131.50999450683594,130.24000549316406,130.7100067138672,108953300,-0.0100917113591322,-0.0101429778811387,0.2230831431195511,0.1717610572136238,0.2154211125689988,0.15106340289773926,0.15170513275606123,0.030829293009433597,0.25205713341287234,0.1795404699452787,0.1770959072628291,0.2525929835212385,1.4532766694868762,0.056950356150932045,0.009734699895097293,0.014947460000806306,0.005372973967090334,0.0001028800002972689,0.00011271082158226507,-9.830821284996166e-06
2021-06-21,129.1992950439453,132.3000030517578,132.41000366210938,129.2100067138672,130.3000030517578,79663300,0.0141039111083767,0.0140053763568812,0.1729129169560056,0.1663682088497689,0.2169037854479296,0.1527510370946819,0.1559806324970125,0.03179295767382399,0.22167177890734466,0.1717610572136238,0.1842032222835688,0.2454307859745603,1.0623305213945184,0.041922561905269606,0.024187429133998576,0.015044656974233028,0.005527272914002702,0.00019615056689788692,0.00011145179381207532,8.46987730858116e-05
2021-06-22,130.83987426757812,133.97999572753906,134.0800018310547,131.6199951171875,132.1300048828125,74783600,0.0126983570448142,0.0126184090034623,0.1614226904201531,0.1658696660397753,0.2179728846363834,0.1541527205792805,0.15603334055530027,0.03183521477937552,0.191076678451568,0.1663682088497689,0.1823254542188348,0.2515962630133038,0.9895450429064495,0.04907640397309262,0.01836100009190807,0.015175924908013842,0.005575511391308907,0.00015922424577865846,0.0001106662162073094,4.8558029571349064e-05
2021-06-23,130.56646728515625,133.6999969482422,134.32000732421875,133.22999572753906,133.77000427246094,60214200,-0.0020898551143879,-0.0020920419088411,0.1729147962795771,0.1660538805619022,0.2181090388718642,0.15147061717749485,0.15317534431222432,0.03125013396609761,0.18899021703419755,0.1658696660397753,0.1762510914757714,0.2516367763798359,0.803027794412818,0.032269117737081895,0.008152667326549392,0.014795533213133307,0.005788967178918012,4.376639348347513e-06,0.0001107610516596342,-0.00010638441231128669
2021-06-24,130.28323364257812,133.41000366210938,134.63999938964844,132.92999267578125,134.4499969482422,68711000,-0.0021689849869261,-0.0021713406417326,0.1660182638206325,0.1665992511223036,0.2163165206413112,0.15303695166253103,0.15438282751690321,0.030001617976334615,0.18172312954743,0.1660538805619022,0.1795404699452787,0.2514896653992558,0.9089873610130134,0.050040960158225865,0.012817679836050087,0.01505407537112767,0.00556399061554483,4.714720182439739e-06,0.0001109890214266252,-0.00010627430124418546
2021-06-25,129.99026489257812,133.11000061035156,133.88999938964844,132.80999755859375,133.4600067138672,70783700,-0.0022487298067814,-0.002251261996506,0.1348536509253151,0.158158219730552,0.2135978619346078,0.14782757083107576,0.1484627689133114,0.028275410283321697,0.26761435674333517,0.1665992511223036,0.1717610572136238,0.2537781743060045,0.9514115282925629,0.017922106490832358,0.008113603982439611,0.014438045168135242,0.005618748180237298,5.068180576912182e-06,0.00010348726049532566,-9.841907991841347e-05
2021-06-28,131.62115478515625,134.77999877929688,135.25,133.35000610351562,133.41000366210938,62111300,0.0125460007609332,0.0124679518168209,0.1279479128300512,0.1582715304302239,0.2145057961082386,0.14936333944934232,0.14984172598774292,0.025997788255613552,0.29869241155596293,0.158158219730552,0.1663682088497689,0.2499343664281173,0.8400386131064785,0.024115460501863455,0.014097001882272068,0.014641330382272364,0.005523665258966539,0.0001554498225065676,0.00010982200764456812,4.562781486199948e-05
2021-06-29,133.1348114013672,136.3300018310547,136.49000549316406,134.35000610351562,134.8000030517578,64556100,0.0115002453316233,0.0114346201680195,0.1229357128899234,0.1584090009828727,0.2107041000497337,0.1512044474655121,0.1509969842138578,0.023018734452498867,0.32315452369421244,0.1582715304302239,0.1658696660397753,0.2466289626967008,0.8749267716185937,0.02865957693397776,0.01569720062279766,0.014858924543375184,0.005472471278473586,0.0001307505383868783,0.00011600793501387054,1.4742603373007755e-05
2021-06-30,133.7500457763672,136.9600067138672,137.41000366210938,135.8699951171875,136.1699981689453,63261400,0.0046211756352296,0.0046105307849875,0.1125775218976147,0.158292144393672,0.2107996017329285,0.15174268263065271,0.15183470444037833,0.02250377064657165,0.42021613684472275,0.1584090009828727,0.1660538805619022,0.2157624525668659,0.8550721307531254,0.033835515314406144,0.0112442207172143,0.014945366014529896,0.005396754334475429,2.1256994119317456e-05,0.00011511357764251143,-9.385658352319397e-05
2021-07-01,134.05279541015625,137.27000427246094,137.3300018310547,135.75999450683594,136.60000610351562,52485800,0.002263416642797,0.0022608589740006,0.0987951048333525,0.1457903408216045,0.2093380301894898,0.15083805029294964,0.15155349082716438,0.02207500089075764,0.540528351531436,0.158292144393672,0.1665992511223036,0.2189469447854096,0.7209931572287855,0.011021712437739478,0.011437366324419386,0.01482110303402244,0.0054498934242359345,5.111483300319045e-06,0.00010789221287013553,-0.00010278072956981648
2021-07-02,136.67974853515625,139.9600067138672,140.0,137.75,137.89999389648438,78852600,0.0195964329983335,0.0194068950813122,0.1081253088326339,0.146498071029334,0.2094689905400358,0.149643250629065,0.14977581698370718,0.020144425555512976,0.5072611526441556,0.1457903408216045,0.158158219730552,0.2253226765830405,1.0804583321657872,0.03683495039909679,0.016076020949326454,0.014707434386045177,0.005395870739063824,0.00037662757669705967,0.00010896970342841299,0.00026765787326864666
2021-07-06,138.69149780273438,142.02000427246094,143.14999389648438,140.07000732421875,140.07000732421875,108181800,0.0147184728477842,0.0146112073680771,0.112157477868578,0.1486978928905827,0.2076658596155395,0.1546067035048821,0.15368229735433825,0.0170434030991339,0.5533495523478811,0.146498071029334,0.1582715304302239,0.2246049064944159,1.4455675311532459,0.058167394437217614,0.021686991125255618,0.015200045322089087,0.0055668270956753295,0.00021348738075295051,0.00011964375686491702,9.38436238880335e-05
2021-07-07,141.1816864013672,144.57000732421875,144.88999938964844,142.66000366210938,143.5399932861328,104911600,0.0179552385230583,0.0177959471449793,0.1240811416289607,0.1544715924617561,0.2082310670541889,0.15354983422668564,0.151406284375463,0.015063779653917975,0.6415781107941154,0.1486978928905827,0.1584090009828727,0.2066875246407599,1.373866513571914,0.05430138852046697,0.015425023272897681,0.015083649465330428,0.005534885042302922,0.0003166957347868969,0.00013326756897810105,0.00018342816580879583
2021-07-08,139.88284301757812,143.24000549316406,144.05999755859375,140.6699981689453,141.5800018310547,105575500,-0.0091997078486132,-0.0092422865028392,0.1936672450629447,0.1640686309728734,0.2040609863144647,0.16040324536216782,0.1588938387952458,0.012237973427933597,0.40029536832692336,0.1544715924617561,0.158292144393672,0.2050610323613927,1.339838642692457,0.0663953548243164,0.023666568414158717,0.01578321977091714,0.005697140964601764,8.541985980056365e-05,0.00013706656872191644,-5.164670892135279e-05
2021-07-09,141.7090301513672,145.11000061035156,145.64999389648438,142.64999389648438,142.75,99890800,0.0130549779773412,0.0129704962295284,0.1850377692633311,0.1570626995188,0.2015564262865894,0.16208841814135372,0.15793539697276238,0.011533689315953664,0.2418719455639206,0.1640686309728734,0.1457903408216045,0.1844866218382781,1.2450182996531514,0.051124851139268214,0.020673971382961953,0.01592484000008015,0.00578551922472676,0.00016823377244021043,0.00014223360944397772,2.6000162996232703e-05
2021-07-12,141.11329650878906,144.5,146.32000732421875,144.0,146.2100067138672,76299700,-0.0042037117206658,-0.0042125721566448,0.1940605153244765,0.1615848156756778,0.1987524296565418,0.1640907121254445,0.15930612939928496,0.011142079463794752,0.19499735656107295,0.1570626995188,0.146498071029334,0.1770959072628291,0.937673817512473,0.05172327055001671,0.016055414008434257,0.016201499988550246,0.005644141306967365,1.774576417493902e-05,0.00013833393607694074,-0.00012058817190200173
2021-07-13,142.2266082763672,145.63999938964844,147.4600067138672,143.6300048828125,144.02999877929688,100827100,0.0078892691325151,0.0078583115639222,0.1815434871712052,0.1472492834878078,0.1990607003332592,0.163629048924343,0.16319349730675936,0.010580468521785449,0.041630014979509425,0.1615848156756778,0.1486978928905827,0.1842032222835688,1.236121734582576,0.027267416324387533,0.026297733089161973,0.01618668335325869,0.0056157410294836955,6.175306063567338e-05,0.00011194388177041402,-5.019082113474064e-05
2021-07-14,145.6543731689453,149.14999389648438,149.57000732421875,147.67999267578125,148.10000610351562,127050800,0.0241004842182483,0.0238146509223521,0.2108598846564876,0.1537204470856802,0.2041911055790561,0.16466829569373512,0.1639761367414955,0.009521156095150472,0.1633774223825066,0.1472492834878078,0.1544715924617561,0.1823254542188348,1.4985495535252757,0.057897047718831085,0.012671905637148335,0.016353599091933464,0.005448447230950217,0.0005671375985534857,0.0001382151169991357,0.00042892248155435004
2021-07-15,145.00003051757812,148.47999572753906,150.0,147.08999633789062,149.24000549316406,106820300,-0.0044921099320347,-0.0045022297755273,0.1906538627076529,0.1587904986652915,0.2023426953663897,0.16511780518074942,0.1642579994558139,0.008744187786513001,0.08823795166437637,0.1537204470856802,0.1640686309728734,0.1762510914757714,1.2488814230053087,0.026771791987642218,0.019598624365865652,0.016399994855083366,0.005473111816822766,2.0270072951644604e-05,0.00013845786401403215,-0.00011818779106238754
2021-07-16,142.9590606689453,146.38999938964844,149.75999450683594,145.8800048828125,148.4600067138672,93251400,-0.0140759455686257,-0.0141759512492663,0.2317404473871568,0.1731851091001861,0.2049623803867153,0.1678431793252895,0.16854016163874186,0.00806113155287682,-0.14254304457251124,0.1587904986652915,0.1570626995188,0.1795404699452787,1.092457860315456,0.017748459989453437,0.026504471891525945,0.016624979697474153,0.005798450963111268,0.00020095759382157476,0.00014066558030047973,6.0292013521095035e-05
2021-07-19,139.11135864257812,142.4499969482422,144.07000732421875,141.6699981689453,143.75,121434600,-0.0269144235113977,-0.0272832494934117,0.3128589199686668,0.20172999070327,0.2116257396054179,0.17036981278196967,0.17089929074105406,0.012247559267194917,-0.5202243293375873,0.1731851091001861,0.1615848156756778,0.1717610572136238,1.4123039896221745,0.026536778649793,0.016848081479043184,0.016980648776671443,0.005567114185022375,0.0007443757029197498,0.00017274036543160376,0.000571635337488146
2021-07-20,142.72467041015625,146.14999389648438,147.10000610351562,142.9600067138672,143.4600067138672,96350000,0.0259740051071151,0.0256424102747028,0.3712590847763406,0.212996519123725,0.2148016447214545,0.1732329648915892,0.17326279481951853,0.01694996898807114,-0.40178074031927147,0.20172999070327,0.1472492834878078,0.1663682088497689,1.1097971824052166,0.029649877199586123,0.02832705824524858,0.017187630232233946,0.0059152298744467305,0.0006575332046961837,0.0001958094973215186,0.00046172370737466507
2021-07-21,141.99224853515625,145.39999389648438,146.1300048828125,144.6300048828125,145.52999877929688,74993500,-0.0051317142067841,-0.005144926673252,0.3094434238432377,0.2138765411596336,0.2151927337945805,0.17010329326556983,0.17166092239417446,0.020436919238836514,-0.38471159452046333,0.212996519123725,0.1537204470856802,0.1658696660397753,0.863700209701553,0.021629808702502966,0.010316369071293808,0.016785398681203233,0.006101814111543326,2.6470270473139896e-05,0.0001891717985562427,-0.00016270152808310279
2021-07-22,143.35943603515625,146.8000030517578,148.1999969482422,145.80999755859375,145.94000244140625,77338200,0.0096286740993274,0.0095826138469493,0.3268054269542106,0.213415242483194,0.2157160108596688,0.17272714842479997,0.17477929086550933,0.023102035063841817,-0.39685839530314837,0.2138765411596336,0.1587904986652915,0.1660538805619022,0.8820067797723562,0.03293411699837785,0.01628064945479454,0.01719179778761549,0.005757549232144738,9.182648813974448e-05,0.00019354429099581252,-0.00010171780285606803
2021-07-23,145.0781707763672,148.55999755859375,148.72000122070312,146.9199981689453,147.5500030517578,71447400,0.0119890631488297,0.0119177636416879,0.3193632606394551,0.213281540622826,0.2161829929382257,0.1725284599700399,0.17469885043592762,0.025249455558908084,-0.4089806264281107,0.213415242483194,0.1731851091001861,0.1665992511223036,0.8135554543903873,0.022070171164572456,0.012116337381116817,0.01715673066486883,0.005787649675102709,0.00014203309021913806,0.00020041020949764743,-5.837711927850938e-05
2021-07-26,145.4981231689453,148.99000549316406,149.8300018310547,147.6999969482422,148.27000427246094,72434100,0.0028945068769317,0.0028903258579504,0.1815580122456919,0.2116165423991442,0.2161304184846085,0.1743549265572879,0.17696708156590613,0.026719192167807774,-0.45721424590588233,0.213281540622826,0.20172999070327,0.158158219730552,0.8240165089751625,0.02125240536226704,0.01429629373971819,0.017465865152732758,0.005433490508674092,8.353983565136715e-06,0.0002005744996470587,-0.000192220516081922
2021-07-27,143.3301544189453,146.77000427246094,149.2100067138672,145.5500030517578,149.1199951171875,104818600,-0.0149003365249555,-0.0150124617355813,0.1757835028302763,0.2220719630193239,0.2160511196181049,0.1797025018259663,0.18226910132700525,0.0286508940286285,-0.4675848864313787,0.2116165423991442,0.212996519123725,0.1582715304302239,1.1641458071560384,0.04973284935671584,0.024937000446733085,0.018007865080955806,0.005617298973760007,0.00022537400736229272,0.00020407070888984495,2.1303298472447762e-05
2021-07-28,141.58206176757812,144.97999572753906,146.97000122070312,142.5399932861328,144.80999755859375,118931200,-0.0121960107161879,-0.0122709923295945,0.1970759927129739,0.2277844635376924,0.2175461369809217,0.18818869053868112,0.19535434162385873,0.03056509804970584,-0.4545348611702331,0.2220719630193239,0.2138765411596336,0.1584090009828727,1.282168985860168,0.05449668537473344,0.030555994379359946,0.018750804768783918,0.006243329486688675,0.00015057725275296707,0.00020506204460814936,-5.44847918551823e-05
2021-07-29,142.2266082763672,145.63999938964844,146.5500030517578,144.5800018310547,144.69000244140625,56699500,0.0045523774421245,0.0045420467129902,0.1834829801267535,0.2277784735389131,0.2030650816102739,0.18886523590850757,0.19614123043167844,0.03196742850888599,-0.4544959612525496,0.2277844635376924,0.213415242483194,0.158292144393672,0.6134336113193023,0.02933655738540842,0.013526512146107202,0.01886491934022857,0.0061185141173651,2.063018834298508e-05,0.00020503070431933276,-0.00018440051597634768
2021-07-30,142.44143676757812,145.86000061035156,146.3300018310547,144.11000061035156,144.3800048828125,70440600,0.0015105824061047,0.0015094426241806,0.1463408161231313,0.2278295943067756,0.2030691556852418,0.190082430607554,0.19677675089639574,0.03223314953829083,-0.5001809209307134,0.2277784735389131,0.213281540622826,0.1457903408216045,0.7547681703344241,0.049970762214660264,0.015220082348920362,0.019054055141453616,0.0059324661196183655,2.2784170356932157e-06,0.00020488905100610145,-0.00020261063397040825
2021-08-02,142.1094512939453,145.52000427246094,146.9499969482422,145.25,146.36000061035156,62880000,-0.0023309772142322,-0.0023336981707663,0.1359190527545409,0.2200455554568627,0.2020675534560267,0.18855685963215177,0.19705133726129948,0.031571578273218166,-0.46147108863640596,0.2278295943067756,0.2116165423991442,0.146498071029334,0.679571941006282,0.019486080942725404,0.011682221676266848,0.018834365177800634,0.006126727031854809,5.446147152237974e-06,0.00018632997952886036,-0.0001808838323766224
2021-08-03,143.9063262939453,147.36000061035156,148.0399932861328,145.17999267578125,145.80999755859375,64786600,0.0126442845235597,0.0125650130790813,0.1449701204230555,0.2185988551766282,0.2032186927211506,0.1874385879514135,0.19655146744051125,0.03054553072235432,-0.477009929616905,0.2200455554568627,0.2220719630193239,0.1486978928905827,0.7169905181078934,0.0024046588633941934,0.019408255961629366,0.018720428419619323,0.0060919754918500055,0.00015787955367748413,0.00018354958817508706,-2.5670034497602925e-05
2021-08-04,143.50592041015625,146.9499969482422,147.7899932861328,146.27999877929688,147.27000427246094,56368300,-0.0027823266857436,-0.0027862045512995,0.0996324891036593,0.2107479721190416,0.1948370215652032,0.18579345272280556,0.1949540467258287,0.029272484560967305,-0.4906488318791499,0.2185988551766282,0.2277844635376924,0.1544715924617561,0.6410448721061558,-0.0025808492637769353,0.010275566779139019,0.01846295559493139,0.006342261303557613,7.762935801682048e-06,0.0001681029482258263,-0.00016034001242414426
2021-08-05,143.61329650878906,147.05999755859375,147.83999633789062,146.1699981689453,146.97999572753906,46397700,0.0007485580989179,0.0007482780690412,0.0988492449260101,0.2073804308673248,0.193781751572689,0.18035706949118516,0.18949282069572054,0.02830406515747469,-0.4670831265538727,0.2107479721190416,0.2277784735389131,0.1640686309728734,0.5460286100223342,-0.01174141382161446,0.011355896890178635,0.017847422018732385,0.0064077106339541405,5.599200686080268e-07,0.00016385995123922853,-0.0001633000311706205
2021-08-06,142.92872619628906,146.13999938964844,147.11000061035156,145.6300048828125,146.35000610351562,54126800,-0.0062559376051856,-0.0062755879800599,0.1151027631187762,0.2042642019157712,0.1858768439868678,0.1761386686557862,0.187407028101846,0.02653233753992782,-0.41533153176975257,0.2073804308673248,0.2278295943067756,0.1570626995188,0.6546159258736972,-0.000719985461663486,0.010127246022445894,0.017320085750706583,0.006594121868496113,3.93830044954723e-05,0.00015741741284199163,-0.00011803440834651933
2021-08-09,142.8798370361328,146.08999633789062,146.6999969482422,145.52000427246094,146.1999969482422,48908700,-0.0003421585600564,-0.0003422171096524,0.1129898221231456,0.2035775304138196,0.1833824535446847,0.17366736862030405,0.18599427246513278,0.024822395760967734,-0.4099133378272294,0.2042642019157712,0.2200455554568627,0.1615848156756778,0.6014700559931733,0.006268203959799557,0.008077162744614301,0.016921173187515584,0.0069084845909878345,1.1711255013884275e-07,0.0001565359802607516,-0.00015641886771061277
2021-08-10,142.40060424804688,145.60000610351562,147.7100067138672,145.3000030517578,146.44000244140625,69023100,-0.0033540300270916,-0.0033596673945991,0.0436450644809123,0.2021233384298902,0.1802828985537637,0.1680561029806159,0.17993340572508074,0.021019282361625563,-0.38430663054761904,0.2035775304138196,0.2185988551766282,0.1472492834878078,0.8657640564003267,0.010758352132290183,0.016552222260182884,0.016433897646066627,0.00654652791729342,1.1287365002332306e-05,0.00015401269547908456,-0.00014272533047675226
2021-08-11,142.6548614501953,145.86000061035156,146.72000122070312,145.52999877929688,146.0500030517578,48493500,0.0017856764830839,0.0017840840582546,0.052316333367926,0.1817804682455221,0.1786815281454263,0.16676127684119008,0.1789125745686368,0.018056854432114352,-0.4640489278424769,0.2021233384298902,0.2107479721190416,0.1537204470856802,0.6397795274904926,-0.017117482377840103,0.008158524862379554,0.01620822860732819,0.006757429471560062,3.1829559269182026e-06,0.0001258149633477562,-0.000122632007420838
2021-08-12,145.6182861328125,148.88999938964844,149.0500030517578,145.83999633789062,146.19000244140625,72282600,0.0207733358468245,0.0205605124275237,0.1676463699480318,0.1967409041216199,0.1801656345766256,0.16798601037587776,0.17628048417988476,0.014244427731406877,-0.2900561845888849,0.1817804682455221,0.2073804308673248,0.1587904986652915,0.9758645568157395,0.01537222940636101,0.021559585781624785,0.016306276678116148,0.0068231192894481285,0.0004227346712823565,0.0001459381932642918,0.0002767964780180647
2021-08-13,145.8236846923828,149.10000610351562,149.44000244140625,148.27000427246094,148.97000122070312,59375000,0.0014104823341263,0.0014094885382967,0.1503665809098728,0.1893407347938003,0.1799808745925143,0.15927561667842677,0.16756788959858726,0.012414787331902991,-0.21781144439510491,0.1967409041216199,0.2042642019157712,0.1731851091001861,0.8203629631164812,0.01279493697430073,0.007847069893028831,0.01537340657819129,0.006628067279135239,1.986657939589768e-06,0.00013598964647019255,-0.0001340029885306028
2021-08-16,147.79928588867188,151.1199951171875,151.19000244140625,146.47000122070312,148.5399932861328,103296000,0.0135478801541393,0.013456928176014,0.1569686724845836,0.1621330238977542,0.1774898096759442,0.16928606470848362,0.17775545938593484,0.016384383453116987,0.06294513939419404,0.1893407347938003,0.2035775304138196,0.20172999070327,1.4453144184301094,0.034669633722412205,0.031233465942365556,0.016092675801357408,0.0075173976948289395,0.0001810889159343995,0.00010782530712092502,7.326360881347447e-05
2021-08-17,146.8897247314453,150.19000244140625,151.67999267578125,149.08999633789062,150.22999572753906,92229700,-0.0061540014943759,-0.0061730154094838,0.1692009311866253,0.1410441249871029,0.1746487459058306,0.16217937308276145,0.17323634652684322,0.022186895068443242,-0.008694875978792658,0.1621330238977542,0.2021233384298902,0.212996519123725,1.2942057128640299,0.03964147731008452,0.017244798560417246,0.015538562817115843,0.006955575359396456,3.8106119245724444e-05,7.685395284840206e-05,-3.8747833602677615e-05
2021-08-18,143.14389038085938,146.36000061035156,150.72000122070312,146.14999389648438,149.8000030517578,86326000,-0.0255010438031578,-0.0258318311517271,0.2871550753836484,0.1698735110766079,0.1830253980589393,0.17357055540566482,0.18080312491016948,0.023385858382410342,-0.3885117228842264,0.1410441249871029,0.1817804682455221,0.2138765411596336,1.2018068171345249,0.04752370676592782,0.031224428157699314,0.01658396577143612,0.007664471212064014,0.0006672835006513386,0.00010889461435731199,0.0005583888862940266
2021-08-19,143.47640991210938,146.6999969482422,148.0,144.5,145.02999877929688,86960300,0.0023230140507841,0.0023203200250105,0.2313997182197955,0.1665500507785017,0.1828424851809671,0.17756255783647334,0.1848323308482433,0.02456056172520236,-0.40233175337045884,0.1698735110766079,0.1967409041216199,0.213415242483194,1.202582695080028,0.046327824368220666,0.02385821453857868,0.016962844025625326,0.007834102171911385,5.383885018464727e-06,0.000104572484201248,-9.918859918278328e-05
2021-08-20,144.9336700439453,148.19000244140625,148.5,146.77999877929688,147.44000244140625,60549600,0.010156820205591,0.0101055863307008,0.2492966863995566,0.1649417115077739,0.183418393255592,0.17740178200218132,0.18489206630401925,0.02556633146372784,-0.4139585179296901,0.1665500507785017,0.1893407347938003,0.213281540622826,0.843704076260205,0.034950798903647474,0.011606729147488925,0.01693736361394393,0.00785150449834776,0.00010212287508724686,0.00010257697344465346,-4.5409835740660323e-07
2021-08-23,146.42027282714844,149.7100067138672,150.19000244140625,147.88999938964844,148.30999755859375,60131800,0.0102571310305628,0.0102048836306356,0.2380463628850107,0.1687154402133089,0.1813462676726084,0.17782587584224652,0.1846035765373071,0.026140367008145253,-0.3809059657282619,0.1649417115077739,0.1621330238977542,0.2116165423991442,0.8451260469242436,0.03391528451358188,0.015363054896882656,0.016990701671802153,0.007836227051839619,0.00010413964991481444,0.00010736625676213732,-3.22660684732288e-06
2021-08-24,146.332275390625,149.6199951171875,150.86000061035156,149.14999389648438,149.4499969482422,48606400,-0.0006012396810035,-0.0006014204980604,0.2349748754310961,0.1589045557941271,0.1806732640251231,0.17149247843036236,0.17953636348970395,0.026594117497252115,-0.33516002176889337,0.1687154402133089,0.1410441249871029,0.2220719630193239,0.7112368081846432,0.0019773787932094665,0.011428998594257752,0.016315301579178387,0.0076961651590483765,3.617066154872196e-07,9.611564172479705e-05,-9.575393510930983e-05
2021-08-25,145.09994506835938,148.36000061035156,150.32000732421875,147.8000030517578,149.80999755859375,58991300,-0.0084212976069747,-0.0084569570741202,0.1246644629475994,0.1552262115720618,0.1818434625569459,0.16263974971250517,0.16636990018874176,0.026477324747609724,-0.2997946761085165,0.1589045557941271,0.1698735110766079,0.2277844635376924,0.9027851586247636,0.005928109622435979,0.016985739162130392,0.01563678881831691,0.006935161246340455,7.15201229535117e-05,9.21627852348243e-05,-2.0642662281312592e-05
2021-08-26,144.29795837402344,147.5399932861328,149.1199951171875,147.50999450683594,148.35000610351562,48597200,-0.005527145597501,-0.0055424767846281,0.1380131807790882,0.1564282309226555,0.1825339973120023,0.16172456886047742,0.1653177793474275,0.025757354988424987,-0.3127959764929256,0.1552262115720618,0.1665500507785017,0.2277784735389131,0.7483566004543372,0.02328115044199432,0.01091229960427879,0.01550607819122549,0.00700134796826449,3.071904890814144e-05,9.266722826308211e-05,-6.194817935494067e-05
2021-08-27,145.33468627929688,148.60000610351562,148.75,146.8300018310547,147.47999572753906,55802400,0.0071845795419487,0.0071588934063623,0.1271109857386101,0.1581171110901449,0.1800439017602539,0.1608097759538964,0.1647682852633476,0.024381026883727286,-0.2972754990611583,0.1564282309226555,0.1649417115077739,0.2278295943067756,0.8691062374380224,0.018576855750563642,0.012920579341079102,0.015391103040833427,0.007025132398302255,5.1249754803657616e-05,9.511579515148033e-05,-4.3866040347822715e-05
2021-08-30,149.75534057617188,153.1199951171875,153.49000549316406,148.61000061035156,149.0,90956700,0.0304171522746992,0.0299637224587328,0.2446721254258137,0.1880100920057446,0.1855606841576306,0.1731722914714782,0.17150095550080185,0.02273473429662028,0.07360230925075087,0.1581171110901449,0.1687154402133089,0.2200455554568627,1.3863134832793875,0.05544241912287634,0.03187046132725958,0.01640051502338306,0.007864418259361928,0.0008978246635839683,0.00013973472097306687,0.0007580899426109014
2021-08-31,148.4936981201172,151.8300018310547,152.8000030517578,151.2899932861328,152.66000366210938,86453100,-0.0084247213118413,-0.0084604098618505,0.260831829186762,0.1879618501076139,0.1870062908606077,0.16943255451662306,0.16743939550558512,0.0209772620208591,0.07265423257725878,0.1880100920057446,0.1589045557941271,0.2185988551766282,1.2962687241889466,0.05145067329735029,0.009945397796314514,0.01592737211511732,0.007958038522003932,7.157853503049719e-05,0.0001354196700407175,-6.384113501022032e-05
2021-09-01,149.1587677001953,152.50999450683594,154.97999572753906,152.33999633789062,152.8300018310547,80313700,0.0044786449817599,0.004468645695709,0.2406332852446522,0.1875342673577883,0.1868838934142628,0.17195814038510343,0.1709762472771633,0.01971450354777618,0.06566962213939782,0.1879618501076139,0.1552262115720618,0.2107479721190416,1.1829786770220772,0.054396907342808797,0.017310336927001235,0.01627911062251043,0.007849815464809633,1.9968794353778575e-05,0.00013602996296832232,-0.00011606116861454374
2021-09-02,150.2737274169922,153.64999389648438,154.72000122070312,152.39999389648438,153.8699951171875,71115500,0.0074749159445897,0.0074471172032881,0.2197869886799594,0.1885139900195783,0.1870975781232053,0.17326412510927938,0.17276970710042022,0.018632829261886922,0.06644851055384472,0.1875342673577883,0.1564282309226555,0.2073804308673248,1.0287663411256127,0.05751464238255595,0.015099299813716644,0.016466280768687332,0.007770476245709762,5.545955463950958e-05,0.00013877494469686737,-8.331539005735779e-05
2021-09-03,150.90940856933594,154.3000030517578,154.6300048828125,153.08999633789062,153.75999450683594,57808700,0.0042304535053308,0.0042215302942015,0.221574499799451,0.1859251477876464,0.185640907258479,0.1732371608242579,0.1725880395329512,0.017623097110068778,0.059968171051149904,0.1885139900195783,0.1581171110901449,0.2042642019157712,0.8340472044398684,0.03982969163797927,0.009980612537028274,0.01645894909441645,0.007776838677312053,1.7821318024861004e-05,0.00013769686037333684,-0.00011987554234847584
2021-09-07,153.24693298339844,156.69000244140625,157.25999450683594,154.38999938964844,154.97000122070312,82278300,0.0154893022837254,0.0153705675502451,0.1362911210518,0.1907984198340122,0.1868155440494004,0.17679479388727593,0.17584857968685677,0.01676905841468644,0.07460749059560151,0.1859251477876464,0.1880100920057446,0.2035775304138196,1.1591832548377141,0.06581423545851665,0.018316389510943595,0.016970910432732918,0.007529097348198694,0.00023625434681664764,0.00014950372208666227,8.675062472998538e-05
2021-09-08,151.7016143798828,155.11000061035156,157.0399932861328,153.97999572753906,156.97999572753906,74420200,-0.0100836160982608,-0.0101348001258216,0.1465399895377062,0.1954882096262701,0.1837178061990365,0.17828712060472815,0.17640687335594343,0.016262897898478287,0.05413572675751632,0.1907984198340122,0.1879618501076139,0.2021233384298902,1.0445028309010322,0.04047570534978874,0.019727919196394713,0.017129695279543507,0.007553250870982434,0.00010271417359035354,0.00015407506251606333,-5.13608889257098e-05
2021-09-09,150.6844482421875,154.07000732421875,156.11000061035156,153.9499969482422,155.49000549316406,57305700,-0.0067048757787407,-0.0067274544396827,0.1658855559619767,0.1985948714786487,0.1837770161320811,0.1799086475946533,0.17754759990400082,0.017063046534326623,0.043670567052512106,0.1954882096262701,0.1875342673577883,0.1817804682455221,0.7993540522591641,0.043848690167797716,0.01401962458250521,0.01742275026554979,0.007296190037742685,4.525864323800647e-05,0.00015617884688161774,-0.00011092020364361127
2021-09-10,145.696533203125,148.97000122070312,155.47999572753906,148.6999969482422,155.0,140893200,-0.0331018748690221,-0.0336621405461463,0.2909657839906636,0.2255005918091132,0.1984221453309104,0.19810890138008333,0.1871559384753714,0.019916811055102353,-0.21565045954847922,0.1985948714786487,0.1885139900195783,0.1967409041216199,1.8755615974006576,0.09225178426807237,0.04551251073195684,0.018620396513066392,0.009609993418474959,0.0011331397061485069,0.00019169909862492527,0.0009414406075235816
2021-09-13,146.2637939453125,149.5500030517578,151.4199981689453,148.75,150.6300048828125,102404300,0.0038934136155064,0.0038858538964379,0.2902181217242426,0.2258729915555946,0.1972989076940672,0.20100919796893282,0.19074524179871633,0.022604036221623908,-0.21585387963172403,0.2255005918091132,0.1859251477876464,0.1893407347938003,1.3252445047854007,0.08752145877228804,0.017853548073959263,0.019120720422112915,0.009274198805931225,1.5099860504461608e-05,0.00019235475875316888,-0.00017725489824870727
2021-09-14,144.8651885986328,148.1199951171875,151.07000732421875,146.91000366210938,150.35000610351562,109296300,-0.0095620722526859,-0.009608082402064,0.2182082471567473,0.2226669741904754,0.1971600543476735,0.19843519663706877,0.18792237171429474,0.024246973110046654,-0.12075461535232124,0.2258729915555946,0.1907984198340122,0.1621330238977542,1.4089655007050224,0.05390044657651111,0.028085361863657378,0.018963315218177505,0.009082531442045984,9.231524744485193e-05,0.0001879160753286915,-9.560082788383956e-05
2021-09-15,145.7552032470703,149.02999877929688,149.44000244140625,146.3699951171875,148.55999755859375,83281300,0.0061436922232505,0.0061248966895484,0.2514415003300359,0.2231580056351236,0.1957869806494357,0.19996645743370872,0.19003241189055753,0.023926663276688666,-0.18738728408353147,0.2226669741904754,0.1954882096262701,0.1410441249871029,1.079827966692858,0.04735590834822652,0.02059992853361838,0.01913107171683756,0.009080104130239191,3.7514359457640947e-05,0.00018788648733928732,-0.00015037212788164637
2021-09-16,145.52047729492188,148.7899932861328,148.97000122070312,147.22000122070312,148.44000244140625,68034100,-0.0016104508832446,-0.0016117490532148,0.255656779675018,0.2020982873772192,0.1946545436193855,0.19055912825159582,0.18335568184358372,0.023872812899759316,0.11186989950002448,0.2231580056351236,0.1985948714786487,0.1698735110766079,0.8927187447369935,0.04140241425930263,0.011761543645174016,0.018157927491211298,0.008752858208727444,2.5977350105388043e-06,0.00015465219905724733,-0.00015205446404670852
2021-09-17,142.85049438476562,146.05999755859375,148.82000732421875,145.75999450683594,148.82000732421875,129868800,-0.0183479793717653,-0.0185183912396252,0.1612304973559931,0.2132786721356953,0.1989030161722084,0.18886881004630815,0.17793960517824925,0.023995688712757084,0.056670794256072125,0.2020982873772192,0.2255005918091132,0.1665500507785017,1.657432037575443,0.08647893023638338,0.020950382503979237,0.018012535889481325,0.008677010665935883,0.00034293081410382735,0.00017152954551151548,0.00017140126859231187
2021-09-20,139.799072265625,142.94000244140625,144.83999633789062,141.27000427246094,143.8000030517578,123478900,-0.0213610514126968,-0.021592500605102,0.1832252598550434,0.222411664879402,0.2043313145814072,0.19464094543288415,0.18622962739900767,0.024290500842573965,0.03641552432100623,0.2132786721356953,0.2258729915555946,0.1649417115077739,1.5150433005269386,0.09920428623492625,0.024975458265387208,0.01868097234537624,0.008672495998161096,0.00046623608238133025,0.00018973520587621962,0.0002765008765051106
2021-09-21,140.2782440185547,143.42999267578125,144.60000610351562,142.77999877929688,143.92999267578125,75834000,0.0034279433748845,0.0034220813695887,0.2029726668541817,0.2188288040656447,0.2042587437119964,0.19373148381805327,0.1859100291665479,0.02426431908275665,0.02045300819870031,0.222411664879402,0.2226669741904754,0.1687154402133089,0.9215792943247844,0.08025656327779791,0.012689168354995431,0.01854727801828188,0.008746630043762315,1.1710640900086072e-05,0.0001851137554254832,-0.00017340311452539712
2021-09-22,142.64511108398438,145.85000610351562,146.42999267578125,143.6999969482422,144.4499969482422,76404300,0.0168724363892616,0.0167316779202666,0.2522974479111737,0.2288671581481298,0.2054428663275334,0.1963437704700278,0.1884903970356506,0.02378471280328125,0.058341810477768916,0.2188288040656447,0.2231580056351236,0.1589045557941271,0.9130871244035093,0.09021603030860052,0.01871783073907775,0.018911719625522877,0.008584778567161711,0.00027994904602753686,0.00019909312239608568,8.085592363145117e-05
2021-09-23,143.6035614013672,146.8300018310547,147.0800018310547,145.63999938964844,146.64999389648438,64838200,0.0067192025130498,0.0066967292837967,0.2645029712015523,0.2288821241804113,0.204674143883747,0.19414392928566324,0.1865231665388021,0.022347530160198154,0.02836786136944722,0.2288671581481298,0.2020982873772192,0.1552262115720618,0.7721660472235995,0.07196437241073217,0.009807276601842881,0.018552796497508503,0.0088164768106038,4.484618310046026e-05,0.00019775942540343314,-0.0001529132423029729
2021-09-24,143.69158935546875,146.9199981689453,147.47000122070312,145.55999755859375,145.66000366210938,53477900,0.0006129288072487,0.0006127410431074,0.223969041759545,0.2281317117438119,0.2045566174041665,0.19475285140640206,0.18682613405965792,0.02022733431373537,0.022606034430007714,0.2288821241804113,0.2132786721356953,0.1564282309226555,0.6350292970419867,0.07201373160169704,0.013000297344906278,0.01865719638453988,0.008733209668068112,3.7545158590834466e-07,0.00019624224553732144,-0.0001958667939514131
2021-09-27,142.17567443847656,145.3699951171875,145.9600067138672,143.82000732421875,145.47000122070312,74150700,-0.0105499800644935,-0.010606025639156,0.1572570198302356,0.2292330236406289,0.2059583603365001,0.19532806971876018,0.1883915076081036,0.01741645707299522,0.0369062141483781,0.2281317117438119,0.222411664879402,0.1581171110901449,0.8710219034391766,0.08392890537242129,0.014721052910012923,0.01874722006298657,0.008680081360634466,0.00011248777985843444,0.00019930414679006028,-8.681636693162583e-05
2021-09-28,138.79168701171875,141.91000366210938,144.75,141.69000244140625,143.25,108972300,-0.0238012765446467,-0.0240891031970691,0.2504001582562982,0.211714812948568,0.2085882692979423,0.18837085664265812,0.18703431914530597,0.0166609463649157,-0.266374037876617,0.2292330236406289,0.2188288040656447,0.1880100920057446,1.2666561860063426,0.07591028216038638,0.02156294468062778,0.01823184423065498,0.008149682057048177,0.0005802848928390448,0.00018342715825281412,0.0003968577345862307
2021-09-29,139.6914520263672,142.8300018310547,144.4499969482422,142.02999877929688,142.47000122070312,74602000,0.0064829691015713,0.0064620450420514,0.2088256383791036,0.2139736663927511,0.2068499548245817,0.19061097476336,0.19045318631398067,0.015778426998376355,-0.26403386948215635,0.211714812948568,0.2288671581481298,0.1879618501076139,0.8731617862210805,0.06261576532798425,0.016943206174622805,0.018581734649570393,0.007922240387580999,4.1758026125501084e-05,0.00018193613280756432,-0.00014017810668206322
2021-09-30,138.39071655273438,141.5,144.3800048828125,141.27999877929688,143.66000366210938,89056700,-0.009311781936598,-0.0093554076110632,0.1859738704162501,0.2131515878710454,0.2043956293429805,0.19269660771552338,0.190486075755032,0.014683294652175037,-0.2528331068603431,0.2139736663927511,0.2288821241804113,0.1875342673577883,1.0370374424446764,0.07585435363912645,0.021908170342866608,0.01881162632036366,0.007950066802302752,8.752365156913924e-05,0.00018531387566833238,-9.779022409919314e-05
2021-10-01,139.51536560058594,142.64999389648438,142.9199981689453,139.11000061035156,141.89999389648438,94639600,0.0081271653461794,0.0080943177895658,0.2120288606563481,0.2136142500423146,0.2042649068574819,0.19852577957241582,0.1982954900147555,0.013471016217820016,-0.2553587810840281,0.2131515878710454,0.2281317117438119,0.1885139900195783,1.0871582620902212,0.08471523768782734,0.026708711683216188,0.019392096913838638,0.008087388974260744,6.551798047848138e-05,0.00018581679696028094,-0.00012029881648179956
2021-10-04,136.08253479003906,139.13999938964844,142.2100067138672,138.27000427246094,141.75999450683594,98322000,-0.0246056407782464,-0.0249134187639631,0.2525054350928087,0.2240389607578153,0.2086437131071377,0.2062636461485623,0.20501036417154045,0.01179068118843059,-0.28940152819859166,0.2136142500423146,0.2292330236406289,0.1859251477876464,1.1037749638125893,0.09601648983362716,0.02831682089039432,0.02030890733150694,0.008003207189498438,0.0006206784345085887,0.00021595965278446732,0.00040471878172412134
2021-10-05,138.00927734375,141.11000061035156,142.24000549316406,139.36000061035156,139.49000549316406,80861100,0.014158410445197,0.0140591162861342,0.2518430481715722,0.2224871467859191,0.2106802395378628,0.20713401492242084,0.20608759918310485,0.01017086445715607,-0.34385416319808215,0.2240389607578153,0.211714812948568,0.1907984198340122,0.908479415345386,0.06597275429065286,0.020409644039086117,0.020413570057914065,0.007989453956493826,0.0001976587507470439,0.00021402987298098716,-1.637112223394326e-05
2021-10-06,138.87969970703125,142.0,142.14999389648438,138.3699951171875,139.47000122070312,83221100,0.0063071319240228,0.0062873252062313,0.2515140317112789,0.2253104039803745,0.2104418232876858,0.2108218667522231,0.2091286910781422,0.008771158565569679,-0.33009427223832444,0.2224871467859191,0.2139736663927511,0.1954882096262701,0.9303943530884866,0.07220736425935152,0.026619709713358274,0.020758159583762245,0.008106096891353646,3.953045824891146e-05,0.000210870687213915,-0.00017134022896500353
2021-10-07,140.14137268066406,143.2899932861328,144.22000122070312,142.72000122070312,143.05999755859375,61732700,0.0090844597614987,0.0090434442721503,0.2476581690173636,0.230068297300794,0.2052899503158455,0.2099057114710676,0.20880032558402223,0.007543391152664268,-0.30839641563528863,0.2253104039803745,0.2131515878710454,0.1985948714786487,0.6884548889673879,0.07079549468239768,0.010468281598734402,0.0205805924345737,0.008298098902641646,8.178388430348807e-05,0.0002126969492671891,-0.000130913064963701
2021-10-08,139.75990295410156,142.89999389648438,144.17999267578125,142.55999755859375,144.02999877929688,58773200,-0.0027217489561162,-0.0027254596493859,0.2441871956591109,0.2008545357650784,0.20518047648425,0.1886968539339719,0.19809002938006587,0.008719221572820594,0.008104912061238395,0.230068297300794,0.2136142500423146,0.2255005918091132,0.6869039260493575,-0.004532759885488724,0.011336565335062308,0.018871795164728977,0.006129146018487858,7.428130300430713e-06,0.0001564113704747853,-0.0001489832401743546
2021-10-11,139.6719207763672,142.80999755859375,144.80999755859375,141.80999755859375,142.27000427246094,64452200,-0.0006297854565047,-0.0006299838546685,0.1097638327917926,0.1997119258435952,0.2032319071287555,0.19015731019467869,0.20047160351927995,0.009689429069543414,0.004469067831408677,0.2008545357650784,0.2240389607578153,0.2258729915555946,0.7703615627443156,0.013957415744230461,0.021006932646778633,0.019029464393369944,0.006142119386571935,3.968796571429817e-07,0.00015567622143241938,-0.0001552793417752764
2021-10-12,138.4004669189453,141.50999450683594,143.25,141.0399932861328,143.22999572753906,73035900,-0.0091030255162943,-0.0091447112232812,0.1153396941789118,0.1994938653839987,0.1962690503568936,0.1836164880354615,0.19281107425966,0.010529625139646115,-0.004011099796931833,0.1997119258435952,0.2224871467859191,0.2226669741904754,0.8922938210926203,0.01725128854612936,0.01561731891495783,0.018406062245934968,0.005797675730498036,8.362574335720515e-05,0.00015524174622803705,-7.16160028708319e-05
2021-10-13,137.81365966796875,140.91000366210938,141.39999389648438,139.1999969482422,141.24000549316406,78762700,-0.004239918507647,-0.0042489324500664,0.1063155619757103,0.1970791527799404,0.1889402615651178,0.18131298543860974,0.1898228111940664,0.011368880550258734,-0.008430514799644238,0.1994938653839987,0.2253104039803745,0.2231580056351236,0.964922661821147,0.03307296105940987,0.015612780434791555,0.018156704840993628,0.005805594512937553,1.8053426965227264e-05,0.00015426869960341634,-0.00013621527263818907
2021-10-14,140.6009979248047,143.75999450683594,143.8800048828125,141.50999450683594,142.11000061035156,69907100,0.0202256104652485,0.020023789568637,0.1789514750165153,0.213121822367641,0.1933485076908419,0.1830122852783489,0.19044509059793274,0.010909115386149026,0.1557046589548427,0.1970791527799404,0.230068297300794,0.2020982873772192,0.8554511483601785,0.036605300274860315,0.01648588248842668,0.01839292178315626,0.005624996921928463,0.0004009521486890559,0.0001741864202873422,0.0002267657284017137
2021-10-15,141.6572723388672,144.83999633789062,144.89999389648438,143.50999450683594,143.77000427246094,67940300,0.007512533892058,0.0074844553489682,0.1814627571337119,0.2057989329965087,0.1929429834565221,0.17875712907957553,0.18860911109235876,0.011158398537964772,0.22281008978385133,0.213121822367641,0.2008545357650784,0.2132786721356953,0.8641259517156176,-0.010245326187798215,0.009596792493737513,0.017825242282644174,0.005918558243240513,5.60170718706987e-05,0.00015984073317568576,-0.00010382366130498706
2021-10-18,143.32974243164062,146.5500030517578,146.83999633789062,143.16000366210938,143.4499969482422,85589200,0.011806177555252,0.0117370283672914,0.1882894769468589,0.1939862254045538,0.1928947543448969,0.17902818742643045,0.1834613646541916,0.012113582646052107,0.2726637327824095,0.2057989329965087,0.1997119258435952,0.222411664879402,1.1154788836400897,0.0052033460271004636,0.025110833156936668,0.017832011027221647,0.005927237003260595,0.00013775783489460304,0.0001434168208013494,-5.658985906746371e-06
2021-10-19,145.4911651611328,148.75999450683594,149.1699981689453,146.5500030517578,147.00999450683594,76378900,0.0150801187926117,0.0149675441496115,0.1458231246537202,0.1999407862051402,0.1953013243617374,0.18096666185779725,0.1843985708751946,0.012521984026794051,0.30639044570114277,0.1939862254045538,0.1994938653839987,0.2188288040656447,0.9950882606361034,0.019115548409822186,0.017612229187512533,0.0180781640688475,0.005803348753187671,0.00022402737787056943,0.0001540326576498736,6.999472022069583e-05
2021-10-20,145.9801788330078,149.25999450683594,149.75,148.1199951171875,148.6999969482422,58418800,0.0033611187043773,0.0033554827700701,0.1026308296572977,0.1922012230016524,0.1928940295651139,0.17799919713627538,0.18141161200573638,0.012904829398008239,0.24263508226274724,0.1999407862051402,0.1970791527799404,0.2288671581481298,0.7701212141905065,0.006982290499920751,0.010920574452639737,0.017688301254525605,0.006016120159321931,1.1259264620237311e-05,0.0001405981685795086,-0.00012933890395927132
2021-10-21,146.19532775878906,149.47999572753906,149.63999938964844,147.8699951171875,148.80999755859375,61421000,0.0014739463272126,0.0014728611345378,0.0893636837857679,0.191095022805967,0.1911226404517906,0.17856993993432854,0.18193789210520403,0.013089441212971268,0.23990413178284578,0.1922012230016524,0.213121822367641,0.2288821241804113,0.8115263939311181,0.017120851196716764,0.011841077890363127,0.017789991318951613,0.005891800670900064,2.1693199216319754e-06,0.0001384643254205672,-0.00013629500549893525
2021-10-22,145.4226837158203,148.69000244140625,150.17999267578125,148.63999938964844,149.69000244140625,58883400,-0.005284943194491,-0.0052989579065551,0.129367167738823,0.1923585620465182,0.1912997950763962,0.17775741907165865,0.18122480273182281,0.012960921602463878,0.22933933458987585,0.191095022805967,0.2057989329965087,0.2281317117438119,0.7752299372617413,0.023815607421674823,0.01035707351433848,0.017657830127423224,0.006032851969713107,2.807895489544281e-05,0.00013984950058604394,-0.00011177054569060113
2021-10-25,145.373779296875,148.63999938964844,149.3699951171875,147.6199951171875,148.67999267578125,50720600,-0.0003362906109138,-0.0003363471692817,0.1192025517936755,0.1878252319431587,0.1912892241148895,0.17674124133533065,0.17984712653166296,0.012774173781873639,0.25139546871383245,0.1923585620465182,0.1939862254045538,0.2292330236406289,0.6782230658903565,-0.0024440759448458916,0.011773412319603879,0.017510448097902774,0.006143366290221317,1.1312941828381256e-07,0.0001342307680640364,-0.0001341176386457526
2021-10-26,146.0388641357422,149.32000732421875,150.83999633789062,149.00999450683594,149.3300018310547,60893400,0.0045748650253134,0.004564432137581,0.0612923526619725,0.1626910239120838,0.1914036632137308,0.17274221998466097,0.17560584023827927,0.015996085982923302,0.04806625036201306,0.1878252319431587,0.1999407862051402,0.211714812948568,0.8412945486286759,-0.015896094221806035,0.0122555701934919,0.01704507937354598,0.00617268043110252,2.0834040738582254e-05,0.00010625822545901327,-8.542418472043102e-05
2021-10-27,145.57919311523438,148.85000610351562,149.72999572753906,148.49000549316406,149.36000061035156,56094900,-0.0031476104851951,-0.0031525746306128,0.0612872309508727,0.1631995781557504,0.1898514645755368,0.16987333837359636,0.17160666278050302,0.018197514287545333,0.03014704086209066,0.1626910239120838,0.1922012230016524,0.2139736663927511,0.7850354991460389,-0.004065976081238254,0.008330468145984935,0.016614442472114084,0.006473276231705001,9.93872680158343e-06,0.00010466726049281737,-9.472853369123394e-05
2021-10-28,149.2174530029297,152.57000732421875,153.1699981689453,149.72000122070312,149.82000732421875,100077900,0.0249916094603053,0.0246844266644818,0.1919036024293563,0.1758479500473339,0.196264814811897,0.17051271032831353,0.17104787843030148,0.018830513892206458,0.19956941478915993,0.1631995781557504,0.191095022805967,0.2131515878710454,1.3898492215264497,0.025450245686482364,0.02261255019088237,0.016649661464514874,0.006505429846047361,0.00060932091975418,0.0001307571239020694,0.00047856379585211066
2021-10-29,146.50831604003906,149.8000030517578,149.94000244140625,146.41000366210938,147.22000122070312,124953200,-0.0181556278395828,-0.0183224636754042,0.2465480607649713,0.1915266952957601,0.2000684643969679,0.1683335215096228,0.16401194973125158,0.01860778906907143,0.015249762219197624,0.1758479500473339,0.1923585620465182,0.2136142500423146,1.6995352954313798,0.034743750524730985,0.023564744375053286,0.01649246309910673,0.006283777718900921,0.0003357126751365063,0.00014426685863497068,0.00019144581650153565
2021-11-01,145.68678283691406,148.9600067138672,149.6999969482422,147.8000030517578,148.99000549316406,74588300,-0.0056074520746197,-0.0056232328549669,0.2518126934808756,0.1654438282037488,0.1999812279760551,0.1596563130320471,0.15699718253939368,0.01897306187033973,0.22751475936393778,0.1915266952957601,0.1878252319431587,0.2240389607578153,1.0311466898697241,0.012644759230279478,0.012755060491733304,0.015714375079173677,0.005676710072644976,3.1620747741179195e-05,0.0001148139742966002,-8.3193226555421e-05
2021-11-02,146.7234649658203,150.02000427246094,151.57000732421875,148.64999389648438,148.66000366210938,69122000,0.0071159875860495,0.0070907884203984,0.2550438160486542,0.161291768332795,0.200455940835167,0.15908607131476296,0.15697587877552963,0.019323391973682467,0.22390066722731153,0.1654438282037488,0.1626910239120838,0.2224871467859191,0.9633951113015298,0.01785989170847671,0.019464160409108852,0.015667100897674813,0.005639365166672303,5.0279280422856035e-05,0.00010744500078039079,-5.716572035753476e-05
2021-11-03,148.1611785888672,151.49000549316406,151.97000122070312,149.82000732421875,150.38999938964844,54511500,0.0097987013654083,0.0097510054103682,0.258442736780288,0.1626732531132294,0.2011931918676178,0.15142635866976784,0.15052833054584458,0.018784364354476203,0.22752078017683303,0.161291768332795,0.1631995781557504,0.2253104039803745,0.7752706972806966,0.005831966895181595,0.014192315126567163,0.015045731168335259,0.005019644024749933,9.50821065130299e-05,0.00011022258319359673,-1.5140476680566825e-05
2021-11-04,147.64283752441406,150.9600067138672,152.42999267578125,150.63999938964844,151.5800018310547,60394600,-0.0034985725795672,-0.0035047068963619,0.1779201040525111,0.1628282348365229,0.2013589771600722,0.15187921319890565,0.15093040365079455,0.017042120299274082,0.20311565051618047,0.1626732531132294,0.1758479500473339,0.230068297300794,0.8597591135318753,0.024138595460960012,0.011857400679145463,0.015115187122355812,0.004962255539379915,1.2282970429406662e-05,0.00010674753749989264,-9.446456707048598e-05
2021-11-05,148.17173767089844,151.27999877929688,152.1999969482422,150.05999755859375,151.88999938964844,65463900,0.0021197141706292,0.0021174707462662,0.1048251938602072,0.16162762954505,0.1970407020084235,0.1529649748836515,0.1531730468073153,0.017487769039716078,0.16862538760210224,0.1628282348365229,0.1915266952957601,0.2008545357650784,0.9275070207078472,0.03073243890158161,0.01414595060098125,0.015255656385651758,0.004888883336436081,4.4836823612931384e-06,0.00010660031510293577,-0.00010211663274164263
2021-11-08,147.34898376464844,150.44000244140625,151.57000732421875,150.16000366210938,151.41000366210938,55020900,-0.0055525934999252,-0.0055680664504642,0.1045739943921332,0.1639710179828077,0.1973862406020725,0.1476605281627372,0.1453276467675082,0.017621942909274452,0.1495967820471733,0.16162762954505,0.1654438282037488,0.1997119258435952,0.7847916652551725,0.01792500351364692,0.00937253150244096,0.014673936328434875,0.00486062829233472,3.100336399678499e-05,0.00010813063931991787,-7.712727532313289e-05
2021-11-09,147.7113800048828,150.80999755859375,151.42999267578125,150.05999755859375,150.1999969482422,56787900,0.0024594197765426,0.0024564003533966,0.0950381704030827,0.1580103208419661,0.1954968892714145,0.14519097887474902,0.1440417080038039,0.017918162831170655,0.16413146631776976,0.1639710179828077,0.161291768332795,0.1994938653839987,0.8194913092683941,0.01287179109441967,0.009084246000701776,0.014347282682722073,0.005011087998780406,6.0339026961669404e-06,0.00010425104728686595,-9.821714459069902e-05
2021-11-10,144.8807373046875,147.9199981689453,150.1300048828125,147.85000610351562,150.02000427246094,65187100,-0.0191631817282246,-0.0193491754837833,0.140748875636359,0.1755476478474844,0.1990958475834958,0.14500773665811623,0.14047654739807275,0.017487617442950493,-0.06136246953372273,0.1580103208419661,0.1626732531132294,0.1970791527799404,0.9500035304278799,0.01634649075195793,0.01541372909356582,0.014337330115660785,0.005008639367783932,0.00037439059190224076,0.00012206790553371664,0.0002523226863685241
2021-11-11,144.831787109375,147.8699951171875,149.42999267578125,147.67999267578125,148.9600067138672,41000000,-0.0003380411869712,-0.0003380983357727,0.1442924694363214,0.1629012321436388,0.1918295177994697,0.14284334740039803,0.13876613421691117,0.015868273933174505,-0.18730111384160295,0.1755476478474844,0.1628282348365229,0.213121822367641,0.6103698260550205,0.0034161271695789365,0.01183472007700493,0.014104771995089697,0.005011607642747079,1.143104846522694e-07,0.00010202601362349646,-0.0001019117031388442
2021-11-12,146.90821838378906,149.99000549316406,150.39999389648438,147.47999572753906,148.42999267578125,63804000,0.0143369882057307,0.0142351854663885,0.1943436416916927,0.1679252601669163,0.1939421722810777,0.14740702161470515,0.14431868900563485,0.014382957597011232,-0.12863550943978347,0.1629012321436388,0.16162762954505,0.2057989329965087,0.9527880556539685,0.03263260733379409,0.019467951610138413,0.014598329950909742,0.005030317764450476,0.00020264050526247837,0.00010935718529308542,9.328331996939295e-05
2021-11-15,146.91802978515625,150.0,151.8800048828125,149.42999267578125,150.3699951171875,59222800,6.663448543164918e-05,6.663226545294235e-05,0.1913961238699456,0.1637752576170655,0.1928780054429484,0.14143300104806317,0.14363545764975666,0.013820142438137733,-0.08980778633680156,0.1679252601669163,0.1639710179828077,0.1939862254045538,0.9021367306218668,0.016054014760980385,0.016333414713541668,0.014159459028739992,0.004409460410752291,4.439858799391375e-09,0.00010246951554129524,-0.00010246507568249585
2021-11-16,147.89747619628906,151.0,151.49000549316406,149.33999633789062,149.94000244140625,59256200,0.0066666666666665,0.0066445427186685,0.1977925993156228,0.1569952681374526,0.1922262967444928,0.13965988381368855,0.14275941041026008,0.012729112822404104,-0.156821689185109,0.1637752576170655,0.1580103208419661,0.1999407862051402,0.9145728612192535,0.021462740342544813,0.014238471226976407,0.013990771130713186,0.00433431224548091,4.414994794021059e-05,9.34756440447773e-05,-4.9325696104566716e-05
2021-11-17,150.33631896972656,153.49000549316406,155.0,150.99000549316406,151.0,88807000,0.0164901026037356,0.0163556172988084,0.1232575916697126,0.1663622122067218,0.1950661191301151,0.14860277548326092,0.15073392333419522,0.011735076328166007,-0.057819251894567256,0.1569952681374526,0.1755476478474844,0.1922012230016524,1.3392593906277028,0.058154754337829795,0.026125443763923308,0.014751014596277362,0.005042992845312843,0.0002675062172250806,0.00010628799167501947,0.00016121822555006116
2021-11-18,154.62632751464844,157.8699951171875,158.6699981689453,153.0500030517578,153.7100067138672,137827700,0.0285359923595709,0.0281364245005775,0.1682852446236571,0.1915404733117437,0.2022332010024293,0.16537616973928146,0.1632449731256694,0.011778173955490448,0.19460847460209754,0.1663622122067218,0.1629012321436388,0.191095022805967,1.9652930275421527,0.08318477466298112,0.03559888066770228,0.01593890473514432,0.00681000768366113,0.0007916583836766978,0.00014576244486277278,0.0006458959388139251
2021-11-19,157.25123596191406,160.5500030517578,161.02000427246094,156.52999877929688,157.64999389648438,117305600,0.0169760436907655,0.0168335609293583,0.1703992068380992,0.1953095365487297,0.2043130173572506,0.17464594440829867,0.17210425697067935,0.012091066109539753,0.2057508684513027,0.1915404733117437,0.1679252601669163,0.1923585620465182,1.6057827320890365,0.07780567891284658,0.02796639930126057,0.016819371024490427,0.00717872315433764,0.00028336877356241827,0.0001585269357961215,0.00012484183776629676
2021-11-22,157.71157836914062,161.02000427246094,165.6999969482422,161.0,161.67999267578125,117467900,0.002927444483147,0.002923167861894,0.1567594305826969,0.1947275925773932,0.2039879731094931,0.18339235009829408,0.1840653078280949,0.012713202222727428,0.2006011634695047,0.1953095365487297,0.1637752576170655,0.1878252319431587,1.5377525188723977,0.08480618249300789,0.02918890090382405,0.017690145453701435,0.007579494027199812,8.54491034880994e-06,0.00015894852484264784,-0.0001504036144938379
2021-11-23,158.09353637695312,161.41000366210938,161.8000030517578,159.05999755859375,161.1199951171875,96041900,0.0024220555167078,0.0024191270678687,0.171710660505909,0.1947940152006013,0.1950950837317494,0.18515219339193947,0.1864495698704456,0.01370210692340662,0.23067851804793643,0.1947275925773932,0.1569952681374526,0.1626910239120838,1.228993932122462,0.06565797165876255,0.01697543789726877,0.017926138838890278,0.00747412450614602,5.852175770495013e-06,0.00015819943159424348,-0.00015234725582374847
2021-11-24,158.61270141601562,161.94000244140625,162.13999938964844,159.63999938964844,160.75,69463600,0.0032835559585659,0.0032781768605293,0.1820009498601066,0.1930387173595135,0.1941760515657412,0.1872547866208015,0.18878852189696924,0.014325010491701706,0.2296698294989585,0.1947940152006013,0.1663622122067218,0.1631995781557504,0.8813477603304947,0.05576122844956914,0.015437816242497338,0.0182815062437159,0.007156069705549063,1.0746443528909738e-05,0.0001582398174306098,-0.00014749337390170005
2021-11-26,153.5880889892578,156.80999755859375,160.4499969482422,156.36000061035156,159.57000732421875,76959800,-0.0316784290815893,-0.0321910455102207,0.2900844523530546,0.2171163646569737,0.2056353936375181,0.18903906721634395,0.19157354514621525,0.017360831759286356,-0.10974253081029028,0.1930387173595135,0.1915404733117437,0.1758479500473339,0.9909927716959058,0.02195290531048235,0.026082497299716834,0.01845500359915762,0.007307072392802519,0.0010362634110411004,0.0001795869419949558,0.0008566764690461446
2021-11-29,156.94764709472656,160.24000549316406,161.19000244140625,158.7899932861328,159.3699951171875,88748200,0.0218736559401364,0.0216378598146763,0.310351383130126,0.2153716035195803,0.2097099955474852,0.18487566972977937,0.18938610470732828,0.01924525440184841,-0.03952994533099191,0.2171163646569737,0.1953095365487297,0.1915266952957601,1.1700635123355871,0.017183740385151212,0.014977590320763083,0.018025645896443114,0.007243032309503702,0.00046819697735958355,0.00018621115710610968,0.00028198582025347387
2021-11-30,161.90362548828125,165.3000030517578,165.52000427246094,159.9199981689453,159.99000549316406,174048100,0.0315776172312325,0.0310892976504966,0.3847697959847271,0.2336892596310009,0.2186742436367461,0.19703063017623482,0.1926490966109266,0.022877451503065048,-0.014411256133789276,0.2153716035195803,0.1947275925773932,0.1654438282037488,2.153473368989039,0.08539450223012371,0.03387783424155281,0.019081784583934086,0.007940479403431124,0.0009665444284011734,0.00023295734113910936,0.0007335870872620641
2021-12-01,161.38455200195312,164.77000427246094,170.3000030517578,164.52999877929688,167.47999572753906,152052500,-0.0032062841470784,-0.003211435289726,0.3894247692725997,0.2354408983326984,0.2168201819468104,0.2061567203104392,0.20328042634863183,0.025543256130293217,-0.002470771015206431,0.2336892596310009,0.1947940152006013,0.161291768332795,1.7895148511402335,0.08273998891846579,0.035018535673032786,0.019859503347130287,0.00870483817220608,1.0313316620097517e-05,0.00023095904294897146,-0.00022064572632887394
2021-12-02,160.39527893066406,163.75999450683594,164.1999969482422,157.8000030517578,158.74000549316406,136739200,-0.0061298157397317,-0.006148680190145,0.3963976044198644,0.2376610732826348,0.2161112932346615,0.22081889911262312,0.21340597170745973,0.02770889229230052,0.008647361518918716,0.2354408983326984,0.1930387173595135,0.1626732531132294,1.5350166639640381,0.08827309070072424,0.03908154684395288,0.02110396493299957,0.009586465748988297,3.780626808068155e-05,0.000228095251027354,-0.00019028898294667245
2021-12-03,158.5147705078125,161.83999633789062,164.9600067138672,159.72000122070312,164.02000427246094,118023100,-0.0117244640531858,-0.0117937375775141,0.2993700839339107,0.2428483899359345,0.2171225180328189,0.22991833799614453,0.22458473036019877,0.029676672008375073,-0.0007732056166293303,0.2376610732826348,0.2171163646569737,0.1628282348365229,1.2833986705504714,0.07603316842050666,0.03237769161971522,0.02212997948002806,0.00964269571247917,0.00013909224604726815,0.00023443571480824709,-9.534346876097894e-05
2021-12-06,161.9232635498047,165.32000732421875,167.8800048828125,164.27999877929688,164.2899932861328,107497000,0.021502787105003,0.021274863715286,0.2982083889290621,0.2508134389438973,0.208892044835489,0.23256542008127518,0.2280880177900357,0.031600648656635665,0.0061792228363090965,0.2428483899359345,0.2153716035195803,0.16162762954505,1.142818870645506,0.06737701391903198,0.021775985628015623,0.022511481231379776,0.009459386188626392,0.00045261982610399275,0.0002568425219953821,0.00019577730410861064
2021-12-07,167.66282653808594,171.17999267578125,171.5800018310547,168.33999633789062,169.0800018310547,120405400,0.0354463167913496,0.034832557719999,0.3183609049162011,0.2697228891247875,0.2196056653540222,0.2352473689507631,0.2307009041177884,0.03467617226598567,0.07745825837036074,0.2508134389438973,0.2336892596310009,0.1639710179828077,1.2370555494196425,0.08135724019299143,0.01892747769478356,0.022989228540996907,0.008990544699205304,0.0012133070773170619,0.0003159577076613959,0.000897349369655666
2021-12-08,171.48269653320312,175.0800018310547,175.9600067138672,170.6999969482422,172.1300048828125,116998900,0.0227830898594565,0.0225274311142704,0.31883626402747,0.2751291323551335,0.2220548565852141,0.24321134444902406,0.23912288236608745,0.036824915646228557,0.05608292698962696,0.2697228891247875,0.2354408983326984,0.1580103208419661,1.1659919794942935,0.07833689071983688,0.03004346419130554,0.024037189450527095,0.008492155034860019,0.0005074851526081981,0.0003410302701569975,0.00016645488245120062
2021-12-09,170.973388671875,174.55999755859375,176.75,173.9199981689453,174.91000366210938,108923700,-0.0029700951966102,-0.0029745146823804,0.3079780857936206,0.2596712722983184,0.2222535941951926,0.24345727322475696,0.24144028558440842,0.037829682098501724,0.24349640551727325,0.2751291323551335,0.2376610732826348,0.1755476478474844,1.06236314322016,0.06749068073814857,0.01621220136706724,0.024077113064202165,0.008451258821418567,8.847737595696572e-06,0.0003227531274416703,-0.0003139053898459737
2021-12-10,175.76290893554688,179.4499969482422,179.6300048828125,174.69000244140625,175.2100067138672,115402700,0.028013287454401,0.0276280924887399,0.226158999609026,0.2662528721022729,0.2278743014565604,0.24934867931266125,0.24453613849923414,0.03793759655805693,0.20583426188566453,0.2596712722983184,0.2428483899359345,0.1629012321436388,1.0861454611217258,0.08901684110379511,0.02752857356041677,0.02486180573837276,0.007969591151474364,0.0007633114945663661,0.000360912986645756,0.0004023985079206101
2021-12-13,172.12916564941406,175.74000549316406,182.1300048828125,175.52999877929688,181.1199951171875,153237000,-0.0206742352642568,-0.020890939262411,0.3707800216560708,0.2866896341710419,0.2288863094948221,0.2581072527141596,0.2491300670800801,0.03922227043224584,0.10490607237260913,0.2662528721022729,0.2508134389438973,0.1679252601669163,1.3839870091978141,0.07759937912066994,0.037555513242386644,0.025766183819985168,0.008342824943949329,0.00043643134326574545,0.00037260252854591936,6.38288147198261e-05
2021-12-14,170.74810791015625,174.3300018310547,177.74000549316406,172.2100067138672,175.25,139380400,-0.0080232367021533,-0.0080555960665252,0.3286511166680513,0.2910577338159363,0.2242881175495858,0.2644946783224052,0.2580466049438908,0.03954324210768985,0.09547120287406564,0.2866896341710419,0.2697228891247875,0.1637752576170655,1.2148632134451798,0.07666813909461317,0.03172144049339289,0.026535585108977734,0.008134074576233717,6.489262798701627e-05,0.0003758469379523302,-0.00031095430996531395
2021-12-15,175.61599731445312,179.3000030517578,179.5,172.30999755859375,175.11000061035156,131063300,0.0285091560173309,0.0281103323729811,0.3505194613664497,0.3000406103182507,0.2299760888193044,0.2768095914630133,0.27083077782472653,0.038818866474138264,0.09057024212687378,0.2910577338159363,0.2751291323551335,0.1569952681374526,1.107705271271509,0.07365634308861603,0.040100403340934364,0.02782868171467563,0.008131949731342892,0.0007901907861194692,0.00041314897986129313,0.00037704180625817605
2021-12-16,168.72061157226562,172.25999450683594,181.13999938964844,170.75,179.27999877929688,150185800,-0.0392638506698165,-0.0400554661592568,0.4778254640304227,0.3442360572685597,0.245196367713265,0.2989282030886655,0.2907563895914684,0.042279317517646194,-0.17149229281307404,0.3000406103182507,0.2596712722983184,0.1663622122067218,1.23723160471672,0.05601670739725921,0.06031580007531071,0.029538199530244995,0.010883368138815528,0.0016044403692353666,0.0004799956874618074,0.001124444681773559
2021-12-17,167.6236572265625,171.13999938964844,173.47000122070312,169.69000244140625,169.92999267578125,195432700,-0.0065017714669848,-0.0065230000487095,0.3959786517087371,0.3362584387139765,0.2457890244987074,0.2926669939596645,0.2874546731709088,0.04498915415559217,-0.29826372850287364,0.3442360572685597,0.2662528721022729,0.1915404733117437,1.5726605317954203,0.043480778713335805,0.022087173032475257,0.02886261414848365,0.010906695111174551,4.254952963546414e-05,0.00044254024475974573,-0.0003999907151242816
2021-12-20,166.26223754882812,169.75,170.5800018310547,167.4600067138672,168.27999877929688,107499100,-0.0081220018382944,-0.0081551649847157,0.3829718754221436,0.3353421096865274,0.2467397018246938,0.2890810339922706,0.28458256761851813,0.04657191686411272,-0.27155546384452495,0.3362584387139765,0.2866896341710419,0.1953095365487297,0.8684794772339933,0.028428461140321614,0.018379941780191457,0.028383291272430194,0.0111559570521825,6.650671592793304e-05,0.00043169714187802147,-0.0003651904259500884
2021-12-21,169.43563842773438,172.99000549316406,173.1999969482422,169.1199951171875,171.55999755859375,91185900,0.0190869248492728,0.0189070546743089,0.4236780972104847,0.3401934260578611,0.247503450485956,0.2870324660048958,0.28124222394369025,0.04735907853485706,-0.2816875597544087,0.3353421096865274,0.2910577338159363,0.1947275925773932,0.7445909899622678,0.02077168444947227,0.023585188169821258,0.02810310563573005,0.011204921108572831,0.00035747671645730604,0.0004491437321834463,-9.166701572614025e-05
2021-12-22,172.03121948242188,175.63999938964844,175.86000061035156,172.14999389648438,173.0399932861328,92135300,0.0153187687862643,0.0152026211053877,0.3737278171053708,0.342629823073395,0.2422470003628953,0.28831930879733,0.2811703131026618,0.04715287174114487,-0.29537573077586415,0.3401934260578611,0.3000406103182507,0.1947940152006013,0.7535453463154648,0.030412207618635344,0.02112278938032063,0.02831047320988265,0.011025078310854999,0.00023111968847397952,0.00046040710781862054,-0.00022928741934464102
2021-12-23,172.6580352783203,176.27999877929688,176.85000610351562,175.27000427246094,175.85000610351562,68356600,0.0036438134358485,0.0036371908304875,0.1951416792387186,0.3426190423276098,0.2421713273488693,0.2870483044903165,0.2797833078288459,0.04552689290032478,-0.29833679118879797,0.342629823073395,0.3442360572685597,0.1930387173595135,0.5593201124243523,0.0313448041147521,0.008963023837053998,0.027986733589610475,0.011507473627463832,1.3229157137382352e-05,0.00046053124349904414,-0.0004473020863616618
2021-12-27,176.62481689453125,180.3300018310547,180.4199981689453,177.07000732421875,177.08999633789062,74919600,0.0229748302689087,0.022714882824101,0.2003433371346669,0.319857768788908,0.2438092180423759,0.2845401451754466,0.2759946671229681,0.043681668543595155,-0.20658549709997875,0.3426190423276098,0.3362584387139765,0.2171163646569737,0.6135332213184279,0.030749589075115547,0.018577002222098682,0.027611458835729567,0.011693717031384433,0.0005159659017126386,0.0004345163680326211,8.144953368001754e-05
2021-12-28,175.60617065429688,179.2899932861328,181.3300018310547,178.52999877929688,180.16000366210935,79144300,-0.0057672518957562,-0.0057839467127253,0.1867049118789311,0.3180048735056022,0.2444819085564063,0.2846769518518068,0.27624485158259754,0.04085032213859292,-0.1666718515310739,0.319857768788908,0.3353421096865274,0.2153716035195803,0.6506890113114585,0.025910274547040944,0.01561717416816022,0.027643438028099425,0.01165816885470182,3.34540395756458e-05,0.00041277922114342416,-0.00037932518156777835
2021-12-29,175.69436645507812,179.3800048828125,180.6300048828125,178.13999938964844,179.3300018310547,62348900,0.0005020447322792,0.0005019187499866,0.182880848081248,0.3037230714600872,0.2371671294416395,0.27664615520069286,0.27431820603554014,0.03858088401154552,-0.2620814297888082,0.3180048735056022,0.3401934260578611,0.2336892596310009,0.5372748199278962,-0.032757600657161004,0.013881176415346643,0.026643605136789116,0.011949199383421955,2.519224315881111e-07,0.00036446459584494483,-0.00036421267341335675
2021-12-30,174.5386199951172,178.1999969482422,180.57000732421875,178.08999633789062,179.47000122070312,59773000,-0.0065782579019395,-0.0065999899991082,0.188596968027613,0.3050384032263445,0.237290634782014,0.26833373170741565,0.2646134204782636,0.03598616641154135,-0.25758511018217056,0.3037230714600872,0.342629823073395,0.2354408983326984,0.5364049899403311,-0.028504486771317523,0.013917009140288813,0.025588528810151917,0.012101428830951909,4.355986798832826e-05,0.0003661269234133564,-0.0003225670554250281
2021-12-31,173.9215545654297,177.57000732421875,179.22999572753906,177.25999450683594,178.08999633789062,64062300,-0.003535295369317,-0.0035415592935637,0.1936334940892352,0.3040360179997404,0.2377209791201029,0.25568555304662516,0.25594631890906017,0.03303008084773102,-0.2528081883903263,0.3050384032263445,0.3426190423276098,0.2376610732826348,0.5942768353065319,-0.01988096504670418,0.011094222782263956,0.024189162607067473,0.012077176978051095,1.2542642229827414e-05,0.0003648637421208137,-0.0003523210998909863
2022-01-03,178.27032470703125,182.00999450683597,182.8800048828125,177.7100067138672,177.8300018310547,104487900,0.0250041504729476,0.0246966618240735,0.2073637869871568,0.3064003449762724,0.2413533428285883,0.2537258864815854,0.24973715432425111,0.02998625002572,-0.24865464128226603,0.3040360179997404,0.319857768788908,0.2428483899359345,0.9754103709238411,0.01851454273986349,0.028405023487603792,0.0239905292004619,0.011967583941176151,0.0006099251052526494,0.0003884053850810828,0.00022151972017156658
2022-01-04,176.00778198242188,179.6999969482422,182.94000244140625,179.1199951171875,182.6300048828125,99310400,-0.0126915973205361,-0.0127728236347549,0.2284469425431617,0.3075337691777553,0.24341631405503,0.25350554450848967,0.24724609492033472,0.027151286576687958,-0.25954147640809055,0.3064003449762724,0.3180048735056022,0.2508134389438973,0.9306337223718348,0.020496322029400486,0.021257692760668224,0.023964614557094532,0.011973191551810175,0.00016314502360455338,0.00037393164495611085,-0.00021078662135155747
2022-01-05,171.3259735107422,174.9199981689453,180.1699981689453,174.63999938964844,179.61000061035156,94537600,-0.0265998823621217,-0.0269600607302341,0.3000695067970143,0.3040205337109013,0.2513243595777637,0.2589013297790174,0.2495948420649019,0.025667526268273802,-0.36741215784591025,0.3075337691777553,0.3037230714600872,0.2697228891247875,0.8967772210906033,0.01208927660984956,0.03161444567336299,0.024598962956023505,0.012028230419142543,0.0007268448745779108,0.0003496085348191532,0.00037723633975875756
2022-01-06,168.4660186767578,172.0,175.3000030517578,171.63999938964844,172.6999969482422,96904000,-0.016693335236175,-0.0168342392633118,0.3119903229338652,0.2992610465806233,0.253446243220604,0.2546905484863008,0.246220948787576,0.02451104068534661,-0.3686691128434407,0.3040205337109013,0.3050384032263445,0.2751291323551335,0.9280701128506785,0.014755438147625038,0.021279091058775436,0.024160744299396998,0.011978986990815852,0.0002833916115744286,0.0003384038577674648,-5.501224619303618e-05
2022-01-07,168.6325225830078,172.1699981689453,174.13999938964844,171.02999877929688,172.88999938964844,86709100,0.0009883614473564,0.0009878733397725,0.3168481438253918,0.299225052233083,0.25301111471434,0.2552627924671274,0.2469090172684137,0.021605349646546094,-0.39777024086668294,0.2992610465806233,0.3040360179997404,0.2596712722983184,0.8393602577717498,0.012946101591642894,0.018063545585333695,0.02425331151031032,0.011921346578914943,9.758937354332733e-07,0.0003380102655744516,-0.00033703437183901834
2022-01-10,168.65206909179688,172.19000244140625,172.5,168.1699981689453,169.0800018310547,106765600,0.0001161890728564,0.0001161823234289,0.1876855156182132,0.2800123080030068,0.2506826919115611,0.2540907044698969,0.24759315058064746,0.02022620508816753,-0.4442278806662205,0.299225052233083,0.3064003449762724,0.2662528721022729,1.0378495826947562,0.021537396469804976,0.02514665061653695,0.02413421536311633,0.011898780601508467,1.3498332277337526e-08,0.0002998453657627472,-0.00029983186743046987
2022-01-11,171.48269653320312,175.0800018310547,175.17999267578125,170.82000732421875,172.32000732421875,76138300,0.0167837815707787,0.0166444903044287,0.2694681549552562,0.2782346041113309,0.2520804011406077,0.2475023136183009,0.2447812731338526,0.020889353069138944,-0.38698149486186506,0.2800123080030068,0.3075337691777553,0.2866896341710419,0.768941658051564,-0.00919814116126914,0.02490281760317614,0.023501580581155805,0.011476505963663893,0.00027703905749422095,0.00029187575147417096,-1.4836693979950008e-05
2022-01-12,171.92344665527344,175.52999877929688,177.17999267578125,174.82000732421875,176.1199951171875,74805200,0.0025702361408266,0.0025669387327865,0.1887640897073396,0.2768020748434266,0.2514475107103189,0.23986356547681612,0.23417284807988448,0.021892511094624485,-0.38166049446581024,0.2782346041113309,0.3040205337109013,0.2910577338159363,0.7809434236946298,-0.00555229047712969,0.01344491179840908,0.022587754146406618,0.011515121656505662,6.589174457879562e-06,0.0002889605787977141,-0.0002823714043398345
2022-01-13,168.65206909179688,172.19000244140625,176.6199951171875,171.7899932861328,175.77999877929688,84505800,-0.0190280656361775,-0.0192114290372154,0.2028978290645018,0.2645366257162944,0.2542445646841702,0.23115754274806213,0.22316171724544556,0.024241541896281353,-0.414885162103292,0.2768020748434266,0.2992610465806233,0.3000406103182507,0.9041885881684397,0.0039152144655190515,0.02805041966764747,0.021985254962742267,0.010846416424885333,0.000369079005651963,0.0002679049897743388,0.00010117401587762424
2022-01-14,169.5140380859375,173.07000732421875,173.77999877929688,171.08999633789062,171.33999633789062,80440800,0.0051106618870742,0.0050976467796536,0.205951465054568,0.2238647794094212,0.2542964889844852,0.19668005168168107,0.19138144908803023,0.029721498097273293,-0.019610655886143538,0.2645366257162944,0.299225052233083,0.3442360572685597,0.8940536907022898,-0.005785084956728237,0.015542857384682281,0.01974660782821085,0.006101307944534087,2.598600269011272e-05,0.0001889822714470761,-0.00016299626875696338
2022-01-18,166.31121826171875,169.8000030517578,172.5399932861328,169.41000366210938,171.50999450683594,90956700,-0.0188941129836269,-0.0190748874064003,0.2514333527626474,0.2331320104947545,0.2580977418185231,0.19493672648477905,0.1882465211040037,0.03269653850445748,-0.1189807157164882,0.2238647794094212,0.2800123080030068,0.3362584387139765,1.0732440095094569,-0.0143123043107376,0.01843338968061953,0.019563918660618063,0.006082208756673219,0.0003638513295668488,0.00020504736144364534,0.00015880396812320346
2022-01-19,162.81454467773438,166.22999572753906,171.0800018310547,165.94000244140625,170.0,94815000,-0.021024777738847,-0.0212489460046451,0.206812274760715,0.2433244493845352,0.2620960878926784,0.20169436731110318,0.19254274039501343,0.03380203596980927,-0.19734478193875293,0.2331320104947545,0.2782346041113309,0.3353421096865274,1.1272052591261392,0.01030580625559343,0.030921010177207758,0.020190972080468876,0.006579832866503093,0.00045151770630832305,0.00022429791096266485,0.0002272197953456582
2022-01-20,161.1298828125,164.50999450683594,169.67999267578125,164.17999267578125,166.97999572753906,91420500,-0.0103471170360992,-0.0104010206049988,0.1734985531753959,0.2334869990271077,0.2632650987237698,0.2074423917795151,0.1989655342929228,0.03464139784234679,-0.24207482342871003,0.2433244493845352,0.2768020748434266,0.3401934260578611,1.0866983065869165,0.016103339800239487,0.033432619194279145,0.02068334363169177,0.007187568694436247,0.0001081812296256096,0.00021183313662108,-0.00010365190699547042
2022-01-21,159.07301330566406,162.41000366210938,166.3300018310547,162.3000030517578,164.4199981689453,122848900,-0.0127651262224028,-0.0128473005052063,0.1647311585652994,0.2263807363804149,0.2648667456463615,0.20904590381764404,0.20213684721832234,0.03497111062852476,-0.28247483203201607,0.2334869990271077,0.2645366257162944,0.342629823073395,1.434103185727948,0.03277167863878482,0.024813734920425243,0.020867890908697,0.007246587569661273,0.00016505313027107403,0.00020852980871093478,-4.347667843986074e-05
2022-01-24,158.29925537109375,161.6199951171875,162.3000030517578,154.6999969482422,160.02000427246094,162294600,-0.0048642850015906,-0.004876154141441,0.1051037736870501,0.22462371784347,0.2650168062154847,0.23191960749454885,0.2332154194860913,0.03441682503816902,-0.29973181071624333,0.2263807363804149,0.2238647794094212,0.3426190423276098,1.7961004067920971,0.0617304672353423,0.04702392236805235,0.02277093583524692,0.008789132400002089,2.3776879211092217e-05,0.00020905719481462023,-0.00018528031560352803
2022-01-25,156.49703979492188,159.77999877929688,162.75999450683594,157.02000427246094,158.97999572753906,115798400,-0.0113847072978592,-0.0114500091796198,0.0938254987237285,0.2016007822837179,0.2617667722627863,0.24093249132763644,0.2485453776637367,0.03684308328355274,-0.15220279879436954,0.22462371784347,0.2331320104947545,0.319857768788908,1.253183799096494,0.042605277237233015,0.035924335199824436,0.023638302484133206,0.009199841120399083,0.00013110271021337768,0.0001898140352396572,-5.871132502627952e-05
2022-01-26,156.40895080566406,159.69000244140625,164.38999938964844,157.82000732421875,163.5,108275300,-0.0005632515870458,-0.0005634102728104,0.0818042756749182,0.2025414885934238,0.2587471911200885,0.2539839114207385,0.261031550897754,0.03821976744449288,-0.13826566299046134,0.2016007822837179,0.2433244493845352,0.3180048735056022,1.1535840406418438,0.036537427133649755,0.04114216272142873,0.024914551911796635,0.009780686736960047,3.174311355082894e-07,0.0001881572048176503,-0.000187839773682142
2022-01-27,155.94857788085938,159.22000122070312,163.83999633789062,158.27999877929688,162.4499969482422,121954600,-0.0029432100539642,-0.0029475498139838,0.0852225610279773,0.2014879534872041,0.258509756810185,0.26277178962295733,0.2692026861111321,0.03970133671212344,-0.12138416664393131,0.2025414885934238,0.2334869990271077,0.3037230714600872,1.2593385804655504,0.053464952960737014,0.03492022054997191,0.025966504118527894,0.009662245541092135,8.688049905915933e-06,0.0001885790111913667,-0.00017989096128545078
2022-01-28,166.83030700683594,170.3300018310547,170.35000610351562,162.8000030517578,165.7100067138672,179935700,0.0697776694207621,0.0674508412953258,0.5180593920093284,0.3292941120345281,0.2919127102749219,0.2784223863276031,0.28421295452402867,0.04145626959431218,0.7336980483677316,0.2014879534872041,0.2263807363804149,0.3050384032263445,1.749524676310997,0.0793022590825418,0.044325738100128936,0.027486940566519902,0.010051073240268672,0.004549615991447229,0.0004138818173643117,0.004135734174082917
2022-01-31,171.18885803222656,174.77999877929688,175.0,169.50999450683594,170.16000366210938,115541600,0.0261257376880439,0.0257902905926435,0.5100453994217057,0.3439138882924961,0.2955327313381537,0.28562371270113435,0.2880218678398056,0.04443680875178236,0.7148325257001036,0.3292941120345281,0.22462371784347,0.3040360179997404,1.095988230194181,0.05782062584248049,0.03141094822924537,0.028502776838868975,0.009306182340907406,0.0006651390888529958,0.0004465116396954702,0.00021862744915752567
2022-02-01,171.02236938476562,174.61000061035156,174.83999633789062,172.30999755859375,174.00999450683594,86213900,-0.0009726408635577,-0.0009731141856222,0.4794748176979533,0.3304899736726755,0.2953627875639229,0.28072965129255084,0.2858037829735182,0.045947830102756444,0.7436568681218364,0.3439138882924961,0.2016007822837179,0.3064003449762724,0.824945506876946,0.013577436611188575,0.014489426553194152,0.027806996992148492,0.009819898713411114,9.469512182591574e-07,0.00041606273199375064,-0.0004151157807754915
2022-02-02,172.2270965576172,175.83999633789062,175.8800048828125,173.3300018310547,174.75,84914300,0.0070442455944081,0.007019550799389,0.4639991520315462,0.329458858915195,0.2955117562857113,0.2788454182282154,0.28514407466117475,0.04725428816655932,0.742136564545751,0.3304899736726755,0.2025414885934238,0.3075337691777553,0.8181451571915832,0.015301289444921606,0.014501837493545994,0.02746920422879238,0.01016710280224945,4.9274093425202744e-05,0.0004103691854847831,-0.0003610950920595803
2022-02-03,169.34747314453125,172.89999389648438,176.24000549316406,172.1199951171875,174.47999572753906,89418100,-0.0167197594553903,-0.0168611124405364,0.5138076426763257,0.3207752705911973,0.2977278431461215,0.27546540810955283,0.2858576086918447,0.04809944943816248,0.7615760955808748,0.329458858915195,0.2014879534872041,0.3040205337109013,0.8636691244380285,0.020356228257468224,0.023828863628781977,0.02707992512656333,0.010149067618830592,0.0002842971127324114,0.00038824179739250814,-0.00010394468466009676
2022-02-04,169.06312561035156,172.38999938964844,174.10000610351562,170.67999267578125,171.67999267578125,82465400,-0.0029496502304173,-0.0029540090220422,0.2484093712397877,0.3151823477141923,0.2979235972766427,0.2750395532628529,0.2852840002579915,0.048786202367053895,0.76868433550395,0.3207752705911973,0.3292941120345281,0.2992610465806233,0.8021076366521095,0.01521691518385529,0.019838815707657213,0.02700791135900742,0.010197389158067883,8.726169302306716e-06,0.0003745085252789021,-0.00036578235597659536
2022-02-07,168.34718322753906,171.66000366210938,173.9499969482422,170.9499969482422,172.86000061035156,77251200,-0.0042345596039423,-0.0042435507427814,0.1366416011804229,0.3155366442052182,0.2948430538504544,0.2748569645319116,0.2847741825189015,0.04946868469212847,0.7687665834036254,0.3151823477141923,0.3439138882924961,0.299225052233083,0.754863333017224,0.017315777251943006,0.01747640647791849,0.02697855440363666,0.010225301016721918,1.8007722906560573e-05,0.00037536011673745844,-0.00035735239383089787
2022-02-08,171.45602416992188,174.8300018310547,175.35000610351562,171.42999267578125,171.72999572753906,74829200,0.0184667255115817,0.018298286059323,0.2092208453593432,0.3222675413312804,0.2965508270826814,0.27373778594603143,0.2833800198280172,0.05085853998651924,0.7599152234247442,0.3155366442052182,0.3304899736726755,0.2800123080030068,0.7427866510391605,0.004182768965823691,0.02242185772852901,0.026842314759236263,0.010269052190821578,0.0003348272727088144,0.00039210080545628537,-5.727353274747097e-05
2022-02-09,172.87799072265625,176.27999877929688,176.64999389648438,174.89999389648438,176.0500030517578,71285000,0.0082937535494815,0.0082595493660884,0.2119156530587438,0.3181341834636642,0.2958178560492868,0.26925097027447764,0.2795486442712199,0.051934753307183674,0.7717663616276756,0.3222675413312804,0.329458858915195,0.2782346041113309,0.7093139987846586,0.016157819317227047,0.009927388314717461,0.026093543294813327,0.010941844206976038,6.82201557308513e-05,0.0003816598603681168,-0.0003134397046372655
2022-02-10,168.79830932617188,172.1199951171875,175.47999572753906,171.5500030517578,174.13999938964844,90865900,-0.0235988409968036,-0.0238817534472438,0.250499371483386,0.3293359416173242,0.3007557909675203,0.27204858828263956,0.2822037797861687,0.0534519339073425,0.7391632872705228,0.3181341834636642,0.3207752705911973,0.2768020748434266,0.8969843451054966,0.03076750152284523,0.022832865368753487,0.026562940973330545,0.01056556620780494,0.0005703381477149411,0.0004098473090309699,0.00016049083868397118
2022-02-11,165.38548278808594,168.63999938964844,173.0800018310547,168.0399932861328,172.3300018310547,98670700,-0.0202184279936198,-0.0204256178680056,0.2874842248242047,0.3302543050431045,0.3041799189575643,0.2729199150503392,0.28300059637653757,0.05474876810103264,0.726262146068592,0.3293359416173242,0.3151823477141923,0.2645366257162944,0.9672669652589228,0.02857827438966478,0.029886198785359128,0.02665472992921613,0.010587121128272075,0.0004172058652897897,0.00041225365201286125,4.952213276928469e-06
2022-02-14,165.62086486816406,168.8800048828125,169.5800018310547,166.55999755859375,167.3699951171875,86185500,0.0014231824835904,0.001422170719236,0.2904750225749569,0.3296051615080458,0.3026723062391543,0.27358117014985706,0.2840579626985483,0.05427271484661604,0.7723012928486774,0.3302543050431045,0.3155366442052182,0.2238647794094212,0.8425025067933305,0.02465673391133314,0.017882544914399712,0.026771714305702,0.010470156469727016,2.0225695546522414e-06,0.00041105548035608825,-0.000409032910801436
2022-02-15,169.45535278320312,172.7899932861328,172.9499969482422,170.25,170.97000122070312,62527400,0.0231524650063428,0.0228885130164067,0.3129049010056254,0.3331041123006313,0.3008924120709889,0.27285282002771477,0.28298436758651396,0.05393988029461423,0.762848933826636,0.3296051615080458,0.3222675413312804,0.2331320104947545,0.6198468687559207,0.004395207524583661,0.01562588722236425,0.02663133918278924,0.010605775620725958,0.000523884028102219,0.00041905711528285663,0.00010482691281936234
2022-02-16,169.2200469970703,172.5500030517578,173.33999633789062,170.0500030517578,171.85000610351562,61177400,-0.0013889128057177,-0.0013898782391474,0.2995096592076268,0.3229150213043007,0.2992404246473983,0.2681202988147004,0.2808887528956583,0.05332205417967432,0.7950632743990189,0.3331041123006313,0.3181341834636642,0.2433244493845352,0.6167469540398138,0.0011947265328484946,0.019066897872763014,0.026038633567567,0.010684372626442182,1.9317615196554774e-06,0.0003965778180434233,-0.00039464605652376783
2022-02-17,165.62086486816406,168.8800048828125,171.91000366210938,168.47000122070312,171.02999877929688,69589300,-0.0212691863462005,-0.0214986347772591,0.2900096329880097,0.3308125799042873,0.3028045750971226,0.2623186034454839,0.2737412711665849,0.052028424369878944,0.7663657473960664,0.3229150213043007,0.3293359416173242,0.2334869990271077,0.7093557203452892,0.00985979752571763,0.020369506998731447,0.025385477957789615,0.010607584867210652,0.0004621912972859744,0.0004142783214264416,4.791297585953283e-05
2022-02-18,164.0713348388672,167.3000030517578,170.5399932861328,166.19000244140625,169.82000732421875,82772700,-0.0093557661379217,-0.0093998062189679,0.2591069686950743,0.3290774422516647,0.3035016549930909,0.26288985780003876,0.27385885507809615,0.0496115488604148,0.7644052524956073,0.3308125799042873,0.3302543050431045,0.2263807363804149,0.8613335655954824,0.002143163377803725,0.026001140259279017,0.0254448482247323,0.010607539352007127,8.83563569541476e-05,0.0004104434827605953,-0.0003220871258064477
2022-02-22,161.14886474609375,164.32000732421875,166.69000244140625,162.14999389648438,164.97999572753906,91162800,-0.0178122873471624,-0.0179728354808623,0.2805719858620909,0.335652269913232,0.305815853166988,0.24924664061582982,0.25635121946700146,0.046491201819799266,0.7492274154134094,0.3290774422516647,0.3296051615080458,0.22462371784347,0.9850994772952134,-0.008843239799413238,0.027629067323274963,0.024475105472493437,0.00934199427334317,0.0003230228152221428,0.0004254057795611478,-0.00010238296433900501
2022-02-23,156.98085021972656,160.07000732421875,166.14999389648438,159.75,165.5399932861328,90009200,-0.0258641663252506,-0.0262045254381921,0.1573057474347153,0.3467145386122345,0.3033400757181956,0.2515508997207025,0.2488831335793137,0.039753396788871465,0.7141564194195298,0.335652269913232,0.3331041123006313,0.2016007822837179,0.9863777620411812,0.004848675387930568,0.03998246769315946,0.02467801209716019,0.00964298021957566,0.0006866771534408568,0.00045318450172252174,0.00023349265171833508
2022-02-24,159.5993194580078,162.74000549316406,162.85000610351562,152.0,152.5800018310547,141147500,0.0166801902091331,0.0165426037077907,0.2690106559543128,0.3515695294539511,0.3019890175450115,0.27806889143896596,0.25276747603289157,0.03022683440230272,0.6986560604223073,0.3467145386122345,0.3229150213043007,0.2025414885934238,1.5194163098962312,0.03650429914560332,0.06667079843481621,0.02595444388282956,0.01303132777768435,0.0002736577374330106,0.0004668515170373969,-0.0001931937796043863
2022-02-25,161.66864013671875,164.85000610351562,165.1199951171875,160.8699951171875,163.83999633789062,91974200,0.0129654697009347,0.0128821375196572,0.2992034800317319,0.3537280414645181,0.29630121216669,0.2738530906166912,0.24989022487016405,0.010989890637260668,0.6866665259322586,0.3515695294539511,0.3308125799042873,0.2014879534872041,1.0063169573130804,0.012768273851960282,0.025781012087626266,0.025497483459712277,0.012859490126824644,0.00016594946707535973,0.0004747145878958691,-0.0003087651208205093
2022-02-28,161.9334259033203,165.1199951171875,165.4199981689453,162.42999267578125,163.05999755859375,95056600,0.0016377858882354,0.0016364461794988,0.2988434952416384,0.2549069468923901,0.29624652703121,0.25916863374904675,0.23346897657823124,0.020247343042880537,-0.04095135320183002,0.3537280414645181,0.3290774422516647,0.3292941120345281,1.09068780790357,-0.009327630887196564,0.018108076438846925,0.024186600376648177,0.0121562094037368,2.677956098396219e-06,0.0002473676861284274,-0.0002446897300300312
2022-03-01,160.0504608154297,163.1999969482422,166.60000610351562,161.97000122070312,164.6999969482422,83474400,-0.0116278962313599,-0.0116960288913908,0.2813422348802421,0.2355709171528856,0.2969584116474122,0.25721857263779,0.23705977494267805,0.028388880485372924,-0.09940453326090161,0.2549069468923901,0.335652269913232,0.3439138882924961,0.9757434683893957,0.002473746089898016,0.028370128488917044,0.02403455938963176,0.012079873410409045,0.00013679709182824832,0.00022095058627719005,-8.415349444894173e-05
2022-03-02,163.34561157226562,166.55999755859375,167.36000061035156,162.9499969482422,164.38999938964844,79724800,0.0205882394190066,0.0203791663783301,0.2067453393785717,0.2502567695982552,0.2988412344244724,0.26160371687636763,0.24201636961834766,0.03246569349328667,-0.003510768532481634,0.2355709171528856,0.3467145386122345,0.3304899736726755,0.9354617208924885,0.012919190970948013,0.026476967619779114,0.02463393644296101,0.011877032747181781,0.00041531042227566,0.00024166875983006007,0.0001736416624455999
2022-03-03,163.02198791503906,166.22999572753906,168.91000366210938,165.5500030517578,168.47000122070312,76678400,-0.0019812790339325,-0.0019832443635776,0.1999531869119275,0.2478099130319025,0.2957132798185273,0.2632525019085028,0.2430796493086571,0.035869968920265755,-0.00730174322339154,0.2502567695982552,0.3515695294539511,0.329458858915195,0.9040847786994691,0.011762325370860926,0.020212962141073536,0.024919492675337388,0.011687755554414453,3.9332582056623205e-06,0.00023940171806908304,-0.00023546845986342072
2022-03-04,160.02102661132812,163.1699981689453,165.5500030517578,162.10000610351562,164.49000549316406,83737200,-0.0184082153476636,-0.0185797549640441,0.235850062822063,0.2491737243740877,0.289097189698668,0.2622490308231142,0.2417508648528655,0.03859235006911071,-0.03017156750954082,0.2478099130319025,0.3537280414645181,0.3207752705911973,0.9906299879189734,0.01371321822512036,0.02114357410649769,0.024785228199223172,0.011716332546415183,0.0003452072945239213,0.00024244722715865852,0.00010276006736526278
2022-03-07,156.2257080078125,159.3000030517578,165.02000427246094,159.0399932861328,163.36000061035156,96418800,-0.0237175654876242,-0.0240033548079161,0.2772236423392917,0.2601973443369402,0.2887886931593219,0.27051309815635904,0.24808680341293649,0.040137357357101985,-0.07760565076426013,0.2491737243740877,0.2549069468923901,0.3151823477141923,1.1313187348925358,0.02517322757451849,0.03753930239653023,0.025670252533666827,0.011988394759029318,0.0005761610420347089,0.0002708189707952786,0.00030534207123943027
2022-03-08,154.401611328125,157.44000244140625,162.8800048828125,155.8000030517578,158.82000732421875,131148300,-0.0116760864703011,-0.0117447872624595,0.2772739309498966,0.2616683967368992,0.2895287056860159,0.2842132567911855,0.26823156849960983,0.04134693316675589,-0.08133342102297082,0.2601973443369402,0.2355709171528856,0.3155366442052182,1.491647716580758,0.046344388551622824,0.04496952312795867,0.027044908366168834,0.012561930224204503,0.0001379400278404309,0.00027681558604197214,-0.00013887555820154122
2022-03-09,159.80526733398438,162.9499969482422,163.41000366210938,159.41000366210938,161.47999572753906,91454900,0.0349974239163681,0.0343989377445423,0.3680780830562372,0.2853037848250046,0.2927744996973538,0.2850357187302944,0.27157946730134913,0.041343544194135155,0.050645970469654675,0.2616683967368992,0.2502567695982552,0.3222675413312804,1.030442334094434,0.032778980573163065,0.024547407639845,0.027151185861734633,0.01252970941561737,0.0011832869179528968,0.0003192385683041763,0.0008640483496487205
2022-03-10,155.4607696533203,158.52000427246094,160.38999938964844,155.97999572753906,160.1999969482422,105342000,-0.0271862090134825,-0.0275625912809625,0.4009061504354552,0.2938962608421834,0.2949624506843459,0.29039190063263104,0.2783800449021135,0.041225147582415786,0.025599929048697127,0.2853037848250046,0.2478099130319025,0.3181341834636642,1.1645674853713246,0.04273949519957725,0.027819855811570322,0.028045809236577273,0.011855843863640194,0.0007596964381213901,0.00035381238242370317,0.00040588405569768693
2022-03-11,151.74391174316406,154.72999572753906,159.27999877929688,154.5,158.92999267578125,96970100,-0.0239087083192837,-0.0241991603852047,0.4107886692465496,0.2941643281956635,0.2982805857641434,0.29362399768337266,0.2779992403831314,0.04072586501415274,0.05037932186204181,0.2938962608421834,0.2491737243740877,0.3293359416173242,1.0684102475168054,0.025031583169077304,0.030892515422244818,0.028448791739251838,0.011806199742977327,0.0005855993633488605,0.0003545754432053991,0.00023102392014346133
2022-03-14,147.71327209472656,150.6199951171875,154.1199951171875,150.10000610351562,151.4499969482422,108732100,-0.0265624036957177,-0.0269215586341012,0.4172489690145372,0.2994432959160349,0.2958746729137301,0.29226826182524507,0.2798495897066461,0.040091800752485536,0.035812970919550595,0.2941643281956635,0.2601973443369402,0.3302543050431045,1.1913995173133642,0.026801658809775704,0.02668961056959394,0.028288962328463584,0.01180735356420089,0.0007247703192893489,0.00036995366590537713,0.00035481665338397175
2022-03-15,152.0969696044922,155.08999633789062,155.57000732421875,150.3800048828125,150.89999389648438,92964300,0.0296773427540302,0.0292454937034432,0.5059598373491382,0.3234814725954771,0.2927797212158892,0.2986390678496172,0.283330487467197,0.03986269369508084,0.12607408656346625,0.2994432959160349,0.2616683967368992,0.3296051615080458,1.0148595375354028,0.025877602967693265,0.03346445653463634,0.029068057909475413,0.011596757223706648,0.0008552989019581359,0.0004126174825255513,0.0004426814194325846
2022-03-16,156.5100860595703,159.58999633789062,160.0,154.4600067138672,157.0500030517578,102300200,0.0290154110919955,0.0286024335055496,0.4799671030487825,0.3304033735088418,0.2991149363062416,0.30611002243901303,0.29297167108588246,0.03974181041363152,0.13658096292732733,0.3234814725954771,0.2853037848250046,0.3331041123006313,1.0930470802130443,0.044623936117790516,0.034713913235534556,0.03002245921013393,0.01121131213677,0.0008180992024393863,0.0004273282412424097,0.0003907709611969766
2022-03-17,157.520263671875,160.6199951171875,161.0,157.6300048828125,158.61000061035156,75615400,0.0064540309726941,0.0064332928964272,0.4340535255770245,0.3323758061017774,0.2991528594466077,0.30670539807118025,0.2926546756119329,0.040110609848548466,0.14000906965658302,0.3304033735088418,0.2938962608421834,0.3229150213043007,0.8017438831236111,0.0326610641091812,0.020981168096342984,0.030118172721312925,0.011120664207720437,4.138725749122067e-05,0.00042930101604098797,-0.0003879137585497673
2022-03-18,160.81539916992188,163.97999572753906,164.47999572753906,159.75999450683594,160.50999450683594,123511700,0.0209189435468486,0.020703146752726,0.3717752488975639,0.3359427954643698,0.2996835137805676,0.30994199060164407,0.29489988035197245,0.04034512271371345,0.156388749479051,0.3323758061017774,0.2941643281956635,0.3308125799042873,1.2731881259807,0.05745705357031189,0.028784006242722694,0.03053889768351249,0.010889196971364293,0.0004286202854649092,0.00042762246544993473,9.978200149744656e-07
2022-03-21,162.18838500976562,165.3800048828125,166.35000610351562,163.00999450683594,163.50999450683594,95811400,0.008537682593916,0.0085014427055639,0.1716651799894509,0.336349273805566,0.2984585767775327,0.3080578138980687,0.29293379290663235,0.04066604750682062,0.15278023302847746,0.3359427954643698,0.2994432959160349,0.3290774422516647,0.9810538346577264,0.03677112999655406,0.0201959819692012,0.030248639769008594,0.01109200108384353,7.227452807598566e-05,0.0004268183740060266,-0.00035454384593004094
2022-03-22,165.56199645996094,168.82000732421875,169.4199981689453,164.91000366210938,165.50999450683594,81532000,0.0208005946295855,0.0205872161215274,0.1474434820361188,0.3377457551325118,0.3015892750145366,0.30780276904617215,0.28941698657422316,0.04076811043666791,0.16229312225648682,0.336349273805566,0.3234814725954771,0.335652269913232,0.838977703014015,0.024251146231093784,0.026714810515168944,0.030202926928603296,0.011105241221003955,0.0004238334676344777,0.00043185890662664336,-8.025438992165636e-06
2022-03-23,166.92518615722656,170.2100067138672,172.63999938964844,167.64999389648438,167.99000549316406,98062700,0.0082336176362018,0.0081999063241374,0.113154666197105,0.3222401192966543,0.2982199458911203,0.30272077559012084,0.2900302631486278,0.039612552896847446,0.1900688679261332,0.3377457551325118,0.3304033735088418,0.3467145386122345,1.0049173599664285,0.03502141380552999,0.02931675751327916,0.02966964141960928,0.010864377519751622,6.723846372462854e-05,0.00040088697214083196,-0.0003336485084162034
2022-03-24,170.71066284179688,174.07000732421875,174.13999938964844,170.2100067138672,171.05999755859375,90131400,0.0226778712067172,0.0224245509764093,0.1126620892256271,0.3261541546827123,0.3018532217722446,0.2690788191811043,0.27603684606805773,0.03817894873626108,0.18952347577062598,0.3222401192966543,0.3323758061017774,0.3515695294539511,0.9484316579738972,0.002570156690790343,0.02257708111921508,0.027464955553829225,0.006596112390752477,0.0005028604864935792,0.00041234710959386033,9.051337689971886e-05
2022-03-25,171.34812927246094,174.72000122070312,175.27999877929688,172.75,173.8800048828125,80546200,0.0037340947270354,0.0037271403022643,0.1316640174676961,0.3242243241659885,0.3019709456623227,0.2650924927953321,0.27076776417927284,0.03638064368197139,0.1882344110773145,0.3261541546827123,0.3359427954643698,0.3537280414645181,0.8526958502135995,0.014671927205677032,0.01448030426751787,0.026899920162823804,0.0072039662990725775,1.3891574832762817e-05,0.0004047442149817305,-0.0003908526401489677
2022-03-28,172.2111358642578,175.60000610351562,175.72999572753906,172.0,172.1699981689453,90371900,0.0050366579479408,0.005024016415912,0.1406387629306613,0.3242711745271889,0.3018975822169276,0.26618366999923404,0.27017023742833135,0.035649739289707424,0.3485799729180248,0.3242243241659885,0.336349273805566,0.2549069468923901,0.9590931035152459,0.01909565861206363,0.02124143278981575,0.02705658798037224,0.007034787789070481,2.524074094735326e-05,0.00040587235422417836,-0.0003806316132768251
2022-03-29,175.50631713867188,178.9600067138672,179.00999450683594,176.33999633789062,176.69000244140625,100589400,0.0191343991660846,0.0189536387388175,0.1347023182626294,0.3240024761636915,0.3043583593794543,0.26128531799579535,0.2627249631181844,0.032799649230394,0.28182892179890756,0.3242711745271889,0.3377457551325118,0.2355709171528856,1.0579208549742665,0.030840952957058677,0.0149195243002772,0.02638405777094025,0.007528239935361175,0.0003592404214416034,0.0004169945207048461,-5.775409926324273e-05
2022-03-30,174.33929443359375,177.77000427246094,179.61000061035156,176.6999969482422,178.5500030517578,92633200,-0.006649544014093,-0.0066717507296567,0.1891720811022777,0.3207519836000959,0.3003061849891715,0.25737504324778426,0.25875977101808495,0.030549046977060488,0.2532265842796359,0.3240024761636915,0.3222401192966543,0.2502567695982552,0.9676751464938318,0.029132120534285506,0.016369486370992767,0.025878683708500938,0.007853891034277806,4.451225779867471e-05,0.0003984546124809969,-0.00035394235468232224
2022-03-31,171.24024963378906,174.61000061035156,178.02999877929688,174.39999389648438,177.83999633789062,103049300,-0.0177757978633232,-0.0179356849386887,0.2191968724403216,0.329098224068556,0.3013996538930357,0.2575574209372437,0.2575337479559789,0.02759734789448559,0.21866425358169897,0.3207519836000959,0.3261541546827123,0.2478099130319025,1.0618589871568802,0.03666492121878463,0.020789215223204684,0.025907496362607495,0.007833041247078926,0.0003216887942199047,0.00041434238928170897,-9.26535950618043e-05
2022-04-01,170.94601440429688,174.30999755859375,174.8800048828125,171.94000244140625,174.02999877929688,78751300,-0.0017181321270783,-0.0017196098088923,0.217737747658662,0.3201218444193058,0.2963238039295962,0.2561768964248883,0.2562105391459386,0.023557705129545074,0.21568174759791492,0.329098224068556,0.3242243241659885,0.2491737243740877,0.8135731304423915,0.02027255774487553,0.01686651645106,0.02569364347983561,0.008025957459786359,2.957057894838612e-06,0.0003972298774502548,-0.0003942728195554162
2022-04-04,174.99635314941406,178.44000244140625,178.49000549316406,174.44000244140625,174.57000732421875,76468400,0.0236934481134636,0.0234171147213519,0.2778355985898111,0.3105870469332635,0.2980674705191268,0.2486544755246512,0.2472288605296351,0.019901147594028088,0.23277170643627537,0.3201218444193058,0.3242711745271889,0.2601973443369402,0.7982145174114511,0.011250859564160392,0.022696721566610036,0.024951514438339602,0.007544780926254761,0.000548361261872956,0.00039583988844216715,0.0001525213734307888
2022-04-05,171.68157958984375,175.05999755859375,178.3000030517578,174.4199981689453,177.5,73401800,-0.0189419683735007,-0.0191236655838283,0.2733618467669169,0.3171114140105041,0.3007965114307768,0.23463510894323844,0.2262024190210881,0.01513603147404328,0.19878259476460666,0.3105870469332635,0.3240024761636915,0.2616683967368992,0.790014334533914,-0.00876399630236161,0.022163857745478584,0.023811231169215595,0.0059053771417558725,0.00036571458536209896,0.00040722861631825054,-4.151403095615158e-05
2022-04-06,168.513916015625,171.8300018310547,173.6300048828125,170.1300048828125,172.36000061035156,89058800,-0.0184507927144118,-0.0186231317433276,0.2921240505036146,0.3083202579120778,0.3032807858995763,0.2326950108963528,0.22419673748103,0.013153691651338085,0.0681983408429769,0.3171114140105041,0.3207519836000959,0.2853037848250046,0.9597662216794561,0.017034294654302628,0.020368969113096106,0.02360230924287815,0.005951693033707136,0.00034682103592933604,0.00036540532221707254,-1.8584286287736502e-05
2022-04-07,168.81793212890625,172.13999938964844,173.36000061035156,169.85000610351562,171.16000366210938,77594700,0.0018040944846089,0.001802469060806,0.2779748761313821,0.287036616856089,0.3013133292694508,0.2291632447710591,0.21996631226283714,0.013950153673535364,0.15764646503731614,0.3083202579120778,0.329098224068556,0.2938962608421834,0.848912609253681,0.0030057198414052077,0.020390348084589394,0.023230833856529104,0.005906283298105361,3.248894715162863e-06,0.00032758294504676115,-0.0003243340503315983
2022-04-08,166.8074951171875,170.08999633789062,171.77999877929688,169.1999969482422,171.77999877929688,76575500,-0.0119089291217987,-0.01198040848008,0.2848082323935734,0.274029136267566,0.3021994099998423,0.22212037455894632,0.21678223806379873,0.016432956673147092,0.2317654883815172,0.287036616856089,0.3201218444193058,0.2941643281956635,0.8472138959652469,0.006322650171924249,0.015168451329315158,0.02244463065188262,0.005879213174946644,0.00014353018734957276,0.00030547948624679684,-0.00016194929889722407
2022-04-11,162.55126953125,165.75,169.02999877929688,165.5,168.7100067138672,72246700,-0.025515882364234,-0.0258470581296067,0.1662905984362838,0.2724046611816632,0.3042509731108156,0.21951586338665197,0.20981409629397058,0.01904687362513103,0.30810749328281,0.274029136267566,0.3105870469332635,0.2994432959160349,0.8157863045862891,-0.0025685973732845644,0.021297126873585974,0.022175006467082224,0.0057973713188855785,0.0006680704139552677,0.00030264449098009276,0.00036542592297517497
2022-04-12,164.42437744140625,167.66000366210938,169.8699951171875,166.63999938964844,168.02000427246094,79265200,0.0115234006763762,0.0114575119862142,0.2407304122398502,0.2581664280232199,0.3050409761860476,0.21125846963724423,0.20668685928840977,0.023178623868179583,0.08547119204551532,0.2724046611816632,0.3171114140105041,0.3234814725954771,0.902013362941768,0.009539474585207246,0.01926515362631494,0.021465041321666156,0.005178474275126117,0.00013127458091424207,0.0002664432749278981,-0.00013516869401365602
2022-04-13,167.11154174804688,170.39999389648438,171.0399932861328,166.77000427246094,167.38999938964844,70618900,0.0163425395116714,0.0162104375242748,0.2743735803801209,0.2458935467517687,0.3044490209727271,0.20467454279423844,0.19654511894639917,0.02744933506420857,-0.07311172358320651,0.2581664280232199,0.3083202579120778,0.3304033735088418,0.8183732879817832,-0.0009357867851225498,0.02505862186982139,0.020982276753380498,0.004244099942662598,0.00026277828472841643,0.00023867722904234956,2.4101055686066874e-05
2022-04-14,162.10011291503906,165.2899932861328,171.27000427246094,165.0399932861328,170.6199951171875,75329400,-0.0299882675668158,-0.0304471122659135,0.3370203671648011,0.2729723962144306,0.3077641793845183,0.2147032311429573,0.20082254060741342,0.028144680102837667,-0.3682958609779994,0.2458935467517687,0.287036616856089,0.3323758061017774,0.8731060168123796,0.015441767278575835,0.037691398386975425,0.02181778826791212,0.005654380960401715,0.0009270266453331404,0.0002829591984344456,0.0006440674468986948
2022-04-18,161.88438415527344,165.07000732421875,166.60000610351562,163.57000732421875,163.9199981689453,69023900,-0.001330909134549,-0.001331795580718,0.337816376779029,0.263378450495456,0.3070273127721417,0.20922681346003877,0.197737025767438,0.028933754999096974,-0.41003160457338833,0.2729723962144306,0.274029136267566,0.3359427954643698,0.8261081380518414,-0.020414513207675462,0.018355840824224156,0.02129637999698719,0.005455504281733414,1.7736794688199947e-06,0.00026161686813464105,-0.00025984318866582103
2022-04-19,164.16940307617188,167.39999389648438,167.82000732421875,163.91000366210938,165.02000427246094,67723800,0.0141151418724374,0.0140164508648781,0.3073767894900691,0.2663581803683754,0.3071409272134347,0.21078893727618003,0.1991002454357056,0.029015054504589737,-0.38647946007367406,0.263378450495456,0.2724046611816632,0.336349273805566,0.8244047609990295,-0.010142654435845411,0.023357250923958905,0.021454443444725076,0.0054677265769243226,0.000196460894847542,0.0002678261864732189,-7.136529162567689e-05
2022-04-20,164.00270080566406,167.22999572753906,168.8800048828125,166.10000610351562,168.75999450683594,67929800,-0.0010155207595194,-0.0010160367500883,0.2956829885344433,0.2556899623192631,0.3069539231301859,0.20585372258745524,0.19569141261881207,0.029233650806460156,-0.42397700040451436,0.2663581803683754,0.2581664280232199,0.3377457551325118,0.8338155742551902,-0.0025387388649878275,0.01662380464223782,0.02094989315107852,0.005422161319058529,1.0323306775299945e-06,0.00024668612962537156,-0.00024565379894784156
2022-04-21,163.2082977294922,166.4199981689453,171.52999877929688,165.91000366210938,168.91000366210938,87227800,-0.0048436140602039,-0.0048553823749473,0.2557417543287949,0.2540105365430708,0.3061475230384194,0.20858936458014934,0.19907847467629236,0.029998698838919684,-0.4110777603363715,0.2556899623192631,0.2458935467517687,0.3222401192966543,1.0778595539404898,0.0015280775870265717,0.033769950601022274,0.021172552805465674,0.005857764713602274,2.3574738006948883e-05,0.00024450294333948754,-0.00022092820533253866
2022-04-22,158.66763305664062,161.7899932861328,167.8699951171875,161.5,166.4600067138672,84882400,-0.027821204985907,-0.0282155459498448,0.2417082019967514,0.2553386162906739,0.3118191479052982,0.21895767469329144,0.20812808413897724,0.030025072374829036,-0.49690712235728457,0.2540105365430708,0.2729723962144306,0.3261541546827123,1.0522904646187254,0.004227661047133785,0.03937199691900524,0.02201229859545518,0.007134417498370979,0.0007961170332478034,0.00025916577067719876,0.0005369512625706047
2022-04-25,159.7366485595703,162.8800048828125,163.1699981689453,158.4600067138672,161.1199951171875,96046400,0.0067372003332242,0.006714606820305,0.2543137393313874,0.2567011949010254,0.312028885257207,0.22556736887714954,0.21663104369603695,0.029672354166345446,-0.4810112308377611,0.2553386162906739,0.263378450495456,0.3242243241659885,1.1793599243020243,0.016121165960816825,0.02891694077776354,0.022734130420967467,0.007062207308153367,4.508594475128642e-05,0.0002607254891731249,-0.0002156395444218385
2022-04-26,153.7740020751953,156.8000030517578,162.33999633789062,156.72000122070312,162.25,95623200,-0.0373281044252735,-0.0380426359610836,0.3029939899502338,0.2819886291327284,0.2892409502618518,0.2333022952170201,0.21922895613554322,0.028260685309478444,-0.6073028295115619,0.2567011949010254,0.2663581803683754,0.3242711745271889,1.1703900253598458,0.009801437058707386,0.035841804896728266,0.02346414902631309,0.007631462265429493,0.0014472421508675312,0.00033182555966913385,0.0011154165911983972
2022-04-27,153.5484161376953,156.57000732421875,159.7899932861328,155.3800048828125,155.91000366210938,88063200,-0.0014668094583081,-0.0014678862764217,0.301875204635166,0.2672786105493282,0.2836450289709365,0.23866954666408544,0.22864689486235748,0.026812148801173746,-0.6502869275077081,0.2819886291327284,0.2556899623192631,0.3240024761636915,1.086185087427877,0.00019539215700325462,0.028166240001434563,0.02412648481137096,0.00742283242807722,2.1546901205071636e-06,0.000313971273103079,-0.00031181658298257186
2022-04-28,160.4819793701172,163.63999938964844,164.52000427246094,158.92999267578125,159.25,130216800,0.0451554687021853,0.0441656482287278,0.5134396022500958,0.322516548614434,0.2989044807174426,0.2473482365619962,0.2337108247800165,0.026952854049550237,0.02537782309943308,0.2672786105493282,0.2540105365430708,0.3207519836000959,1.5697307204345399,0.02808390295013053,0.034160422986614244,0.025016031642152037,0.007509830059989449,0.0019506044834637273,0.0004092758843863316,0.0015413285990773956
2022-04-29,154.60755920410156,157.64999389648438,166.1999969482422,157.25,161.83999633789062,131747600,-0.0366047758219618,-0.0372915420558935,0.5442293407839973,0.3403236655142199,0.3074476785870531,0.27051365825048407,0.2636999728159146,0.02810070991033901,-0.026787688361847188,0.322516548614434,0.2553386162906739,0.329098224068556,1.5611795646344853,0.023049463614189986,0.05677131173324945,0.026815136467654273,0.010252983330231656,0.0013906591089064737,0.0004627244001206601,0.0009279347087858136
2022-05-02,154.91159057617188,157.9600067138672,158.22999572753906,153.27000427246094,156.7100067138672,123055300,0.0019664626031408,0.0019645316465775,0.538703179784033,0.3410607539415475,0.3059309092506136,0.27655183925385607,0.2717026768861552,0.029944497631223685,-0.023672276723556852,0.3403236655142199,0.2567011949010254,0.3201218444193058,1.4208801849501034,0.03154012063695943,0.03140029909002714,0.02754182559960263,0.010023227787650212,3.859384590404504e-06,0.00046276951645543845,-0.00045891013186503396
2022-05-03,156.4022674560547,159.47999572753906,160.7100067138672,156.32000732421875,158.14999389648438,88966500,0.0096226193281012,0.0095766168011671,0.4615597855682155,0.3291363788250284,0.3067543229148264,0.27851924835394937,0.27809165160078025,0.0311224132343829,-0.009275991267833102,0.3410607539415475,0.2819886291327284,0.3105870469332635,1.0199084866384955,0.019138548578168952,0.02752695953885313,0.027783337498214784,0.009958322196310718,9.171158935639596e-05,0.00043993703282961034,-0.0003482254434732144
2022-05-04,162.8160400390625,166.02000427246094,166.47999572753906,159.25999450683594,159.6699981689453,108256500,0.0410083315784322,0.0401897930382994,0.524408289064144,0.3625013343366716,0.3182327576903909,0.29035603322190656,0.2831951867177999,0.03510379202792592,0.13457957060229664,0.3291363788250284,0.2672786105493282,0.3171114140105041,1.216739486821901,0.03198484988423794,0.04348874253041303,0.02884958173746151,0.010454259009520343,0.001615219464461339,0.0005024122767845724,0.0011128071876767664
2022-05-05,153.74453735351562,156.77000427246094,164.0800018310547,154.9499969482422,163.85000610351562,130525300,-0.0557161773398072,-0.0573284984280139,0.6158465823203128,0.4082671690065408,0.336322204136123,0.31195804068800836,0.29797023034734105,0.04437505255694609,-0.06957873928411322,0.3625013343366716,0.322516548614434,0.3083202579120778,1.433620135416245,0.03160478236944203,0.058238212885067364,0.03074304392606007,0.012132179841399268,0.003286556732010792,0.0006493990615886451,0.002637157670422147
2022-05-06,154.47132873535156,157.27999877929688,159.44000244140625,154.17999267578125,156.00999450683594,116124600,0.0032531383104996,0.0032478583040279,0.5616296527484829,0.4085992598028389,0.3358373294404017,0.317065942204403,0.3050887152942391,0.05157973054868467,-0.06023044576768619,0.4082671690065408,0.3403236655142199,0.287036616856089,1.2490217531130732,0.03252459561338035,0.033443602533378115,0.031395706648499506,0.011894716428551385,1.0548583563042986e-05,0.0006497640460310392,-0.0006392154624679961
2022-05-09,149.3445281982422,152.05999755859375,155.8300018310547,151.49000549316406,154.92999267578125,131577900,-0.0331892247025515,-0.0337524848927741,0.6072622609975803,0.420996595024301,0.3391892519192939,0.32111654385355615,0.3089284541834805,0.05820389230254931,-0.07954765549981307,0.4085992598028389,0.3410607539415475,0.274029136267566,1.3745756486245249,0.039835099617809996,0.028541341625487538,0.03206435116330812,0.011295278879025608,0.0011392302364369436,0.0006995490484854078,0.00043968118795153577
2022-05-10,151.75079345703125,154.50999450683594,156.74000549316406,152.92999267578125,155.52000427246094,115366700,0.016112041217797,0.0159836198654223,0.6202527788847678,0.420502298808421,0.3389786854532552,0.3222477156670402,0.3126724126948624,0.06315852278883885,-0.11224000299494775,0.420996595024301,0.3291363788250284,0.2724046611816632,1.1786718153597682,0.036501286083633025,0.024658681980693795,0.03223242891866352,0.01115071153888376,0.0002554761040023224,0.0006789193329877605,-0.00042344322898543805
2022-05-11,143.88385009765625,146.5,155.4499969482422,145.80999755859375,153.5,142689800,-0.051841271060828,-0.0532333551530453,0.5262858673896984,0.4515149472977928,0.3551168397862368,0.3475549341787117,0.3326883237011956,0.06907243368079756,-0.13134524291787322,0.420502298808421,0.3625013343366716,0.2581664280232199,1.4120741863986062,0.04348581944577871,0.0658020436153477,0.034559273418115155,0.01300387327830934,0.002833790100850255,0.0008140451089845612,0.0020197449918656937
2022-05-12,140.01416015625,142.55999755859375,146.1999969482422,138.8000030517578,142.77000427246094,182602000,-0.0268942146171075,-0.0272624818600876,0.4473575894825989,0.448559939788575,0.3547545433450066,0.36076361697658943,0.35381786638659757,0.07222915795884774,-0.06280132270525672,0.4515149472977928,0.4082671690065408,0.2458935467517687,1.7121782123583127,0.06292550503064828,0.05190792664992082,0.03590173865712013,0.013352671357575324,0.0007432429171716055,0.0008380683406067205,-9.482542343511508e-05
2022-05-13,144.4829559326172,147.11000061035156,148.10000610351562,143.11000061035156,144.58999633789062,113990900,0.0319164080364668,0.0314176638140328,0.5648907241280987,0.462710758629917,0.3617736215344435,0.3595128587947493,0.35691415417439054,0.07648820005769287,-0.011011228542425115,0.448559939788575,0.4085992598028389,0.2729723962144306,1.0498137721143888,0.040803288233069904,0.03392023297165927,0.03571318038635432,0.01335269579264644,0.000987069599531586,0.0008410704883166428,0.00014599911121494313
2022-05-16,142.94097900390625,145.5399932861328,147.52000427246094,144.17999267578125,145.5500030517578,86643800,-0.0106723357875391,-0.010729693622863,0.5354318852288185,0.4627026109354571,0.3600473228110035,0.36069645455849064,0.3588973613326071,0.07881006971854644,0.0013727985319952505,0.462710758629917,0.420996595024301,0.263378450495456,0.7915349307709092,0.032993273503681336,0.022949098191266216,0.035942843254706425,0.013075056346128126,0.00011512632524050691,0.0008467381206052272,-0.0007316117953647202
2022-05-17,146.57489013671875,149.24000549316406,149.77000427246094,146.67999267578125,148.86000061035156,78336300,0.0254226492903362,0.0251048683723376,0.5650869804958942,0.4707626744523193,0.3641353418455941,0.3599325239469732,0.3591803578887373,0.0805133475438568,0.0007136606283635268,0.4627026109354571,0.420502298808421,0.2663581803683754,0.7121893593120475,0.029140995389774504,0.020704981794048685,0.03581022979821091,0.013222047838117005,0.0006302544159923968,0.0008684277966624699,-0.0002381733806700731
2022-05-18,138.30528259277344,140.82000732421875,147.36000061035156,139.89999389648438,146.85000610351562,109742900,-0.0564191762196831,-0.0580732540583449,0.5905374507707836,0.5054552658896345,0.3805953158933719,0.3749192111593626,0.3689505469088631,0.08265162562493177,-0.04197847733088909,0.4707626744523193,0.4515149472977928,0.2556899623192631,0.9791104097144029,0.04903491382276115,0.05297547454809845,0.03762781329350394,0.012941331082287413,0.003372502836925073,0.0010370013219748472,0.002335501514950226
2022-05-19,134.8972625732422,137.35000610351562,141.66000366210938,136.60000610351562,139.8800048828125,136095600,-0.0246413935536441,-0.024950074123233,0.5859735171620483,0.5085074594654262,0.3802711667255074,0.3762094201000327,0.37002698181746396,0.08287014866941138,-0.02408631090602293,0.5054552658896345,0.448559939788575,0.2540105365430708,1.1883205357726387,0.04683710662880193,0.0368401698852508,0.03778132425771537,0.012911335123403955,0.000622506198754821,0.0010669478950122407,-0.00044444169625741973
2022-05-20,135.1329345703125,137.58999633789062,140.6999969482422,132.61000061035156,139.08999633789062,137426100,0.0017472895792529,0.0017457648446596,0.4923818109760651,0.5050692525871748,0.3783018133239649,0.38816087064547905,0.3910923594440483,0.0808940560547379,-0.05275005326799683,0.5085074594654262,0.462710758629917,0.2553386162906739,1.1730293414179027,0.04867032827682101,0.05879785270161198,0.038752617046845704,0.013741303380648577,3.0476948928493574e-06,0.001027294428094493,-0.0010242467332016436
2022-05-23,140.5543670654297,143.11000061035156,143.25999450683594,137.64999389648438,137.7899932861328,117726300,0.0401192268288532,0.0393353477640729,0.620878034015171,0.5303987887386244,0.3867745855085936,0.3924562844624447,0.3888328334306616,0.07871898315615519,-0.023831941294663806,0.5050692525871748,0.4627026109354571,0.2567011949010254,0.995665004057676,0.03492675534992273,0.039200619009331306,0.039266800958424095,0.01354489111217164,0.001547269583720555,0.0011024036100429565,0.0004448659736775984
2022-05-24,137.85345458984375,140.36000061035156,141.97000122070312,137.3300018310547,140.80999755859375,104132700,-0.0192159876198133,-0.0194030145242098,0.570663488979833,0.519701623632353,0.3882473571416455,0.3916614895196943,0.3949167517842529,0.07588001322884051,0.04832221233918424,0.5303987887386244,0.4707626744523193,0.2819886291327284,0.8775399585081752,0.02937367420106593,0.03305784674744606,0.03912760305095998,0.013596149653861337,0.00037647697262669646,0.0010488653511309147,-0.0006723883785042182
2022-05-25,138.0106201171875,140.52000427246094,141.7899932861328,138.33999633789062,138.42999267578125,92482700,0.0011399519906925,0.0011393027387857,0.4007872184883334,0.5200547209097691,0.3878690812760921,0.390636258625868,0.3922260379274778,0.06909258013768325,0.05404513269211518,0.519701623632353,0.5054552658896345,0.2672786105493282,0.7779152538730288,0.027732865753100615,0.024551642779293004,0.038946873189852904,0.013772406232214126,1.298010730604597e-06,0.0010488225171614196,-0.001047524506430815
2022-05-26,141.21238708496094,143.77999877929688,144.33999633789062,137.13999938964844,137.38999938964844,90601500,0.0231995047517574,0.022934487263377,0.3580956054802118,0.4982144050647399,0.388547462885508,0.3988295087265748,0.39540913413704215,0.06481176143546727,-0.3375413334667994,0.5200547209097691,0.5085074594654262,0.322516548614434,0.7750040524513374,0.0027820903433195265,0.0500764849726715,0.03974267628915577,0.013940090607023456,0.0005259907060340018,0.0009775918282899333,-0.00045160112225593144
2022-05-27,146.96775817871094,149.63999938964844,149.67999267578125,145.25999450683594,145.38999938964844,90978500,0.0407567162338531,0.0399480603354963,0.4076088492755513,0.5101346416075571,0.3981473708121781,0.3862938634370915,0.3768457727246232,0.06130120977938638,-0.29116126422379107,0.4982144050647399,0.5050692525871748,0.3403236655142199,0.7920396353684697,0.002402355314251786,0.02953754468707297,0.038380987936846946,0.013512728461596896,0.0015958475245684525,0.0009878512490730323,0.0006079962754954203
2022-05-31,146.1820526123047,148.83999633789062,150.66000366210938,146.83999633789062,149.07000732421875,103718400,-0.0053461845430423,-0.0053605265270604,0.3739874941854621,0.5099265598645488,0.396680044502939,0.38420145226997215,0.37426379190665415,0.05631851948869634,-0.2854213030668875,0.5101346416075571,0.5303987887386244,0.3410607539415475,0.9106153025590599,0.01270280026477431,0.025665193618701263,0.03809423266328065,0.013727804316494,2.873524464731823e-05,0.0009890950420758779,-0.0009603597974285596
2022-06-01,146.05438232421875,148.7100067138672,151.74000549316406,147.67999267578125,149.89999389648438,74286600,-0.0008733514325567,-0.0008737330261121,0.3058422587474023,0.507860346199599,0.3939061329879774,0.3840148429409028,0.3740412026586367,0.04750174721240121,-0.27124350209930403,0.5099265598645488,0.519701623632353,0.3291363788250284,0.656443534722738,0.012365487258804542,0.02730154417378704,0.03808296189502735,0.013737026297809977,7.634094009190076e-07,0.000984547633078104,-0.000983784223677185
2022-06-02,148.509765625,151.2100067138672,151.27000427246094,146.86000061035156,147.8300018310547,72348100,0.0168112426005753,0.0166714976775505,0.2920777362228101,0.4874810397773446,0.3949440837636092,0.37750765827567934,0.37141966905955703,0.04002307805072301,-0.5030579187515709,0.507860346199599,0.5200547209097691,0.3625013343366716,0.6496202495047245,0.00021958388720867418,0.029164760705648073,0.037366762803789096,0.013813542104605102,0.0002779388348125717,0.0009176836015956657,-0.0006397447667830941
2022-06-03,142.7838592529297,145.3800048828125,147.97000122070312,144.4600067138672,146.89999389648438,88570300,-0.038555661478719,-0.0393186058824859,0.4644984790483335,0.465369434140876,0.3958778183898112,0.3608814799013851,0.36042172125344735,0.036694793220860784,-0.20387363025107041,0.4874810397773446,0.4982144050647399,0.4082671690065408,0.8105482749780056,0.0011455951762943783,0.02414358501133126,0.03566203141010229,0.013192058583982888,0.0015459527685422552,0.0008306534034222387,0.0007152993651200164
2022-06-06,143.5302734375,146.13999938964844,148.57000732421875,144.89999389648438,147.02999877929688,71598400,0.0052276412251364,0.0052140245435485,0.3337941041865904,0.4658148901044676,0.3924875726593875,0.3577208582779565,0.35622427874954976,0.03279925164803394,-0.20428170863697018,0.465369434140876,0.5101346416075571,0.4085992598028389,0.6688577853726595,-0.0029189980871574205,0.02511299742070708,0.03524550115446874,0.013395734840323076,2.718605194072614e-05,0.000831485276841123,-0.0008042992249003969
2022-06-07,146.05438232421875,148.7100067138672,149.0,144.10000610351562,144.35000610351562,67808200,0.0175859267479974,0.0174330836613867,0.368514381933671,0.4573339650606016,0.391410215346438,0.3597497317706618,0.35539480669276324,0.030040040330963913,-0.192303300731905,0.4658148901044676,0.5099265598645488,0.420996595024301,0.6528978370223217,-0.012219603062505274,0.0329499944540548,0.0354659337958971,0.013315642386950965,0.00030391240594490794,0.0007897193853165212,-0.0004858069793716133
2022-06-08,145.31776428222656,147.9600067138672,149.8699951171875,147.4600067138672,148.5800018310547,53950200,-0.0050433727801726,-0.0050561335074897,0.370206461254859,0.4529787991197517,0.3876919145705899,0.3575782559769068,0.35251612439705593,0.027078946312667603,-0.18530417445613342,0.4573339650606016,0.507860346199599,0.420502298808421,0.5352921148687971,-0.01627782616909121,0.016288106879995445,0.035047405040862185,0.013796088954576916,2.55644860455601e-05,0.0007782238044186831,-0.000752659318373123
2022-06-09,140.0927276611328,142.63999938964844,147.9499969482422,142.52999877929688,147.0800018310547,69473000,-0.0359557115626985,-0.0366180430645634,0.401804871456632,0.4314633304330322,0.389747536541507,0.3399509070495608,0.3365305515981549,0.028780707870916997,0.12871766655991915,0.4529787991197517,0.4874810397773446,0.4515149472977928,0.7152901203981956,-0.013733444549250767,0.03799774391571295,0.03365719005588045,0.01178873701986964,0.0013408810778782196,0.0007035783532700814,0.0006373027246081382
2022-06-10,134.6811981201172,137.1300048828125,140.75999450683594,137.05999755859375,140.27999877929688,91437900,-0.0386286773023907,-0.0393945526569786,0.4021343448835026,0.4431242488961569,0.3922986379548671,0.3263901751260017,0.3134105857579943,0.02917607203874332,0.0516054800958187,0.4314633304330322,0.465369434140876,0.448559939788575,0.9877978666792269,-0.01191086968614576,0.026981672985457138,0.032410877372657264,0.011052314179665018,0.00155193077904346,0.0007440127463636742,0.0008079180326797858
2022-06-13,129.52490234375,131.8800048828125,135.1999969482422,131.44000244140625,132.8699951171875,122207100,-0.0382848378404602,-0.0390369613907491,0.4076566402689036,0.4433490017130169,0.3988748367007542,0.32373939186121575,0.31147713044643843,0.030281173618082673,-0.01957791814419338,0.4431242488961569,0.4658148901044676,0.462710758629917,1.314362512601068,0.023701381346700946,0.028510724655925194,0.032140401956870554,0.011079590586377513,0.001523884354622836,0.0007708534841182367,0.0007530308705045993
2022-06-14,130.38917541503906,132.75999450683594,133.88999938964844,131.47999572753906,133.1300048828125,84784300,0.0066726538629218,0.0066504902469308,0.3470743621279324,0.4449010707161012,0.3962963939044192,0.3223710368462568,0.309442544731847,0.031211752720192682,-0.015329424799519152,0.4433490017130169,0.4573339650606016,0.4627026109354571,0.9127853500536764,0.020385459283066648,0.018153086485592478,0.03190060137158687,0.011337882626144958,4.422902052452169e-05,0.0007673086188824373,-0.0007230795983579157
2022-06-15,133.0115203857422,135.42999267578125,137.33999633789062,132.16000366210938,134.2899932861328,91533000,0.0201114664011818,0.0199119021109421,0.4553669344461118,0.4406648682010833,0.3984588148937942,0.32964410183719933,0.31939401029405917,0.032574120857739024,-0.06303478148158795,0.4449010707161012,0.4529787991197517,0.4707626744523193,0.9784906936323435,0.02915943580688171,0.038248489669360966,0.032777776765352484,0.01110232104971525,0.0003964838456757405,0.0007556200903666045,-0.000359136244690864
2022-06-16,127.73743438720705,130.05999755859375,132.38999938964844,129.0399932861328,132.0800018310547,108123900,-0.0396514465598712,-0.0404589839164437,0.4661109078687467,0.4162079631003864,0.4024289394647777,0.315254504932632,0.3107230773856031,0.035251150214894486,0.37461780854423643,0.4406648682010833,0.4314633304330322,0.5054552658896345,1.1568490332227954,0.01817622606265153,0.025757390176840523,0.03141687254678959,0.010121022278861561,0.0016369293795510502,0.0006688414174979033,0.0009680879620531469
2022-06-17,129.2106475830078,131.55999755859375,133.0800018310547,129.80999755859375,130.07000732421875,134520300,0.0115331387679307,0.011467139093875,0.4620769833883441,0.4119180597516634,0.402919441946739,0.31013853474305314,0.30512864057839334,0.03739260187135629,0.4074326479801542,0.4162079631003864,0.4431242488961569,0.5085074594654262,1.4404857291626232,0.018376215379238874,0.024855612140039406,0.03081764465952902,0.010137796008531746,0.00013149527899827633,0.0006442908715100761,-0.0005127955925117997
2022-06-21,133.44366455078125,135.8699951171875,137.05999755859375,133.32000732421875,133.4199981689453,81000500,0.0327606995939184,0.0322355075353501,0.4398259577188259,0.4295851289028776,0.4061865339821486,0.2893582969034927,0.2734850842999187,0.03780301856764016,0.4723247718356687,0.4119180597516634,0.4433490017130169,0.5050692525871748,0.894399706638707,-0.0020054294456424817,0.02752624103025299,0.029254064075961074,0.00771795194147623,0.001039127946061613,0.0006960948840685143,0.00034303306199309877
2022-06-22,132.93295288085938,135.35000610351562,137.75999450683594,133.91000366210938,134.7899932861328,73409200,-0.0038271070314191,-0.0038344491442217,0.4450583511667753,0.4028157826160778,0.4058573235462465,0.28306810293603935,0.2769547747436958,0.037718957156747376,0.3460176680527818,0.4295851289028776,0.4449010707161012,0.5303987887386244,0.8309073276388981,0.000476027622270353,0.028444703887062193,0.028716268319847617,0.007354574246558711,1.4703000239622527e-05,0.0006194665548944677,-0.0006047635546548452
2022-06-23,135.80079650878906,138.27000427246094,138.58999633789062,135.6300048828125,136.82000732421875,72433800,0.0215736833193203,0.0213442651453078,0.4484156427612643,0.4064745066122958,0.4088184300606,0.27789900901923703,0.2686876616508117,0.037246163197581665,0.36450997446183864,0.4028157826160778,0.4406648682010833,0.519701623632353,0.8348438126975237,0.005585060808693027,0.021407328875505522,0.02813374242625059,0.007453328641191835,0.00045557765459320145,0.000623421588992793,-0.00016784393439959154
2022-06-24,139.13027954101562,141.66000366210938,141.91000366210938,139.77000427246094,139.89999389648438,89116800,0.0245172436891549,0.0242215198769438,0.2199339637091324,0.4160426960556792,0.4102209525308599,0.27480840106516713,0.2648720472836789,0.03522703671000581,0.4008675435616983,0.4064745066122958,0.4162079631003864,0.5200547209097691,1.0291217737744673,0.022694917413263904,0.015106588552353932,0.027661489714903637,0.007973326904335337,0.0005866820251491836,0.0006526907897137219,-6.60087645645383e-05
2022-06-27,139.13027954101562,141.66000366210938,143.49000549316406,140.97000122070312,142.6999969482422,70207900,0.0,0.0,0.2512328123306162,0.4074459379642268,0.4102559665161532,0.25504414399914815,0.2558094580671696,0.03481557420185473,0.4728607655887478,0.4160426960556792,0.4119180597516634,0.4982144050647399,0.8204222899779984,0.013102917860998375,0.017789102127031622,0.02604712057262164,0.006286213680381629,0.0,0.0006263912544120218,-0.0006263912544120218
2022-06-28,134.98562622070312,137.44000244140625,143.4199981689453,137.32000732421875,142.1300048828125,67083400,-0.0297896450064251,-0.0302423701774983,0.3500647870662781,0.3902904803663869,0.4128362545809649,0.26372195819489985,0.2650277927697214,0.03377382429004673,0.4505547703748064,0.4074459379642268,0.4295851289028776,0.5101346416075571,0.7950100831868097,0.010669686971679176,0.04438293609116549,0.026789390142826268,0.007482656980283843,0.0009146009539528385,0.0005923289258812411,0.0003222720280715974
2022-06-29,136.74368286132812,139.22999572753906,140.6699981689453,136.6699981689453,137.4600067138672,66242400,0.0130238158784661,0.0129397352354623,0.3518036154213982,0.3949789765879614,0.4142711442638968,0.265204955744317,0.2655974498962263,0.03120911209902729,0.4701693270807692,0.3902904803663869,0.4028157826160778,0.5099265598645488,0.8028723462857864,0.003041256017530319,0.02872944137574816,0.026942602530678615,0.0074897946512954275,0.0001674367479638646,0.0005992640010470684,-0.00043182725308320383
2022-06-30,134.27845764160156,136.72000122070312,138.3699951171875,133.77000427246094,137.25,98964500,-0.0180276850093982,-0.0181921634990153,0.3526729394342756,0.3983161652624578,0.4113849437900439,0.2686739141911247,0.270824222698136,0.027260549945106675,0.43852766380125036,0.3949789765879614,0.4064745066122958,0.507860346199599,1.181797468517683,0.04192833536779232,0.03364533940649204,0.027259792292313862,0.007638645202550147,0.00033095481277490457,0.0006157735712157676,-0.00028481875844086306
2022-07-01,136.44900512695312,138.92999267578125,139.0399932861328,135.66000366210938,136.0399932861328,71051600,0.0161643609958033,0.0160351087061733,0.3169322060357332,0.3978799872328586,0.4123334344758204,0.2663830334468154,0.2682967981172684,0.02460698176814371,0.5089682574298873,0.3983161652624578,0.4160426960556792,0.4874810397773446,0.8491292617516156,0.029130598233862222,0.02432872527324799,0.027017990520693858,0.007651700868220114,0.00025712471121879475,0.0006147328650360788,-0.00035760815381728403
2022-07-05,139.03204345703125,141.55999755859375,141.61000061035156,136.92999267578125,137.77000427246094,73353800,0.0189304327464416,0.0187534817888224,0.3568862076747066,0.3830876336623505,0.4137273419231049,0.27105993124393596,0.2690903885031549,0.02452980913728353,0.3903012760662309,0.3978799872328586,0.4074459379642268,0.465369434140876,0.8846866206733859,0.019539474858524246,0.033060243114465926,0.027463823425850596,0.007734724392551763,0.00035169307920369334,0.0005550198805691507,-0.00020332680136545738
2022-07-06,140.36778259277344,142.9199981689453,144.1199951171875,141.0800018310547,141.35000610351562,74064300,0.0096072381591321,0.0095613821126423,0.2371772847724117,0.3843814249221299,0.4144353825479356,0.26962166374593916,0.26630274585437474,0.023567356690215563,0.393694122486078,0.3830876336623505,0.3902904803663869,0.4658148901044676,0.89192933309513,0.029604804885143908,0.021270594214108828,0.02727170326552068,0.007843149103008972,9.142002790395614e-05,0.0005582315793673122,-0.00046681155146335607
2022-07-07,143.73651123046875,146.35000610351562,146.5500030517578,143.27999877929688,143.2899932861328,66253700,0.0239994960713314,0.0237160344993545,0.2627893846761087,0.3890213280712213,0.417613064136199,0.2644401059840267,0.2630923821610873,0.02243831118716291,0.43644887042086983,0.3843814249221299,0.3949789765879614,0.4573339650606016,0.7986166441941461,0.026978800989400097,0.022343724879300742,0.026741389786782976,0.007797442568686181,0.0005624502923745728,0.0005711584736887954,-8.7081813142226e-06
2022-07-08,144.4141845703125,147.0399932861328,147.5500030517578,145.0,145.25999450683594,64547800,0.0047146371974124,0.0047035581044164,0.1192516987546151,0.3891476085545747,0.4150049733438587,0.2647931923114371,0.2623733035432566,0.021141259265391656,0.43787172493279664,0.3890213280712213,0.3983161652624578,0.4529787991197517,0.7731158745562068,0.0359099293339651,0.017342241350593837,0.0267940965103129,0.0077263030222784156,2.2123458841621197e-05,0.0005709864223285985,-0.0005488629634869773
2022-07-11,142.28292846679688,144.8699951171875,146.63999938964844,143.77999877929688,145.6699981689453,63141600,-0.0147578772308741,-0.0148678580984619,0.2378764216368002,0.3693908782907784,0.4148666441032439,0.25602405789551974,0.2587161288917247,0.022500093630586773,0.39257539253839346,0.3891476085545747,0.3978799872328586,0.4314633304330322,0.7591517001308944,0.020434428792537568,0.019741842387984244,0.025881301433926463,0.007404721414999073,0.00022105320443599908,0.0005149950286564874,-0.00029394182422048834
2022-07-12,143.25526428222656,145.86000061035156,148.4499969482422,145.0500030517578,145.75999450683594,77588800,0.0068337511322702,0.006810506891817,0.2194396417012935,0.3378089105449289,0.4135072563751918,0.25448649405274865,0.26144615353063405,0.02590169550601924,0.4695166509169008,0.3693908782907784,0.3830876336623505,0.4431242488961569,0.9406819849824388,0.01606651940453005,0.023309981367455723,0.02569771685302639,0.007421501085243377,4.638300412348685e-05,0.0004397176399104888,-0.00039333463578700194
2022-07-13,142.8918914794922,145.49000549316406,146.4499969482422,142.1199951171875,142.99000549316406,71185600,-0.0025366455206311,-0.0025398682569932,0.2237874216777347,0.3001965924909265,0.4094126314413804,0.2554243988700762,0.2604363184455078,0.032905655549318784,0.5345556827845076,0.3378089105449289,0.3843814249221299,0.4433490017130169,0.8905952631765952,-0.004885038904601369,0.029761507097187754,0.02576025597508952,0.007451661927738024,6.450930762881676e-06,0.00036384596871749116,-0.0003573950379546095
2022-07-14,145.8186492919922,148.47000122070312,148.9499969482422,143.25,144.0800018310547,78140700,0.0204824772494705,0.020275532370192,0.2047965590607361,0.3050997579354894,0.4119784969593399,0.2658219212903367,0.2664456934190691,0.03651614765511542,0.553381792880586,0.3001965924909265,0.3890213280712213,0.4449010707161012,0.9816895310922938,0.01531137023746985,0.03839157339110577,0.02677218032036518,0.007733111917461427,0.0004110972128947037,0.00038218937833600023,2.8907834558703448e-05
2022-07-15,147.48829650878906,150.1699981689453,150.86000061035156,148.1999969482422,149.77999877929688,76259900,0.0114501039554455,0.0113850476451885,0.21384538742953,0.3012690019140467,0.4115830283767362,0.2556994566877836,0.25296212847497096,0.039244298918273045,0.5544734140783637,0.3050997579354894,0.3891476085545747,0.4406648682010833,0.9673414027673789,0.010127976917093523,0.01771328290965815,0.02574541998238004,0.0074885617648812125,0.00012961930988321222,0.0003688461515463738,-0.00023922684166316157
2022-07-18,144.4436798095703,147.07000732421875,151.57000732421875,146.6999969482422,150.74000549316406,81420900,-0.0206432102452247,-0.0208592597858532,0.2488840340873721,0.2681094073218145,0.4134243817062819,0.2593142920249332,0.2544992105049249,0.045790388320719,0.6136473539872421,0.3012690019140467,0.3693908782907784,0.4162079631003864,1.0506007306510536,0.004449002845892574,0.033113552277457416,0.026113228087410883,0.007667690803872593,0.0004351087188137125,0.00030875511850950697,0.00012635360030420554
2022-07-19,148.30348205566406,151.0,151.22999572753906,146.91000366210938,147.9199981689453,82982400,0.0267219179986677,0.0263711231018005,0.3009705019585527,0.2771016389470762,0.4174818148017046,0.2612435362254803,0.254413832091233,0.04969651426344713,0.6395884843684955,0.2681094073218145,0.3378089105449289,0.4119180597516634,1.1075767913715617,-0.006798642953509809,0.028609218976355547,0.026300908429226694,0.007681214464847215,0.000695436133650316,0.0003369521612421089,0.00035848397240820706
2022-07-20,150.3070526123047,153.0399932861328,153.72000122070312,150.3699951171875,151.1199951171875,64823400,0.0135098893121379,0.0134194444470566,0.2904899442165724,0.2619088103235071,0.4148648476088478,0.25879721057427374,0.25258380437892536,0.05270983266804382,0.5660191178427799,0.2771016389470762,0.3001965924909265,0.4295851289028776,0.8746488921571438,0.0021527143179738027,0.021889742880818422,0.026019083521754964,0.00773708939353499,0.0001800814892676382,0.0002939998384024102,-0.000113918349134772
2022-07-21,152.5758056640625,155.35000610351562,155.57000732421875,151.94000244140625,154.5,65086600,0.0150941774615991,0.0149813938658783,0.2811077507700003,0.2611005426284398,0.4158599282685337,0.25662820323139435,0.2493710204122486,0.055941416834543865,0.5592089444286926,0.2619088103235071,0.3050997579354894,0.4028157826160778,0.8831589187665062,0.007041686156087185,0.02336662208042457,0.025765179431423084,0.007736621951495531,0.00022444216216457597,0.00030448679649865785,-8.004463433408188e-05
2022-07-22,151.3383026123047,154.08999633789062,156.27999877929688,153.41000366210938,155.38999938964844,66675400,-0.0081107802775715,-0.0081438516001392,0.3041723164170194,0.2604307476418185,0.4088754871841611,0.2555408597844864,0.24821616323494708,0.057945789813774656,0.5113970956923126,0.2611005426284398,0.3012690019140467,0.4064745066122958,0.9082657132942127,0.008926572029606256,0.018625447370990495,0.025626085356197332,0.007843364726343997,6.63223188850898e-05,0.0002850240297132523,-0.00021870171082816252
2022-07-25,150.2186279296875,152.9499969482422,155.0399932861328,152.27999877929688,154.00999450683594,53623900,-0.0073982699509488,-0.0074257728834576,0.2399703157701886,0.2542776103787111,0.4091309909749036,0.2563554554737349,0.2504354766841352,0.05874053972065279,0.4703431618178542,0.2604307476418185,0.2681094073218145,0.4160426960556792,0.7485719606342883,-0.012376803398909158,0.018045077227232056,0.025773009789941244,0.007661349234750516,5.5142102916694205e-05,0.0002584470336016278,-0.0002033049306849336
2022-07-26,148.8927764892578,151.60000610351562,153.08999633789062,150.8000030517578,152.25999450683594,55138700,-0.0088263541788981,-0.0088655371753347,0.1946554694215254,0.2579711047264061,0.3987676818890796,0.255585042946103,0.24967927075603005,0.058756177920071394,0.41910664662847147,0.2542776103787111,0.2771016389470762,0.4074459379642268,0.7779000633028632,-0.00035531885966845754,0.015105496002217557,0.025638829483700536,0.007830178298666288,7.859774940724156e-05,0.0002623769210719899,-0.0001837791716647483
2022-07-27,153.99009704589844,156.7899932861328,157.3300018310547,152.16000366210938,152.5800018310547,78620700,0.0342347425703488,0.0336617740826689,0.3012408883368022,0.2469640779500059,0.3979061221733515,0.24862110530206513,0.24361122192656195,0.059632680854799655,0.33195376631415224,0.2579711047264061,0.2619088103235071,0.3902904803663869,1.1002313446010181,0.023163432283796536,0.032974031445427515,0.02506838425141364,0.006731222035120411,0.0011331150343926394,0.00027330262509397995,0.0008598124092986595
2022-07-28,154.5400848388672,157.35000610351562,157.63999938964844,154.41000366210938,156.97999572753906,81378700,0.0035717382573059,0.0035653747482409,0.2876268646679816,0.246005199951617,0.3979549686618789,0.24490484231165635,0.23994504100127706,0.059330247962399066,0.3149605595691675,0.2469640779500059,0.2611005426284398,0.3949789765879614,1.1268923487661522,0.025544254956276758,0.020527458546230688,0.024658285109937762,0.006746268725089474,1.271189709539386e-05,0.0002655663825505564,-0.00025285448545516256
2022-07-29,159.60791015625,162.50999450683594,163.6300048828125,159.5,161.24000549316406,101786900,0.0327930613483784,0.0322668422360726,0.3324762891089927,0.2450746544443744,0.4029878795439177,0.24031979459389918,0.2329435375330724,0.057808177931077585,0.4242872241510169,0.246005199951617,0.2604307476418185,0.3983161652624578,1.4067460912509724,0.013384527544438007,0.025413851593224762,0.024246710719274398,0.006411940172389489,0.0010411491078875987,0.0003010760973061911,0.0007400730105814077
2022-08-01,158.6258087158203,161.50999450683594,163.58999633789062,160.88999938964844,161.00999450683594,67829400,-0.0061534676869239,-0.0061724782967827,0.3282783958092485,0.2488360819184359,0.3945051046324858,0.23719178617093067,0.23301518195292167,0.0549884450979258,0.3544442057984713,0.2450746544443744,0.2542776103787111,0.3978799872328586,0.939528356194515,0.010806325859529837,0.016717212804610117,0.023866135095842504,0.006629028725666814,3.8099488324253466e-05,0.000290124836161464,-0.00025202534783721055
2022-08-02,157.15255737304688,160.00999450683594,162.41000366210938,159.6300048828125,160.10000610351562,59907000,-0.0092873509443188,-0.0093307472884744,0.3300540603229204,0.2519841871928179,0.3768193862471681,0.22908935722634172,0.2294378532569878,0.05222692157039077,0.31796684646135887,0.2488360819184359,0.2579711047264061,0.3830876336623505,0.8375928130350565,0.003346290161199855,0.017373907097897615,0.02308181829501409,0.006408262595260781,8.706284496137236e-05,0.000276893324449348,-0.00018983047948797563
2022-08-03,163.16329956054688,166.1300048828125,166.58999633789062,160.75,160.83999633789062,82507500,0.038247675683253,0.0375343648392496,0.3476316323879412,0.2755082072676615,0.3844237535511294,0.23707294638959045,0.2308631962329663,0.04765303408297531,0.4567460230456818,0.2519841871928179,0.2469640779500059,0.3843814249221299,1.1468138569223314,0.02172498113663965,0.035153170205527516,0.023775947094585026,0.006932195933601107,0.0014088285438858968,0.000342763750248445,0.0010660647936374518
2022-08-04,162.84901428222656,165.80999755859375,167.19000244140625,164.42999267578125,166.00999450683594,55474100,-0.0019262464022948,-0.0019281040007409,0.3576467749836259,0.2705114711860722,0.3776393814723466,0.2348375172358367,0.23238236670441975,0.041289806766773594,0.4403971000242679,0.2755082072676615,0.246005199951617,0.3890213280712213,0.7768828949948183,0.0106154424095522,0.016645617310558556,0.023491041716147916,0.0071089950049832255,3.7175850376730643e-06,0.00031482711488160006,-0.000311109529843927
2022-08-05,162.62278747558594,165.35000610351562,165.85000610351562,163.0,163.2100067138672,56697000,-0.002774208201261,-0.0027780634486564,0.3059083124974889,0.272373035494934,0.3765095709573289,0.23480394953629669,0.23211151779947037,0.032598330485365666,0.42452505329418405,0.2705114711860722,0.2450746544443744,0.3891476085545747,0.7983979375177607,0.01300506829148541,0.017236201985571194,0.023485739747896785,0.007113860087474417,7.717636524760691e-06,0.00031410682376575703,-0.0003063891872409963
2022-08-08,162.1507110595703,164.8699951171875,167.80999755859375,164.1999969482422,166.3699951171875,60276900,-0.002902999507769,-0.0029072213835553,0.3002535323683841,0.2634590846242057,0.3592015905761065,0.23562505658927532,0.23272215222085266,0.02403850032273722,0.4055668365381307,0.272373035494934,0.2488360819184359,0.3693908782907784,0.8505250265538172,0.017251383915020947,0.021896043654187167,0.02359344981120693,0.00707036602422243,8.451936173001194e-06,0.0003034767603526071,-0.0002950248241796059
2022-08-09,162.19992065429688,164.9199981689453,165.82000732421875,163.25,164.02000427246094,63135500,0.0003032877615012,0.0003032417790651,0.2801869738410082,0.2643572727289223,0.3540253274257536,0.23278389394891288,0.22841021676475848,0.018045518138382913,0.4240138871892617,0.2634590846242057,0.2519841871928179,0.3378089105449289,0.9000384332683845,0.008182289116591922,0.015583357705267585,0.023207118628097524,0.007294221303770735,9.195557657056693e-08,0.0003011622079252613,-0.00030107025234869073
2022-08-10,166.44862365722656,169.24000549316406,169.33999633789062,166.89999389648438,167.67999267578125,70170500,0.0261945632560176,0.0258573615736866,0.1976013485208741,0.2711210515905162,0.3522596222410306,0.22594740311043404,0.22106218349415238,0.016283958815828704,0.4485788453654882,0.2643572727289223,0.2755082072676615,0.3001965924909265,1.001051331797505,0.017880008378879424,0.014417409372542277,0.02243991374186525,0.00737504518445945,0.0006686031475523644,0.0003342698187647355,0.0003343333287876289
2022-08-11,165.7110137939453,168.49000549316406,170.99000549316406,168.19000244140625,170.05999755859375,57149200,-0.0044315763156265,-0.0044414248570932,0.2028545001406251,0.269940222531817,0.3514983544334924,0.21300721585982424,0.21203808703947408,0.013386875157408844,0.43141073785300904,0.2711210515905162,0.2705114711860722,0.3050997579354894,0.8276827325296033,0.003716491712818787,0.016618214496238553,0.021351245797121887,0.0064447747771951315,1.9726254761205347e-05,0.00031470127085806056,-0.0002949750160968552
2022-08-12,169.26150512695312,172.10000610351562,172.1699981689453,169.39999389648438,169.82000732421875,68039400,0.0214256068173612,0.0211993052298215,0.2281326974535637,0.2745883262529978,0.3505124944913609,0.21243688374232986,0.2092628936538447,0.010415812976402247,0.44851341426583813,0.269940222531817,0.272373035494934,0.3012690019140467,0.9913048077177344,0.014447829270175166,0.016095317688686314,0.0212703475360733,0.006502738015977361,0.00044941054222713724,0.0003306908324752568,0.00011871970975188041
2022-08-15,170.33349609375,173.19000244140625,173.38999938964844,171.35000610351562,171.52000427246094,54091700,0.0063335055155955,0.0063135331552149,0.208937457481509,0.2544688011912235,0.3271438329635652,0.20228467056359647,0.2011322639694866,0.010446853817901992,0.27158918805159754,0.2745883262529978,0.2634590846242057,0.2681094073218145,0.8041014574977206,0.0008142833627109991,0.011778932140283237,0.02020361652921459,0.006200567033635456,3.9860700901997806e-05,0.000310928431579671,-0.0002710677306776732
2022-08-16,170.17613220214844,173.02999877929688,173.7100067138672,171.66000366210938,172.77999877929688,56377100,-0.0009238620004263,-0.0009242890239517,0.2126189916078633,0.246913591466745,0.3218991385478157,0.1942742191942008,0.19521126018410598,0.010237426295727084,0.23718900005962087,0.2544688011912235,0.2643572727289223,0.2771016389470762,0.8549824778721337,0.0019679009670325208,0.011847674196499482,0.019365539290221785,0.006137090643788508,8.543101997975863e-07,0.0002761993404071451,-0.0002753450302073475
2022-08-17,171.6710662841797,174.5500030517578,176.14999389648438,172.57000732421875,172.77000427246094,79542000,0.0087846285799246,0.0087462682209258,0.1578433603402219,0.2458090208059926,0.3220234728558326,0.19352547980924178,0.1948572648813081,0.01069314029053515,0.28848873915640283,0.246913591466745,0.2711210515905162,0.2619088103235071,1.1929735415200295,0.033453978269808435,0.020509805268832233,0.019296542409622475,0.00611493546595817,7.649720779237656e-05,0.00027102012633338203,-0.00019452291854100547
2022-08-18,171.27764892578125,174.14999389648438,174.89999389648438,173.1199951171875,173.75,62290100,-0.0022916594000563,-0.0022942892700717,0.1492438507792839,0.2456226644426028,0.3136873721609085,0.18813393764418132,0.1877165743191382,0.011092213324506496,0.2875035647042007,0.2458090208059926,0.269940222531817,0.2611005426284398,0.936192264635533,0.022406442769658197,0.010221067135695193,0.018639264662386006,0.006356160300239913,5.263763254766134e-06,0.00026006120638789155,-0.00025479744313312543
2022-08-19,168.6910400390625,171.52000427246094,173.74000549316406,171.30999755859375,173.02999877929688,70346300,-0.0151018645776509,-0.0152170589727063,0.1488643798131383,0.2521121964653795,0.3125100921192353,0.18637248291967287,0.18518263498787071,0.011164265525124067,0.21546996527420476,0.2456226644426028,0.2745883262529978,0.2604307476418185,1.054364767646101,0.027652592732339897,0.014167489937268338,0.018416366790699898,0.006434355202370561,0.0002315588837788213,0.0002683230346325781,-3.6764150853756816e-05
2022-08-22,164.8061981201172,167.57000732421875,169.86000061035156,167.13999938964844,169.69000244140625,69026800,-0.0230293659622791,-0.0232986846707958,0.2006980659927351,0.2685475598310718,0.3172232440189977,0.18561442739768272,0.18265965462405603,0.011374923180886658,0.004300709006425971,0.2521121964653795,0.2544688011912235,0.2542776103787111,1.0227817679179396,0.036502075319167444,0.016232029013643217,0.018325714380020456,0.006452607506102052,0.0005428287073891752,0.0002927073648562022,0.00025012134253297303
2022-08-23,164.4718017578125,167.22999572753906,168.7100067138672,166.64999389648438,167.0800018310547,54147100,-0.0020290719210975,-0.0020311332764255,0.19887243152116,0.2650878578915928,0.3146156313488837,0.18467906313828167,0.18158282842686282,0.011464897512160194,0.027652023545142557,0.2685475598310718,0.246913591466745,0.2579711047264061,0.8028965730049639,0.024311440426796872,0.012318440889869461,0.01818636162440305,0.006555093935265975,4.125502386602987e-06,0.00028898375250517024,-0.00028485825011856727
2022-08-24,164.76681518554688,167.52999877929688,168.11000061035156,166.25,167.32000732421875,53841500,0.0017939547893464,0.0017923475743469,0.1683723869147629,0.2424037409870699,0.3047911841762277,0.17203292384544952,0.1741175166225539,0.011757729645528096,0.15578072904145743,0.2650878578915928,0.2458090208059926,0.2469640779500059,0.813306680054232,0.002735671977172943,0.011102492830564139,0.017092784693659883,0.005730820101992706,3.2125098272672164e-06,0.00023248862627690166,-0.00022927611644963446
2022-08-25,167.2255859375,170.02999877929688,170.13999938964844,168.35000610351562,168.77999877929688,51218200,0.0149227005206005,0.0148124524710886,0.2363236208726725,0.2458226994930652,0.3055466480340015,0.16779730551940272,0.16758120004725444,0.011768196199223497,0.16633547836735288,0.2424037409870699,0.2456226644426028,0.246005199951617,0.7917151716167092,-0.0014544510000872092,0.010527514550278083,0.01659278749386225,0.005850368973395962,0.0002194087482082588,0.00024282346883254486,-2.3414720624286077e-05
2022-08-26,160.92127990722656,163.6199951171875,171.0500030517578,163.55999755859375,170.57000732421875,78961000,-0.0376992513564016,-0.0384282486468969,0.336900635375061,0.2648746371899084,0.3166609455647988,0.18519524129705073,0.16874218120207438,0.01138586360555432,-0.06329765125330049,0.2458226994930652,0.2521121964653795,0.2450746544443744,1.2424743021064126,0.01308946949877422,0.04577683484099599,0.017610936656250815,0.008594595666524638,0.0014767302940677336,0.0002646025281415516,0.001212127765926182
2022-08-29,158.71827697753906,161.3800048828125,162.89999389648438,159.82000732421875,161.14999389648438,73314000,-0.0136901986384407,-0.0137847735661829,0.3184958833800576,0.2687076809152943,0.3166179361753559,0.18626441432069613,0.17047400932345602,0.01125262648729147,-0.06729184227942905,0.2648746371899084,0.2685475598310718,0.2488360819184359,1.1486605423258942,0.026194336467313638,0.01908530474083319,0.017729341253061966,0.008597946648090372,0.0001900199822709348,0.0002721985528388857,-8.21785705679509e-05
2022-08-30,156.28903198242188,158.91000366210938,162.55999755859375,157.72000122070312,162.1300048828125,77906200,-0.0153054972485391,-0.0154238354072512,0.3181256973865162,0.2723475673513505,0.3072423658932152,0.19362748635826016,0.17601679689305022,0.0113423824513523,-0.07072461385451306,0.2687076809152943,0.2650878578915928,0.2519841871928179,1.2036380347468363,0.03516615310732901,0.030457467914870345,0.018383519293910605,0.009055062385796219,0.0002378946986699758,0.0002797401455243159,-4.1845446854340114e-05
2022-08-31,154.62686157226562,157.22000122070312,160.5800018310547,157.13999938964844,160.30999755859375,87991100,-0.0106349657193369,-0.0106919211398139,0.3003079886866085,0.234564059765026,0.3081453103921806,0.18394449578617766,0.17078298765262662,0.01237266908273007,-0.24835438453424105,0.2723475673513505,0.2424037409870699,0.2755082072676615,1.353713708437651,0.022775628515386448,0.02188018327628191,0.01771986994744832,0.00820810190126513,0.00011431717765999937,0.00021501457721302095,-0.00010069739955302158
2022-09-01,155.3546905517578,157.9600067138672,158.4199981689453,154.6699981689453,156.63999938964844,74229900,0.0047068152106501,0.0046957727921287,0.2454971625824338,0.2360479602359942,0.3063831360557628,0.1875749635856351,0.17521689861306272,0.013159854966912443,-0.2396240576433863,0.234564059765026,0.2458226994930652,0.2705114711860722,1.125760236102101,0.03133836350734729,0.023740186380169295,0.018074598400928864,0.008311879087431508,2.205028211529617e-05,0.00021593121206690211,-0.00019388092995160594
2022-09-02,153.24014282226562,155.80999755859375,160.36000061035156,154.97000122070312,159.75,76957800,-0.0136110981507364,-0.0137045783618996,0.1313065043338557,0.2394269406400657,0.3076241331594136,0.1978160358474987,0.18429031863974038,0.01332156597615876,-0.2509068493347603,0.2360479602359942,0.2648746371899084,0.272373035494934,1.149471143767686,0.03207360453577228,0.03459341168156735,0.01894245888572867,0.009089508100138883,0.00018781546807744673,0.0002249361036445364,-3.712063556708968e-05
2022-09-06,151.9812469482422,154.52999877929688,157.08999633789062,153.69000244140625,156.47000122070312,73714800,-0.0082151261109898,-0.0082490562139925,0.1264667359265942,0.2401576881910139,0.298211348862195,0.19788321279213697,0.18341597870530268,0.013677703212329029,-0.2544975388422774,0.2394269406400657,0.2687076809152943,0.2634590846242057,1.0900926333553724,0.02680956028876143,0.022002160896541004,0.01894776474784636,0.009091353737753598,6.804692842160827e-05,0.0002279158532569668,-0.00015986892483535852
2022-09-07,153.3876495361328,155.9600067138672,156.6699981689453,153.61000061035156,154.82000732421875,87449600,0.0092539179826998,0.0092113628168976,0.1600992291261874,0.2439518067223539,0.2862544170341611,0.19954214052696478,0.18557795798776736,0.013715450654003631,-0.2350634858817534,0.2401576881910139,0.2723475673513505,0.2643572727289223,1.2703641429400805,0.033754512131916,0.019620398992466,0.01914961681220628,0.00905747687614322,8.48492049445237e-05,0.00023215371572536444,-0.00014730451078084076
2022-09-08,151.9123992919922,154.4600067138672,156.36000061035156,152.67999267578125,154.63999938964844,84923800,-0.0096178503169211,-0.0096644005552225,0.1574354526283218,0.2200339391366388,0.2742849476049051,0.2035622975045423,0.1926045994152077,0.015073644255366728,-0.26874862840059754,0.2439518067223539,0.234564059765026,0.2711210515905162,1.220592538678634,0.02673901551000581,0.023824988829551353,0.019619995785056736,0.009043055051317668,9.340063809178497e-05,0.0002033935902523355,-0.00010999295216055052
2022-09-09,154.77439880371094,157.3699951171875,157.82000732421875,154.75,155.47000122070312,68028800,0.0188397531842077,0.0186644829773569,0.2216291614225714,0.2349896461812113,0.2761351905317378,0.20482299510468946,0.1936770770244298,0.014856413485290142,-0.13060383806771056,0.2200339391366388,0.2360479602359942,0.269940222531817,0.9701787767402844,0.02607019209854249,0.019508212616595886,0.0197644956910746,0.00901561291572087,0.0003483629248120455,0.00021982542375487748,0.000128537501057168
2022-09-12,160.7344512939453,163.42999267578125,164.25999450683594,159.3000030517578,159.58999633789062,104956000,0.0385079605173852,0.0377850297041552,0.3141393208722516,0.2636569240845211,0.2831955525744378,0.21220096759570747,0.19972538915861202,0.014078069549025534,0.12970685480956373,0.2349896461812113,0.2394269406400657,0.2745883262529978,1.45841719852891,0.04368318268138201,0.030349334133043426,0.020477196513292457,0.009270102869654956,0.0014277084697438907,0.00026874032013071513,0.0011589681496131756
2022-09-13,151.30264282226562,153.83999633789062,160.5399932861328,153.3699951171875,159.89999389648438,122656600,-0.0586795372188239,-0.0604716418134726,0.5943479809697896,0.3315881682321336,0.2988879364057437,0.23211979238180772,0.21295759398230546,0.02318847119111731,-0.3234258690613325,0.2636569240845211,0.2401576881910139,0.2544688011912235,1.6268762202158569,0.0623652963521326,0.046606853481699864,0.022218592580363287,0.010709590640369226,0.003656819463616928,0.00044958825826646166,0.0032072312053504663
2022-09-14,152.74839782714844,155.30999755859375,157.10000610351562,153.61000061035156,154.7899932861328,87965400,0.009555390377639,0.0095100263864896,0.5946716220880658,0.3357176262804223,0.2986723323286142,0.23565390618824847,0.21816997804803137,0.029561331394094798,-0.3177102209917078,0.3315881682321336,0.2439518067223539,0.246913591466745,1.1428033208896327,0.04611117730358381,0.0224712223812082,0.022749769989598722,0.010427888182256541,9.044060187172845e-05,0.0004540675728500582,-0.0003636269709783297
2022-09-15,149.8568878173828,152.3699951171875,155.24000549316406,151.3800048828125,154.64999389648438,90481100,-0.0189298981882803,-0.0191113624268481,0.6071587271968212,0.3347080012617361,0.2955544463681941,0.23769298202072522,0.21994045601944837,0.034043120812714905,-0.29978739839851953,0.3357176262804223,0.2200339391366388,0.2458090208059926,1.1671922601439713,0.026996513973002463,0.0253330756320025,0.022990933507757237,0.01042913181059683,0.00036524417381034126,0.0004685049211509564,-0.00010326074734061516
2022-09-16,148.2144012451172,150.6999969482422,151.35000610351562,148.3699951171875,151.2100067138672,162278800,-0.0109601510957647,-0.0110206560536024,0.5771066221636256,0.3345849937678672,0.2965163990162228,0.2404569423945755,0.2240002034042706,0.03743141859127775,-0.2948140406044803,0.3347080012617361,0.2349896461812113,0.2456226644426028,1.9665452169383957,0.077516559760288,0.019774459500165802,0.023468603125980765,0.010024396211587653,0.00012145485985180324,0.0004743144759808083,-0.0003528596161290051
2022-09-19,151.9320526123047,154.47999572753906,154.55999755859375,149.10000610351562,149.30999755859375,81474200,0.0250829386585529,0.0247735250813095,0.5152063954236888,0.3516053261460178,0.2975637342287358,0.2505916786891291,0.22761654515618795,0.04178184165015083,-0.24927721958401683,0.3345849937678672,0.2636569240845211,0.2521121964653795,0.9807172661559183,0.04615303787340179,0.03534432681308507,0.024527444969771602,0.010108310948164662,0.0006137275449542708,0.0004934229090395807,0.00012030463591469016
2022-09-20,154.31216430664062,156.89999389648438,158.0800018310547,153.0800018310547,153.39999389648438,107689800,0.0156654468919945,0.0155440103751033,0.2921621721950743,0.3521665824913441,0.2952997323695399,0.2575004359619389,0.2344519225770145,0.04549570472875113,-0.23436787560541136,0.3516053261460178,0.3315881682321336,0.2685475598310718,1.2668004442103,0.06317918130669149,0.031867432724686895,0.025309215155323788,0.010037349346493918,0.00024161625854131902,0.00047836228659718796,-0.00023674602805586893
2022-09-21,151.18463134765625,153.72000122070312,158.74000549316406,153.60000610351562,157.33999633789062,101696800,-0.0202676405320911,-0.0204758472005877,0.3311010019923387,0.3573404132711409,0.2987652881235719,0.26560174431123973,0.24126633410724269,0.04891920974326566,-0.22903745808939122,0.3521665824913441,0.3357176262804223,0.2650878578915928,1.1637551084677922,0.07117485721484859,0.033437414447250076,0.026365163833192817,0.009704112290741508,0.0004192603185818152,0.0004991190274069486,-7.985870882513339e-05
2022-09-22,150.22079467773438,152.74000549316406,154.47000122070312,150.91000366210938,152.3800048828125,86652500,-0.00637519984229,-0.006395608213339,0.3007566021763809,0.3566970915019004,0.291909404222509,0.2691697421534245,0.24664779690736394,0.05090281372368063,-0.21881411450642874,0.3573404132711409,0.3347080012617361,0.2424037409870699,0.973324817595318,0.06406040771091588,0.023307564688761773,0.026975417426102703,0.00905590156259105,4.0903804418529276e-05,0.0005010035921365117,-0.00046009978771798237
2022-09-23,147.9488525390625,150.42999267578125,151.47000122070312,148.55999755859375,151.19000244140625,96029900,-0.0151238230607907,-0.015239354403206,0.3121978042840162,0.3508848268581017,0.2930099155638349,0.2713929475043581,0.2502849450013998,0.05195411390235796,-0.20526914207922237,0.3566970915019004,0.3345849937678672,0.2458226994930652,1.0521760086418113,0.07190746263022077,0.01934457092197862,0.027416270244687728,0.008404218847570411,0.0002322379226265141,0.0005016450508574245,-0.0002694071282309104
2022-09-26,148.28326416015625,150.77000427246094,153.77000427246094,149.63999938964844,149.66000366210938,93339400,0.0022602646628622,0.0022577141072532,0.2274171119887898,0.330322667865262,0.2901861078721651,0.2605982297294646,0.25067618764565247,0.05226874667886285,-0.16971252777289653,0.3508848268581017,0.3516053261460178,0.2648746371899084,1.0147040078837377,0.04342364587593799,0.02739274899368608,0.026497065952322228,0.007211024033604729,5.097272990090113e-06,0.0004280633998035422,-0.0004229661268134521
2022-09-27,149.2569580078125,151.75999450683594,154.72000122070312,149.9499969482422,152.74000549316406,84442700,0.0065662280713738,0.0065447643019353,0.1807262820382205,0.3302910867287051,0.2888225436294674,0.26591747669957366,0.25793280639785404,0.05248439758085584,-0.1737060563934477,0.330322667865262,0.3521665824913441,0.2687076809152943,0.9124673152858458,0.04223368227501155,0.03143123645965917,0.02711436253826353,0.007070208876131034,4.283393976788666e-05,0.00042070409767838983,-0.0003778701579105032
2022-09-28,147.3686065673828,149.83999633789062,150.63999938964844,144.83999633789062,147.63999938964844,146691400,-0.0126515434794565,-0.0127322557346678,0.1490159108445337,0.3290921883243908,0.2879828232682254,0.27123060604763977,0.26716958111145817,0.05258371994106441,-0.1687116285954395,0.3302910867287051,0.3573404132711409,0.2723475673513505,1.528313697119017,0.07596035546001553,0.03870797646496701,0.027526887965768364,0.007502986083609479,0.0001621103360929811,0.00041691487954954013,-0.000254804543456559
2022-09-29,140.13002014160156,142.47999572753906,146.72000122070312,140.67999267578125,146.10000610351562,128138200,-0.0491190656048515,-0.0503664247006857,0.3560296359605316,0.3691811837533308,0.3059542904027343,0.2818971722454867,0.27989028920318937,0.05232922722416908,-0.338571463298379,0.3290921883243908,0.3566970915019004,0.234564059765026,1.3076677564901475,0.06316400431317035,0.04239197589865199,0.028552477596886866,0.008070903186981223,0.002536776737129842,0.0005380378575230323,0.00199873887960681
2022-09-30,135.92059326171875,138.1999969482422,143.10000610351562,138.0,141.27999877929688,124925300,-0.0300392960951614,-0.0304997197436297,0.3755740084214622,0.3780518811909522,0.3081328508932627,0.28782449596299536,0.28460147342138525,0.0518092725784203,-0.3238424647822004,0.3691811837533308,0.3508848268581017,0.2360479602359942,1.242733063120989,0.06972997332698894,0.036903084053074534,0.029210622480532127,0.008193583736498065,0.0009302329044399554,0.0005834469886392652,0.0003467859158006901
2022-10-03,140.1005096435547,142.4499969482422,143.07000732421875,137.69000244140625,138.2100067138672,114311700,0.0307525332405882,0.0302891502691704,0.498529383386979,0.3988916914962463,0.3145345915358165,0.29018472506462933,0.28544803551446624,0.05196298072507557,-0.2807960863801068,0.3780518811909522,0.330322667865262,0.2394269406400657,1.116408707917018,0.06364452762267317,0.03776767285412629,0.02936933553916008,0.008332897295175664,0.0009174326240283852,0.0006199278464368121,0.00029750477759157314
2022-10-04,143.69029235839844,146.10000610351562,146.22000122070312,144.25999450683594,145.02999877929688,87830100,0.0256230904420422,0.0253003210123848,0.5554786727855552,0.4122432121104465,0.317471841764575,0.2878523213527937,0.2830303271134574,0.05191112253587991,-0.2723008913074006,0.3988916914962463,0.3302910867287051,0.2401576881910139,0.8519079957871195,0.054168460223069426,0.013415514250413324,0.028940003206853693,0.008932109421908896,0.0006401062433297197,0.0006485308121822178,-8.424568852498024e-06
2022-10-05,143.98533630371094,146.39999389648438,147.3800048828125,143.00999450683594,144.07000732421875,79471000,0.0020533044519943,0.0020511993035892,0.5567898151185996,0.4102537881011673,0.3171944937880179,0.2919043552142941,0.2870052984164978,0.05056939936093142,-0.2725463545404026,0.4122432121104465,0.3290921883243908,0.2439518067223539,0.7738231587546833,0.040093608783725455,0.02984979889457156,0.029451473201958973,0.008659067866865943,4.207418583044818e-06,0.0006444987228641437,-0.0006402913042810989
2022-10-06,143.03135681152344,145.42999267578125,147.5399932861328,145.22000122070312,145.80999755859375,68402200,-0.006625691674475,-0.0066477390094148,0.393048557456962,0.4097591657491188,0.3174500084045366,0.28943379125374086,0.28346861500559867,0.04448448067485586,-0.3175542073195421,0.4102537881011673,0.3691811837533308,0.2200339391366388,0.6714451936500015,0.034573705118436604,0.015952638260814823,0.02905785567352214,0.009096188309102101,4.419243393729527e-05,0.0006420383126564194,-0.0005978458787191241
2022-10-07,137.77943420410156,140.08999633789062,143.10000610351562,139.4499969482422,142.5399932861328,85925600,-0.0367186729479902,-0.0374097737602118,0.4324550332895749,0.4186627083483872,0.3236600913268878,0.291636825158302,0.2852790966514462,0.03832870726895489,-0.32646348976304457,0.4097591657491188,0.3780518811909522,0.2349896461812113,0.8361129373670882,0.057329948677989906,0.02605474516873984,0.029385182301129343,0.008848884345690403,0.001399491172790231,0.0006945947250553287,0.0007048964477349023
2022-10-10,138.1039581298828,140.4199981689453,141.88999938964844,138.57000732421875,140.4199981689453,74899000,0.0023556416566585,0.002352871482357,0.3595787034313292,0.3874497318584069,0.3227155933198015,0.2886645526858929,0.28591031789350635,0.03176093325517773,-0.5130826298381214,0.4186627083483872,0.3988916914962463,0.2636569240845211,0.7396330136887753,0.023772725833255508,0.023643299449664305,0.02904988056696039,0.008937041232895229,5.5360042124888274e-06,0.0006234861017787585,-0.0006179500975662697
2022-10-11,136.68771362304688,138.97999572753906,141.35000610351562,138.22000122070312,139.89999389648438,77033700,-0.0102549669575819,-0.0103079114046316,0.2584734418386878,0.3338457175456778,0.3206768926753521,0.2758968059827369,0.28072338272186476,0.03164356959428582,-0.11599203535102237,0.3874497318584069,0.4122432121104465,0.3315881682321336,0.7782444303591067,0.016765387521049828,0.022521261901235514,0.027845600987937168,0.008022708532119215,0.00010625303752573422,0.00044595778047419875,-0.00033970474294846455
2022-10-12,136.05828857421875,138.33999633789062,140.36000061035156,138.16000366210938,139.1300048828125,70433700,-0.004604974883602,-0.0046156104439942,0.2427589017545236,0.3293941482141087,0.3156522875346802,0.27378756420747485,0.277660302282424,0.031971841203003136,-0.1263792168636302,0.3338457175456778,0.4102537881011673,0.3357176262804223,0.7179247672103687,0.026623143426208667,0.015902826416655177,0.027517181189709517,0.008380748363174116,2.1303859770708335e-05,0.00044250094336914785,-0.00042119708359843953
2022-10-13,140.63160705566406,142.99000549316406,143.58999633789062,134.3699951171875,134.99000549316406,113224000,0.0336129050048255,0.0330603394605419,0.4022482725768632,0.352638932911038,0.3221070519339543,0.3034695124359849,0.29289576627595615,0.03135950421467202,-0.0044956630846688245,0.3293941482141087,0.4097591657491188,0.3347080012617361,1.1408591911894361,0.05556950334274167,0.06448003962867116,0.029474529389542946,0.011741425240291543,0.0010929860452462638,0.0004788880369409439,0.0006140980083053199
2022-10-14,136.09764099121094,138.3800048828125,144.52000427246094,138.19000244140625,144.30999755859375,88598000,-0.0322400198143355,-0.0327711768049756,0.3781551338210476,0.3672065650176709,0.3267372579574705,0.3152980455885659,0.29566919009804155,0.030550397510685345,-0.04947821041228666,0.352638932911038,0.4186627083483872,0.3345849937678672,0.9271407860531438,0.005019077098689978,0.04574361618512203,0.030772987223790765,0.012044287226623346,0.0010739500291829707,0.0005265127954075023,0.0005474372337754684
2022-10-17,140.06117248535156,142.41000366210938,142.89999389648438,140.27000427246094,141.07000732421875,85250900,0.0291226957442998,0.0287066875903897,0.4404253970044281,0.3715712203756103,0.3324213705174125,0.30838734012015306,0.294363726869974,0.03037066760111699,-0.09568311785335291,0.3672065650176709,0.3874497318584069,0.3516053261460178,0.8903553806845262,0.02802699603731439,0.018467730892441452,0.02992915742775858,0.0122957276585187,0.000824073912412234,0.0005370301137804004,0.0002870437986318336
2022-10-18,141.37905883789062,143.75,146.6999969482422,140.61000061035156,145.49000549316406,99136600,0.009409425626236,0.0093654327308693,0.4253858000877916,0.3678748594855114,0.3328835381522111,0.31397125784582963,0.3053526403833973,0.030161173109689278,-0.10247628650659786,0.3715712203756103,0.3338457175456778,0.3521665824913441,1.0400220264790885,0.020082732469210773,0.042365191915760866,0.030454045387312285,0.012603051739152169,8.771133023643801e-05,0.0005293348673651564,-0.0004416235371287184
2022-10-19,141.48724365234375,143.86000061035156,144.9499969482422,141.5,141.69000244140625,61758300,0.0007652216372282,0.0007649290044276,0.4179802189835525,0.3632433558830846,0.3325006751702329,0.31030842803832676,0.3026267150754064,0.030079291474977485,-0.09840469235666487,0.3678748594855114,0.3293941482141087,0.3573404132711409,0.6617572130682217,0.004013344092793042,0.02398162751011375,0.029981256040455463,0.012662465163986879,5.851163818145994e-07,0.0005084011072551563,-0.0005078159908733417
2022-10-20,141.02499389648438,143.38999938964844,145.88999938964844,142.64999389648438,143.02000427246094,64522000,-0.0032670736737735,-0.0032724222115235,0.3545624248737185,0.3630611370411784,0.3246382866402056,0.3100209097095486,0.30220901104267545,0.0299827271524569,-0.09900420068240186,0.3632433558830846,0.352638932911038,0.3566970915019004,0.6996667739665446,0.013647500856107253,0.02259575637740022,0.029945665624887385,0.012683193546073722,1.0708747130472356e-05,0.0005068913543907536,-0.0004961826072602812
2022-10-21,144.84100341796875,147.27000427246094,147.85000610351562,142.64999389648438,142.8699951171875,86548600,0.0270591038379808,0.0266994792787809,0.2328441177891511,0.3748803796717826,0.3296007357421761,0.3165890302996022,0.30443580890669464,0.02971136039396173,-0.07186018890451636,0.3630611370411784,0.3672065650176709,0.3508848268581017,0.9433694497260424,0.025305639632164534,0.03530937771557896,0.030743905964567404,0.012481664484375926,0.0007128621937580506,0.0005309225679473303,0.0001819396258107203
2022-10-24,146.9850616455078,149.4499969482422,150.22999572753906,146.0,147.19000244140625,75981900,0.014802693097965,0.0146942025608765,0.1881887896892701,0.378918310056184,0.3239202333049181,0.31712318621395225,0.30378625246119806,0.02825618861884353,-0.0628672247687052,0.3748803796717826,0.3715712203756103,0.330322667865262,0.836102988190148,0.020602016134566616,0.02830375251867019,0.030789456140816608,0.012470448472784319,0.0002159195889000695,0.0005414636837428293,-0.0003255440948427598
2022-10-25,149.82736206054688,152.33999633789062,152.49000549316406,149.36000061035156,150.08999633789062,74732300,0.0193375674048981,0.019152972595567,0.1997293142401793,0.3846011081665098,0.3264733220576065,0.3131538423805539,0.296549975238158,0.02656287930387644,-0.054411991686472545,0.378918310056184,0.3678748594855114,0.3302910867287051,0.8267695607043754,0.024545494543955874,0.02054617932292803,0.03024520328398005,0.012676788219505662,0.0003668363592465405,0.0005576638047167621,-0.0001908274454702216
2022-10-26,146.88665771484375,149.35000610351562,151.99000549316406,148.0399932861328,150.9600067138672,88194300,-0.0196270861641822,-0.0198222553762751,0.2989636612478628,0.3885638122001893,0.3283231101561402,0.3069375282762732,0.2882766645073257,0.024388161915289298,-0.06155514099248133,0.3846011081665098,0.3632433558830846,0.3290921883243908,1.00832816274508,-0.0033062347790660585,0.026448021731538908,0.029632205547308645,0.012541726073198587,0.00039292180820226706,0.0005692043783222263,-0.00017628257011995926
2022-10-27,142.41172790527344,144.8000030517578,149.0500030517578,144.1300048828125,148.07000732421875,109180200,-0.0304653690379106,-0.030939084502022,0.4067884397266951,0.3603694293636943,0.3238229588673657,0.3021585097430953,0.28232020812532216,0.02463449405021484,0.3304669726502813,0.3885638122001893,0.3630611370411784,0.3691811837533308,1.2619366820557625,0.014915190924861006,0.033977887190973964,0.02921150111192474,0.01222838873514343,0.0009572269498232578,0.0004902268889568971,0.00046700006086636075
2022-10-28,153.1713104248047,155.74000549316406,157.5,147.82000732421875,148.1999969482422,164762400,0.0755525014560656,0.0728344843929238,0.6454285977004217,0.4226022641366254,0.3585641970755833,0.3218680053057225,0.2951834172313915,0.026614580363091733,0.6188341805126206,0.3603694293636943,0.3748803796717826,0.3780518811909522,1.8615153741406674,0.041623217021026566,0.062154824286340074,0.03047408812358802,0.014207773825566943,0.00530486211678306,0.0007089583495740523,0.004595903767209008
2022-10-31,150.81088256835938,153.33999633789062,154.24000549316406,151.9199981689453,153.16000366210938,97943200,-0.0154103574587248,-0.0155303311717507,0.6702626167807013,0.4189184028050429,0.3597779342147247,0.312995871834112,0.2894169937159589,0.0277242265384937,0.6025282722148448,0.4226022641366254,0.378918310056184,0.3988916914962463,1.1169077013253295,0.02559375367239621,0.015129825092120935,0.029342195735487752,0.014494976129105377,0.0002411911863042515,0.0006751462776878456,-0.00043395509138359413
2022-11-01,148.16525268554688,150.64999389648438,155.4499969482422,149.1300048828125,155.0800018310547,80379300,-0.0175427318745901,-0.0176984291866961,0.6727751890048835,0.4172917071465392,0.3613413535291018,0.3239871363325293,0.2994038864912838,0.02804665974720732,0.5906771212203825,0.4189184028050429,0.3846011081665098,0.4122432121104465,0.9205262185053722,0.02821044966827484,0.04195149234305527,0.03076899464011985,0.014247072464210378,0.0003132343956764964,0.0006588026853051843,-0.00034556828962868793
2022-11-02,142.63795471191406,145.02999877929688,152.1699981689453,145.0,148.9499969482422,93604600,-0.0373049807160904,-0.0380186159065104,0.7138950849663671,0.4402413264935063,0.3689771766356539,0.3338212234437804,0.3104854979655909,0.03039317488047347,0.4892390453635363,0.4172917071465392,0.3885638122001893,0.4102537881011673,1.0633800144821606,0.041195932944710474,0.04943803509132232,0.03174840644995739,0.014841452622360727,0.0014454151554467655,0.0007308630721483704,0.0007145520832983951
2022-11-03,136.58938598632812,138.8800048828125,142.8000030517578,138.75,142.05999755859375,97918500,-0.042404977923521,-0.0433303230847182,0.7460056265824314,0.4655945811539417,0.3737658481665177,0.33772309598536127,0.3123655095167961,0.03520676830450727,0.3922247854724232,0.4402413264935063,0.3603694293636943,0.4097591657491188,1.0940448890410654,0.050464303238037966,0.029161887308221376,0.03240886890232772,0.014388528285919494,0.0018775168986260632,0.0008225292953828088,0.0010549876032432542
2022-11-04,136.3233642578125,138.3800048828125,142.6699981689453,134.3800048828125,142.08999633789062,140814800,-0.0036002302881678,-0.0036067267143389,0.2628722641365052,0.4468753204954616,0.3737588286948159,0.35680301201473913,0.3376370214336189,0.03712485580019051,0.4222584452521209,0.4655945811539417,0.4226022641366254,0.4186627083483872,1.5265169482214451,0.0595592958003774,0.05990745045249288,0.034101504166515376,0.01554630095546053,1.3008477591925876e-05,0.0007532051606228935,-0.0007401966830309677
2022-11-07,136.85537719726562,138.9199981689453,139.14999389648438,135.6699981689453,137.11000061035156,83374600,0.0039022493646398,0.0038946553390313,0.3285733508743144,0.4470445673414713,0.3705868016335275,0.35731772971319636,0.33715154813651327,0.039499076176198314,0.4481936254552409,0.4468753204954616,0.4189184028050429,0.3874497318584069,0.8996974681933163,0.045580006221503475,0.025050358288278424,0.03417185710844607,0.015499596258982973,1.5168340209845009e-05,0.0007536867774227614,-0.0007385184372129164
2022-11-08,137.42672729492188,139.5,141.42999267578125,137.49000549316406,140.41000366210938,89908500,0.0041750780211595,0.0041663865661884,0.3710962057821247,0.4457993571533508,0.3703682847551608,0.3592004437682,0.33992260495916377,0.039092243730581344,0.48641674764469334,0.4470445673414713,0.4172917071465392,0.3338457175456778,0.963511806753022,0.04807335342611342,0.02824363571768593,0.0344579757992686,0.015325043765214279,1.7358777018915168e-05,0.0007492420643974206,-0.0007318832873785054
2022-11-09,132.8655548095703,134.8699951171875,138.5500030517578,134.58999633789062,138.5,74917800,-0.0331899991599462,-0.0337532859364992,0.3556150140973331,0.4616777236600727,0.3754294871628291,0.3629217371338542,0.3405835979455946,0.038535153197750804,0.4452647982597812,0.4457993571533508,0.4402413264935063,0.3293941482141087,0.800938318454815,0.04402055058369995,0.02936165831715474,0.035130917394293575,0.014752170647007264,0.0011392843115110745,0.0008051410869844387,0.00033414322452663574
2022-11-10,144.68722534179688,146.8699951171875,146.8699951171875,139.5,141.24000549316406,118854000,0.0889745713238387,0.0852364931950366,0.7020894094648469,0.5431047398404611,0.4170715374961289,0.3517700854616007,0.3371143640434873,0.04806459962915739,0.6106594700590782,0.4616777236600727,0.4655945811539417,0.352638932911038,1.2668430629859355,0.04296719138183104,0.05018040009674532,0.03441593541769728,0.013552619102702581,0.007265259772187519,0.0011137547733315015,0.006151504998856017
2022-11-11,147.4751434326172,149.6999969482422,150.00999450683594,144.3699951171875,145.82000732421875,93979700,0.0192687541713107,0.0190854625198009,0.6903494661575063,0.5309663346571443,0.4194937618242569,0.34828158136548376,0.3398142813701425,0.05374036532660136,0.6165902479287656,0.5431047398404611,0.4468753204954616,0.3672065650176709,0.9988476229067165,0.04337786921371856,0.03767534739228105,0.03401252197805523,0.013315698635942425,0.00036425487959472496,0.0010782700158520893,-0.0007140151362573643
2022-11-14,146.0762481689453,148.27999877929688,150.27999877929688,147.42999267578125,148.97000122070312,73374100,-0.0094856259044298,-0.0095309009896464,0.7111123713234883,0.5246125513207275,0.4189202098105525,0.34842205652558245,0.3404989610696754,0.057309839450775814,0.635426630052545,0.5309663346571443,0.4470445673414713,0.3715712203756103,0.7847977018060516,0.0343040014429178,0.01922043516980085,0.03405015719192321,0.013270437559046796,9.083807367444273e-05,0.0010416082239151996,-0.0009507701502407569
2022-11-15,147.81007385253906,150.0399932861328,153.58999633789062,148.55999755859375,152.22000122070312,89868300,0.0118693992536076,0.0117995104163912,0.7071648555902437,0.5251354867755612,0.4176244152889182,0.34389950275823994,0.3336027325062167,0.05947313943259959,0.6380655407113119,0.5246125513207275,0.4457993571533508,0.3678748594855114,0.9660051550630452,0.03739977899812004,0.03352438685933855,0.03360811693910208,0.013125335860252862,0.00013922844606652443,0.001044184079706704,-0.0009049556336401795
2022-11-16,146.57867431640625,148.7899932861328,149.8699951171875,147.2899932861328,149.1300048828125,64218300,-0.0083311120763395,-0.0083660097500062,0.614814926591742,0.5264514848344247,0.4178384311869849,0.3420527735386084,0.3326164581416471,0.06027541683679502,0.6436533736734861,0.5251354867755612,0.4616777236600727,0.3632433558830846,0.6893787665504396,0.04198081339455302,0.017339888080330622,0.03327602996761293,0.013461435607703565,6.99901191371988e-05,0.0010476543298444732,-0.0009776642107072744
2022-11-17,148.47998046875,150.72000122070312,151.47999572753906,146.14999389648438,146.42999267578125,80389400,0.0129713557474175,0.0128879482107004,0.2094739127243164,0.5275573233669153,0.418880024102125,0.34718698765454525,0.333936079792025,0.05996744013001958,0.6346538649117731,0.5264514848344247,0.5431047398404611,0.3630611370411784,0.8556866598742018,0.052334026076677365,0.035363599972705884,0.03391442214737821,0.013229022195730149,0.00016609920908169562,0.0010554238529420343,-0.0008893246438603387
2022-11-18,149.0415496826172,151.2899932861328,152.6999969482422,149.97000122070312,152.30999755859375,74829600,0.0037817944586866,0.0037746614520765,0.1698793360114349,0.5198252273511463,0.4176234618598485,0.34086943587934593,0.3312790295300288,0.05896279838185456,0.6292531665828012,0.5275573233669153,0.5309663346571443,0.3748803796717826,0.8015056347229136,0.031806921385478235,0.018044787155062244,0.033051192619352375,0.013688507754275346,1.424806907779227e-05,0.0010204931467080215,-0.0010062450776302293
2022-11-21,145.81027221679688,148.00999450683594,150.3699951171875,147.72000122070312,150.16000366210938,58724100,-0.0216802096956502,-0.0219186784436433,0.234025185187145,0.5235888574744758,0.4128063065583638,0.3375227893835541,0.32667450283419924,0.05750215931801267,0.6334787541987019,0.5198252273511463,0.5246125513207275,0.378918310056184,0.634866116603098,0.02714996064065812,0.017904155089756343,0.03253121274790669,0.014070530277138442,0.00048042846471583344,0.0010337185904988097,-0.0005532901257829762
2022-11-22,147.947998046875,150.17999267578125,150.4199981689453,146.92999267578125,148.1300048828125,51804100,0.0146611597154344,0.0145547239665041,0.2436661831971589,0.5215519919483993,0.413339601903708,0.3383360797028712,0.32807992591452817,0.05540980495817028,0.626714684709776,0.5235888574744758,0.5251354867755612,0.3846011081665098,0.5670823372320625,0.022080302562715405,0.023238817841059047,0.03266584467381324,0.013962283188940066,0.00021183998974112883,0.001025968772023539,-0.0008141287822824102
2022-11-23,148.82481384277344,151.07000732421875,151.8300018310547,149.33999633789062,149.4499969482422,58301400,0.00592631969532,0.0059088281357819,0.2329386566972203,0.5170265488990715,0.4125151156544365,0.33550384372617514,0.324013183452917,0.052489112603209404,0.6223500340507693,0.5215519919483993,0.5264514848344247,0.3885638122001893,0.6488217518556775,0.01934451631204027,0.016482460928330663,0.032167566633652826,0.01436779412494809,3.49142499382078e-05,0.0010080683941103361,-0.0009731541441721284
2022-11-25,145.90878295898438,148.11000061035156,148.8800048828125,147.1199951171875,148.30999755859375,35195900,-0.0195936093887555,-0.0197881089781016,0.2598732352437231,0.5094725031786403,0.4138616958579247,0.3287633031467038,0.3181129777852277,0.04472008708299053,0.6034101554181236,0.5170265488990715,0.5275573233669153,0.3603694293636943,0.408503527177296,-0.01236858317437885,0.01188312577389856,0.03106282856279905,0.015054303474054571,0.0003915692569292251,0.0009797855094656346,-0.0005882162525364094
2022-11-28,142.0766143798828,144.22000122070312,146.63999938964844,143.3800048828125,145.13999938964844,69246000,-0.0262642588185673,-0.0266153251070282,0.2936825926599293,0.4416114910120661,0.4169856631913304,0.3034767039480576,0.30136799024651334,0.04346909364571774,0.4436292168076802,0.5094725031786403,0.5198252273511463,0.4226022641366254,0.8508728739697853,0.010549329789775647,0.02260431617835791,0.029085303157399944,0.013243928316491167,0.0007083755305528057,0.0007499611801541218,-4.1585649601316114e-05
2022-11-29,139.0719451904297,141.1699981689453,144.80999755859375,140.35000610351562,144.2899932861328,83763800,-0.0211482667171131,-0.021375095027244,0.2922647689948272,0.4441432627802641,0.4182376855363662,0.3090334164710494,0.30532235322143303,0.041697702751290394,0.4357214881509753,0.4416114910120661,0.5235888574744758,0.4189184028050429,1.0383083184605968,0.0413095432984454,0.0315930545648986,0.029908464631038835,0.012836241171104558,0.0004568946874237111,0.0007607463552100947,-0.0003038516677863836
2022-11-30,145.82997131347656,148.02999877929688,148.72000122070312,140.5500030517578,141.39999389648438,111380900,0.0485938988406151,0.0474501227535351,0.489393533567241,0.4767615440133875,0.4298957855140924,0.3196575586864075,0.3104025424124654,0.03829846798799472,0.48863246212426215,0.4441432627802641,0.5215519919483993,0.4172917071465392,1.3546128341535781,0.06676101814683441,0.05519150331904177,0.030570465179838156,0.013795585287266968,0.0022515141493255494,0.0008576603428925474,0.001393853806433002
2022-12-01,146.10581970214844,148.30999755859375,149.1300048828125,146.61000061035156,148.2100067138672,71250400,0.0018915002472865,0.0018897136132848,0.4856618540873149,0.4561256466435144,0.4294352343515668,0.30481902009370976,0.2948961735865966,0.037321924614051816,0.5675962819839331,0.4767615440133875,0.5170265488990715,0.4402413264935063,0.8784880867204048,0.04051922817602295,0.01699146594257979,0.028948136722401024,0.013361000451808665,3.5710175402338945e-06,0.0007855681359972208,-0.0007819971184569869
2022-12-02,145.61326599121094,147.80999755859375,148.0,145.64999389648438,145.9600067138672,65447400,-0.0033713168918532,-0.0033770125855744,0.4649183307586723,0.4255072200796432,0.4290764571704472,0.300527861090035,0.29169367243321354,0.03984781937356807,0.7028585278828833,0.4561256466435144,0.5094725031786403,0.4655945811539417,0.8234225657318929,0.03414264982190421,0.015898830541445974,0.02828498388406226,0.013675282345094155,1.1404214003127896e-05,0.0006922625017660741,-0.0006808582877629462
2022-12-05,144.45079040527344,146.6300048828125,150.9199981689453,145.77000427246094,147.77000427246094,68826400,-0.0079831722838198,-0.0080152084175727,0.414921644093433,0.4267170223553544,0.427405249460113,0.2819749905646667,0.2705890696484538,0.04124619163466491,0.6984962347840759,0.4255072200796432,0.4416114910120661,0.4468753204954616,0.9070100069534921,0.014820028689090187,0.03512237417300967,0.0270457300700881,0.01162870339635083,6.424356597712826e-05,0.0006948242561853342,-0.0006305806902082059
2022-12-06,140.78607177734375,142.91000366210938,147.3000030517578,141.9199981689453,147.07000732421875,64727200,-0.0253699863385816,-0.0256973531702283,0.4319115727652027,0.438562110888065,0.4224594269897789,0.2878998087802987,0.27336589918635124,0.04174880766311308,0.6500054631101632,0.4267170223553544,0.4441432627802641,0.4470445673414713,0.8636008643853835,0.03223775604864648,0.03764610415610069,0.02767551736347921,0.011853851011920028,0.0006603539599554424,0.000727083537172614,-6.672957721717159e-05
2022-12-07,138.8453369140625,140.94000244140625,143.3699951171875,140.0,142.19000244140625,69721100,-0.0137849077756719,-0.0138808018978019,0.1684619523823484,0.4417282003942076,0.4054767891111761,0.2860590685206772,0.27035267541528,0.04198139822499002,0.6425077200563548,0.438562110888065,0.4767615440133875,0.4457993571533508,0.9429288853903034,0.032177008246482966,0.023910849005331372,0.027458878027861483,0.011882479826664898,0.00019267666132602085,0.0007358494313879693,-0.0005431727700619484
2022-12-08,140.52992248535156,142.64999389648438,143.52000427246094,141.10000610351562,142.36000061035156,62128300,0.0121327616394006,0.0120597496516727,0.2204369328738234,0.4241773048589916,0.4058049507973706,0.2816426119517787,0.2702368626118951,0.044057054187025074,0.6980475538614926,0.4417282003942076,0.4561256466435144,0.4616777236600727,0.8475717829589345,0.035068527000241184,0.01696458655793152,0.026839024439900317,0.012099365840291889,0.0001454375616610198,0.0006861570938954666,-0.0005407195322344468
2022-12-09,140.0471954345703,142.16000366210938,145.57000732421875,140.89999389648438,142.33999633789062,76097000,-0.0034349124103753,-0.0034408252659857,0.2203570460602583,0.2917265707509481,0.4041539605876565,0.26853118700580747,0.2654361825207151,0.06018401018973955,0.2052809318267621,0.4241773048589916,0.4255072200796432,0.5431047398404611,1.0693237153170994,0.016987406396319987,0.03285040311925018,0.025972524591025566,0.010900987008228611,1.1839278511045562e-05,0.0003234860692116429,-0.00031164679070059734
2022-12-12,142.3425750732422,144.49000549316406,144.5,141.05999755859375,142.6999969482422,70462700,0.0163899955756381,0.0162571294162539,0.2785253952603053,0.2892248653572337,0.4051751612416751,0.26090823717200645,0.2597336443669428,0.07149354125794814,0.21545267224590628,0.2917265707509481,0.4267170223553544,0.5309663346571443,1.006785180621428,0.02374958008266076,0.023807891969171522,0.025279151819870088,0.010552907043215563,0.0002642942568568279,0.0003184880380747481,-5.419378121792023e-05
2022-12-13,143.30804443359375,145.47000122070312,149.97000122070312,144.24000549316406,149.5,93886200,0.006782446468835,0.0067595491536866,0.1939181226000076,0.2892085864508809,0.4020070878201444,0.27074696476532933,0.26680201161155737,0.0796544763524608,0.22707692140207145,0.2892248653572337,0.438562110888065,0.5246125513207275,1.32209085817224,0.051333578373159015,0.039389535158150364,0.026287606819287563,0.01090139618045759,4.569150476110523e-05,0.0003162307096290812,-0.00027053920486797597
2022-12-14,141.08164978027344,143.2100067138672,146.66000366210938,141.16000366210938,145.35000610351562,82291200,-0.0155358114241515,-0.0156577568049292,0.2041232154730109,0.2895685771315577,0.401607514856161,0.27368728814043297,0.27082184431073775,0.08530117767783636,0.1995729796353112,0.2892085864508809,0.4417282003942076,0.5251354867755612,1.1650272663937786,0.033918752306040786,0.03840513750543263,0.026531644351592266,0.011124275998252725,0.0002451653481623067,0.00032152755473387033,-7.636220657156363e-05
2022-12-15,134.47134399414062,136.5,141.8000030517578,136.02999877929688,141.11000061035156,98931900,-0.0468543146378991,-0.0479875167468691,0.3953811726327468,0.3316243446810349,0.4110013036167736,0.28526666251680205,0.27743930037987136,0.08591423665310924,-0.05587228616689729,0.2895685771315577,0.4241773048589916,0.5264514848344247,1.3670244333825017,0.058300497765756895,0.0422710935711424,0.027778204626132858,0.011432650476052292,0.0023028017635310424,0.0004331681369535625,0.0018696336265774799
2022-12-16,132.5109100341797,134.50999450683594,137.64999389648438,133.72999572753906,136.69000244140625,160156900,-0.0145787948217147,-0.0146861097428572,0.3938103058565702,0.3270706343411089,0.4117322599895362,0.2816726069750053,0.2773956519338367,0.08553996633072981,-0.06936023568981758,0.3316243446810349,0.2917265707509481,0.5275573233669153,2.0974303819640543,0.0766527742757559,0.02914280223798607,0.027467164739396865,0.011299262735845444,0.00021568181937924518,0.00043564726746843997,-0.0002199654480891948
2022-12-19,130.40269470214844,132.3699951171875,135.1999969482422,131.32000732421875,135.11000061035156,79592600,-0.0159095939115488,-0.016037510044085,0.3106157622724085,0.3270279337491691,0.4118441339727815,0.2858558828518928,0.2800289336448945,0.08446734474189163,-0.07606207244413372,0.3270706343411089,0.2892248653572337,0.5198252273511463,1.0391116336164283,0.05495913786716744,0.029311700288184438,0.02803051039605297,0.011083575744912751,0.0002572017284141273,0.00044779495043525676,-0.00019059322202112948
2022-12-20,130.333740234375,132.3000030517578,133.25,129.88999938964844,131.38999938964844,77432800,-0.0005287608069164,-0.0005289006502098,0.2772377399980236,0.3225921241402175,0.4117568696883083,0.288515210040731,0.2851563252599918,0.08211845982688783,-0.06388435852977623,0.3270279337491691,0.2892085864508809,0.5235888574744758,0.998717823211798,0.06436380345691753,0.025396829424388433,0.02840514411278458,0.010847394957238278,2.7973589779234917e-07,0.0004237875139943547,-0.00042350777809656233
2022-12-21,133.43692016601562,135.4499969482422,136.80999755859375,132.75,132.97999572753906,85928000,0.0238094771264067,0.0235304518127299,0.413113718780878,0.3314844676024785,0.4147543144926221,0.29130903049255474,0.28780325214164393,0.07816166747797876,-0.03164781079100785,0.3225921241402175,0.2895685771315577,0.5215519919483993,1.0844236453270355,0.07574129331502245,0.029974142857641748,0.028741910363613715,0.010782920631524898,0.0005536821625112039,0.0004408796226328584,0.00011280253987834554
2022-12-22,130.26480102539062,132.22999572753906,134.55999755859375,130.3000030517578,134.35000610351562,77852100,-0.0237726193669354,-0.0240597477426903,0.2973770479568295,0.3352576719802897,0.4166637832598509,0.29718958448403104,0.2948943326994788,0.07302104928007862,-0.049229981047568434,0.3314844676024785,0.3316243446810349,0.5170265488990715,0.9705315427332772,0.06477103964155244,0.03221655179974209,0.029528614907184288,0.010408895794224453,0.000578871461441891,0.0004680774832080426,0.0001107939782338484
2022-12-23,129.90029907226562,131.86000061035156,132.4199981689453,129.63999938964844,130.9199981689453,63814900,-0.0027981178941416,-0.0028020399439634,0.2882329864919699,0.3318402005346704,0.4043424320761677,0.2995409302846005,0.2977709481301541,0.06713536727750072,-0.04809014245837813,0.3352576719802897,0.3270706343411089,0.5094725031786403,0.7815962126665205,0.07557130200893446,0.02108295742779356,0.029988606489879034,0.009771847640378724,7.851427847566415e-06,0.00044889159175395967,-0.00044104016390639325
2022-12-27,128.0974578857422,130.02999877929688,131.41000366210938,128.72000122070312,131.3800048828125,69007800,-0.0138783696540573,-0.0139755746385674,0.283125112378344,0.324276802341275,0.4006452727238061,0.2989511595713902,0.2964047318541334,0.06585564784971824,-0.127159180638542,0.3318402005346704,0.3270279337491691,0.4416114910120661,0.8453214541119506,0.03126776905052035,0.02068755261600869,0.029892768311761575,0.009857108790536176,0.0001953166864781683,0.00042323864955022783,-0.00022792196307205954
2022-12-28,124.16680145263672,126.04000091552734,131.02999877929688,125.87000274658205,129.6699981689453,85438400,-0.030685210345513,-0.0311658595225129,0.3402028380513622,0.3325201830678164,0.3999309188120907,0.3037432071855427,0.30043563556820774,0.063596396140457,-0.14363307846178466,0.324276802341275,0.3225921241402175,0.4441432627802641,1.0455182173091082,0.03268988359681085,0.04093935254866497,0.030360083210949896,0.010158889459926667,0.0009713107997770082,0.0004489594551678926,0.0005223513446091155
2022-12-29,127.68372344970705,129.61000061035156,130.47999572753906,127.7300033569336,127.98999786376952,75703700,0.0283243388518923,0.0279306219915652,0.367606373927505,0.2964232483549449,0.4007344561467511,0.28251331828675524,0.2871537750587044,0.05887661346151426,-0.4266142768518696,0.3325201830678164,0.3314844676024785,0.4767615440133875,0.9470675181100608,0.010507867593827085,0.02121743968563669,0.02866138002927964,0.008491898064995599,0.0007801196448357056,0.0003753897299434005,0.0004047299148923051
2022-12-30,127.9989776611328,129.92999267578125,129.9499969482422,127.43000030517578,128.41000366210938,77034200,0.0024688840669917,0.0024658413797227,0.3458948730136782,0.2966502066397804,0.4007532430494723,0.28326057700607404,0.28700454087035754,0.054625755185667556,-0.41371605306621345,0.2964232483549449,0.3352576719802897,0.4561256466435144,0.960238352493841,0.02940160534940115,0.019395034134686975,0.028781558438884997,0.00833358372592746,6.08037370995275e-06,0.00037551519775188647,-0.00036943482404193373
2023-01-03,123.21121215820312,125.06999969482422,130.89999389648438,124.16999816894533,130.27999877929688,112117500,-0.0374047044940911,-0.0381222094033704,0.4235209371396405,0.3165875671160752,0.4074511120110424,0.30287458103389336,0.30161889887498755,0.051368706636801015,-0.4526967113529115,0.2966502066397804,0.3318402005346704,0.4255072200796432,1.3580527376389402,0.05624511284210877,0.05380983244551456,0.03067710853408843,0.009481592568392094,0.0014533028497944224,0.0004476101295414511,0.0010056927202529713
2023-01-04,124.4820327758789,126.36000061035156,128.66000366210938,125.08000183105467,126.88999938964844,89113600,0.0103142313798272,0.0102614026433682,0.445630853914386,0.3234194550386937,0.4016846071119077,0.299789607618336,0.29766293361657636,0.04700984953275396,-0.4242938302441294,0.3165875671160752,0.324276802341275,0.4267170223553544,1.0663105023153414,0.04340481488032774,0.028331764907900955,0.030337578070832993,0.009435504020904322,0.00010529638420932388,0.00044966277045306087,-0.000344366386243737
2023-01-05,123.16193389892578,125.0199966430664,127.7699966430664,124.76000213623048,127.12999725341795,80962700,-0.0106046530611949,-0.0106612831116503,0.3924935592881534,0.3164907135791984,0.4020064356921756,0.2935389538295083,0.29343803247258915,0.03998984930340759,-0.4121883595369957,0.3234194550386937,0.3325201830678164,0.438562110888065,0.9594592224468049,0.041809422057522784,0.02407610452453853,0.029659078089254887,0.009369969497713114,0.00011366295758675992,0.00042232822033462676,-0.0003086652627478668
2023-01-06,127.6935577392578,129.6199951171875,130.2899932861328,124.88999938964844,126.01000213623048,87754700,0.0367941017248156,0.0361333576768668,0.433577602659308,0.3494858401948996,0.409079983805632,0.30288051193364424,0.3005425739305865,0.030167988853999052,-0.22564859928325015,0.3164907135791984,0.2964232483549449,0.4417282003942076,1.0289538556207067,0.0421462943962417,0.0416601920992384,0.03054654524395024,0.009633720602352163,0.0013056195370043887,0.00047797536411854516,0.0008276441728858435
2023-01-09,128.21571350097656,130.14999389648438,133.41000366210938,129.88999938964844,130.47000122070312,70790800,0.0040888659100604,0.0040805292152036,0.4343034431660427,0.345693401618164,0.4091546150252652,0.3060582147813335,0.30495763275050813,0.01940900774262608,-0.21504838125170564,0.3494858401948996,0.2966502066397804,0.4241773048589916,0.8258522067906356,0.03792589570688551,0.027045750576527843,0.031050603444880052,0.009136587375105327,1.6650718676130107e-05,0.00047153602196930067,-0.00045488530329317056
2023-01-10,128.7870635986328,130.72999572753906,131.25999450683594,128.1199951171875,130.25999450683594,63896200,0.0044564107434073,0.0044465103476397,0.2714032979068791,0.3471703165157614,0.4031336035897572,0.3024965664037827,0.2998984431817414,0.019356869475313083,-0.35459420692433585,0.345693401618164,0.3165875671160752,0.2917265707509481,0.7507621599713166,0.021814377788262913,0.024018966513183918,0.030609031614576742,0.009257634897010909,1.9771454271666925e-05,0.0004719326307573318,-0.00045216117648566486
2023-01-11,131.50607299804688,133.49000549316406,133.50999450683594,130.4600067138672,131.25,69458900,0.0211122914084482,0.0208925149258153,0.2850329288764422,0.351158443935574,0.4003422255438255,0.30214725765548034,0.2983433519785694,0.01892472822294953,-0.33261995232131536,0.3471703165157614,0.3234194550386937,0.2892248653572337,0.8166038675493636,0.029869348383421895,0.022848061034239284,0.03056104006783013,0.009297151159423167,0.0004364971799254151,0.0004805427769107612,-4.4045596985346075e-05
2023-01-12,131.42727661132812,133.41000366210938,134.25999450683594,131.44000244140625,133.8800048828125,71379600,-0.0005993095195339,-0.0005994891772679,0.2427176492781199,0.3491449935803418,0.395656935018151,0.29401354164691484,0.2930205052107304,0.017790745691453915,-0.33121405337975335,0.351158443935574,0.3164907135791984,0.2892085864508809,0.8504362263080907,0.01463075931624383,0.021137785683388085,0.029648452594092017,0.009280717002790281,3.593872736613437e-07,0.0004782761710363889,-0.00047791678376272757
2023-01-13,132.75718688964844,134.75999450683594,134.9199981689453,131.66000366210938,132.02999877929688,57809700,0.010119112567793,0.0100682571350294,0.1309498289143949,0.3500129386779747,0.3957388600796469,0.2872685427377478,0.2818825726012669,0.016102211871207684,-0.34102306461164117,0.3491449935803418,0.3494858401948996,0.2895685771315577,0.6989542231574977,0.011300341299813537,0.024191114868816418,0.028937751462261206,0.009117662258285855,0.00010136980173707042,0.0004710863937151271,-0.00036971659197805666
2023-01-17,133.91964721679688,135.94000244140625,137.2899932861328,134.1300048828125,134.8300018310547,63646600,0.0087563667458478,0.0087182521021514,0.1267732320423987,0.3088953521671245,0.3962322727999706,0.2777493843841462,0.2775684557057855,0.01679091593244931,-0.1130677763297279,0.3500129386779747,0.345693401618164,0.3316243446810349,0.7862984287336824,0.006237853133747334,0.023245463782320817,0.027986469972820123,0.008632950748403676,7.600791971666729e-05,0.0003597467015244083,-0.000283738781807741
2023-01-18,133.2005157470703,135.2100067138672,138.61000061035156,135.02999877929688,136.82000732421875,69672800,-0.0053699846581487,-0.0053844548521581,0.1619189992958533,0.3048501053502316,0.3963089219868218,0.276519642473105,0.2769032649413081,0.017649639592514824,-0.12075037178037099,0.3088953521671245,0.3471703165157614,0.3270706343411089,0.9117044432388324,-0.019971039159644204,0.026477343785883574,0.027853197050215002,0.008634734195663796,2.8992354054928902e-05,0.00035041222825819254,-0.00032141987420326363
2023-01-19,133.2596435546875,135.27000427246094,136.25,133.77000427246094,134.0800018310547,58280400,0.0004437360817584,0.0004436376600177,0.1040458343307938,0.2987160752994512,0.392107367613849,0.27229307401820085,0.2740855621686753,0.018831651928206777,-0.11997159082355012,0.3048501053502316,0.351158443935574,0.3270279337491691,0.7734135476758803,-0.0029950036420005933,0.018333670800688772,0.027304295575840222,0.008882514905002926,1.9681437338598035e-07,0.00033756198255615547,-0.0003373651681827695
2023-01-20,135.8209991455078,137.8699951171875,138.02000427246094,134.22000122070312,135.27999877929688,80223600,0.0192207493354525,0.0190383640816834,0.1490754840379181,0.3053172037866593,0.3929698605691484,0.27335238467193784,0.27277375807017396,0.019413942331848708,-0.09402302460092395,0.2987160752994512,0.3491449935803418,0.3225921241402175,1.06264432379076,0.017187320758385766,0.027562219383034468,0.027412565073772516,0.008871230857464324,0.0003624593069067327,0.00035567096110660244,6.78834580013026e-06
2023-01-23,139.01283264160156,141.11000061035156,143.32000732421875,137.89999389648438,138.1199951171875,81760300,0.023500439601888,0.0232285556275546,0.191681917267668,0.3050374065979879,0.3939653363913517,0.2781208613963301,0.2783290381650743,0.019898852373501155,-0.1296936484964138,0.3053172037866593,0.3500129386779747,0.3314844676024785,1.0859971501977295,0.012659550638117373,0.03840984624966952,0.027834350243373905,0.009194095529583758,0.0005395657965423984,0.00035496514280816216,0.00018460065373423627
2023-01-24,140.4117431640625,142.52999877929688,143.16000366210938,140.3000030517578,140.30999755859375,66435100,0.01006305834316,0.0100127629073755,0.1916934834307973,0.2899654924090811,0.3927092517439388,0.2729441892315449,0.27119050063728767,0.021142242146395165,-0.12740515918777304,0.3050374065979879,0.3088953521671245,0.3352576719802897,0.8891793255912545,0.00798674537992743,0.020065955481976688,0.027226820427485636,0.009290229379864727,0.0001002554210393147,0.0003310343407880334,-0.0002307789197487187
2023-01-25,139.7516632080078,141.86000061035156,142.42999267578125,138.80999755859375,140.88999938964844,65799300,-0.0047007519447381,-0.0047118352259719,0.1884422086858191,0.2906164014733289,0.3877530796647017,0.2747084259014266,0.27368541175038097,0.022137245927309385,-0.13266007722151943,0.2899654924090811,0.3048501053502316,0.3318402005346704,0.8795017048546672,0.016523532791177048,0.025518081923110805,0.027448576652251498,0.009188230729787548,2.220139119670967e-05,0.0003317518389554906,-0.0003095504477587809
2023-01-26,141.82046508789062,143.9600067138672,144.25,141.89999389648438,143.1699981689453,54105100,0.0148033701852556,0.0146948697714283,0.1711747387526181,0.2853184166580917,0.358059061647002,0.27339855497004256,0.2725441020197736,0.023428731952058916,-0.162301850458861,0.2906164014733289,0.2987160752994512,0.324276802341275,0.7304673092012924,0.00356854741573861,0.01632402051902139,0.027230400047402133,0.009406437821925039,0.00021593919759923725,0.000332782964511544,-0.00011684376691230674
2023-01-27,143.7611541748047,145.92999267578125,147.22999572753906,143.0800018310547,143.16000366210938,70555800,0.0136842586137799,0.0135914746418463,0.1620993121577092,0.2521988325626739,0.3580933693195046,0.26669526447645875,0.26720351472872256,0.027389479170313293,-0.1365397369342782,0.2853184166580917,0.3053172037866593,0.3325201830678164,0.9622334965290843,0.006866202281840439,0.028438251934299684,0.02660534501668387,0.008846200579396465,0.000184728182939951,0.00029345383366969117,-0.00010872565072974017
2023-01-30,140.87472534179688,143.0,145.5500030517578,142.85000610351562,144.9600067138672,64015300,-0.0200780704641775,-0.0202823742298003,0.2379978458962102,0.2579570348847897,0.3586521154156313,0.26581510055189045,0.26573665571194044,0.02993282233897984,-0.05929625635662252,0.2521988325626739,0.3050374065979879,0.2964232483549449,0.8800489850167602,0.007928129799068605,0.018881097540155156,0.026488527909409792,0.008936064068288764,0.00041137470439766725,0.0002750165866477892,0.00013635811774987804
2023-01-31,142.1455535888672,144.2899932861328,144.33999633789062,142.27999877929688,142.6999969482422,65874500,0.0090209320708587,0.0089804865188852,0.2360941708304987,0.2581728463348601,0.3507044972895828,0.2642990686164304,0.2637768632141534,0.03214216399248007,-0.05650349400737424,0.2579570348847897,0.2899654924090811,0.2966502066397804,0.9126088168724814,0.008501527708419342,0.01427678740346666,0.026232615572848776,0.009218718684203146,8.064913811587881e-05,0.0002787450248680855,-0.0001980958867522067
2023-02-01,143.2686004638672,145.42999267578125,146.61000061035156,141.32000732421875,143.97000122070312,77663600,0.0079007515606974,0.0078697040483223,0.2288184630286989,0.201002322159134,0.3392486138929478,0.25165577484021207,0.2610491255060308,0.04030810334585071,0.1484711784540887,0.2581728463348601,0.2906164014733289,0.3165875671160752,1.1022378251014442,-0.005321570535213438,0.03637484392869508,0.025360866147007805,0.00704075980402705,6.193224180818039e-05,0.00020917649446877343,-0.00014724425266059304
2023-02-02,148.57855224609375,150.82000732421875,151.17999267578125,148.1699981689453,148.89999389648438,118339000,0.037062606889171,0.036392300510034,0.320420725277163,0.2255906364477846,0.3468637828232639,0.2480919457678765,0.2548802102380422,0.04368935751192511,0.31479473838427025,0.201002322159134,0.2853184166580917,0.3234194550386937,1.6453980189429542,0.03112417887942684,0.019957527918463315,0.02494215429753592,0.007103509533095775,0.0013243995364126207,0.00027013165207893827,0.0010542678843336825
2023-02-03,152.20379638671875,154.5,157.3800048828125,147.8300018310547,148.02999877929688,154357300,0.0243998972090642,0.0241069750006511,0.3375126516310883,0.2193852261504504,0.3499358186117933,0.2770843764937871,0.2802280564811471,0.04698924674540061,0.30787726136858484,0.2255906364477846,0.2521988325626739,0.3164907135791984,2.0420082144775833,0.05091577001444184,0.061812317487105584,0.026828964945664273,0.010872938180898689,0.0005811462436820171,0.00029350581638370115,0.00028764042729831596
2023-02-06,149.47496032714844,151.72999572753906,153.10000610351562,150.77999877929688,152.57000732421875,69858300,-0.0179288302424656,-0.0180914989589644,0.3246645563574821,0.2200708406183291,0.3522505929261423,0.26399364619937493,0.2691530906466046,0.04796065812495281,0.1160857717877452,0.2193852261504504,0.2579570348847897,0.3494858401948996,0.9352334412059744,0.01935001043055627,0.015290367030555894,0.025510473692230147,0.010574548561436085,0.00032730233458220994,0.0002445899562625922,8.271237831961774e-05
2023-02-07,152.35159301757812,154.64999389648438,155.22999572753906,150.63999938964844,150.63999938964844,83322600,0.0192446994738517,0.0190618622856037,0.3269287407414872,0.223049973537845,0.3463175570994954,0.26558903142695084,0.2651124415958924,0.04807840453053107,0.13563374604237144,0.2200708406183291,0.2581728463348601,0.345693401618164,1.106208354188047,0.038652397529938036,0.02967989989681447,0.025642181158244477,0.010611018530697148,0.00036335459379532067,0.0002619251500185517,0.00010142944377676896
2023-02-08,149.6621551513672,151.9199981689453,154.5800018310547,151.1699981689453,153.8800048828125,64120100,-0.0176527373765459,-0.0178104052131651,0.3994093299994006,0.2417834336974381,0.3025083730591859,0.26482935959165355,0.262658164098675,0.04632395847749707,-0.0027875328292189397,0.223049973537845,0.201002322159134,0.3471703165157614,0.8511454239821266,0.03199911395213976,0.0224460485993241,0.02556353526255149,0.010629495469853862,0.0003172105338571386,0.0002767971039978253,4.041342985931334e-05
2023-02-09,148.6277313232422,150.8699951171875,154.3300018310547,150.4199981689453,153.77999877929688,56007100,-0.0069115525566959,-0.0069355479636618,0.3211493341106426,0.2415341963999939,0.3003964194654723,0.2658952042782318,0.2634215402200338,0.04347443157206972,-0.030675410852292303,0.2417834336974381,0.2255906364477846,0.351158443935574,0.7501489560087384,0.021319785338746407,0.02591637693812013,0.02571695105774553,0.01061036552217322,4.810182555625334e-05,0.00025737733627936724,-0.0002092755107231139
2023-02-10,148.99281311035156,151.00999450683594,151.33999633789062,149.22000122070312,149.4600067138672,57450700,0.000927947200765,0.0009275169239235,0.2449543413642988,0.2410310890076493,0.2997237369381469,0.26373634449787503,0.2595147775148349,0.03987530158255731,-0.030905923384619408,0.2415341963999939,0.2193852261504504,0.3491449935803418,0.7767296524322496,0.021225934318548863,0.014038773553438754,0.025362000451248062,0.01088675813087587,8.602876441645116e-07,0.00025740238129789235,-0.00025654209365372785
2023-02-13,151.79489135742188,153.85000610351562,154.25999450683594,150.9199981689453,150.9499969482422,62199000,0.0188067790211801,0.0186321180283736,0.2557442978134827,0.2447442141981603,0.3011666394927034,0.26270826228066524,0.25859970695605367,0.034834675664083964,-0.01566676290908978,0.2410310890076493,0.2200708406183291,0.3500129386779747,0.8384385785002425,0.034863880944006546,0.021709432599198986,0.025237916337767192,0.01091491227856342,0.0003471558222232446,0.0002696916823222011,7.746413990104351e-05
2023-02-14,151.15357971191406,153.1999969482422,153.77000427246094,150.86000061035156,152.1199951171875,61707600,-0.0042249537178183,-0.0042339040535092,0.2120162649455932,0.2475762601971596,0.300770678632103,0.2611710722135057,0.25659501995044476,0.03302683338948151,-0.01594296745644504,0.2447442141981603,0.223049973537845,0.3088953521671245,0.8329030418475483,0.02942048428121949,0.018994802350371483,0.025025383266169727,0.01099682750870836,1.7925943534321632e-05,0.00026678758351308376,-0.0002488616399787621
2023-02-15,153.25509643554688,155.3300018310547,155.5,152.8800048828125,153.11000061035156,65573800,0.0139034264049764,0.0138076604015739,0.178569959519151,0.2452574587184811,0.3009385047770301,0.257702894422965,0.2510371848738666,0.031185602582279797,-0.01912169491883836,0.2475762601971596,0.2417834336974381,0.3048501053502316,0.8875426057008822,0.02781905170438374,0.01686728311531953,0.024544880232641522,0.011139079701392024,0.00019065148576519192,0.00027487054009859695,-8.421905433340503e-05
2023-02-16,151.65675354003906,153.7100067138672,156.3300018310547,153.35000610351562,153.50999450683594,68167900,-0.0104293767983695,-0.0104841438723421,0.193927747721993,0.2520671992017296,0.3016940395848993,0.2579935198672447,0.2521888476718819,0.029415823710111737,-0.051287590744057865,0.2452574587184811,0.2415341963999939,0.2987160752994512,0.9165210119284508,0.03797269593104363,0.01938712899210496,0.024597553142212333,0.011110617543661692,0.00010991727273596838,0.00028035656301672607,-0.0001704392902807577
2023-02-17,150.5122528076172,152.5500030517578,153.0,150.85000610351562,152.35000610351562,59144100,-0.0075467023059125,-0.0075753227479862,0.2103665981524314,0.2520572344494947,0.2986056700232692,0.252841202093054,0.24838009238488618,0.026652595194662877,-0.07420594984335195,0.2520671992017296,0.2410310890076493,0.3053172037866593,0.8066260403905605,0.012528351503391178,0.014093699465577304,0.023924127146339475,0.011327521832689943,5.738551473615719e-05,0.00026510287340819735,-0.00020771735867204015
2023-02-21,146.49661254882812,148.47999572753906,151.3000030517578,148.41000366210938,150.1999969482422,58867200,-0.0266798246004482,-0.0270421909044121,0.2320495185440767,0.2667319567251882,0.3023900212809398,0.24262106198776606,0.23719147161721843,0.023678710035704396,-0.16085795664687208,0.2520572344494947,0.2447442141981603,0.3050374065979879,0.815581774932781,0.011336501660523251,0.01946389731147076,0.02297682969942954,0.010833798016325214,0.0007312800889106686,0.00027468858802661084,0.00045659150088405776
2023-02-22,146.92086791992188,148.91000366210938,149.9499969482422,147.16000366210938,148.8699951171875,51011300,0.0028960664530148,0.0028918809316494,0.2428671688151584,0.265281647003654,0.3021932852999636,0.2421102372940237,0.23898881675595857,0.02194542710306924,-0.1475568528645726,0.2667319567251882,0.2475762601971596,0.2899654924090811,0.7143741410153461,0.014035970560716888,0.01873610380443994,0.022910337115552702,0.01085666070557731,8.362975322837402e-06,0.00027009396574078693,-0.00026173099041794953
2023-02-23,147.404296875,149.39999389648438,150.33999633789062,147.24000549316406,150.08999633789062,48394200,0.0032905125399556,0.0032851106503145,0.1967913830333096,0.2640381861394197,0.2995059617226632,0.23995457580514856,0.2362220390080415,0.01984179262746658,-0.14694155910682127,0.265281647003654,0.2452574587184811,0.2906164014733289,0.6860851563494053,0.011949266730187263,0.020749604895395582,0.022671913264166937,0.010848735225657921,1.0791951984809758e-05,0.00026952349378019195,-0.0002587315417953822
2023-02-24,144.75025939941406,146.7100067138672,147.19000244140625,145.72000122070312,147.11000061035156,55469600,-0.018005269695533,-0.0181693369307999,0.2105167957358606,0.2697622420280543,0.2967705102983901,0.23834843154452096,0.23419473057060172,0.01844376279644724,-0.15435655914665272,0.2640381861394197,0.2520671992017296,0.2853184166580917,0.7856333019143842,0.028145705010876577,0.010019774749040202,0.02235670097566788,0.011130800687371612,0.00033012480450492915,0.00027523277412547654,5.4892030379452604e-05
2023-02-27,145.94410705566406,147.9199981689453,149.1699981689453,147.4499969482422,147.7100067138672,44998500,0.0082475045989058,0.0082136797857891,0.2456755523310339,0.2670808279640324,0.2937260147356613,0.23174571065105198,0.22874004633264927,0.01906205354884033,-0.0995470329041039,0.2697622420280543,0.2520572344494947,0.2521988325626739,0.6490753217158921,0.003504570638755805,0.011627915373137331,0.021516184147609762,0.011281078621851515,6.746453562348048e-05,0.000269369591759653,-0.0002019050561361725
2023-02-28,145.44091796875,147.41000366210938,149.0800018310547,146.8300018310547,147.0500030517578,50547000,-0.0034477725334572,-0.0034537297979819,0.1623184941113557,0.2560158640773057,0.2772423551432514,0.23057266413063918,0.2290045965178246,0.0189985627304671,-0.07138240155948862,0.2670808279640324,0.2667319567251882,0.2579570348847897,0.7362607126465344,0.014304760087393948,0.015263550261876464,0.021335306783695825,0.011354316079985698,1.1928249517468097e-05,0.0002493972690156431,-0.000237469019498175
2023-03-01,143.36895751953125,145.30999755859375,147.22999572753906,145.00999450683594,146.8300018310547,55479000,-0.0142460216494479,-0.014348470370965,0.1786155645490285,0.2603534873354091,0.2787453019675501,0.23081107797173114,0.22949104777269114,0.01908353269693504,-0.0807835151160926,0.2560158640773057,0.265281647003654,0.2581728463348601,0.8142643246801023,0.01773123505442295,0.015277690854051167,0.02138535195622505,0.011323732190600408,0.0002058786019864605,0.0002556587422091722,-4.97801402227117e-05
2023-03-02,143.96095275878906,145.91000366210938,146.7100067138672,143.89999389648438,144.3800048828125,52238100,0.0041291453691869,0.0041206438431033,0.1811072513357311,0.2592555340435314,0.2788199589514529,0.22098893485142343,0.21556653373651985,0.016208316988004044,0.0064351501921599405,0.2603534873354091,0.2640381861394197,0.201002322159134,0.7812750981041425,0.00586224873479742,0.019258534348954515,0.02052953647723802,0.010764222866868638,1.6979705681705133e-05,0.0002534111154028484,-0.00023643140972114327
2023-03-03,149.01255798339844,151.02999877929688,151.11000061035156,147.3300018310547,148.0399932861328,70732300,0.0350900897038157,0.0344884661213861,0.2887313409555425,0.255792003153113,0.2872215903664072,0.2234157421662521,0.21637204497417659,0.015383440557465091,-0.566652776629758,0.2592555340435314,0.2697622420280543,0.2255906364477846,1.0969260782244301,-0.0026228344270903315,0.02502813222438452,0.020783066692534085,0.010809659430655205,0.0011894542954059967,0.0002466638533525172,0.0009427904420534795
2023-03-06,151.77516174316406,153.8300018310547,156.3000030517578,153.4600067138672,153.7899932861328,87558000,0.0185393833966025,0.0183696239750355,0.3027335429201458,0.2493712768894514,0.2842416171494692,0.18339509046354324,0.1820822590730366,0.01364186822737566,-0.5551459712062193,0.255792003153113,0.2670808279640324,0.2193852261504504,1.4320359449886757,-0.005947176017388617,0.01846191447757817,0.018615546542057715,0.004856636576647825,0.000337443084984199,0.0002344786954176263,0.00010296438956657267
2023-03-07,149.574951171875,151.60000610351562,154.02999877929688,151.1300048828125,153.6999969482422,56182000,-0.0144964941883585,-0.0146025950018373,0.3372988733314957,0.246343640756158,0.2844092798615412,0.1849754973176554,0.18217628104073758,0.011605275337488213,-0.5300673368538107,0.2493712768894514,0.2560158640773057,0.2200708406183291,0.9292654523958209,0.0035067931522118566,0.019129246568131395,0.018807490518936487,0.004793755131983321,0.0002132357807876837,0.00022877536772789993,-1.5539586940216225e-05
2023-03-08,150.82798767089844,152.8699951171875,153.47000122070312,151.8300018310547,152.80999755859375,47204800,0.0083772359006681,0.0083423416030681,0.2875252764999682,0.2381189140063388,0.2839054498180702,0.17506101469690177,0.1777592788360226,0.009969527915046216,-0.5844177263914127,0.246343640756158,0.2603534873354091,0.223049973537845,0.8048200408455787,-0.014119463378706615,0.010728065951668555,0.017859898821679192,0.004387367585086564,6.959466342228084e-05,0.00021408737120924803,-0.0001444927077869672
2023-03-09,148.57843017578125,150.58999633789062,154.5399932861328,150.22999572753906,153.55999755859375,53833600,-0.0149146258397474,-0.0150269672916779,0.3401179170953161,0.2356394573251773,0.2856935334502432,0.17894403178012064,0.18013113554514365,0.010424430646726556,-0.5176248471733169,0.2381189140063388,0.2592555340435314,0.2417834336974381,0.9259577466072704,0.004424840647429607,0.02862074283422565,0.01816863353342427,0.004912859301665887,0.00022580974598515743,0.0002095173318156489,1.629241416950853e-05
2023-03-10,146.51632690429688,148.5,150.94000244140625,147.61000061035156,150.2100067138672,68572400,-0.0138787196275717,-0.0139759295375634,0.249023880487946,0.2395070772916559,0.2854980190660121,0.17688978355241672,0.1804780159728394,0.010549882611661895,-0.5371176742896869,0.2356394573251773,0.255792003153113,0.2415341963999939,1.1668609807057773,0.02444047011020683,0.02242425475457702,0.017994027424247112,0.004679521917140757,0.0001953266064389371,0.0002168785708597831,-2.1551964420845997e-05
2023-03-13,148.46006774902344,150.47000122070312,153.13999938964844,147.6999969482422,147.80999755859375,84457100,0.0132660014862162,0.0131787786406336,0.2216900897489415,0.2445680320469788,0.2864050118736888,0.19060636678381018,0.19629063711867073,0.010370311692172661,-0.4724806997372764,0.2395070772916559,0.2493712768894514,0.2410310890076493,1.4048817407757805,0.03473413460137119,0.036153401988925894,0.01909975884602147,0.006094547148423517,0.0001736802064588204,0.00022551956680051593,-5.183936034169553e-05
2023-03-14,150.5516815185547,152.58999633789062,153.39999389648438,150.10000610351562,151.27999877929688,73695900,0.0140891546486929,0.0139908250205877,0.2316374202921974,0.2403517738377606,0.2856772915310815,0.1905322230036192,0.19972870688128774,0.010597881399945663,-0.5596547667395507,0.2445680320469788,0.246343640756158,0.2447442141981603,1.2142661305364224,0.02423082653542898,0.02162650155427855,0.01909561229377545,0.006092706086532717,0.00019574318475670282,0.00021794893492718882,-2.2205750170486e-05
2023-03-15,150.9463653564453,152.99000549316406,153.25,149.9199981689453,151.19000244140625,77167900,0.0026214638237991,0.0026180337806909,0.2241189704150212,0.2401368931991307,0.266768997002467,0.19192953658218043,0.2004850274250941,0.010915148593204159,-0.5569134386887927,0.2403517738377606,0.2381189140063388,0.2475762601971596,1.2554825136722707,0.026981475260156224,0.02176613969206949,0.01923417916086035,0.006121737885720544,6.8541008768386875e-06,0.0002173953427943147,-0.000210541241917476
2023-03-16,153.7681884765625,155.85000610351562,156.4600067138672,151.63999938964844,152.16000366210938,76161100,0.0186940356079623,0.0185214496914352,0.2068100299104689,0.2442964899202403,0.2666307992365034,0.19993607727776563,0.2067795613005906,0.010950241131041519,-0.4745188654470831,0.2401368931991307,0.2356394573251773,0.2452574587184811,1.2285217464242566,0.02319645413838105,0.030927219348437493,0.01993717597251625,0.006622444777071172,0.00034304409867236507,0.00022501497343967335,0.00011802912523269172
2023-03-17,152.92953491210938,155.0,156.74000549316406,154.27999877929688,156.0800018310547,98944600,-0.0054540010922492,-0.0054689284568553,0.1551677176450298,0.242034509596165,0.2643702908807637,0.19856569187196016,0.20438765251692056,0.01119048807399343,-0.4424305698527453,0.2442964899202403,0.2395070772916559,0.2520671992017296,1.5573749268784765,0.036175892681018076,0.01587101105720766,0.019761370075771383,0.006684198620836306,2.990917846620169e-05,0.000221014568726185,-0.0001911053902599833
2023-03-20,155.29747009277344,157.39999389648438,157.82000732421875,154.14999389648438,155.07000732421875,73641400,0.0154838315902217,0.0153651802869548,0.1599629624965796,0.2456574674147208,0.2655630128043142,0.20256872124785538,0.20718631100894747,0.011275034888165588,-0.3929292202517307,0.242034509596165,0.2445680320469788,0.2520572344494947,1.1460305208083688,0.03000814789228066,0.023316477573359976,0.020222508981160518,0.006590084378604811,0.00023608876525062436,0.00022994973125190833,6.139033998716037e-06
2023-03-21,157.15235900878906,159.27999877929688,159.39999389648438,156.5399932861328,157.32000732421875,73938300,0.0119441229714971,0.0118733548858573,0.1564735946015716,0.2233799127460105,0.2627538962549864,0.2020729032041807,0.20627048248899393,0.012315204166307428,-0.2217773516350386,0.2456574674147208,0.2403517738377606,0.2667319567251882,1.1373136277501061,0.030443822153926735,0.017955805074524548,0.020147104369313208,0.0066078253770204135,0.00014097655624551142,0.00020043455461865047,-5.9457998373139054e-05
2023-03-22,155.7217254638672,157.8300018310547,162.13999938964844,157.80999755859375,159.3000030517578,75701800,-0.009103446505241,-0.0091451360797971,0.2007416793851094,0.2278635002627959,0.2580007652161701,0.20630114740029354,0.21100535096779843,0.012606205630720506,-0.25781077974607014,0.2233799127460105,0.2401368931991307,0.265281647003654,1.1427397447207284,0.03830893182598064,0.027434592794908747,0.020582028818836647,0.00679371670804395,8.363351391800666e-05,0.00020419808154840892,-0.00012056456763040226
2023-03-23,156.8070526123047,158.92999267578125,161.5500030517578,157.67999267578125,158.8300018310547,67622100,0.0069694660835397,0.0069452916119076,0.1706509541304495,0.2283136231310496,0.2578459364976557,0.20798830757302567,0.21352671166790954,0.012667111730376181,-0.25191507132097285,0.2278635002627959,0.2442964899202403,0.2640381861394197,1.0061723228623687,0.03553761680077112,0.02435040932690044,0.02076206904041189,0.006845903376466441,4.823707557443407e-05,0.00020607033772789018,-0.0001578332621534561
2023-03-24,158.10939025878906,160.25,160.33999633789062,157.85000610351562,158.86000061035156,59196500,0.008305589788276,0.0082712881766099,0.1496418002087071,0.214531722961633,0.2555696652198873,0.2095579168582014,0.21486947097371933,0.013154423772810385,-0.1939142016788057,0.2283136231310496,0.242034509596165,0.2697622420280543,0.8783694955101091,0.02199752730815165,0.015538160588923556,0.021037988332406058,0.0064922268157332035,6.841420810052673e-05,0.00019298480790767007,-0.00012457059980714333
2023-03-27,156.16571044921875,158.27999877929688,160.77000427246094,157.8699951171875,159.94000244140625,52390300,-0.0122932993491614,-0.0123694869958576,0.1753484267883803,0.2220076045446361,0.2474597750504124,0.2116815548542057,0.21653874195248546,0.012650560465243514,-0.2659674839446038,0.214531722961633,0.2456574674147208,0.2670808279640324,0.7731378132765552,0.025687301090579838,0.01832201906519575,0.02137269351700898,0.0061448208241671595,0.0001530042085406903,0.00019726179155353055,-4.4257583012840255e-05
2023-03-28,155.54412841796875,157.64999389648438,158.49000549316406,155.97999572753906,157.97000122070312,45992200,-0.0039803189769477,-0.0039882615294608,0.1480747049185561,0.2222339753449297,0.2427648528869777,0.21193441246197375,0.2169022946441204,0.012749605613062525,-0.3113193931565095,0.2220076045446361,0.2233799127460105,0.2560158640773057,0.6810080687970336,0.013415907987934211,0.015921407312410773,0.021405586369535694,0.0061120712633582035,1.5906230027377e-05,0.00019746069057902598,-0.00018155446055164899
2023-03-29,158.62245178222656,160.77000427246094,161.0500030517578,159.35000610351562,159.3699951171875,51305700,0.0197907421298424,0.0195974514743959,0.1946642801807465,0.2190052334556302,0.2450522724047522,0.21066304974668787,0.21553772907808708,0.012451646671761763,-0.2764274529459065,0.2222339753449297,0.2278635002627959,0.2603534873354091,0.7620397254852654,0.014313803151829646,0.010574092822446906,0.02117040646795548,0.00644186490131382,0.000384060104291302,0.00020636976569426806,0.00017769033859703397
2023-03-30,160.1912078857422,162.36000061035156,162.47000122070312,161.27000427246094,161.52999877929688,49501700,0.0098898817916059,0.0098412969800883,0.1987568002650631,0.2196219719813156,0.2294315222734962,0.20719313461218372,0.21180057341731912,0.011849196226800926,-0.26771070104308353,0.2190052334556302,0.2283136231310496,0.2592555340435314,0.7367422391893673,0.015476548805197249,0.007390964176712866,0.020577027959343398,0.007136380692942394,9.685112625029509e-05,0.00021036333672269755,-0.00011351221047240247
2023-03-31,162.697265625,164.89999389648438,165.0,161.91000366210938,162.44000244140625,68749800,0.015644205941022,0.0155230968221709,0.2140336609827903,0.1951984888306315,0.2302625613663599,0.20405065360898983,0.2095578422497391,0.013819356274476335,-0.34920010151889713,0.2196219719813156,0.214531722961633,0.255792003153113,1.0247267660602353,0.017216575701395558,0.018738607957926087,0.020262551746020478,0.0070681651443409285,0.00024096653495049228,0.00016293894869992234,7.802758625056994e-05
2023-04-03,163.95033264160156,166.1699981689453,166.2899932861328,164.22000122070312,164.27000427246094,56976200,0.0077016635504436,0.0076721571418405,0.1427303586214081,0.1886220640375364,0.2281841647493836,0.20204360421866382,0.20528328310363875,0.0162429440993416,-0.34770638288318373,0.1951984888306315,0.2220076045446361,0.2493712768894514,0.869046091952673,-0.0032399970373468865,0.012457074611778736,0.019962309752730504,0.007273240374195843,5.886199520909419e-05,0.00014900989421116708,-9.014789900207289e-05
2023-04-04,163.4175262451172,165.6300048828125,166.83999633789062,165.11000061035156,166.60000610351562,46278300,-0.0032496436906968,-0.0032549352496523,0.138316963114137,0.177887253957469,0.2191390336588032,0.1991823168826238,0.20323617257006923,0.01929364680022828,-0.3137282535898169,0.1886220640375364,0.2222339753449297,0.246343640756158,0.7112452574543446,0.0052892265052567776,0.01044494159595708,0.01952809450412179,0.007578417867086569,1.0594603479429081e-05,0.00013887783534575435,-0.00012828323186632527
2023-04-05,161.57252502441406,163.75999450683594,165.0500030517578,161.8000030517578,164.74000549316406,51511700,-0.0112902875134227,-0.0113545066352627,0.1717617736963437,0.1857034675402515,0.2214118863462442,0.20235226615373578,0.20711579132485883,0.020969202810184037,-0.3736750964548841,0.177887253957469,0.2190052334556302,0.2381189140063388,0.7890652129923242,0.018932888053154955,0.019846116933426822,0.0199839970532097,0.007289934022701993,0.0001289248209302247,0.00014184434322115155,-1.291952229092686e-05
2023-04-06,162.4605255126953,164.66000366210938,164.9600067138672,162.0,162.42999267578125,45390100,0.0054959036728343,0.0054808563016689,0.1645547052977197,0.1724488711746707,0.2214343623646337,0.19697832490941802,0.2021721749412752,0.023540240819746594,-0.38669440074147904,0.1857034675402515,0.2196219719813156,0.2356394573251773,0.6998191713798487,0.0059696171354816415,0.01797647666728631,0.019451783744862734,0.007009359770125351,3.003978579954369e-05,0.00013205584521187088,-0.00010201605941232718
2023-04-10,159.86561584472656,162.02999877929688,162.02999877929688,160.0800018310547,161.4199981689453,47716900,-0.0159723358697926,-0.0161012683716106,0.1638264411576881,0.1755996631123435,0.2222476906924592,0.19288590399553013,0.19806709721774063,0.024997895436763985,-0.3906345725619401,0.1724488711746707,0.1951984888306315,0.2395070772916559,0.7477147931475291,-0.005156488996831565,0.012034789624965085,0.018932310488382138,0.0071608237248202275,0.0002592508431746278,0.00013525205704865542,0.0001239987861259724
2023-04-11,158.65203857421875,160.8000030517578,162.36000061035156,160.50999450683594,162.35000610351562,47644200,-0.0075911605061137,-0.0076201200156408,0.1306762558433606,0.1772578704407118,0.2232278458704399,0.17848414576652502,0.18142940536947466,0.02554148366977416,-0.4589719344710602,0.1755996631123435,0.1886220640375364,0.2445680320469788,0.7687482649627475,-0.016815097123292044,0.01150501286321587,0.017699891032096633,0.006080564963186516,5.806622905276954e-05,0.00012947135817835284,-7.14051291255833e-05
2023-04-12,157.96141052246094,160.10000610351562,162.05999755859375,159.77999877929688,161.22000122070312,50133100,-0.0043532147696344,-0.0043627175976451,0.1291333259862709,0.1745552230804653,0.2232662809617364,0.17498475760579812,0.17699487897444527,0.026079397170379787,-0.4631505168958606,0.1772578704407118,0.177887253957469,0.2403517738377606,0.8245820455689515,-0.00783232338849238,0.014241091145385089,0.017330620511651965,0.006053750239475807,1.9033304836802236e-05,0.00012063586418235782,-0.00010160255934555558
2023-04-13,163.3484649658203,165.55999755859375,165.8000030517578,161.4199981689453,161.6300048828125,68445600,0.0341036305242103,0.0335349940083643,0.3040170700635484,0.2066164230493968,0.2316763209902435,0.17799926515033362,0.17514262981604117,0.02508656994112156,0.11756573396077254,0.1745552230804653,0.1857034675402515,0.2401368931991307,1.1339171877443588,0.008075931862114716,0.026455695502546513,0.017565098302175817,0.006319574909845109,0.0011245958231410294,0.00017652295029556736,0.000948072872845462
2023-04-14,163.0031280517578,165.2100067138672,166.32000732421875,163.82000732421875,164.58999633789062,49386500,-0.0021139819394035,-0.0021162195532967,0.3036142893647017,0.2001968411939372,0.2312503666368094,0.16815615772389994,0.16934358958642898,0.023637729349795668,0.10555612626475071,0.2066164230493968,0.1724488711746707,0.2442964899202403,0.8367281762217834,-0.005194533123212197,0.015132255301761682,0.016775350099842025,0.005494982953518215,4.478385197755285e-06,0.00015959466462183689,-0.0001551162794240816
2023-04-17,163.02285766601562,165.22999572753906,165.38999938964844,164.02999877929688,165.08999633789062,41516200,0.0001209915432451,0.0001209842243587,0.2667783838073976,0.198063496001899,0.2312685707166426,0.16567760402731424,0.16661743414300093,0.022098312784933398,0.1065647493039908,0.2001968411939372,0.1755996631123435,0.242034509596165,0.7393548182582504,-0.028120040222523478,0.008230954702644767,0.01639334728211388,0.005817271272386935,1.4637182543676259e-08,0.000158099937557654,-0.0001580853003751103
2023-04-18,164.24632263183594,166.47000122070312,167.41000366210938,165.64999389648438,166.10000610351562,49923000,0.0075047238711354,0.0074767035335506,0.246419055885639,0.1935632297620433,0.2291191617189857,0.15950166099003962,0.16135600544664855,0.01985339849247174,0.08405250511685977,0.198063496001899,0.1772578704407118,0.2456574674147208,0.908252208956044,-0.005208768584315343,0.01057253410656019,0.01575615010877389,0.005716108283729549,5.590109572860802e-05,0.00014909055408155318,-9.318945835294515e-05
2023-04-19,165.3908233642578,167.6300048828125,168.16000366210938,165.5399932861328,165.8000030517578,47720200,0.0069682444500704,0.0069440784329072,0.22600080122892,0.1912763618636567,0.2254221030770216,0.15834051596558407,0.16026178918234968,0.019248678693133157,0.14509706420894936,0.1935632297620433,0.1745552230804653,0.2233799127460105,0.8893878783761583,-0.007616551106548519,0.015629722004769794,0.01563984595528615,0.005692612725878627,4.8220225282366915e-05,0.00014445273753339595,-9.623251225102903e-05
2023-04-20,164.4239044189453,166.64999389648438,167.8699951171875,165.55999755859375,166.08999633789062,52456400,-0.0058462742813449,-0.0058634306427064,0.0920111895842831,0.1889546183503204,0.2256215619856436,0.15038116782801922,0.15046789490243712,0.018170173012203732,0.1753307747976051,0.1912763618636567,0.2066164230493968,0.2278635002627959,0.9993059052725958,-0.0038466307641678798,0.013861371996380741,0.014961184915359752,0.0049765040242243895,3.4379818901828384e-05,0.00014199005278258702,-0.00010761023388075863
2023-04-21,162.81568908691406,165.02000427246094,166.4499969482422,164.49000549316406,165.0500030517578,58337300,-0.0097809161939478,-0.0098290635622305,0.1216399204810351,0.1933096569008434,0.2265721626338287,0.14345841470518897,0.14079198731985698,0.016678962405823006,0.1398800990215115,0.1889546183503204,0.2001968411939372,0.2283136231310496,1.121254571644689,0.007095412590821998,0.011877296111579453,0.014337529254593705,0.00449631522353822,9.661049051036733e-05,0.00014440872352938368,-4.7798233019016347e-05
2023-04-24,163.1215362548828,165.3300018310547,165.60000610351562,163.88999938964844,165.0,41949600,0.0018785453312795,0.0018767830716432,0.1225941497284774,0.1918326115962509,0.2251487425192806,0.1412682267242051,0.1389527193448917,0.01610190051181373,0.17183709182864187,0.1933096569008434,0.198063496001899,0.214531722961633,0.8198685657049325,-0.000720316345897598,0.010342990957047151,0.014077770772999881,0.004572719405304985,3.5223146980064848e-06,0.00014116412885925767,-0.0001376418141612512
2023-04-25,161.5823974609375,163.77000427246094,166.30999755859375,163.72999572753906,165.19000244140625,48714100,-0.0094356592349637,-0.0094804570884507,0.1174964940671985,0.1893076698122891,0.225174575218708,0.13986349980160995,0.1375769660266652,0.014789599978748954,0.2272930187346583,0.1918326115962509,0.1935632297620433,0.2220076045446361,0.9555074256940232,0.013091154635492586,0.015753811832125188,0.013949360411346357,0.004482428724180849,8.987906660595511e-05,0.00013800787176252092,-4.8128805156565807e-05
2023-04-26,161.57252502441406,163.75999450683594,165.27999877929688,162.8000030517578,163.05999755859375,45498800,-6.112087295517821e-05,-6.11227409118481e-05,0.0852221659218698,0.1882515560036385,0.2204209418384978,0.13943602631154264,0.13672090783216584,0.013119611700964881,0.23202895216545466,0.1893076698122891,0.1912763618636567,0.2222339753449297,0.8928726669161543,0.015897168359657394,0.015144087754812048,0.01391049443346642,0.004467775681361654,3.735989456576909e-09,0.0001372127470606249,-0.00013720901107116832
2023-04-27,166.160400390625,168.41000366210938,168.55999755859375,165.19000244140625,165.19000244140625,64902300,0.0283952693652498,0.0279995964041222,0.2448895490485411,0.2006794868296396,0.2262667120193207,0.1441670528473211,0.1382424955031417,0.01164450459693785,0.35183057720680827,0.1882515560036385,0.1889546183503204,0.2190052334556302,1.2568806451113141,0.031443735223754425,0.020010658772675487,0.014382322730977847,0.004593401226067089,0.0007839773987937328,0.00015720861178574643,0.0006267687870079863
2023-04-28,167.41342163085938,169.67999267578125,169.85000610351562,167.8800048828125,168.49000549316406,55275900,0.0075410544864065,0.0075127628783707,0.2214944396360565,0.1996899742461573,0.2262322252623079,0.145440350084675,0.13967448954190864,0.009708103559171696,0.34977902201943517,0.2006794868296396,0.1933096569008434,0.2196219719813156,1.064506605610913,0.025785754480292595,0.011610097275683741,0.014593279385926392,0.004345617556406398,5.644160606662481e-05,0.0001551881357765629,-9.87465297099381e-05
2023-05-01,167.3246307373047,169.58999633789062,170.4499969482422,168.63999938964844,169.27999877929688,52472900,-0.000530388624324,-0.0005305293301251,0.2246596230398009,0.1935248807164597,0.215032831705769,0.14158626044102288,0.13805330040565028,0.009663060924000377,0.5249052580726923,0.1996899742461573,0.1918326115962509,0.1951984888306315,1.0266165014737598,0.0038084339142072433,0.010672784938254944,0.014189988234942835,0.004314828164411382,2.814613701229873e-07,0.00014315388209754448,-0.00014287242072742149
2023-05-02,166.2886505126953,168.5399932861328,170.35000610351562,167.5399932861328,170.08999633789062,48425700,-0.006191420923589,-0.0062106672526557,0.2121524654500284,0.1938332978898281,0.2106241990472491,0.14349525684653544,0.14159427613690082,0.009712050533496797,0.5495569787182174,0.1935248807164597,0.1893076698122891,0.1886220640375364,0.9554258128745935,0.008514610143590529,0.016672676689930874,0.014400768338850442,0.004328663869302378,3.85723877232099e-05,0.00014213940172325023,-0.00010356701400004034
2023-05-03,165.2132110595703,167.4499969482422,170.9199981689453,167.16000366210938,169.5,65136000,-0.006467285993302,-0.0064882894934303,0.2275744370768481,0.1950460954531192,0.20734300092531,0.149485019134695,0.14807773590628084,0.009372290859792588,0.5453118602228925,0.1938332978898281,0.1882515560036385,0.177887253957469,1.2616452465313037,0.0351561979919046,0.02245443162353792,0.015001242840229481,0.004576891737285864,4.2097900550558015e-05,0.00014371456657680668,-0.00010161666602624868
2023-05-04,163.57540893554688,165.7899932861328,167.0399932861328,164.30999755859375,164.88999938964844,81235400,-0.0099134290376993,-0.0099628942601636,0.1086802642272373,0.1939795489767224,0.2054520004831501,0.14758853325641413,0.14551647617124255,0.00933265821863595,0.6063460107302945,0.1950460954531192,0.2006794868296396,0.1857034675402515,1.5294533400886132,0.04186022455144781,0.01646658928821736,0.01483226645796901,0.004449211617924047,9.925926203920082e-05,0.00014223128863225548,-4.297202659305466e-05
2023-05-05,171.25146484375,173.57000732421875,174.3000030517578,170.75999450683594,170.97999572753906,113453200,0.0469269217271672,0.0458591316751219,0.3706378592710285,0.2517575318891242,0.2211766687747855,0.14901610869782075,0.14685653585449135,0.015734095803351715,0.8280868766913372,0.1939795489767224,0.1996899742461573,0.1724488711746707,2.007411376702989,0.06763207734568862,0.020395277960145175,0.014953206522611954,0.004570400797514995,0.002103059957996169,0.00024588229724208674,0.0018571776607540823
2023-05-08,171.18240356445312,173.5,173.85000610351562,172.11000061035156,172.47999572753906,55962800,-0.0004033376808469,-0.0004034190433678,0.3705295325198912,0.2422497012890618,0.2204255516542171,0.14832201233616374,0.1455361207388451,0.018289694233476907,0.8556995012958752,0.2517575318891242,0.1935248807164597,0.1755996631123435,0.9830200391853356,0.03973234879385689,0.010028850104692002,0.0148529095465983,0.0046589678370286295,1.627469245517909e-07,0.00023292789242958294,-0.00023276514550503116
2023-05-09,169.47552490234375,171.77000427246094,173.5399932861328,171.60000610351562,173.0500030517578,45326900,-0.0099711569310608,-0.0100212018648303,0.3784106946769751,0.2438456736106095,0.2218603258994792,0.14824616750553055,0.14604531243663532,0.020234626929693442,0.8524565991997806,0.2422497012890618,0.1938332978898281,0.1772578704407118,0.7978178462390912,0.030305875493210333,0.011294097539521436,0.014842363780413578,0.004667176263732992,0.00010042448681567828,0.00023504580531772838,-0.00013462131850205012
2023-05-10,171.24160766601562,173.55999755859375,174.02999877929688,171.89999389648438,173.02000427246094,53724500,0.0104208723386507,0.0103669493414251,0.3683347261890698,0.2433116080079689,0.21987494114707,0.14749168018944486,0.1456337477563946,0.021227476229710822,0.8390495015887538,0.2438456736106095,0.1950460954531192,0.1745552230804653,0.9426481228056031,0.0369572835385099,0.012272441304301192,0.014743931288359383,0.004701160802341963,0.00010747363864767432,0.000239467822008272,-0.0001319941833605977
2023-05-11,171.42904663085938,173.75,174.58999633789062,172.1699981689453,173.85000610351562,49514700,0.0010947363682816,0.0010941375813929,0.343462004749309,0.2169703612304685,0.2194996019082064,0.1392185821539629,0.14397380394507828,0.02139547489557923,0.7522976743714826,0.2433116080079689,0.1939795489767224,0.2066164230493968,0.8834555946460286,0.014775450218720076,0.01392804701551259,0.014117548864007687,0.0038083736838935476,1.197137047016305e-06,0.0001832978877035713,-0.00018210075065655502
2023-05-12,170.50035095214844,172.57000732421875,174.05999755859375,171.0,173.6199951171875,45533100,-0.0067913247526978,-0.0068144907433985,0.1252523265777162,0.2189038195677931,0.2188684629733677,0.14060230383571914,0.14544735295152791,0.021560523745081134,0.7406539979220849,0.2169703612304685,0.2517575318891242,0.2001968411939372,0.8152171869670811,0.024677634811206762,0.017731919967093293,0.014247532097274269,0.00388835392519953,4.643728409186385e-05,0.00018539583264827675,-0.00013895854855641292
2023-05-15,170.00633239746094,172.07000732421875,173.2100067138672,171.47000122070312,173.16000366210938,37266700,-0.0028973748552992,-0.0029015803710935,0.1255624061564506,0.2195427597985879,0.2176055373960713,0.14114684156278068,0.14552332278937916,0.021657234220865438,0.7388188155864703,0.2189038195677931,0.2422497012890618,0.198063496001899,0.6697647752867802,0.023568350488605172,0.010112195147905697,0.014341594119537313,0.003755637752018039,8.419168649915094e-06,0.00018581605922164533,-0.00017739689057173023
2023-05-16,170.00633239746094,172.07000732421875,173.13999938964844,171.8000030517578,171.99000549316406,42110300,0.0,0.0,0.1013106479168839,0.2186841759341548,0.2167516716998133,0.1403179921541118,0.1444876159967959,0.021535045072128393,0.7544208567434068,0.2195427597985879,0.2438456736106095,0.1935632297620433,0.7621657878866638,0.0199421911514025,0.007787506717343072,0.014202342750076457,0.003949376452978788,0.0,0.00018302100443521493,-0.00018302100443521493
2023-05-17,170.61891174316406,172.69000244140625,172.92999267578125,170.4199981689453,171.7100067138672,57951600,0.0036031562201266,0.003596680403677,0.0634677961840332,0.2179317616131706,0.2081370682160918,0.13978554821396993,0.1452541048071385,0.021219387771702004,0.7623690584228385,0.2186841759341548,0.2433116080079689,0.1912763618636567,1.0392592429200962,0.040957682383863145,0.014534683371074589,0.014147590818391698,0.003936114810656337,1.2936109926194147e-05,0.0001812567986674063,-0.00016832068874121216
2023-05-18,172.95059204101562,175.0500030517578,175.24000549316406,172.5800018310547,173.0,65496700,0.0136661102379236,0.013573571100223,0.1231992302881326,0.2201469970146949,0.2093667052803219,0.1404659772877711,0.14402367242829822,0.02072549816134645,0.748187086568084,0.2179317616131706,0.2169703612304685,0.1889546183503204,1.1609920689610858,0.04250504255162236,0.015195679038765168,0.01421430617051092,0.003942311272325168,0.000184241832412809,0.00018874989934295532,-4.5080669301463124e-06
2023-05-19,173.0592803955078,175.16000366210938,176.38999938964844,174.94000244140625,176.38999938964844,55809500,0.0006283953638037,0.0006281980061119,0.1009025733408677,0.2154855063634294,0.2094055483518753,0.13929358848190893,0.1415978772526501,0.020281673185622046,0.7742744354807939,0.2201469970146949,0.2189038195677931,0.1933096569008434,0.9914984596637634,0.02950434842221114,0.008278128099604801,0.014034347769912183,0.004132180759440905,3.9463273488296673e-07,0.0001839391064541811,-0.00018354447371929814
2023-05-22,172.1107940673828,174.1999969482422,174.7100067138672,173.4499969482422,173.97999572753906,43570900,-0.0054807415722545,-0.0054958159407207,0.1115475387041192,0.2175659835955686,0.2055996277818629,0.138387741816913,0.140402679660526,0.019692624324737264,0.7664123137631803,0.2154855063634294,0.2195427597985879,0.1918326115962509,0.7729571697969277,0.03258537259966336,0.007233121628580571,0.013878854303488859,0.004332073991500215,3.0203992854279757e-05,0.0001852731903619948,-0.00015506919750771502
2023-05-23,169.50245666503906,171.55999755859375,173.3800048828125,171.27999877929688,173.1300048828125,50747300,-0.0151549910212273,-0.0152710014816473,0.1700903353861856,0.222744296214313,0.2086003229254168,0.1368033002030641,0.13808442988208516,0.01888562824977555,0.723446748241543,0.2175659835955686,0.2186841759341548,0.1893076698122891,0.8986473707809138,0.032758034246091985,0.01224065127885304,0.013703196275825249,0.004323263660287593,0.00023320348625247402,0.00019243941134432073,4.0764074908153293e-05
2023-05-24,169.7790985107422,171.83999633789062,172.4199981689453,170.52000427246094,171.08999633789062,45143500,0.0016320749783249,0.0016307445912884,0.1675933456202597,0.2225849689254393,0.2082434631503764,0.13503478913172198,0.135635694911043,0.017787075142339313,0.7228653061121819,0.222744296214313,0.2179317616131706,0.1882515560036385,0.799665279052068,0.030536929153127425,0.011056761737520052,0.013498829974960649,0.004348101223000066,2.6593279220163706e-06,0.0001925721909409487,-0.0001899128630189323
2023-05-25,170.91531372070312,172.99000549316406,173.89999389648438,171.69000244140625,172.41000366210938,56058300,0.0066923253013353,0.0066700311037727,0.1335073117526297,0.2019824357276197,0.2053915415358232,0.13085981501898086,0.13644488703022736,0.017724795755650537,0.6650922819217361,0.2225849689254393,0.2201469970146949,0.2006794868296396,1.0008481400772833,0.02130284437503217,0.012775255129785263,0.013137059792816139,0.0040698880990415725,4.448931492529527e-05,0.00015559778674752682,-0.00011110847182223155
2023-05-26,173.32603454589844,175.42999267578125,175.77000427246094,173.11000061035156,173.32000732421875,54835000,0.0141047870116033,0.0140062400778853,0.1785893495579754,0.2058911225459117,0.2066366291101264,0.13252370837683292,0.13694214289742063,0.01744914593611243,0.6650599398988657,0.2019824357276197,0.2154855063634294,0.1996899742461573,0.9793931816659597,0.027627818141890702,0.015162764482498882,0.013314693153156896,0.004077257762546321,0.00019617476111936043,0.0001625844445001636,3.3590316619196825e-05
2023-05-30,175.17359924316406,177.3000030517578,178.99000549316406,176.57000732421875,176.9600067138672,55964400,0.0106595819075965,0.0106031691015581,0.1821640288446284,0.2080967107602427,0.1966836664936195,0.1337411365577395,0.13856727348989398,0.0166690102327952,0.6596114990601344,0.2058911225459117,0.2175659835955686,0.1935248807164597,0.9964580978779302,0.031193097878505122,0.013649171614728405,0.013463512486980567,0.004029795863482903,0.0001124271949962364,0.00016819173118146928,-5.576453618523288e-05
2023-05-31,175.1242218017578,177.25,179.35000610351562,176.75999450683594,177.3300018310547,99625300,-0.0002820251037627,-0.0002820648803211,0.0948863159332512,0.2059631080095228,0.1940221769648186,0.13263113015533937,0.1385565599072397,0.015927402024903274,0.6660648692118579,0.2080967107602427,0.222744296214313,0.1938332978898281,1.6965206573437923,0.07405730894926565,0.01461219518578103,0.013360488411773078,0.003969318496358321,7.956059671055645e-08,0.00016626708982514434,-0.00016618752922843377
2023-06-01,177.93014526367188,180.08999633789062,180.1199951171875,176.92999267578125,177.6999969482422,68901800,0.0160225463350669,0.0158955401847396,0.1022797396616221,0.2082917184755538,0.1926953086070547,0.12958965222754767,0.13395598743078044,0.015128416356927975,0.662617995260811,0.2059631080095228,0.2225849689254393,0.1950460954531192,1.169579604829915,0.04138423686001635,0.017713379456241785,0.01312343580340827,0.0035129705207137623,0.0002526681977646714,0.00017679560468584997,7.587259307882143e-05
2023-06-02,178.7798309326172,180.9499969482422,181.77999877929688,179.25999450683594,181.02999877929688,61996900,0.0047753935689909,0.0047640275475754,0.10627660605208,0.2020017833184567,0.1924006007900478,0.1282384758512395,0.13268205128063046,0.014501234042182861,0.6704089048210816,0.2082917184755538,0.2019824357276197,0.1939795489767224,1.0698404322233415,0.024015258503688058,0.01392652287903461,0.012996432482949133,0.00343069697129782,2.2695958474057275e-05,0.0001729674395075928,-0.00015027148103353554
2023-06-05,177.42626953125,179.5800018310547,184.9499969482422,178.0399932861328,182.6300048828125,121946500,-0.0075711253953729,-0.007599931855572,0.145556788559361,0.1341131373895592,0.1900472952484704,0.1453296959738695,0.15429175152257665,0.022615697263385914,0.21052042678119917,0.2020017833184567,0.2058911225459117,0.2517575318891242,2.0890430700409692,0.052534225817700245,0.03847869245825139,0.013900603207854445,0.006496461050880412,5.775896420933807e-05,7.070238981825126e-05,-1.2943425608913192e-05
2023-06-06,177.0607147216797,179.2100067138672,180.1199951171875,177.42999267578125,179.97000122070312,64848400,-0.0020603358581964,-0.0020624612699972,0.1407590276729855,0.1345870332359114,0.1870645295381315,0.1472746868181735,0.15708901061734784,0.027829032809521394,0.19880206822015617,0.1341131373895592,0.2080967107602427,0.2422497012890618,1.1025149096081233,0.05445971337591156,0.015010336145465358,0.01414967750989311,0.006435413504355442,4.253746490238464e-06,7.09069397965356e-05,-6.665319330629713e-05
2023-06-07,175.6873779296875,177.82000732421875,181.2100067138672,177.32000732421875,178.44000244140625,61944600,-0.0077562599049938,-0.0077864961370425,0.1579383296111143,0.132236820747735,0.1871899233449256,0.15249776954530742,0.16448964483920567,0.03141828227554507,0.2267004404142252,0.1345870332359114,0.2059631080095228,0.2438456736106095,1.0384764331637315,0.0617234509930652,0.021876050103607363,0.014678775138097408,0.00662062170301825,6.062952209217778e-05,6.891719156036057e-05,-8.287669468182791e-06
2023-06-08,178.4044189453125,180.57000732421875,180.83999633789065,177.4600067138672,177.89999389648438,50214900,0.0154650764072117,0.015346710907507,0.1546120507571832,0.137622037963864,0.1875569188497083,0.15551242370414328,0.165260964207451,0.03318224240442789,0.2661256594815065,0.132236820747735,0.2082917184755538,0.2433116080079689,0.8443165604073846,0.0429921820812386,0.018718444298197294,0.015001075287792213,0.006654127882389098,0.00023552153567859432,7.531958641190657e-05,0.00016020194926668775
2023-06-09,178.7897186279297,180.9600067138672,182.22999572753903,180.6300048828125,181.5,48900000,0.0021598237460787,0.0021574946797505,0.1511870702355647,0.1375830360002972,0.1875612655955315,0.15379260075912454,0.16288691337504785,0.03547131560226075,0.2681666521720947,0.137622037963864,0.2020017833184567,0.2169703612304685,0.8226328676149038,0.04560086110796859,0.008841682058823248,0.014746757039957745,0.0067930464426999805,4.654783293151713e-06,7.549246872421335e-05,-7.083768543106164e-05
2023-06-12,181.5857696533203,183.7899932861328,183.88999938964844,180.97000122070312,181.2700042724609,54274900,0.0156387404247855,0.0155177154780836,0.1662019718086425,0.1413220602733086,0.1865842551471745,0.15292767572419805,0.15942309562646434,0.03683182901075619,0.3221972416032838,0.1375830360002972,0.1341131373895592,0.2189038195677931,0.9063887792953869,0.05511729305720407,0.01588768853372405,0.014654545468289282,0.006762841924321424,0.00024079949365875532,8.521057920255791e-05,0.0001555889144561974
2023-06-13,181.11154174804688,183.30999755859372,184.1499938964844,182.44000244140625,182.8000030517578,54929100,-0.0026116532187461,-0.0026150695344645,0.1676448422980488,0.1411629202909852,0.1861385638321661,0.15270607797769475,0.15961871761938867,0.037706983219411586,0.3249425069871956,0.1413220602733086,0.1345870332359114,0.2195427597985879,0.9039819055832783,0.06479731826690287,0.009328413495459062,0.014615356385666953,0.0067927539049413,6.838588670084376e-06,8.513155020356639e-05,-7.829296153348202e-05
2023-06-14,181.7438507080078,183.9499969482422,184.38999938964844,182.0200042724609,183.3699951171875,57462900,0.0034913501618691,0.0034852695478179,0.13047704336539,0.1406681201691661,0.1842952962446664,0.1542898264851374,0.16156938994936154,0.03821249784068557,0.32974502284555596,0.1411629202909852,0.132236820747735,0.2186841759341548,0.933883461418916,0.06060518294707089,0.012883909521642294,0.014870176525881912,0.006616440121399903,1.214710382094679e-05,8.573890539461372e-05,-7.359180157366693e-05
2023-06-15,183.7791290283203,186.00999450683597,186.5200042724609,183.77999877929688,183.9600067138672,65433200,0.0111986822113041,0.0111364412166717,0.1156384167106546,0.1433719493013552,0.184143009778302,0.15436703052200482,0.16030466117376618,0.03820050406955426,0.3422412526450529,0.1406681201691661,0.137622037963864,0.2179317616131706,1.0569902805426459,0.0487310596035203,0.014730420805766635,0.014879963397616514,0.006616062503955022,0.00012402032297238426,9.129311604692323e-05,3.272720692546103e-05
2023-06-16,182.70220947265625,184.9199981689453,186.9900054931641,184.2700042724609,186.72999572753903,101256200,-0.0058598804907258,-0.0058771169591568,0.1430083953927724,0.1422530993584841,0.1833739915404016,0.15408352619524773,0.16059266750912768,0.0377170473178426,0.3185653970212014,0.1433719493013552,0.1375830360002972,0.2201469970146949,1.5897494833826793,0.06959494925225962,0.014709070125655924,0.01485563295196105,0.006615735097800712,3.454050375160847e-05,8.380804961386321e-05,-4.926754586225474e-05
2023-06-20,182.7911376953125,185.00999450683597,186.1000061035156,184.41000366210935,184.41000366210935,49799100,0.0004866771511018,0.000486558762187,0.103193076828601,0.1422819073027185,0.1832039674419746,0.1543058625641891,0.16146837039154827,0.03710558106007474,0.3146245623706866,0.1422530993584841,0.1413220602733086,0.2154855063634294,0.7855657106043508,0.05158077334502988,0.009134654838032578,0.014898459288882443,0.006573553094330935,2.3673942906094562e-07,8.38001549485721e-05,-8.356341551951115e-05
2023-06-21,181.75375366210935,183.9600067138672,185.41000366210935,182.58999633789065,184.8999938964844,49515700,-0.0056753030870986,-0.0056914688122718,0.1124828508922603,0.1424336462617065,0.1835701976434455,0.1569704050775553,0.1646304232909139,0.03594039197635778,0.3197207149755023,0.1422819073027185,0.1411629202909852,0.2175659835955686,0.7774497997327676,0.062260850768765585,0.015329458693730938,0.01530327614213996,0.0063211059606214605,3.2392817241062574e-05,8.390959616791125e-05,-5.151677892684867e-05
2023-06-22,184.75726318359372,187.0,187.0500030517578,183.6699981689453,183.7400054931641,51245300,0.0165252944943692,0.0163902376865215,0.1598809946704873,0.1334292345407071,0.1832158621549935,0.15961206210479995,0.1648059868933525,0.03420331552310642,0.36042584176425646,0.1424336462617065,0.1406681201691661,0.222744296214313,0.804291938450721,0.05577205451156465,0.01807489242145722,0.015594988199270169,0.00630693644040862,0.0002686398914206697,8.568141642632102e-05,0.00018295847499434867
2023-06-23,184.4411163330078,186.67999267578125,187.55999755859372,185.00999450683597,185.5500030517578,53117000,-0.0017112691134693,-0.0017127350070563,0.145526455365438,0.1348396439153932,0.1829159756523596,0.16052913651940948,0.1657761178826218,0.03167808012621339,0.3452936127460946,0.1334292345407071,0.1433719493013552,0.2225849689254393,0.8284841837070912,0.06311954973404102,0.013659755473563278,0.01572513788607233,0.006234801923451233,2.933461204396144e-06,8.569512309044e-05,-8.276166188604386e-05
2023-06-26,183.04800415039065,185.2700042724609,188.0500030517578,185.22999572753903,186.8300018310547,48088700,-0.0075529701019922,-0.007581638224882,0.1508013506658364,0.1406593735915654,0.1807341073272029,0.1614426402598178,0.1661389734023142,0.030180911395596765,0.2982481926281755,0.1348396439153932,0.1422530993584841,0.2019824357276197,0.7547469791059389,0.04629731425652985,0.015221067950490422,0.01584742852710759,0.006197773469795737,5.748123817299189e-05,8.634471925282485e-05,-2.8863481079832957e-05
2023-06-27,185.8045654296875,188.05999755859372,188.38999938964844,185.6699981689453,185.88999938964844,50730800,0.0150590663452989,0.0149468042442222,0.1829673935687052,0.1416336985643823,0.1819351655516502,0.16114644391274083,0.1659118853655208,0.02785844159224791,0.2887744056888143,0.1406593735915654,0.1422819073027185,0.2058911225459117,0.7987871475238029,0.05013552155794508,0.014463475784400433,0.015812464092202667,0.006203808820653208,0.0002234069571150988,8.770632905261177e-05,0.00013570062806248702
2023-06-28,186.98028564453125,189.25,189.8999938964844,187.6000061035156,187.92999267578125,51216800,0.0063277807979098,0.0063078444506876,0.1648772519562246,0.139572613144879,0.1800774393020621,0.1606265075384905,0.16454270533736431,0.024655275475357216,0.2797418029050247,0.1416336985643823,0.1424336462617065,0.2080967107602427,0.8094650424620338,0.04958470378637653,0.012153171957563049,0.0157376641093444,0.006240176775565793,3.978890161407035e-05,8.407441438350346e-05,-4.428551276943311e-05
2023-06-29,187.3162078857422,189.58999633789065,190.07000732421875,188.94000244140625,189.0800018310547,46347300,0.0017965460390521,0.0017949341804469,0.1349312597812829,0.1390670650013506,0.1797304143968499,0.158116602082748,0.16103080963946861,0.020715243401868002,0.28073914599281374,0.139572613144879,0.1334292345407071,0.2059631080095228,0.7646996077530703,0.005823148328124283,0.0059602558396519255,0.015305067142037942,0.006611172947398226,3.221788712136585e-06,8.423152578927476e-05,-8.100973707713817e-05
2023-06-30,191.6436767578125,193.97000122070312,194.47999572753903,191.25999450683597,191.6300048828125,85213200,0.0231025105090796,0.0228396877254524,0.1864925808865334,0.149182337110939,0.1842485103885957,0.15753259537898942,0.16070823961644715,0.014589526562151333,0.34833884603684634,0.1390670650013506,0.1348396439153932,0.2082917184755538,1.38729317454109,0.06317165497733598,0.016600511421553703,0.015249423740303539,0.0065944986281758315,0.000521651335396181,9.768068267085024e-05,0.0004239706527253308
2023-07-03,190.15179443359372,192.4600067138672,193.8800048828125,191.75999450683597,193.77999877929688,31458200,-0.0077846806069657,-0.0078151394107226,0.1876984339339122,0.1545904602782141,0.1832409273937113,0.15646169488411601,0.15853877712217504,0.0053195704818722244,0.3004541657093069,0.149182337110939,0.1406593735915654,0.2020017833184567,0.5252037075559868,0.03664086205132992,0.011015329429601347,0.015103864067831877,0.006657068133556358,6.10764040090296e-05,9.959970494759886e-05,-3.852330093856927e-05
2023-07-05,189.0353546142578,191.3300018310547,192.97999572753903,190.6199951171875,191.57000732421875,46920300,-0.005871375056598,-0.0058886793456847,0.194581060581233,0.1531344441796399,0.1839816302087488,0.1363060919517748,0.13537737949013498,0.005860042249295172,0.19950358751724323,0.1545904602782141,0.1416336985643823,0.1341131373895592,0.8356862833802617,0.012867620335381141,0.012334712735932684,0.013796665081715943,0.0037635703904444063,3.467654443629358e-05,9.844558395894662e-05,-6.376903952265305e-05
2023-07-06,189.50958251953125,191.80999755859372,192.0200042724609,189.1999969482422,189.83999633789065,45094300,0.002508732153585,0.002505590538293,0.1929253571987186,0.1519183175407864,0.1798511150888703,0.13618055696685039,0.13359651647757662,0.00612457969066009,0.1986372762951176,0.1531344441796399,0.139572613144879,0.1345870332359114,0.8175459191188968,0.034332894484868114,0.014702087274451226,0.013781252638165233,0.0037589669676973635,6.2779839455834045e-06,9.854679583171388e-05,-9.226881188613049e-05
2023-07-07,188.3931579589844,190.67999267578125,192.6699981689453,190.2400054931641,191.41000366210935,46815000,-0.0058912720775532,-0.0059086940797678,0.2026755704529508,0.1502215838182214,0.1794608886704982,0.13090906282180578,0.12603204543854743,0.005941232564069982,0.18206534903072807,0.1519183175407864,0.1390670650013506,0.132236820747735,0.8605438309815815,0.03847969942697008,0.01274382614390493,0.013324641440180113,0.003243190863969064,3.491266572828305e-05,9.726095301351915e-05,-6.23482872852361e-05
2023-07-10,186.34799194335935,188.6100006103516,189.9900054931641,187.0399932861328,189.25999450683597,59922200,-0.0108558430089168,-0.0109151976264452,0.0789895541762989,0.1516499014621699,0.1810793564876842,0.12896647598495573,0.12730585080590312,0.006117308714665738,0.08942822638877478,0.1502215838182214,0.149182337110939,0.137622037963864,1.0917373710100076,0.06194652689985034,0.015640804822039597,0.013170759466372226,0.003040475749871427,0.00011914153922435491,9.144195319080718e-05,2.7699586033547733e-05
2023-07-11,185.82432556152344,188.0800018310547,189.3000030517578,186.6000061035156,189.16000366210935,46638100,-0.0028100248002851,-0.0028139803318065,0.0781464031966037,0.1526821259271663,0.1696297503325286,0.13121275460907844,0.1300023686475049,0.0062720638613102155,0.08763706049826192,0.1516499014621699,0.1545904602782141,0.1375830360002972,0.8514655196730049,0.05217134346741146,0.014355576998917319,0.013446454213376929,0.002872630304313299,7.91848530779382e-06,9.160513829153929e-05,-8.368665298374547e-05
2023-07-12,187.49407958984372,189.7700042724609,191.6999969482422,188.47000122070312,189.67999267578125,60750200,0.0089855509621077,0.0089454211124535,0.1216411800277977,0.146584953397395,0.1699627796571853,0.13177518454804205,0.13428447944972813,0.006250750235871078,-0.040883847545534306,0.1526821259271663,0.1531344441796399,0.1413220602733086,1.102590889489358,0.061804904174154164,0.017020580991828505,0.013503098836282154,0.002933819832622073,8.002055887912882e-05,8.356619155255795e-05,-3.5456326734291296e-06
2023-07-13,188.2548370361328,190.5399932861328,191.19000244140625,189.77999877929688,190.5,41342300,0.0040574853577299,0.0040492759628566,0.1253894030829209,0.1459501554394482,0.1699373548808693,0.13121804551511831,0.13366660550653817,0.006205033686659929,-0.04688180485218051,0.146584953397395,0.1519183175407864,0.1411629202909852,0.7597126262947381,0.04522870382466317,0.007400040473350813,0.01340668018517674,0.0031049372394393597,1.6396635823368243e-05,8.404409391022215e-05,-6.76474580868539e-05
2023-07-14,188.4030303955078,190.69000244140625,191.17999267578125,189.6300048828125,190.22999572753903,41616200,0.0007872843526774,0.0007869746069128,0.1188193916006411,0.1458840797529884,0.1696323812751927,0.12945577742118347,0.13133955500784777,0.006131128073376436,-0.04453417363726467,0.1459501554394482,0.1502215838182214,0.1406681201691661,0.776045129597105,0.04325353486755272,0.008128311778930404,0.013168900298041148,0.003321613180742566,6.193290319255561e-07,8.346770517077108e-05,-8.284837613884552e-05
2023-07-17,191.66346740722656,193.9900054931641,194.32000732421875,191.80999755859372,191.8999938964844,50520200,0.0173055902748326,0.0171575540102057,0.1232527458119566,0.1524148239935566,0.1721092710695094,0.12857540217850122,0.13023748435902008,0.006329762636255629,0.04938961125180904,0.1458840797529884,0.1516499014621699,0.1433719493013552,0.9553680189930647,0.047016121646288656,0.012938861253413786,0.013079322320423503,0.0033013813353910287,0.0002943816596131257,9.198577200280816e-05,0.00020239588761031754
2023-07-18,191.40655517578125,193.72999572753903,194.3300018310547,192.4199981689453,193.3500061035156,48288200,-0.0013403255748356,-0.001341224614586,0.1171944972896415,0.1500988564033907,0.1714262378964462,0.12648809707627964,0.1290998530197643,0.006359743746342951,0.04533883109292521,0.1524148239935566,0.1526821259271663,0.1422530993584841,0.9613044126990479,0.01743338572270777,0.00985910134843339,0.012836823881562376,0.0033530888434905926,1.798883466771364e-06,9.03486909885663e-05,-8.854980752179494e-05
2023-07-19,192.7601318359375,195.1000061035156,198.22999572753903,192.6499938964844,193.1000061035156,80507300,0.0070717514385503,0.0070468638679356,0.1148581147160178,0.1508364911987913,0.1697185019998767,0.139018039023261,0.14426794715584282,0.006390386223432646,0.04542836273296316,0.1500988564033907,0.146584953397395,0.1422819073027185,1.5551747708232784,0.07620399933093115,0.028600726071192482,0.013810127443220372,0.004754327951894329,4.965829037321628e-05,9.281976853577406e-05,-4.316147816255778e-05
2023-07-20,190.8137359619141,193.1300048828125,196.47000122070312,192.5,195.08999633789065,59581200,-0.0100973918968402,-0.0101487163460773,0.1613034294124583,0.1548832647843664,0.171772036192241,0.14195870806835795,0.14693146825909226,0.006593066416573773,-0.012340268627293772,0.1508364911987913,0.1459501554394482,0.1424336462617065,1.1398597759660107,0.06349214354158364,0.020556107908307898,0.01407145990394922,0.004980504323940779,0.0001029964434731366,9.634994984737776e-05,6.646493625758843e-06
2023-07-21,189.6380157470703,191.94000244140625,194.97000122070312,191.22999572753903,194.1000061035156,71951700,-0.0061616652582198,-0.0061807266579106,0.1736243556321408,0.1484954270305193,0.1709126009700329,0.14263934868871564,0.15084198083812145,0.005775529266374619,0.2607092290841244,0.1548832647843664,0.1458840797529884,0.1334292345407071,1.3497871532564087,0.07212683763197839,0.019485284180434492,0.014141979491898085,0.005049677447874084,3.820138201980674e-05,8.482802437733463e-05,-4.662664235752789e-05
2023-07-24,190.43832397460935,192.75,194.91000366210935,192.25,193.41000366210935,45377800,0.004220055998181,0.0042111765343248,0.1128555400638576,0.148388197865228,0.170847898128252,0.14266223971733435,0.1512775809006409,0.004916560536762666,0.260629852928802,0.1484954270305193,0.1524148239935566,0.1348396439153932,0.8574954175248966,0.05183413621808279,0.013800278402642524,0.014149005638352048,0.005049068890293452,1.7734007803247835e-05,8.556805170727722e-05,-6.783404390402938e-05
2023-07-25,191.29786682128903,193.6199951171875,194.44000244140625,192.9199981689453,193.3300018310547,37283200,0.0045135933446822,0.0045034376299525,0.1200617054302079,0.1446233877791135,0.1625824661112177,0.13998181358019743,0.14888219466994385,0.004661707392229532,0.33816706314082257,0.148388197865228,0.1500988564033907,0.1406593735915654,0.7118004495145691,0.04764824759336906,0.007850450938917557,0.013780474787773403,0.0052323639141090995,2.0280950486872188e-05,8.370803732297122e-05,-6.342708683609904e-05
2023-07-26,192.1673126220703,194.5,195.63999938964844,193.32000732421875,193.6699981689453,47471900,0.0045450103553605,0.0045347129851094,0.1116529261730483,0.1369761433790372,0.162290883202488,0.13885397480457984,0.14932027809945098,0.005121221947198794,0.28062198988502063,0.1446233877791135,0.1508364911987913,0.1416336985643823,0.9091485370897456,0.058565065587579304,0.011927979770846722,0.013653699987095716,0.005245643911547533,2.0563621857319805e-05,7.356587056008227e-05,-5.3002248702762464e-05
2023-07-27,190.90267944335935,193.22000122070312,197.1999969482422,192.5500030517578,196.0200042724609,47460200,-0.0065809705876446,-0.0066027206514523,0.0940263038829416,0.1388487914228484,0.1632137615754952,0.14557938972179468,0.15549722350958647,0.005188686130027911,0.26794099961576273,0.1369761433790372,0.1548832647843664,0.139572613144879,0.912205843205431,0.058073743556703784,0.024065799953975665,0.014249331386916347,0.0057210761177293075,4.359592000111469e-05,7.37562214794345e-05,-3.016030147831981e-05
2023-07-28,193.48138427734372,195.8300018310547,196.6300048828125,194.13999938964844,194.6699981689453,48291400,0.0135079215084483,0.0134175028719219,0.1127230311420192,0.1456516525073055,0.1638626330276147,0.14754616629476514,0.1576138176411107,0.0047619210980760236,0.3442412654973563,0.1388487914228484,0.1484954270305193,0.1390670650013506,0.926450962112247,0.06370323590314095,0.012715137976213806,0.014587075493744444,0.005396134490303629,0.00018002938331803246,8.259660120972929e-05,9.743278210830317e-05
2023-07-31,194.0939483642578,196.4499969482422,196.4900054931641,195.25999450683597,196.05999755859372,38824100,0.0031659863728255,0.0031609851909711,0.1128530943294028,0.1225421531029606,0.1627913777530255,0.1438135381842229,0.15502335981259016,0.007527962918094551,-0.008273905077537079,0.1456516525073055,0.148388197865228,0.149182337110939,0.7795111804472179,0.011971993292673599,0.006261191170454386,0.014070109481189478,0.005680846997995794,9.9918273775386e-06,5.701362580879715e-05,-4.702179843125855e-05
2023-08-01,193.26402282714844,195.6100006103516,196.72999572753903,195.27999877929688,196.2400054931641,35175100,-0.0042758785998451,-0.0042850463114264,0.1259075846085192,0.1199262277362785,0.161319847533217,0.14276438767545982,0.15424818399410056,0.009498274289983726,0.06409474844417874,0.1225421531029606,0.1446233877791135,0.1545904602782141,0.7036209823081083,0.038814067457637366,0.007412693337343745,0.013889977676576595,0.005837758171395547,1.8361621891069e-05,5.487788670289913e-05,-3.651626481183013e-05
2023-08-02,190.27037048339844,192.5800018310547,195.17999267578125,191.8500061035156,195.0399932861328,50389300,-0.0154899993346072,-0.0156112228383563,0.1731714840536811,0.1315348139143293,0.1387840786046074,0.14504950457469065,0.15468588128319508,0.009817377742768783,-0.1683634809676975,0.1199262277362785,0.1369761433790372,0.1531344441796399,1.004471345008606,0.035864817867399965,0.017291445324561592,0.014137814306008042,0.005873363880189361,0.00024371027850881734,6.532957340652532e-05,0.00017838070510229202
2023-08-03,188.87730407714844,191.1699981689453,192.3699951171875,190.69000244140625,191.57000732421875,61235200,-0.0073216515147109,-0.0073485863573807,0.1745005870486809,0.1339965995444139,0.1399653887604893,0.1428084953600675,0.15339791152018903,0.0099225085747401,-0.1861702598836603,0.1315348139143293,0.1388487914228484,0.1519183175407864,1.2013488179009513,0.04857277696933737,0.00878795151892279,0.01384210751823162,0.005991157694487552,5.400172145188175e-05,6.771576028184025e-05,-1.37140388299585e-05
2023-08-04,179.80734252929688,181.9900054931641,187.3800048828125,181.9199981689453,185.5200042724609,115956800,-0.0480200489810566,-0.0492113042665846,0.3246891248343477,0.2194918468834704,0.1730229547265349,0.15374081115285249,0.1621726930743148,0.01966182831433358,-0.7920715111219946,0.1339965995444139,0.1456516525073055,0.1502215838182214,2.130418031667969,0.09134637655622443,0.03000168442806205,0.014705000432439474,0.006985019535005871,0.0024217524676183677,0.00018705775037634447,0.0022346947172420233
2023-08-07,176.70504760742188,178.85000610351562,183.1300048828125,177.35000610351562,182.1300048828125,97576100,-0.0172536913834335,-0.0174042708647171,0.2838363167216657,0.2240192563437871,0.1759127500887597,0.16491691333591327,0.17229962566824092,0.026140385465253668,-0.7774788368617005,0.2194918468834704,0.1225421531029606,0.1516499014621699,1.7327817025997647,0.06942177744496858,0.032317576639899585,0.015538839023332477,0.00802115897610355,0.0003029086443324405,0.00019624610563174875,0.00010666253870069174
2023-08-08,177.64361572265625,179.8000030517578,180.2700042724609,177.5800018310547,179.69000244140625,67823000,0.005311696482092,0.0052976391791123,0.3204420336385474,0.2257871637782492,0.1761840713480603,0.16518759917583134,0.17311494698117394,0.031078220150258094,-0.7754141632813022,0.2240192563437871,0.1199262277362785,0.1526821259271663,1.1821811934133353,0.0652601333998334,0.014961081177689796,0.0155691142322711,0.008017599714387742,2.8064980872065646e-05,0.00019725343040996233,-0.00016918844953789667
2023-08-09,176.05294799804688,178.19000244140625,180.92999267578125,177.00999450683594,180.8699951171875,60378500,-0.0089543970134867,-0.0089947285701249,0.3254640927309296,0.2229503651485923,0.1766304949854082,0.16779473968111427,0.17346093259617804,0.03456945088577321,-0.7617826594301909,0.2257871637782492,0.1315348139143293,0.146584953397395,1.0527617068379862,0.04464258244715793,0.021998979265036574,0.015818034145931505,0.008141360886304745,8.090514205022114e-05,0.00019729765956851697,-0.00011639251751829583
2023-08-10,175.83554077148438,177.97000122070312,180.75,177.60000610351562,179.47999572753906,54686900,-0.0012346440186814,-0.0012354068195308,0.3378075283754391,0.2214719002373715,0.1765250432311897,0.17120377453276545,0.17704111364472686,0.03719032028151024,-0.7624128562673236,0.2229503651485923,0.1339965995444139,0.1459501554394482,0.9425571980145024,0.05590284296653299,0.017699577877611086,0.016333011016144518,0.007903120470806482,1.5262300097432068e-06,0.0001965541392778357,-0.0001950279092680925
2023-08-11,175.89491271972656,177.7899932861328,178.6199951171875,176.5500030517578,177.32000732421875,52036700,-0.001011450993626,-0.0010119628553601,0.1387082368760436,0.2211112611688691,0.1765509821505727,0.17212510899006112,0.17825924780338956,0.0392291556143896,-0.7623326302710196,0.2214719002373715,0.2194918468834704,0.1458840797529884,0.8888972021877414,0.0531485175986542,0.011642905357998806,0.01650874069509794,0.0077486478734090855,1.0240688206285667e-06,0.00019657437626727087,-0.00019555030744664232
2023-08-14,177.5471649169922,179.4600067138672,179.69000244140625,177.30999755859375,177.97000122070312,43675600,0.0093931801046118,0.0093493385158347,0.1112948805301696,0.2130240694669187,0.1773674225406582,0.17224067015848668,0.17906510650798874,0.040470072935015054,-0.8187544044400192,0.2211112611688691,0.2240192563437871,0.1524148239935566,0.7504590753268425,0.034416911288018055,0.01326203495917173,0.016524899380385833,0.007741144925182811,8.741013068367019e-05,0.0001862257998207981,-9.88156691371279e-05
2023-08-15,175.55853271484375,177.4499969482422,179.47999572753906,177.0500030517578,178.8800048828125,43622600,-0.0112003214667755,-0.0112635173867485,0.1287487351722885,0.2143552927078935,0.1769356067341925,0.17340109456803388,0.1797930522773572,0.04145158288929677,-0.8083765051933334,0.2130240694669187,0.2257871637782492,0.1500988564033907,0.7525649428114061,0.03656525406108403,0.013693957270058559,0.01671664217646709,0.007613793694871551,0.00012686682392158577,0.0001924791968435388,-6.561237292195302e-05
2023-08-16,174.6879119873047,176.57000732421875,178.5399932861328,176.5,177.1300048828125,46964900,-0.0049590850332903,-0.0049714220994142,0.1190217787448484,0.2100533675912369,0.1772532366517409,0.1642044647070668,0.16878775081511038,0.0419759973111485,-0.8166928629800292,0.2143552927078935,0.2229503651485923,0.1508364911987913,0.8343662631415409,0.007034925190323699,0.011553453030032254,0.01586427852440908,0.0071536660839454915,2.471503769054389e-05,0.0001912320342094052,-0.00016651699651886132
2023-08-17,172.1453399658203,174.0,177.50999450683594,173.47999572753906,177.13999938964844,66062900,-0.0145551748179955,-0.0146621405807158,0.1491710482013413,0.2121243680720834,0.1794781260692761,0.16572867431814375,0.1677074200827366,0.04248721693016633,-0.8045938372710976,0.2100533675912369,0.2214719002373715,0.1548832647843664,1.1669376182993787,0.04036352981536396,0.023160912524694682,0.01599451875522842,0.0072664049780054975,0.00021497836640867307,0.00019683113035618203,1.8147236052491045e-05
2023-08-18,172.63009643554688,174.49000549316406,175.10000610351562,171.9600067138672,172.3000030517578,61172200,0.0028161235239314,0.0028121656768634,0.1570843061905406,0.2139753776818843,0.1767195500447226,0.1650732386165779,0.16630781110526466,0.04263538033744525,-0.8068195248093325,0.2121243680720834,0.2211112611688691,0.1484954270305193,1.0909343176653667,0.026280770893521942,0.017995296525860058,0.0159200193724997,0.0072363077603821765,7.908275794128586e-06,0.0001953164750448981,-0.00018740819925076952
2023-08-21,173.9657440185547,175.83999633789062,176.1300048828125,173.74000549316406,175.07000732421875,46311900,0.0077367803440149,0.0077070049375459,0.1486651242964396,0.2162680967143054,0.1773551869787242,0.1650434744812016,0.1661559490515839,0.0426008879795254,-0.797579577069068,0.2139753776818843,0.2130240694669187,0.148388197865228,0.8252309674326899,0.03260097064538216,0.013591898540852233,0.015909600379410183,0.007239669677603787,5.9397925107356884e-05,0.00019739967091010358,-0.0001380017458027467
2023-08-22,175.3408966064453,177.22999572753906,177.67999267578125,176.25,177.05999755859375,42038900,0.0079049102513482,0.0078738301312375,0.1524054049260671,0.2184676128396867,0.1775544842376756,0.1650944840300237,0.16624559326733182,0.04216649079093233,-0.7852826117863789,0.2162680967143054,0.2143552927078935,0.1446233877791135,0.7459298825307132,0.036906804547593326,0.008068570277345265,0.01592050634633157,0.007227043540285643,6.199720093558354e-05,0.00019948548343253912,-0.00013748828249695558
2023-08-23,179.189453125,181.1199951171875,181.5500030517578,178.3300018310547,178.52000427246094,52722800,0.0219488770717382,0.0217114680956505,0.2079207870896323,0.2356413015755484,0.1807492496160047,0.1675255408796503,0.1668232837961569,0.041635223743321466,-0.6871313522641783,0.2184676128396867,0.2100533675912369,0.1369761433790372,0.931165004467041,0.0359500348071958,0.01777827577026895,0.01621302114630268,0.0071751499120338395,0.00047138784686844953,0.00022202669468309559,0.00024936115218535397
2023-08-24,174.49996948242188,176.3800048828125,181.1000061035156,176.00999450683594,180.6699981689453,54945800,-0.0261704414871928,-0.0265189819123104,0.2825299581268157,0.2492594619003036,0.1877882738774253,0.1707939459176978,0.1660106114860821,0.04138769549785389,-0.6615377856606133,0.2356413015755484,0.2121243680720834,0.1388487914228484,0.964053834284287,0.03807055396130747,0.028858212131593265,0.016452641755183562,0.007522804307294945,0.0007032564016654462,0.0002550097187663122,0.000448246682899134
2023-08-25,176.70620727539062,178.61000061035156,179.14999389648438,175.82000732421875,177.3800048828125,51449600,0.0126431322474487,0.0125638751901067,0.2910890230998146,0.2484600535749603,0.189568126620914,0.1732982872300184,0.1693915675390403,0.04084855231459894,-0.6828129420139604,0.2492594619003036,0.2139753776818843,0.1456516525073055,0.9002169548476885,0.03401337400542861,0.018643897659068882,0.016749079739326315,0.007484490161734459,0.00015785095979257865,0.00025390079759003947,-9.604983779746082e-05
2023-08-28,178.2693634033203,180.19000244140625,180.58999633789065,178.5500030517578,180.08999633789062,43820700,0.0088460994661858,0.0088072019541662,0.2919163997958879,0.2515885301108388,0.1875961644845581,0.17446952262336507,0.17110197729293183,0.03739659665290506,-0.6800341857489883,0.2484600535749603,0.2162680967143054,0.1225421531029606,0.7633965726968138,0.036401682306790445,0.01132134557130161,0.017002087459368674,0.007191070852392846,7.756680626146893e-05,0.000257279546534236,-0.00017971274027276708
2023-08-29,182.157470703125,184.1199951171875,184.8999938964844,179.5,179.6999969482422,53003900,0.0218102703953244,0.0215758291415222,0.3159641012320815,0.2678569041085208,0.1925155601887584,0.18488739167601018,0.1778827951990779,0.03297502023932177,-0.6327025743933198,0.2515885301108388,0.2184676128396867,0.1199262277362785,0.9092558262927659,0.05157923595581848,0.029328666302904528,0.018097886107646715,0.007321529437881577,0.00046551640314415865,0.0002796372855968905,0.00018587911754726816
2023-08-30,185.64984130859372,187.6499938964844,187.8500061035156,184.7400054931641,184.94000244140625,60813900,0.0191722728270231,0.0189908006256555,0.30883403856879,0.2743765170649114,0.195550161758775,0.18467311263834313,0.17688043351581,0.0285287381055258,-0.6146882237052042,0.2678569041085208,0.2356413015755484,0.1315348139143293,1.0339871949212909,0.03732024060581162,0.016573411731988185,0.018061984428018044,0.007327450083002514,0.00036065050840339725,0.0002854842970916195,7.516621131177775e-05
2023-08-31,185.86749267578125,187.8699951171875,189.1199951171875,187.47999572753903,187.83999633789065,60794500,0.0011724019603458,0.0011717152338614,0.1295494460572207,0.2735495700918471,0.1954650247061578,0.18465979129787571,0.1769209112553876,0.021331238226106414,-0.6209345869254961,0.2743765170649114,0.2492594619003036,0.1339965995444139,1.0340447513144018,0.02654218406416673,0.008729437548691503,0.01805905872950648,0.00733135854187371,1.3729165892628751e-06,0.0002828528568484886,-0.00028147994025922574
2023-09-01,187.4405517578125,189.4600067138672,189.9199981689453,188.27999877929688,189.4900054931641,45766500,0.0084633610369122,0.0084277475954179,0.1329492805684363,0.2068316024458918,0.195251963285284,0.17454793327368745,0.16751668514424675,0.021892782486654716,-0.024796307457731023,0.2735495700918471,0.2484600535749603,0.2194918468834704,0.8278525586209023,-0.030498977014343665,0.008656177195883108,0.016991783367897535,0.007049575880972498,7.10269295320722e-05,0.00016531657994417378,-9.428965041210158e-05
2023-09-05,187.67796325683597,189.6999969482422,189.97999572753903,187.6100006103516,188.27999877929688,45280000,0.0012667065653462,0.001265904969438,0.1529068654286784,0.193793130821811,0.1929694669118452,0.162815490600814,0.1546204359412668,0.02339598109372592,0.00994835461276114,0.2068316024458918,0.2515885301108388,0.2240192563437871,0.8597154395057851,-0.023104812169054977,0.012493385109721818,0.016000573791388646,0.006112711522169243,1.6025153916478234e-06,0.00015025127349713413,-0.0001486487581054863
2023-09-06,180.9603576660156,182.91000366210935,188.8500061035156,181.47000122070312,188.3999938964844,81755800,-0.0357933231173714,-0.0364496122444767,0.3324688577170213,0.2385580797877341,0.2075016618692004,0.18083976793050272,0.16804586236536753,0.02346213912732419,-0.3647404482495718,0.193793130821811,0.2678569041085208,0.2257871637782492,1.5320050152505666,0.03241933575743811,0.04034773787685005,0.017269906626346657,0.008173832889823176,0.001328574232772706,0.00021527673609216615,0.0011132974966805399
2023-09-07,175.66738891601562,177.55999755859375,178.2100067138672,173.5399932861328,175.17999267578125,112488800,-0.029249390390909,-0.0296856823931267,0.3246388645328769,0.2602145881312634,0.2138127692160515,0.18364960071711736,0.1727932465493973,0.024321216364221,-0.42661101087565156,0.2385580797877341,0.2743765170649114,0.2229503651485923,2.009778501250966,0.05670312661738057,0.026301044671918843,0.01748500989669077,0.008359335393320098,0.0008812397391455925,0.0002552934659469347,0.0006259462731986578
2023-09-08,176.28077697753906,178.17999267578125,180.2400054931641,177.7899932861328,178.35000610351562,65551300,0.0034917499758519,0.0034856679706873,0.3304916857407002,0.26049938954423,0.2139296366841369,0.18213665622406394,0.1715614155372816,0.02498451929565904,-0.428678899843745,0.2602145881312634,0.2735495700918471,0.2214719002373715,1.1599133063836522,0.04055320559977494,0.013750209382314624,0.01728754147192595,0.008400545395923421,1.214988120187532e-05,0.0002558246485065413,-0.000243674767304666
2023-09-11,177.4481964111328,179.36000061035156,180.3000030517578,177.33999633789062,180.07000732421875,58953100,0.0066225613597228,0.006600728540023,0.3240597865032247,0.261483999031755,0.2142708567360181,0.18385195291246698,0.17395901296777463,0.02551368670776792,-0.4298083823903494,0.26049938954423,0.2068316024458918,0.2211112611688691,1.0368153871844574,0.037943420051672345,0.016503159588506122,0.017530554183451313,0.008298339499567502,4.356961725907417e-05,0.0002579519259284636,-0.00021438230866938941
2023-09-12,174.4208221435547,176.3000030517578,180.1300048828125,174.82000732421875,179.49000549316406,90370200,-0.0170606464550666,-0.0172078560129394,0.3062107158996786,0.2664279827296463,0.2156104480347304,0.19251593039946058,0.18318125749029818,0.025773660022875747,-0.4113709589348881,0.261483999031755,0.193793130821811,0.2130240694669187,1.5266650972645017,0.07262311144225922,0.030119100775255526,0.018373407474255504,0.008688860218636737,0.0002961103085620547,0.0002683869348223828,2.7723373739671866e-05
2023-09-13,172.3530731201172,174.2100067138672,177.3000030517578,173.97999572753906,176.50999450683594,84267900,-0.0118547719892951,-0.0119256001228531,0.2381590806557167,0.2667800776501882,0.2165617957806741,0.19452959910854073,0.18469452911180104,0.025834374792764563,-0.40845328848002743,0.2664279827296463,0.2385580797877341,0.2143552927078935,1.3763242162988156,0.06930750714623941,0.019057500696109415,0.018641584645558047,0.008619323137119612,0.0001422199382901939,0.0002691545905408132,-0.0001269346522506193
2023-09-14,173.8667755126953,175.74000549316406,176.10000610351562,173.5800018310547,174.0,60895800,0.0087824965290876,0.0087441547340331,0.1860232273176875,0.2684555434160038,0.2174623276919433,0.19541168006891776,0.18481285491911964,0.025412582647322116,-0.4164365757427789,0.2667800776501882,0.2602145881312634,0.2100533675912369,0.9834064950485136,0.05160884394494751,0.014339388834029373,0.0187808814357579,0.008520690306190426,7.646024201271348e-05,0.0002717418507569217,-0.00019528160874420823
2023-09-15,173.14454650878906,175.00999450683594,176.5,173.82000732421875,176.47999572753906,109259500,-0.0041539260470577,-0.0041625775646815,0.1794659272957347,0.2635135786084913,0.2173396838123267,0.1919712911886103,0.18309726714949828,0.02457980279595753,-0.4201870800557893,0.2684555434160038,0.26049938954423,0.2121243680720834,1.7049644325408135,0.0709868483037472,0.01531336929261242,0.01838850427415379,0.008489004882385033,1.732705198198977e-05,0.00026185928503558755,-0.0002445322330535978
2023-09-18,176.072998046875,177.97000122070312,179.3800048828125,176.1699981689453,176.47999572753906,67257600,0.0169133581325355,0.0167719198605828,0.224683076547605,0.2698685125274025,0.2174702283211645,0.1919549086286559,0.18425063535655875,0.02381690897033471,-0.40426875097371656,0.2635135786084913,0.261483999031755,0.2139753776818843,1.0445766389943378,0.05546723025098972,0.01803678536747557,0.018390578716234566,0.008488908806448502,0.0002812972958098117,0.0002755287360363717,5.76855977344002e-06
2023-09-19,177.1613006591797,179.07000732421875,179.6300048828125,177.1300048828125,177.52000427246094,51826900,0.0061808512444267,0.0061618281291625,0.1786613533049474,0.2694135749402453,0.2179312141449464,0.19207047109153683,0.18367280886215256,0.02284796236306448,-0.4066949821034429,0.2698685125274025,0.2664279827296463,0.2162680967143054,0.8014901835550141,0.05614217263963337,0.01396102025881741,0.018409034802132823,0.008478321351726582,3.796812589333824e-05,0.0002744572460756708,-0.00023648912018233253
2023-09-20,173.6194610595703,175.49000549316406,179.6999969482422,175.39999389648438,179.25999450683594,58436200,-0.0199921912359831,-0.020194739222717,0.2259207975678726,0.2780748899335734,0.2211432685454205,0.19814161078104087,0.1866156500162921,0.02208398286964983,-0.4045618248285649,0.2694135749402453,0.2667800776501882,0.2184676128396867,0.8923867920609673,0.0671317797266509,0.024502837296482463,0.019230748153089682,0.008215715657550377,0.00040782749227354445,0.00029174876064256883,0.00011607873163097562
2023-09-21,172.0760955810547,173.92999267578125,176.3000030517578,173.86000061035156,174.5500030517578,63149100,-0.0088894681665707,-0.0089292152174695,0.224880043241072,0.2666598479635491,0.2192390153570704,0.1966912381809341,0.1870494323785761,0.02172194356838032,-0.46498800032175486,0.2780748899335734,0.2684555434160038,0.2356413015755484,0.9567414150172363,0.058457137919993477,0.014028646835825494,0.01904326670636751,0.008293024614202412,7.973088439988889e-05,0.00027216591251914076,-0.00019243502811925185
2023-09-22,172.92691040039062,174.7899932861328,177.0800018310547,174.0500030517578,174.6699981689453,56725400,0.0049445216268977,0.0049323376260368,0.2287851050230083,0.2512697217124223,0.2190531403047174,0.19065053852855407,0.18588282533262024,0.02168992392457184,-0.45580331936015867,0.2666598479635491,0.2635135786084913,0.2492594619003036,0.858262032018811,0.05126280443412873,0.017335081501700954,0.018467110174872896,0.00796920554648751,2.4327954457218335e-05,0.00023821949015872938,-0.00021389153570151105
2023-09-25,174.20315551757812,176.0800018310547,176.97000122070312,174.14999389648438,174.1999969482422,46172700,0.0073803340836,0.0073532326812533,0.1913399677299896,0.2483534221048128,0.2196865057365659,0.18952681200730134,0.18338963148537835,0.021692116531749243,-0.46204649255653907,0.2512697217124223,0.2698685125274025,0.2484600535749603,0.7013984158163765,0.04514273820928509,0.01601548895327984,0.018335689739583442,0.007987787619348553,5.407003086465159e-05,0.00023303044371233303,-0.00017896041284768142
2023-09-26,170.12709045410156,171.9600067138672,175.1999969482422,171.66000366210938,174.82000732421875,64588900,-0.0233984272736466,-0.0236765169459277,0.2242526914274289,0.2584013719613636,0.2185973689546298,0.19294408045604727,0.1847182511906853,0.021658139901453988,-0.4757483218800021,0.2483534221048128,0.2694135749402453,0.2515885301108388,0.9659178768886117,0.07249942956210732,0.02058614298627694,0.01879892961033221,0.007826614385785679,0.0005605774546908015,0.00025718097613379963,0.0003033964785570019
2023-09-27,168.6134033203125,170.42999267578125,173.0399932861328,169.0500030517578,172.6199951171875,66921800,-0.008897499292564,-0.0089373184090654,0.1988091122942906,0.2432016598488987,0.2187367653249715,0.1889658961419441,0.18464827706154788,0.021722360424020783,-0.5541491260928361,0.2584013719613636,0.2780748899335734,0.2678569041085208,0.9904979434621752,0.06382723700999168,0.023411314943640158,0.01850306204236899,0.007513181236034513,7.987566034501928e-05,0.00023789893899384273,-0.00015802327864882344
2023-09-28,168.87063598632812,170.69000244140625,172.02999877929688,167.6199951171875,169.33999633789062,56294400,0.001525610378448,0.0015244478171947,0.2024323960735885,0.2289155409217972,0.2187052315890822,0.19366569417225518,0.19316069163740968,0.022072432939507163,-0.6249257066092713,0.2432016598488987,0.2666598479635491,0.2743765170649114,0.835999739819317,0.048519691613615204,0.025836332526992745,0.01896620808211922,0.007671797888583103,2.323941147349686e-06,0.00021998261063104033,-0.00021765866948369065
2023-09-29,169.3850860595703,171.2100067138672,173.07000732421875,170.33999633789062,172.02000427246094,51861100,0.0030464834789574,0.0030418523515483,0.1977075988858169,0.2296507886175492,0.2187541529443298,0.1957307597420432,0.19574858163552672,0.022178493237164584,-0.6205650321023103,0.2289155409217972,0.2512697217124223,0.2735495700918471,0.7753058513719677,0.04459803888466476,0.01594539383957052,0.019327005896663172,0.007326963615004628,9.252865728619922e-06,0.0002203766080880082,-0.00021112374235938828
2023-10-02,171.8979949951172,173.75,174.3000030517578,170.92999267578125,171.22000122070312,52164500,0.0148355422377719,0.0147265720139523,0.2291396314330226,0.2354215515186459,0.2212103909735971,0.19925107883606344,0.19798481789808453,0.0199567388337873,-0.6011556679664559,0.2296507886175492,0.2483534221048128,0.2068316024458918,0.7761298179391632,0.05725022169264913,0.01939574317108813,0.01986398419542342,0.006883904745209143,0.00021687192328212308,0.00022766885777551074,-1.0796934493387657e-05
2023-10-03,170.5623779296875,172.39999389648438,173.6300048828125,170.82000732421875,172.25999450683594,49594600,-0.0077698193008093,-0.0078001616185322,0.1522341521334791,0.2347629987999225,0.2207387058686663,0.20048606024841997,0.20038445185545062,0.01506937911134468,-0.5967832313857069,0.2354215515186459,0.2584013719613636,0.193793130821811,0.7355326770757851,0.05531845874492778,0.0162992903600738,0.02005427945794102,0.006720086981736752,6.0842521275222875e-05,0.00023063085806968947,-0.0001697883367944666
2023-10-04,171.8089599609375,173.66000366210938,174.2100067138672,170.97000122070312,171.08999633789062,53020300,0.0073086415906811,0.0072820628939414,0.130861529365479,0.2060926231835286,0.2214501391281721,0.18594343620968026,0.1885156897831839,0.01832929121629328,-0.3995431887262939,0.2347629987999225,0.2432016598488987,0.2385580797877341,0.803459554215824,0.01849411366259742,0.018657177385923287,0.01896975143339468,0.004727496448155682,5.3028439991318195e-05,0.00016685356843062008,-0.00011382512843930188
2023-10-05,173.04563903808594,174.91000366210938,175.4499969482422,172.67999267578125,173.7899932861328,48527900,0.0071979728989994,0.007172191135768,0.1309392427116579,0.1819461362574759,0.2211283124237647,0.1803367485919199,0.18269302797734668,0.024205263062446022,-0.2548656215197656,0.2060926231835286,0.2289155409217972,0.2602145881312634,0.7728362038706866,-0.004537985274105505,0.015836740120433727,0.018446536205820426,0.004443967208947235,5.144032568798907e-05,0.00012536359775773993,-7.392327206975086e-05
2023-10-06,175.59812927246094,177.49000549316406,177.99000549316406,173.17999267578125,173.8000030517578,57266700,0.0147504532447368,0.014642723393323,0.1457206466889866,0.1895440845049426,0.2232901101084667,0.1872989611813112,0.18649700431052957,0.027480393308428618,-0.16142610372115532,0.1819461362574759,0.2296507886175492,0.26049938954423,0.9180632254492108,0.02532909548940234,0.027100189692472954,0.019114035221328343,0.004696847659808703,0.00021440934837336866,0.00013547657111631458,7.893277725705408e-05
2023-10-09,177.0821533203125,178.99000549316406,179.0500030517578,175.8000030517578,176.80999755859375,42390800,0.0084511800866318,0.0084156687987885,0.1313796004298835,0.1905140087771262,0.2241232768761577,0.18804404855098927,0.18577913994773532,0.029844215479114256,-0.15636819154978424,0.1895440845049426,0.2354215515186459,0.261483999031755,0.6887256727763448,0.017373683936479346,0.018157438405822738,0.019196749162194174,0.004662892454636752,7.082348133090227e-05,0.000136839264319906,-6.601578298900374e-05
2023-10-10,176.488525390625,178.38999938964844,179.72000122070312,177.9499969482422,178.10000610351562,43698000,-0.0033521765746777,-0.0033578077064587,0.1027762120241212,0.180079131677648,0.2209233712513835,0.17814871593097895,0.17618972456291873,0.03232262183443593,-0.0914733385764363,0.1905140087771262,0.2347629987999225,0.2664279827296463,0.7379423856776559,-0.007730314281883666,0.009922104818189975,0.018186899364340894,0.004349434842237966,1.1274872593553436e-05,0.0001225974925214809,-0.00011132261992792748
2023-10-11,177.88352966308594,179.8000030517578,179.85000610351562,177.60000610351562,178.1999969482422,47551100,0.0079040510506958,0.0078729776688575,0.1030249234610574,0.1754847458078389,0.2217388813513376,0.175594395326848,0.17389256920903298,0.03442902589146885,-0.072286766451343,0.180079131677648,0.2060926231835286,0.2667800776501882,0.8287027407467371,5.4747634880020216e-05,0.012513904125754146,0.017859719535823132,0.004523145627506378,6.198377737432888e-05,0.00011858568447568765,-5.660190710135877e-05
2023-10-12,178.78382873535156,180.7100067138672,182.33999633789065,179.0399932861328,180.07000732421875,56743100,0.0050611993696541,0.0050484345521984,0.1038353116633694,0.1739671847206469,0.2214573879507524,0.17721507285777352,0.1773469469746215,0.03583155544875287,-0.08871837221732033,0.1754847458078389,0.1819461362574759,0.2684555434160038,0.9924888753392582,0.023587875295118205,0.018261318848728746,0.018055816036558103,0.00444686499854907,2.548669142783066e-05,0.00011603700694644353,-9.055031551861287e-05
2023-10-13,176.94366455078125,178.85000610351562,181.92999267578125,178.13999938964844,181.4199981689453,51427100,-0.0102927372101571,-0.0103460737313108,0.1291986291882681,0.1779264871375851,0.2214915238423465,0.1798760175304957,0.1792176513177712,0.03656539285081966,-0.1321133327322708,0.1739671847206469,0.1895440845049426,0.2635135786084913,0.9474251629163918,-0.020806604586139744,0.02119090386801118,0.018349692765328038,0.004450298919140694,0.00010704124165371937,0.00012052271643003,-1.3481474776310635e-05
2023-10-16,176.81503295898438,178.72000122070312,179.0800018310547,176.50999450683594,176.75,52517000,-0.0007268933652552,-0.0007271576803311,0.1138821822765694,0.1680316370530374,0.2212580263808121,0.1783905643442028,0.17642921542854745,0.036999834716109584,-0.21066006300393222,0.1779264871375851,0.1905140087771262,0.2698685125274025,0.9808217110900442,-0.0005257831453693961,0.01438007669351469,0.018166857331629996,0.004538081055886072,5.287582920645062e-07,0.00010648428955414265,-0.00010595553126207814
2023-10-17,175.26177978515625,177.14999389648438,178.4199981689453,174.8000030517578,176.64999389648438,57549400,-0.0087847320585005,-0.0088235452936057,0.1287608229882197,0.1694057825551221,0.2215115646455671,0.18121796002797755,0.18128917541189665,0.03663896949944773,-0.24790133434854303,0.1680316370530374,0.180079131677648,0.2694135749402453,1.0690952007156604,0.015736770335323825,0.020434633033647204,0.018490537970371486,0.004452366442098319,7.785495154831131e-05,0.0001084786308368913,-3.0623679288579984e-05
2023-10-18,173.9657440185547,175.83999633789062,177.5800018310547,175.11000061035156,175.5800018310547,54764400,-0.0073948495835638,-0.0074223270286012,0.1025123433433683,0.1552235520863536,0.2215008584982844,0.17625483494890123,0.18053954627461505,0.035684999298731215,-0.09513675808108159,0.1694057825551221,0.1754847458078389,0.2780748899335734,1.0208398827768828,0.006940788060076891,0.014046868017199112,0.017967739506407315,0.004321183235540741,5.5090938519503916e-05,9.084180314918928e-05,-3.575086462968536e-05
2023-10-19,173.58978271484375,175.4600067138672,177.83999633789062,175.19000244140625,176.0399932861328,59302900,-0.0021609965419543,-0.0021633348643265,0.0670465767091468,0.1518245802684937,0.2211328542466029,0.1766561119860833,0.1811062414764592,0.03502332205144857,-0.11360816686759699,0.1552235520863536,0.1739671847206469,0.2666598479635491,1.1094171345680561,0.007051929564611698,0.015103122051088679,0.018021463267170475,0.004276076188305808,4.680017735210556e-06,8.708925981595535e-05,-8.240924208074479e-05
2023-10-20,171.03729248046875,172.8800048828125,175.4199981689453,172.63999938964844,175.30999755859375,64244000,-0.0147042159599483,-0.0148133945220407,0.0894743970273697,0.1600289665676984,0.2225433879299974,0.17610621793857925,0.17772046030254157,0.03427078164290905,-0.20327687280042955,0.1518245802684937,0.1779264871375851,0.2512697217124223,1.1934601194296084,0.016304052113233325,0.016080510763412516,0.017958734730256054,0.004295831535844274,0.0002194366572656254,9.684469495637571e-05,0.0001225919623092497
2023-10-23,171.156005859375,173.0,174.00999450683594,169.92999267578125,170.91000366210938,55980100,0.0006940948276166,0.0006938540552079,0.0958799622735424,0.1573914249112701,0.2203307871594929,0.17999730782203016,0.18261228916419686,0.03324866169499084,-0.21422745559159784,0.1600289665676984,0.1680316370530374,0.2483534221048128,1.0305538038606303,0.019173965992170666,0.023583825613032877,0.018337151563243705,0.004446350723687697,4.814334499284476e-07,9.416526508563956e-05,-9.36838316357111e-05
2023-10-24,171.59132385253906,173.44000244140625,173.6699981689453,171.4499969482422,173.0500030517578,43816600,0.0025433667133309,0.002540137829876,0.1112771738444792,0.1325911869328972,0.2202715453954264,0.17679843210485405,0.18183690835471253,0.03218595886136407,-0.09322696544126113,0.1573914249112701,0.1694057825551221,0.2584013719613636,0.8223560056822415,-0.011632899236017596,0.012799822356166736,0.017947835531738197,0.004577998719744429,6.452300194767155e-06,6.645900736083783e-05,-6.000670716607068e-05
2023-10-25,169.27626037597656,171.10000610351562,173.05999755859375,170.64999389648438,171.8800048828125,57157000,-0.0134916761124997,-0.0135835157572949,0.1295056044704647,0.1378648760128723,0.2214907164026156,0.17227388497810936,0.1776736927154967,0.031123468212711735,-0.21427012990753344,0.1325911869328972,0.1552235520863536,0.2432016598488987,1.082651195079702,0.0017841379737706553,0.014085351117119897,0.017481537340412183,0.004465799107991793,0.00018451190032867882,7.169081936002082e-05,0.000112821080968658
2023-10-26,165.1111297607422,166.88999938964844,171.3800048828125,165.6699981689453,170.3699951171875,70625300,-0.0246055322249382,-0.0249133074722571,0.1827343934936403,0.1639574541019152,0.2246881316374523,0.1784139858273676,0.1810713894818543,0.02928676220715112,-0.4817320175745058,0.1378648760128723,0.1518245802684937,0.2289155409217972,1.3198500208231736,0.021506147462977132,0.0342141933893575,0.01790043038353042,0.0055516409143556485,0.0006206728892072215,0.0001026082667630144,0.0005180646224442071
2023-10-27,166.42694091796875,168.22000122070312,168.9600067138672,166.8300018310547,166.91000366210938,58499100,0.0079693321104845,0.0079377446927756,0.213834134877195,0.1665091790314654,0.2254289086183163,0.17724034168356423,0.178938915347291,0.026789039404957634,-0.46030131229232474,0.1639574541019152,0.1600289665676984,0.2296507886175492,1.0864957734199856,0.016858866605544514,0.012662019185328341,0.017736261650818312,0.005659985942581712,6.300779080768721e-05,0.00010529601301696777,-4.228822220928056e-05
2023-10-30,168.47486877441406,170.2899932861328,171.1699981689453,168.8699951171875,169.02000427246094,51131000,0.0123052672120353,0.0122301728215536,0.2477599505156255,0.1636163136589847,0.2048494809961053,0.17468124272210267,0.17760945882959422,0.022847255539003762,-0.5167130741458806,0.1665091790314654,0.1573914249112701,0.2354215515186459,0.9505613649444733,0.01026873623749911,0.013506389937388693,0.01744179398913334,0.0057219663911825015,0.00014957712724506834,0.00010193127321511504,4.7645854029953306e-05
2023-10-31,168.9497528076172,170.77000427246094,170.89999389648438,167.89999389648438,169.35000610351562,44846000,0.0028187856318813,0.0028148203055176,0.2481652670266904,0.1621014755272021,0.2021523027718909,0.1752970752249596,0.17750423644686927,0.01745553949039286,-0.514122105500968,0.1636163136589847,0.1325911869328972,0.2347629987999225,0.8374151236282487,0.006586023506802902,0.017567487995219264,0.017505203870890614,0.005715662490649256,7.923213352354194e-06,9.928530781897159e-05,-9.136209446661739e-05
2023-11-01,172.11566162109375,173.97000122070312,174.22999572753906,170.1199951171875,171.0,56934900,0.0187386359909942,0.0185652306552537,0.2668743234094088,0.1737891930509771,0.205651690782149,0.17809330420871125,0.1803231777496603,0.015100992725149021,-0.3349724327688873,0.1621014755272021,0.1378648760128723,0.2060926231835286,1.059281149916035,0.016610557517982665,0.023624766232757007,0.017753583313232298,0.005874097063904052,0.00034466778928277173,0.00011386727528354428,0.00023080051399922746
2023-11-02,175.6772918701172,177.57000732421875,177.77999877929688,175.4600067138672,175.52000427246094,77334800,0.020693257908003,0.0204820610444763,0.1164224526081191,0.1869105387738115,0.2093211958331373,0.1770605822874851,0.177630396758282,0.015404445779203222,-0.1758481351387243,0.1737891930509771,0.1639574541019152,0.1819461362574759,1.4012728812725515,0.03876215813401625,0.013065224811269488,0.017615007547774085,0.00595384733096729,0.0004195148246296536,0.0001322710002306275,0.0002872438243990261
2023-11-03,174.76705932617188,176.64999389648438,176.82000732421875,173.35000610351562,174.24000549316406,79829200,-0.0051811307641304,-0.0051945993639879,0.1721615972431222,0.1805154977520548,0.2095734161608743,0.17240879926642425,0.17472498071073117,0.01482543258585115,-0.20745408370523669,0.1869105387738115,0.1665091790314654,0.1895440845049426,1.4174951156034519,0.0313709935623755,0.01964337017037499,0.017242166571669187,0.005548271563527233,2.6983862552343494e-05,0.00012289972593957624,-9.591586338723274e-05
2023-11-06,177.31956481933594,179.22999572753906,179.42999267578125,176.2100067138672,176.3800048828125,63841300,0.0146051622994483,0.0144995341519461,0.1749282973986077,0.1856034362979786,0.2116929734715296,0.17230819473110415,0.17309271103335164,0.014440486633475915,-0.17758057762957222,0.1805154977520548,0.1636163136589847,0.1905140087771262,1.112419032607206,0.03434544024860955,0.017965664446084148,0.017232577873682257,0.005546772021405831,0.0002102364906234513,0.00012987037640420368,8.036611421924762e-05
2023-11-07,179.8820037841797,181.82000732421875,182.44000244140625,178.97000122070312,179.17999267578125,70530000,0.0144507708442784,0.0143473535708731,0.1628592317964444,0.1918069970046769,0.2128667672630928,0.17584301707612812,0.17503927716991804,0.015251604015012002,-0.1619600217181264,0.1856034362979786,0.1621014755272021,0.180079131677648,1.200894617964229,0.038042133072838116,0.019084815096918735,0.017690713387618698,0.0052833249137711705,0.00020584655448764512,0.00013959896049890827,6.624759398873685e-05
2023-11-08,180.94058227539065,182.88999938964844,183.4499969482422,181.58999633789065,182.3500061035156,49340300,0.0058848972738281,0.0058676489027123,0.1581429016688116,0.19097762205153,0.2118128556270273,0.17513553593898964,0.17504529288662926,0.016090196248949962,-0.15278434654411902,0.1918069970046769,0.1737891930509771,0.1754847458078389,0.8388258040221401,0.018611586273715192,0.010170050940777739,0.017573520728369877,0.005428207263733768,3.4429303645500865e-05,0.00013822123681246686,-0.00010379193316696599
2023-11-09,180.46568298339844,182.41000366210935,184.1199951171875,181.80999755859372,182.9600067138672,53763500,-0.0026245050529877,-0.0026279551041475,0.1463054919114774,0.1906840961523889,0.211608494613751,0.1728611222399663,0.17193245045819802,0.01685952244425087,-0.14717699440913473,0.19097762205153,0.1869105387738115,0.1739671847206469,0.9163447553373053,0.01342853472039574,0.012663765759649599,0.01729364307391592,0.005534148750365366,6.906148029414898e-06,0.0001372922096425461,-0.0001303860616131312
2023-11-10,184.65611267089844,186.3999938964844,186.57000732421875,183.52999877929688,183.97000122070312,66133400,0.0218737468026475,0.0216379487322313,0.1481429053029949,0.200187271395964,0.2135362834263898,0.1705678617859513,0.169179251270031,0.018206831655938897,-0.07661972073175548,0.1906840961523889,0.1805154977520548,0.1779264871375851,1.1132255267518092,0.029616799047726607,0.016309059251418845,0.017049550843086302,0.005460375872427329,0.0004682008253386701,0.00015535018882679362,0.0003128506365118765
2023-11-13,183.07110595703125,184.8000030517578,186.02999877929688,184.2100067138672,185.82000732421875,43627500,-0.0085836421519149,-0.008620693785883,0.1948065587054269,0.203580841889296,0.2144391126396394,0.1690653185690241,0.16841818187001625,0.01973232191430057,-0.09185718165152791,0.200187271395964,0.1856034362979786,0.1680316370530374,0.7399190011080765,0.011541611487403552,0.009848441749862708,0.016822969095903702,0.0056670863342159865,7.431636134996176e-05,0.00015903956897968848,-8.472320762972672e-05
2023-11-14,185.68638610839844,187.44000244140625,188.1100006103516,186.3000030517578,187.6999969482422,60108400,0.0142857107470342,0.0141846315031169,0.1943765989041085,0.2042283360390131,0.2157171356353921,0.1646161969373777,0.1622841282644195,0.021055017412556536,-0.10000496670130757,0.203580841889296,0.1918069970046769,0.1694057825551221,1.01722637747854,0.025638602271432925,0.009656410238041816,0.016284057956123435,0.0058160776618381,0.00020120377087921642,0.00016520700994623376,3.5996760932982666e-05
2023-11-15,186.2510528564453,188.00999450683597,189.5,187.77999877929688,187.8500061035156,53790500,0.0030409307405332,0.0030363164627483,0.1956144511191422,0.2006117151917416,0.2152923390095469,0.1630481969381811,0.16009690893248915,0.021483307650441368,-0.17269947679350842,0.2042283360390131,0.19097762205153,0.1552235520863536,0.9110580827579923,0.022802840726886504,0.00914845631060633,0.016039137370793797,0.006014983476200906,9.21921766195635e-06,0.00016291342390335636,-0.00015369420624140003
2023-11-16,187.9351501464844,189.7100067138672,190.9600067138672,188.6499938964844,189.57000732421875,54412900,0.009042137421952,0.0090015020673233,0.1820412823929273,0.2004595474565828,0.211610104213779,0.16196777084706138,0.15872797354820298,0.02144599794495181,-0.193763454682723,0.2006117151917416,0.1906840961523889,0.1518245802684937,0.9254321075001926,0.01923772252792865,0.012176547022460939,0.01589280861936241,0.00607425861021145,8.102703946802563e-05,0.00016673077498999711,-8.570373552197148e-05
2023-11-17,187.91534423828125,189.69000244140625,190.3800048828125,188.57000732421875,190.25,50922700,-0.0001054465855937,-0.0001054521454758,0.138516651772891,0.1886983171470375,0.2038411796313691,0.1596514049960429,0.15832810962363228,0.021160988286872868,-0.12737820214300594,0.2004595474565828,0.200187271395964,0.1600289665676984,0.875995646057691,0.011864593496421355,0.009541871133418558,0.01556587663786271,0.006237396640028639,1.1120154985449287e-08,0.00015575949813446512,-0.00015574837797947968
2023-11-20,189.65887451171875,191.4499969482422,191.91000366210935,189.8800048828125,189.88999938964844,46505100,0.0092782670893769,0.009235488373932,0.089376347048171,0.1887652218842609,0.2031625187324831,0.15311515868132147,0.15042272382716415,0.02062271604285858,-0.1385810141171708,0.1886983171470375,0.203580841889296,0.1573914249112701,0.806575383330609,0.013958689936824958,0.010603284469341879,0.014916849580678163,0.006031113683048535,8.529424550503313e-05,0.00016000013873722035,-7.470589323218721e-05
2023-11-21,188.8564300537109,190.63999938964844,191.5200042724609,189.7400054931641,191.41000366210935,38134500,-0.0042308569940209,-0.004239832394175,0.0926370413878077,0.1914834498494673,0.2028233789040268,0.15194834693643156,0.14859045235922605,0.01733907553440676,-0.20564964015388415,0.1887652218842609,0.2042283360390131,0.1325911869328972,0.6646724778412005,0.015823160337617586,0.00933696383233135,0.014743706654486391,0.0061437433477470075,1.7976178730695712e-05,0.00016057633266401678,-0.00014260015393332106
2023-11-22,189.52017211914065,191.30999755859372,192.92999267578125,190.8300018310547,191.4900054931641,39617700,0.0035144679557825,0.0035083066448763,0.0925855110647982,0.1790104306292533,0.1983011934929707,0.15079423193980301,0.14727912204412047,0.013679597257498805,-0.15999177573904683,0.1914834498494673,0.2006117151917416,0.1378648760128723,0.701242848991896,0.0025448584088827385,0.010976900692727179,0.014588284133266755,0.006200332487157208,1.23082155144832e-05,0.000151966148423307,-0.0001396579329088238
2023-11-24,188.19273376464844,189.97000122070312,190.8999938964844,189.25,190.8699951171875,24048300,-0.0070043194552873,-0.007028964851045,0.1018387032096644,0.1469949937801885,0.1951606941484539,0.13365347893699175,0.12998602560875597,0.015501436046469362,0.6433290662471662,0.1790104306292533,0.2004595474565828,0.1639574541019152,0.4439613344187309,-0.028886538663775396,0.008685549749338979,0.01331185195126583,0.004276734568684182,4.9406346877226054e-05,0.00012340282130680723,-7.399647442958118e-05
2023-11-27,188.01437377929688,189.7899932861328,190.6699981689453,188.8999938964844,189.9199981689453,40552600,-0.0009475597905649,-0.00094800900914,0.1022114198583906,0.1491910583034608,0.1951641863143695,0.1323899415514948,0.12932733848908629,0.016990660301010277,0.616780401874914,0.1469949937801885,0.1886983171470375,0.1665091790314654,0.761261965641973,0.014013244821336068,0.00932612010682987,0.013145056997340906,0.004367500052285457,8.987210814106047e-07,0.00012029736782049339,-0.00011939864673908278
2023-11-28,188.61868286132807,190.3999938964844,191.0800018310547,189.3999938964844,189.77999877929688,38415400,0.0032140820482138,0.0032089279273993,0.0731079355700596,0.1476490319576673,0.1945129503107872,0.1305750045350548,0.127612301191819,0.018320060110272388,0.6347710769378626,0.1491910583034608,0.1887652218842609,0.1636163136589847,0.7298527865304948,0.01767576692855923,0.008823571367778832,0.012910916068860415,0.004471396311366341,1.0297218443243167e-05,0.00011333337238040213,-0.00010303615393715897
2023-11-29,187.5983123779297,189.3699951171875,192.08999633789065,188.97000122070312,190.8999938964844,43014200,-0.0054096576277038,-0.0054243428106806,0.0767079669074355,0.1525128867890322,0.1948220836173342,0.12978113799921617,0.1265802415886122,0.019012601836375622,0.5685191169787087,0.1476490319576673,0.1914834498494673,0.1621014755272021,0.8186497651631449,0.0298073652568659,0.016475657166579043,0.0128563245274284,0.004417896777243563,2.9423494927782313e-05,0.00011440838645917353,-8.498489153139122e-05
2023-11-30,188.17288208007807,189.9499969482422,190.32000732421875,188.19000244140625,189.83999633789065,48794400,0.0030627968844576,0.003058116077219,0.0749632711165692,0.1441517289389786,0.1794984173267169,0.12177427674865783,0.12112751254208186,0.020812120784506366,0.5149963339957466,0.1525128867890322,0.1790104306292533,0.1737891930509771,0.9359090537247557,0.02304807260147655,0.011213503116785447,0.012235761371629824,0.003626481400191152,9.352073941745325e-06,9.764260069212222e-05,-8.82905267503769e-05
2023-12-01,189.45083618164065,191.2400054931641,191.55999755859372,189.22999572753903,190.3300018310547,45704800,0.0067913059523416,0.0067683489143073,0.073992421376689,0.1315176497276664,0.168406642910096,0.1213484572508102,0.12277586041808511,0.023521745412263113,0.37712641562418203,0.1441517289389786,0.1469949937801885,0.1869105387738115,0.9040728159118303,0.0019670254624287566,0.012183652813887698,0.012191682771760734,0.0036212227276191055,4.581054702580481e-05,7.895738681192979e-05,-3.3146839786124976e-05
2023-12-04,187.65777587890625,189.42999267578125,190.0500030517578,187.4499969482422,189.97999572753903,43389500,-0.0094646139165035,-0.0095096880061572,0.1078405383600772,0.1362004051069605,0.1697659101771435,0.11748458513600421,0.12112859925138308,0.025332638788855884,0.26280014017513376,0.1315176497276664,0.1491910583034608,0.1805154977520548,0.8903633828452763,-0.002178587520666397,0.013725419437489306,0.01189578523511645,0.003197247359236648,9.043416597445011e-05,8.212990198303512e-05,8.304263991414985e-06
2023-12-05,191.6104431152344,193.4199981689453,194.3999938964844,190.17999267578125,190.2100067138672,66628400,0.0210632193814901,0.0208444563464148,0.1878266406778926,0.1446041973456617,0.1742169948857633,0.12042142366510661,0.12461187656547003,0.026177756783103016,0.32542960326769466,0.1362004051069605,0.1476490319576673,0.1856034362979786,1.363332832361793,0.03461463463425231,0.021817812328884092,0.012088392629256447,0.0036640979265739142,0.00043449136037759225,9.334264547074216e-05,0.0003411487149068501
2023-12-06,190.5207672119141,192.32000732421875,194.75999450683597,192.1100006103516,194.4499969482422,41089700,-0.0056870585003612,-0.005703291391746,0.1886373330799326,0.1427279757441462,0.1705658660849054,0.11695480383656699,0.12181187714007384,0.026731521420116797,0.2829599363714988,0.1446041973456617,0.1525128867890322,0.1918069970046769,0.8668769774654644,0.010211072100242113,0.01377908587543332,0.011823106168182176,0.0033053993856385485,3.252753269916403e-05,8.467669438131811e-05,-5.214916168215408e-05
2023-12-07,192.45249938964844,194.2700042724609,195.0,193.58999633789065,193.6300048828125,47477700,0.0101393348272642,0.0100882766127333,0.1950520975832252,0.1447009726920472,0.169153395323791,0.1159560651722668,0.12043759928628986,0.026977817971385005,0.294932133240271,0.1427279757441462,0.1441517289389786,0.19097762205153,1.0036176800849608,0.03300607346405436,0.00725795867143667,0.011677501554715123,0.003443312380817642,0.00010177332501502167,8.804389544979414e-05,1.3729429565227522e-05
2023-12-08,193.8790283203125,195.7100067138672,195.9900054931641,193.6699981689453,194.1999969482422,53406400,0.0074123766394047,0.0073850399789836,0.195552885089829,0.1438818402747794,0.1689384454358448,0.11561059879121824,0.11893876951197771,0.027063964336525137,0.3064259035106509,0.1447009726920472,0.1315176497276664,0.1906840961523889,1.1293690533500547,0.03476740155013686,0.011854311198357302,0.011637028826650509,0.0034358587880712254,5.453881549118609e-05,9.042552882288272e-05,-3.5886713331696624e-05
2023-12-11,191.3726806640625,193.17999267578125,193.4900054931641,191.4199981689453,193.1100006103516,60943700,-0.012927361664163,-0.0130116471848699,0.2123537748707706,0.1384765018638843,0.1712289079695104,0.11253904220926124,0.11837406555677002,0.026601973090714316,0.2309417736090971,0.1438818402747794,0.1362004051069605,0.200187271395964,1.2958688236802567,0.03031995847928423,0.010715433288647665,0.01135734752851195,0.0032586276098583817,0.0001693029624635328,7.548063567912585e-05,9.382232678440696e-05
2023-12-12,192.8883819580078,194.7100067138672,194.72000122070312,191.72000122070312,193.0800018310547,52696900,0.007920147510585,0.0078889477717078,0.16101884023057,0.1343593338317283,0.1688282962256755,0.11541813193957423,0.12134966275235913,0.025663974773479578,0.2771641434059859,0.1384765018638843,0.1446041973456617,0.203580841889296,1.1098128602233783,0.0405695739821431,0.015407528614636635,0.011635301871750646,0.0033586997949390713,6.223549694473347e-05,7.487659245886443e-05,-1.2641095514130964e-05
2023-12-13,196.10797119140625,197.9600067138672,198.0,194.8500061035156,195.08999633789065,70404200,0.0166914893325229,0.0165537173900591,0.1765542268605688,0.1372968252855345,0.1713783759046559,0.11859717037706122,0.12136031331087536,0.023971354558736984,0.30383399657469207,0.1343593338317283,0.1427279757441462,0.2042283360390131,1.46683117530337,0.0384824559086017,0.015912274144531766,0.011948095067075143,0.003454639214929921,0.00027402555942994503,7.851768188640085e-05,0.00019550787754354416
2023-12-14,196.25656127929688,198.1100006103516,199.6199951171875,196.16000366210935,198.0200042724609,66831600,0.0007576979763452,0.0007574110681509,0.1746290330371851,0.1374676575123297,0.1652291709305618,0.12278768479331093,0.12701622763511572,0.022027331383938864,0.29830986270133397,0.1372968252855345,0.1447009726920472,0.2006117151917416,1.3737356379665293,0.04120067119264746,0.017465001486135792,0.012363922325851616,0.00359748554796424,5.736715261574873e-07,7.808540457961092e-05,-7.751173305345344e-05
2023-12-15,195.7216339111328,197.57000732421875,198.3999938964844,197.0,197.52999877929688,128538400,-0.0027257245190508,-0.0027294460702816,0.1767163403570485,0.1365444555567753,0.1639579237358875,0.12096098860589917,0.12457255285200076,0.019414822954448758,0.2818267380548756,0.1374676575123297,0.1438818402747794,0.2004595474565828,2.455093331571033,0.08678801597127037,0.0070860649115984916,0.012109398220308494,0.00378654933918271,7.449875850575669e-06,7.440654639873841e-05,-6.695667054816275e-05
2023-12-18,194.05734252929688,195.88999938964844,196.6300048828125,194.38999938964844,196.08999633789065,55751900,-0.0085033551262331,-0.0085397149173038,0.1543989217822212,0.1414865213676273,0.1652915371630941,0.12171036252055344,0.12572846791800485,0.017323381798761143,0.2024207891989271,0.1365444555567753,0.1384765018638843,0.1886983171470375,1.0599770672508289,0.061682025424698673,0.011435017102166743,0.012204055518745902,0.003742392680533324,7.292673086882103e-05,7.805232693443019e-05,-5.125596065609159e-06
2023-12-19,195.09750366210935,196.94000244140625,196.9499969482422,195.88999938964844,196.16000366210935,40714100,0.0053601667008493,0.0053458521368348,0.150099638895986,0.1393631533598208,0.1650596754062016,0.12013260425808617,0.12461077622588239,0.014576894727822993,0.19336579969939602,0.1414865213676273,0.1343593338317283,0.1887652218842609,0.7783573820460918,0.052533223670285546,0.005382337490876803,0.01194300816982265,0.004030900454857422,2.85781350689012e-05,7.52165214126236e-05,-4.6638386343722405e-05
2023-12-20,193.00726318359372,194.8300018310547,197.67999267578125,194.8300018310547,196.8999938964844,52242800,-0.0107139259885981,-0.0107717333603435,0.1049270853664511,0.1447039582091456,0.1585193777207131,0.12245002905906284,0.12586742314074711,0.009891458821571405,0.13373119686064933,0.1393631533598208,0.1372968252855345,0.1914834498494673,0.9854689785842697,0.07569099898476464,0.01462809022194595,0.01220756448930338,0.00402448694786086,0.00011603023958633707,8.011922445540567e-05,3.5911015130931395e-05
2023-12-21,192.858642578125,194.67999267578125,197.0800018310547,193.5,196.1000061035156,46482500,-0.0007699489496669,-0.0007702455125948,0.10182324529111,0.1445513407165701,0.1569707784545346,0.12639992588293286,0.13020162512491523,0.005377894348445793,0.15047886209550565,0.1447039582091456,0.1374676575123297,0.1790104306292533,0.8711705021190064,0.06823329474569766,0.018389161525277014,0.01257817753093087,0.0042406797908317835,5.932781496724261e-07,7.953347758716513e-05,-7.89401994374927e-05
2023-12-22,191.78875732421875,193.6000061035156,195.41000366210935,192.97000122070312,195.17999267578125,37149600,-0.0055474964706014,-0.0055629409745184,0.1024694812402531,0.1435788046804752,0.1577743253545499,0.12787488893016372,0.13137565605304757,0.005261177455928451,0.002463931589789805,0.1445513407165701,0.1365444555567753,0.1469949937801885,0.6878098417668553,0.07784369080484432,0.012603317998355752,0.01277406594338171,0.004140712958400457,3.094631228597572e-05,7.861047585760261e-05,-4.766416357162689e-05
2023-12-26,191.243896484375,193.0500030517578,193.88999938964844,192.8300018310547,193.6100006103516,28919300,-0.0028409247645567,-0.0028449678505333,0.0944453963002469,0.1440678282547951,0.1580850340394595,0.1268592506022558,0.1298551054236592,0.004997858043344751,0.004657459756187939,0.1435788046804752,0.1414865213676273,0.1491910583034608,0.5412581280755908,0.0324515521518879,0.005490792757509352,0.012582299575915685,0.004390101445224447,8.093842070568065e-06,7.897023190706049e-05,-7.087638983649242e-05
2023-12-27,191.3429412841797,193.1499938964844,193.5,191.08999633789065,192.4900054931641,48087700,0.0005179530854488,0.0005178189940495,0.0711749761935579,0.1438002348752365,0.1558660386938124,0.1282680325976376,0.1317397539561949,0.0048192188734184705,0.008508463090840135,0.1440678282547951,0.1393631533598208,0.1476490319576673,0.8919435412983676,0.06822783774649817,0.012477368564665598,0.012764989435760021,0.004300564738707997,2.6813651059843615e-07,7.846877781042826e-05,-7.820064129982983e-05
2023-12-28,191.7689514160156,193.5800018310547,194.66000366210935,193.1699981689453,194.13999938964844,34049900,0.0022262901794383,0.0022238156674307,0.0479932660481101,0.1420197040678388,0.1545873848497917,0.1245083651677787,0.12772020497059908,0.004042864602661706,0.04453508186190839,0.1438002348752365,0.1447039582091456,0.1525128867890322,0.636861284004027,0.04764617724468648,0.007697104448136248,0.012326061799837881,0.004349613039124226,4.945356122710251e-06,7.724487087017465e-05,-7.22995147474644e-05
2023-12-29,190.72879028320312,192.52999877929688,194.3999938964844,191.72999572753903,193.8999938964844,42672100,-0.0054241297749041,-0.0054388937789295,0.0556572230343201,0.1436587060155247,0.1549046636350108,0.1256816144415793,0.12836004746553673,0.004022644403221654,0.0533143849050237,0.1420197040678388,0.1445513407165701,0.1441517289389786,0.802724878882358,0.05358835708926155,0.013867959205703165,0.012458784604283768,0.004354374038903442,2.9581565538478017e-05,7.825634545001128e-05,-4.8674779911533266e-05
2024-01-02,183.9032287597656,185.63999938964844,188.44000244140625,183.88999938964844,187.1499938964844,82488700,-0.0357866277116983,-0.0364426683157658,0.2532979931474427,0.1928200202352577,0.1730701843039542,0.13352966301950628,0.13815842313011667,0.012020933335053526,-0.5980204624318451,0.1436587060155247,0.1435788046804752,0.1315176497276664,1.4998421313548949,0.10340843117624768,0.024509820441270307,0.013075092985652898,0.005118624090238249,0.0013280680739729206,0.00014236922179736706,0.0011856988521755537
2024-01-03,182.52622985839844,184.25,185.8800048828125,183.42999267578125,184.22000122070312,58414500,-0.0074876071655812,-0.0075157800157055,0.2489818098863284,0.1918470021290567,0.1715565447628262,0.13329621721171508,0.13799341467844162,0.015960081508616525,-0.5847441948492346,0.1928200202352577,0.1440678282547951,0.1362004051069605,1.0478030253362787,0.09134889316269909,0.013297216863127544,0.013053682856934812,0.005116655906356123,5.648694924447817e-05,0.00014067186096086847,-8.41849117163903e-05
2024-01-04,180.2081298828125,181.91000366210935,183.08999633789065,180.8800048828125,182.1499938964844,71983600,-0.012700115809447,-0.0127814516638862,0.2332428712909261,0.1767000671560994,0.1729385253482545,0.12747217055638535,0.1352460522400845,0.017305948639808128,-0.6195885544784827,0.1918470021290567,0.1438002348752365,0.1446041973456617,1.2850252506972628,0.07618398440779629,0.012148817605342505,0.012570233120757732,0.00468343962888718,0.00016336550663625932,0.0001271155682738018,3.6249938362457505e-05
2024-01-05,179.48495483398438,181.17999267578125,182.75999450683597,180.1699981689453,181.9900054931641,62379700,-0.0040130337619259,-0.004021107589514,0.2125622705278631,0.1764680086575618,0.1730032815903305,0.12775760024977015,0.1374267649970405,0.018356786474038173,-0.6247755474629818,0.1767000671560994,0.1420197040678388,0.1427279757441462,1.0928130901348267,0.08867811565104153,0.014295156433334287,0.01259603664865278,0.004691864444815389,1.616930624644709e-05,0.00012629765695116598,-0.00011012835070471889
2024-01-08,183.82395935058597,185.55999755859372,185.6000061035156,181.5,182.08999633789065,59144500,0.0241748816639508,0.023887294910533,0.3425693930998384,0.1957674920704059,0.179022074189567,0.1354634550597717,0.1414797991487904,0.0209635340748133,-0.41758407675874,0.1764680086575618,0.1436587060155247,0.1447009726920472,1.0256549433145055,0.07831172677807044,0.022095312338107517,0.013337904331986321,0.004968278619315832,0.0005706028581427757,0.00014973913360755367,0.000420863724535222
2024-01-09,183.40789794921875,185.13999938964844,185.1499938964844,182.72999572753903,183.9199981689453,42841800,-0.0022634090023238,-0.0022659743842163,0.2259406606259391,0.1924077162861359,0.1788602943297708,0.13598741211734366,0.14245332778176703,0.022660045008887766,-0.4123349126233217,0.1957674920704059,0.1928200202352577,0.1438818402747794,0.7498099957339284,0.058285965688614993,0.013071179523189933,0.013398747748227954,0.004956591100721835,5.13463990992444e-06,0.0001472689248284906,-0.00014213428491856618
2024-01-10,184.44808959960935,186.19000244140625,186.3999938964844,183.9199981689453,184.3500061035156,46792900,0.0056714003198625,0.005655378478044,0.2195786602690031,0.1906383529198216,0.1777554977623723,0.13704781869202573,0.14217902276676903,0.02365401603910461,-0.4625207835718984,0.1924077162861359,0.1918470021290567,0.1384765018638843,0.8292300449757205,0.055840681914293235,0.013319704038993943,0.013528961285745267,0.004916433621658265,3.198330572992327e-05,0.00014040294199181013,-0.00010841963626188685
2024-01-11,183.85369873046875,185.58999633789065,187.0500030517578,183.6199951171875,186.5399932861328,49128400,-0.0032225473744458,-0.0032277509624493,0.1868352035432332,0.1871640307183881,0.1779132690720549,0.1387197252926757,0.14515900456877653,0.023883682596815618,-0.44443272216922874,0.1906383529198216,0.1767000671560994,0.1343593338317283,0.8733796484359098,0.06510216956310326,0.018481642342001767,0.013682666972113521,0.005025108520654053,1.0418376275592382e-05,0.00013781208595835308,-0.0001273937096827607
2024-01-12,184.1806182861328,185.9199981689453,186.7400054931641,185.19000244140625,186.05999755859372,40477800,0.0017781229460982,0.0017765439569733,0.1753224375509876,0.1742204895849637,0.1768308652554464,0.13561011747418725,0.1446508921014305,0.023449960075092157,-0.491501814283004,0.1871640307183881,0.1764680086575618,0.1372968252855345,0.7392585717471357,0.03949701379398358,0.00833693560145883,0.013303900044959877,0.005132553510805955,3.1561084310583508e-06,0.00012426861340840873,-0.00012111250497735037
2024-01-16,181.9120330810547,183.6300048828125,184.25999450683597,180.92999267578125,182.16000366210935,65603000,-0.0123170896551532,-0.0123935736933481,0.1072058651038012,0.176559409903754,0.1781076874402259,0.1360599250196368,0.14415220651095814,0.022923989136299207,-0.4811400833137217,0.1742204895849637,0.1957674920704059,0.1374676575123297,1.1994735721980592,0.07306999801722695,0.01813430127162404,0.01333736503423429,0.005163202892030161,0.00015360066889245005,0.00013191996327672337,2.168070561572668e-05
2024-01-17,180.97091674804688,182.67999267578125,182.92999267578125,180.3000030517578,181.2700042724609,47317400,-0.0051735129432551,-0.0051869418979463,0.1094873649270359,0.1765781981130239,0.1784244447190546,0.13869909267899744,0.1466052355249959,0.02214245947750104,-0.47898781836509796,0.176559409903754,0.1924077162861359,0.1365444555567753,0.9345334413280426,0.012967554638829103,0.014396703139194441,0.013702896945614088,0.004951798133871852,2.6904366252670768e-05,0.00013289268779682813,-0.00010598832154415736
2024-01-18,186.86526489257807,188.6300048828125,189.13999938964844,185.8300018310547,186.08999633789065,78005800,0.0325706834113534,0.0320515020196593,0.2735159014214772,0.2167110687964631,0.1867094139673224,0.14162422456160836,0.14744599542586131,0.024078025654447596,-0.05358056876923962,0.1765781981130239,0.1906383529198216,0.1414865213676273,1.5075097876975283,0.0737089290082397,0.017547566521297103,0.014008524416570606,0.004992920422460927,0.001027298781716224,0.00018061129033919828,0.0008466874913770257
2024-01-19,189.7678375244141,191.55999755859372,191.9499969482422,188.82000732421875,189.3300018310547,68903000,0.0155330148965511,0.0154136124862486,0.2804057564310033,0.2239928020879982,0.188878130154639,0.14544218294526703,0.1505622546896854,0.02584133667044691,-0.03641097464813375,0.2167110687964631,0.1871640307183881,0.1393631533598208,1.2962839283782577,0.08136059118378984,0.01633947412776536,0.014556381248415032,0.004580709644348134,0.00023757944987623877,0.00019106135607956513,4.651809379667364e-05
2024-01-22,192.07603454589844,193.88999938964844,195.3300018310547,192.25999450683597,192.3000030517578,60133900,0.0121633005885897,0.0120899220654427,0.2794068291918735,0.2259772666678201,0.1900700948147747,0.14606688564146453,0.152102184522337,0.027352484605859397,-0.04082507699655539,0.2239928020879982,0.1742204895849637,0.1447039582091456,1.1229737059491804,0.06083910808014501,0.015833757975568005,0.014616664636096136,0.004589627799725429,0.00014616621554847827,0.00019256815487767221,-4.640193932919394e-05
2024-01-23,193.3539581298828,195.17999267578125,195.75,193.8300018310547,195.0200042724609,42355600,0.0066532223951396,0.0066311873928703,0.2155865384436272,0.227271250121173,0.1875539916824601,0.14230177448928277,0.14793150086563223,0.02827089246863653,-0.04665082745705602,0.2259772666678201,0.176559409903754,0.1445513407165701,0.7940316213387983,0.051569855650222686,0.009837064458418508,0.01418905978275321,0.0046179564307384045,4.3972646239362e-05,0.0001947371232821567,-0.0001507644770427947
2024-01-24,192.68032836914065,194.5,196.3800048828125,194.33999633789065,195.4199981689453,53631300,-0.0034839261261312,-0.0034900091293561,0.2071355926182203,0.2267011710103479,0.1792853146593644,0.14151975350233004,0.14761165886073127,0.028417446673105525,-0.05003027479463613,0.227271250121173,0.1765781981130239,0.1435788046804752,0.9901185316508557,0.07491976482892096,0.01048847580936682,0.014083317673303763,0.004679974286877458,1.2180163722988924e-05,0.00019379881585400736,-0.00018161865213101844
2024-01-25,192.35340881347656,194.1699981689453,196.2700042724609,193.1100006103516,195.22000122070312,54822100,-0.0016966675118492,-0.0016981084823013,0.1316725280435749,0.2265312103896855,0.1791363848293658,0.14521893058198534,0.1521805212710008,0.02795075194938807,-0.050750320226726466,0.2267011710103479,0.2167110687964631,0.1440678282547951,0.9884679846997075,0.08710717648841543,0.01627441773656418,0.014622498922256505,0.004238272574286768,2.883572417663625e-06,0.00019353830237136212,-0.0001906547299536985
2024-01-26,190.6197967529297,192.4199981689453,194.75999450683597,191.94000244140625,194.2700042724609,44594000,-0.0090127208966512,-0.0090535811590081,0.1335622890628173,0.2289381184609669,0.1794534590122558,0.14608710434391417,0.15205559273516747,0.026946617042504888,-0.04415596997526725,0.2265312103896855,0.2239928020879982,0.1438002348752365,0.8065910611897914,0.04463754103062599,0.014655400126102043,0.01473140050032833,0.004208127731133132,8.196733180274645e-05,0.00019762326213596952,-0.00011565593033322307
2024-01-29,189.9362335205078,191.72999572753903,192.1999969482422,189.5800018310547,192.00999450683597,47145600,-0.0035859185530208,-0.0035923633706288,0.0900827298617664,0.2290558660498167,0.179814770353492,0.14808526641517464,0.15480963221084507,0.02495424980450603,-0.03704142654783571,0.2289381184609669,0.2259772666678201,0.1420197040678388,0.8427618103355122,0.062094504176390376,0.01366502464700769,0.015029796510271901,0.0038820333383744114,1.2905074586635514e-05,0.00019802124805916576,-0.00018511617347253024
2024-01-30,186.28076171875,188.0399932861328,191.8000030517578,187.47000122070312,190.94000244140625,55859400,-0.0192458275889704,-0.0194334395950963,0.1149728095385617,0.2382752058579036,0.1816529419398348,0.15306726230753534,0.1585893222260261,0.022784768599153998,-0.04623286396973604,0.2290558660498167,0.227271250121173,0.1436587060155247,0.986895142589859,0.05867475176629293,0.023027026088359298,0.015487749854404705,0.004259632203415151,0.0003776585744962566,0.00021542509850705472,0.0001622334759892019
2024-01-31,182.67483520507807,184.3999938964844,187.1000061035156,184.3500061035156,187.0399932861328,55467800,-0.0193575809381656,-0.0195473924282989,0.134888120931027,0.2111114351920499,0.1821185102349315,0.14734672339841468,0.14867437838031913,0.022690656307959935,0.73179874310993,0.2382752058579036,0.2267011710103479,0.1928200202352577,1.0039401735073625,0.011670091834007395,0.014913232597739414,0.015007920462228161,0.003692613189306369,0.00038210055074591715,0.00016812672234570454,0.0002139738284002126
2024-02-01,185.11181640625,186.8600006103516,186.9499969482422,183.82000732421875,183.9900054931641,64885400,0.0133406008421461,0.0132523986079996,0.2152941209361817,0.2145851257273058,0.1835175237158669,0.14901855804784345,0.14705435232690878,0.02258502214092463,0.7217009159728373,0.2111114351920499,0.2265312103896855,0.1918470021290567,1.167556926708971,0.034751764414880516,0.016750452819221728,0.015180582260032868,0.003689145682259314,0.00017562606886530976,0.00017408367832674613,1.5423905385636395e-06
2024-02-02,184.1112823486328,185.8500061035156,187.3300018310547,179.25,179.86000061035156,102551700,-0.0054050867148502,-0.0054197470468215,0.2153736741662548,0.2099912865493124,0.1817616253666702,0.17427165144740497,0.16651488769155262,0.021530978574116028,0.7063472280843471,0.2145851257273058,0.2289381184609669,0.1767000671560994,1.7959371164487863,0.05216251868688262,0.0434759298665519,0.01674693787309334,0.007258214303208501,2.937365805153037e-05,0.00016738408589750967,-0.0001380104278459793
2024-02-05,185.9241180419922,187.67999267578125,189.25,185.83999633789065,188.1499938964844,69668800,0.0098465779508576,0.0097984162957831,0.2471540727330562,0.2112720161285624,0.1805274735394824,0.1759184337869053,0.1690948562161921,0.020264598981356373,0.6963053942595705,0.2099912865493124,0.2290558660498167,0.1764680086575618,1.2123374118247305,0.042801060706181907,0.01816924443299695,0.016940642273076473,0.007241013008460719,9.600896190546781e-05,0.00017137606868046073,-7.536710677499291e-05
2024-02-06,187.5289764404297,189.3000030517578,189.30999755859372,186.7700042724609,186.8600006103516,43490800,0.0086317691773099,0.0085947284564258,0.2170891015468055,0.1964877517480268,0.1809579481625017,0.1717813264773762,0.16587397587392191,0.020240119818222997,0.5816266949955757,0.2112720161285624,0.2382752058579036,0.1957674920704059,0.7672523863730085,0.026606749036158384,0.013417819573084399,0.016506767634825316,0.0071755719766409785,7.38693572396954e-05,0.0001465393936353067,-7.267003639561129e-05
2024-02-07,187.6379547119141,189.41000366210935,191.0500030517578,188.6100006103516,190.63999938964844,53439000,0.0005810914346444,0.0005809226663934,0.1207651244564884,0.1961200886039798,0.1808348751030129,0.171677098498401,0.16575094391823683,0.020094286124589744,0.5798819399241052,0.1964877517480268,0.2111114351920499,0.1924077162861359,0.934024787950645,0.05182597357691847,0.01288212023774082,0.016497314670552862,0.007180459032961983,3.374711443296175e-07,0.00014629953519702696,-0.00014596206405269733
2024-02-08,186.5581512451172,188.32000732421875,189.5399932861328,187.3500061035156,189.38999938964844,40962000,-0.0057546925548614,-0.0057713145985716,0.117937680747517,0.1968238824494268,0.1758897794215817,0.17108922455341583,0.16588513510747044,0.01983611802653208,0.5820625485747467,0.1961200886039798,0.2145851257273058,0.1906383529198216,0.7196145471691683,0.035540647804438136,0.011629073372150269,0.016412783137210677,0.007229619262625377,3.330807219568567e-05,0.00014636577352031507,-0.0001130577013246294
2024-02-09,187.32192993164065,188.8500061035156,189.9900054931641,188.0,188.6499938964844,45155200,0.0028143519471321,0.0028103990734727,0.1004424906085142,0.1964457740707852,0.17500728772029,0.16798435341240117,0.16180183444184498,0.019384089757359044,0.578293785265438,0.1968238824494268,0.2099912865493124,0.1871640307183881,0.7960583518500628,0.03816347931693301,0.010537492342326408,0.01601557563722691,0.007327539568828825,7.898342952176211e-06,0.00014623977185414429,-0.00013834142890196808
2024-02-12,185.63568115234372,187.1499938964844,188.6699981689453,186.7899932861328,188.4199981689453,41781900,-0.009001917670574,-0.0090426797403725,0.1110035240370957,0.1995140566130177,0.1736396045433115,0.16840070325198575,0.1617223509019522,0.017663042767884277,0.5910828168168447,0.1964457740707852,0.2112720161285624,0.1742204895849637,0.7357433967699728,0.04323232318810861,0.010045444531792826,0.01610100108374361,0.007242778214416177,8.177005688694327e-05,0.0001501704692769385,-6.840041238999522e-05
2024-02-13,183.54275512695312,185.0399932861328,186.2100067138672,183.50999450683597,185.7700042724609,56529500,-0.0112743824694893,-0.0113384200976223,0.0966457213559071,0.19865490447133,0.1750501631546538,0.16678354368912027,0.16013012127456783,0.015976553780580483,0.6076451666860408,0.1995140566130177,0.1964877517480268,0.176559409903754,1.003452382452759,0.029844857380778505,0.014591506187833204,0.01592386132955407,0.007233749789547052,0.00012855977031016528,0.00014891842434782427,-2.035865403765899e-05
2024-02-14,182.65994262695312,184.1499938964844,185.52999877929688,182.44000244140625,185.32000732421875,54630500,-0.0048097677363844,-0.0048213718930411,0.085540840272204,0.1985231655490126,0.1742148843483791,0.1677665977219161,0.1618473122862937,0.01400821784191364,0.6080848565006595,0.19865490447133,0.1961200886039798,0.1765781981130239,0.9634895816477638,0.042101761174176425,0.01677977974643645,0.016043015159916168,0.007226894273002044,2.324562693100672e-05,0.00014873548738174105,-0.00012548986045073432
2024-02-15,182.3723297119141,183.8600006103516,184.4900054931641,181.3500061035156,183.5500030517578,65434500,-0.0015747667431138,-0.0015760079915504,0.090172172409019,0.1594575763436745,0.1742268791686223,0.16753590843060284,0.16421948995255187,0.018484458508049723,0.15870887970001304,0.1985231655490126,0.1968238824494268,0.2167110687964631,1.1669707394586613,0.019561770483587378,0.017078208306454817,0.016019547249174055,0.007222512141414656,2.483801189430726e-06,9.749473835540141e-05,-9.501093716597068e-05
2024-02-16,180.8348388671875,182.30999755859372,184.8500061035156,181.6699981689453,183.4199981689453,49752500,-0.0084303439933228,-0.0084660803313993,0.0611209623236843,0.1484483945940614,0.1737695437505702,0.16795347374559236,0.1662837240220655,0.0228474502425782,0.1173904895763078,0.1594575763436745,0.1964457740707852,0.2239928020879982,0.9027103992002116,0.013413489485074554,0.017442860935524076,0.016074716589561992,0.007229295468856268,7.167451617770607e-05,8.919949167047477e-05,-1.7524975492768706e-05
2024-02-20,180.09092712402344,181.55999755859372,182.42999267578125,180.0,181.7899932861328,53665600,-0.004113872031395,-0.0041223572824271,0.060990794567804,0.1381490882670742,0.1737598219541989,0.16698816967317506,0.16590443486401735,0.02706168902160784,0.08291850319904429,0.1484483945940614,0.1995140566130177,0.2259772666678201,0.9794572701143761,0.02370942157895829,0.013383965126993537,0.015952226947133268,0.007254303821195785,1.6993829563979747e-05,8.274087237124985e-05,-6.57470428072701e-05
2024-02-21,180.84474182128903,182.32000732421875,182.88999938964844,180.66000366210935,181.94000244140625,41371400,0.0041859978841414,0.0041772609683195,0.0744532246903258,0.1360718501565508,0.1738362767533163,0.16771251149713126,0.16686058807952048,0.030191565595652906,0.059481604910997986,0.1381490882670742,0.19865490447133,0.227271250121173,0.7557531289988756,0.027037231231406184,0.012231217847493286,0.016071934616587007,0.0071673148925404054,1.7449509197445563e-05,8.141471551915402e-05,-6.396520632170846e-05
2024-02-22,182.87815856933597,184.3699951171875,184.9600067138672,182.4600067138672,183.47999572753903,52292200,0.0112438992464676,0.0111811564887745,0.1212439383074657,0.1455873326831902,0.1750519501759812,0.1687410811438513,0.1682754341088722,0.03155849413850239,0.18011402848782346,0.1360718501565508,0.1985231655490126,0.2267011710103479,0.956418926055686,0.026924966351188944,0.013559690113410123,0.016225495331789172,0.007073681372132185,0.0001250182604264641,8.705662035432779e-05,3.796164007213631e-05
2024-02-23,181.0431671142578,182.5200042724609,185.0399932861328,182.22999572753903,185.00999450683597,45119700,-0.0100341210268551,-0.0100848021311488,0.1424594522496479,0.1478672510477016,0.1761501475060571,0.16834617045150754,0.16546899149526342,0.03218673279173869,0.14977331766225754,0.1455873326831902,0.1594575763436745,0.2265312103896855,0.8326223302784884,0.018956696363209718,0.0153955593513963,0.01618155241253078,0.007076090861267483,0.00010170323402442339,9.199760343466578e-05,9.705630589757606e-06
2024-02-26,179.6941375732422,181.16000366210935,182.75999450683597,180.6499938964844,182.2400054931641,40867400,-0.0074512413900746,-0.0074791405645891,0.1395454023373654,0.1471293616524291,0.1765113198663875,0.1672916844142018,0.16481205253137812,0.03218540166028972,0.16255707036195424,0.1478672510477016,0.1484483945940614,0.2289381184609669,0.7567540242034111,0.023572899162284826,0.011647165862764227,0.016031140699363886,0.007141904591079354,5.593754358488216e-05,9.069611402377256e-05,-3.47585704388904e-05
2024-02-27,181.1522521972656,182.6300048828125,183.9199981689453,179.55999755859375,181.1000061035156,54318900,0.0081143806082324,0.0080816360372502,0.1502880105558743,0.1522675668966947,0.1771784626243035,0.17247073896996465,0.1710797396740357,0.031345324319501114,0.20905377832820846,0.1471293616524291,0.1381490882670742,0.2290558660498167,0.9992033068559942,0.03716947040562073,0.02387340794930837,0.01654155986447892,0.007326309182584172,6.53128410385811e-05,9.331650234636984e-05,-2.800366130778873e-05
2024-02-28,179.95204162597656,181.4199981689453,183.1199951171875,180.1300048828125,182.50999450683597,48953900,-0.006625454095802,-0.0066474998461482,0.1561972735697666,0.1395662881670349,0.1774379337589699,0.1691398626165318,0.16928167985440729,0.02977289316794396,0.3623009248800401,0.1522675668966947,0.1360718501565508,0.2382752058579036,0.9062694875227556,0.022989670565355703,0.016481039932491927,0.016214260556685553,0.007165785711211152,4.4189254204540345e-05,7.664303633178402e-05,-3.2453782127243676e-05
2024-02-29,179.2874755859375,180.75,182.57000732421875,179.52999877929688,181.2700042724609,136682600,-0.0036930778067882,-0.0036999140550196,0.1128622453367178,0.1232039612254665,0.1768353639440528,0.16998009605279973,0.17318970023417696,0.030968516268952848,0.2505095564745288,0.1395662881670349,0.1455873326831902,0.2111114351920499,2.3534447616919927,0.11294357544271225,0.01681885778656639,0.016309541816126902,0.007160242961231229,1.3689364014531578e-05,5.822247699521475e-05,-4.4533112980683174e-05
2024-03-01,178.20628356933594,179.66000366210938,180.52999877929688,177.3800048828125,179.5500030517578,73563100,-0.0060304085083852,-0.0060486648542593,0.1022113368033325,0.112143976113897,0.1762603121700351,0.17031100107163694,0.17696055663625007,0.03214448137299538,0.22757126036546216,0.1232039612254665,0.1478672510477016,0.2145851257273058,1.2572404495795362,0.08136451775773548,0.017533083782012158,0.016348673364266424,0.007164916471698092,3.658634651915168e-05,5.127049087790684e-05,-1.4684144358755158e-05
2024-03-04,173.68319702148438,175.10000610351562,176.89999389648438,173.7899932861328,176.14999389648438,81510100,-0.0253812616366736,-0.0257089220354954,0.1926658825916432,0.1400806173817775,0.1775660191855199,0.14697362956586033,0.16155548031304137,0.031085679332651342,-0.3033791719574346,0.112143976113897,0.1471293616524291,0.2099912865493124,1.418566614247118,0.057740752340526266,0.017761282135609933,0.015062940977719324,0.003312097408985557,0.000660948672227181,8.284924158668938e-05,0.0005780994306404916
2024-03-05,168.74346923828125,170.1199951171875,172.0399932861328,169.6199951171875,170.75999450683594,95132400,-0.028440952671264,-0.0288532324658529,0.1913040373345258,0.1592033561883756,0.1859581794959864,0.14495097435811544,0.15888183533668201,0.02904872534773502,-0.4719995207963289,0.1400806173817775,0.1522675668966947,0.2112720161285624,1.6197529619806084,0.08212930851247209,0.014225242407738679,0.01486574087645641,0.0032339047265258956,0.0008325090237285478,0.0001196742446778434,0.0007128347790507045
2024-03-06,167.75157165527344,169.1199951171875,171.24000549316406,168.67999267578125,171.05999755859375,68587700,-0.0058782037896906,-0.00589554843322,0.1932369251263057,0.150995979396539,0.1843824700915385,0.14564565894552597,0.16034119457179302,0.027931684541861984,-0.4492279513553877,0.1592033561883756,0.1395662881670349,0.1964877517480268,1.1433664393943372,0.0869653206599931,0.015137256925823083,0.014951712744093345,0.003216193217622099,3.47574913284428e-05,0.00011771865138228074,-8.296116005383793e-05
2024-03-07,167.63253784179688,169.0,170.72999572753906,168.49000549316406,169.14999389648438,71765100,-0.0007095264939214,-0.0007097783269727,0.2041746931887303,0.1503592905475952,0.1833075456346544,0.1457891538021352,0.16114394296495518,0.026600435629535294,-0.4524153939928315,0.150995979396539,0.1232039612254665,0.1961200886039798,1.17833514849071,0.07784449365563169,0.013254380085059171,0.014970325736459261,0.003204641975173766,5.03785273440165e-07,0.00011772696708873627,-0.00011722318181529611
2024-03-08,169.34852600097656,170.72999572753906,173.6999969482422,168.94000244140625,169.0,76267000,0.0102366611096986,0.0101846213354042,0.2647517520855614,0.1605799284952314,0.1837603334419992,0.1554005610246623,0.17213909038238645,0.024928384447218028,-0.35228034048686324,0.1503592905475952,0.112143976113897,0.1968238824494268,1.2169801174614714,0.09265510437448232,0.02788024732591346,0.015782884434147423,0.004214148780452194,0.00010372651174557044,0.00012124788906623051,-1.7521377320660065e-05
2024-03-11,171.35218811035156,172.75,174.3800048828125,172.0500030517578,172.94000244140625,60139500,0.0118315722076429,0.0117621263893017,0.260038129922623,0.1691956924549384,0.1848242546676108,0.15642187332794172,0.1734155150331583,0.02324387903770495,-0.282814673111771,0.1605799284952314,0.1400806173817775,0.1964457740707852,0.9482992087060078,0.07696364938739586,0.013487709586423662,0.015930395296352283,0.00407004751832641,0.00013834761719790743,0.0001277703527785171,1.0577264419390332e-05
2024-03-12,171.82830810546875,173.22999572753906,174.02999877929688,171.00999450683594,173.14999389648438,59825400,0.0027785570335112,0.0027747039795536,0.1175666714705624,0.1701434431341772,0.1810364706248929,0.15938848843582043,0.17774513510309986,0.021029325207757,-0.27350437335799144,0.1691956924549384,0.1592033561883756,0.1995140566130177,0.9301147613239646,0.080437735266779,0.017433495046728996,0.01629979782209909,0.003836376772458997,7.698982174150585e-06,0.00012406679904287742,-0.00011636781686872684
2024-03-13,169.74530029296875,171.1300048828125,173.19000244140625,170.75999450683594,172.77000427246094,52488700,-0.0121225590054824,-0.0121966365052053,0.1529061692932205,0.170669908005246,0.1820688543032043,0.15919347929771852,0.17646499763534956,0.018576293651385082,-0.27573365840387287,0.1701434431341772,0.150995979396539,0.19865490447133,0.8186213600742751,0.05665766334944846,0.014199777159092286,0.01628021137066205,0.003846543916712427,0.00014875794204010655,0.0001250767076293745,2.3681234410732042e-05
2024-03-14,171.60015869140625,173.0,174.30999755859375,172.0500030517578,172.91000366210938,72913500,0.0109273363164341,0.0108680643756515,0.1601675133999315,0.1784641234398962,0.1840977799896789,0.15759001680089213,0.17501328954639175,0.016273144715180442,-0.22851493316362345,0.170669908005246,0.1503592905475952,0.1985231655490126,1.1211845266432692,0.07779369556540132,0.013063552062635478,0.016094399986472,0.0039103702415412625,0.00011811482327330522,0.00012982016744648943,-1.1705344173184212e-05
2024-03-15,171.2232666015625,172.6199951171875,172.6199951171875,170.2899932861328,171.1699981689453,121752700,-0.0021965600162572,-0.0021989759927496,0.1574527931224929,0.178406193776674,0.1836251250478458,0.15599585860981555,0.17205858325937134,0.01736874010329729,-0.2430465984461628,0.1784641234398962,0.1605799284952314,0.1594575763436745,1.7944796691804545,0.10139663794480287,0.01349786755278788,0.01591538294878865,0.003944763837676644,4.835495416689089e-06,0.00012993775215785233,-0.00012510225674116325
2024-03-18,172.31436157226562,173.72000122070312,177.7100067138672,173.52000427246094,175.57000732421875,75604200,0.0063724141735079,0.0063521961884346,0.1405335785896794,0.1802983400126485,0.1838110844567703,0.1598545296798906,0.17586041588301055,0.01854953691205857,-0.2718878902607733,0.178406193776674,0.1691956924549384,0.1484483945940614,1.0934776740100365,0.09442787751396206,0.02411928627655861,0.01624920421584038,0.00434319904539511,4.035039641636306e-05,0.0001283715461697852,-8.802114975342212e-05
2024-03-19,174.6552276611328,176.0800018310547,176.61000061035156,173.02999877929688,174.33999633789062,55215200,0.0135850828561374,0.0134936329237352,0.1666595639237366,0.1887296697200303,0.1856343536718781,0.16322433976085238,0.1787845715543091,0.019887051592051095,-0.24997498994209028,0.1802983400126485,0.1701434431341772,0.1381490882670742,0.7976938546879099,0.0770112720647618,0.020331677611462255,0.016596589840063812,0.004379663767206583,0.00018207812948051056,0.00013662576116561174,4.5452368314898814e-05
2024-03-20,177.22430419921875,178.6699981689453,178.6699981689453,175.08999633789062,175.72000122070312,53423100,0.014709202129471,0.0146020710796273,0.1084777219986944,0.1963851143971004,0.1886078576768352,0.1667932180996811,0.17963508341643966,0.021375286958656453,-0.21367492958535073,0.1887296697200303,0.170669908005246,0.1360718501565508,0.765142409631928,0.08684289121466648,0.02003695006292852,0.016986876450835575,0.004317533242004459,0.000213220479814488,0.00014641430969646385,6.680617011802414e-05
2024-03-21,169.98333740234375,171.3699951171875,177.49000549316406,170.83999633789062,177.0500030517578,106181300,-0.0408574641885602,-0.0417155855168771,0.3691250676574085,0.2381491938987127,0.2057636253497524,0.1833175072099114,0.18769075068604463,0.027635565586483408,-0.4659150952652576,0.1963851143971004,0.1784641234398962,0.1455873326831902,1.4642550927852396,0.12302210508924376,0.038804979545724906,0.018249140922451314,0.006434277275744881,0.0017401900750158867,0.000227172900425935,0.0015130171745899516
2024-03-22,170.88600158691406,172.27999877929688,173.0500030517578,170.05999755859375,171.75999450683594,71160100,0.0053101691546824,0.0052961199203837,0.3725533046871122,0.2388993555888294,0.2063020943319338,0.18417840005234123,0.1910905212508076,0.03218713183141094,-0.47534293076980527,0.2381491938987127,0.178406193776674,0.1478672510477016,0.9639991657815458,0.11338897473306793,0.01735549985111432,0.018347137947437215,0.0064033796808517915,2.804888621108505e-05,0.00022349018303526803,-0.000195441296824183
2024-03-25,169.46754455566406,170.85000610351562,171.94000244140625,169.4499969482422,170.57000732421875,54288300,-0.0083003986876804,-0.008335038814622,0.3703821822530939,0.2391367662898937,0.2066569416326086,0.18513764062427862,0.19278373096257434,0.03555943888946061,-0.475578355633639,0.2388993555888294,0.1802983400126485,0.1471293616524291,0.7288131451990532,0.10624640042678504,0.014574219515423389,0.01849349063007017,0.006274338131630934,6.94728720412553e-05,0.0002241669494580867,-0.0001546940774168314
2024-03-26,168.33682250976562,169.7100067138672,171.4199981689453,169.5800018310547,170.0,57388400,-0.0066725159433574,-0.0066948767017154,0.3390061307044887,0.2358420184591405,0.2066784195730034,0.1794141915218615,0.18601982612562673,0.037966942473430194,-0.47787881648751984,0.2391367662898937,0.1887296697200303,0.1522675668966947,0.7688474529426182,0.09264412545388045,0.010842002622702606,0.017841920363739886,0.006362265166533636,4.482137405117167e-05,0.00022314237610871626,-0.0001783210020575446
2024-03-27,171.9076690673828,173.30999755859375,173.60000610351562,170.11000061035156,170.41000366210938,60273300,0.0212126020995107,0.0209907467903555,0.3669723907356312,0.2511220193279195,0.2119363601071593,0.1811963078206161,0.18515657078433712,0.040442876007310176,-0.44976727125332566,0.2358420184591405,0.1963851143971004,0.1395662881670349,0.8014204855767834,0.10009604092919025,0.02013735815779548,0.018024736275005063,0.006373623892370182,0.0004406114508168198,0.0002429634859393302,0.00019764796487748958
2024-03-28,170.0924530029297,171.47999572753906,172.22999572753906,170.50999450683594,171.75,65672700,-0.0105591244407927,-0.0106152675597895,0.209332359240655,0.2528321098386717,0.2001627495894674,0.17890943373243542,0.18212479503179033,0.0409752977366929,-0.4839770628577955,0.2511220193279195,0.2381491938987127,0.1232039612254665,0.9164793289866433,0.014971756681810649,0.010030331604603015,0.017685309965906892,0.006617324581118215,0.00011268390536591934,0.00024791321300689955,-0.0001352293076409802
2024-04-01,168.65419006347656,170.02999877929688,171.25,169.47999572753906,171.19000244140625,46240500,-0.0084557790084509,-0.008491731924507,0.2107688075468169,0.2534179788946145,0.200301674478468,0.1763264415251248,0.17797256088250335,0.03933985254051344,-0.5261911092192911,0.2528321098386717,0.2388993555888294,0.112143976113897,0.6578395156395955,0.023266832690476767,0.010409952862250188,0.017329153419918798,0.006814695444773116,7.210951107769134e-05,0.0002496893712348266,-0.00017757986015713527
2024-04-02,167.4738311767578,168.83999633789062,169.33999633789062,168.22999572753906,169.0800018310547,49329500,-0.0069987793327629,-0.0070233856655779,0.2087276009655751,0.2392539076756697,0.1992414854568375,0.17279430142445332,0.17357674594285039,0.038269465850529365,-0.3770261144278468,0.2534179788946145,0.2391367662898937,0.1400806173817775,0.7182258985303811,0.021205492978370342,0.006574275257209651,0.016769803075998783,0.007224172212707114,4.932794620744512e-05,0.0002191083349338398,-0.00016978038872639468
2024-04-03,168.27728271484375,169.64999389648438,170.67999267578125,168.5800018310547,168.7899932861328,47691700,0.0047974270087802,0.0047859560286581,0.2096416698351911,0.2176657805236295,0.199534231513295,0.17216957933716548,0.1725486759470543,0.03719870071930403,-0.2571222884066129,0.2392539076756697,0.2358420184591405,0.1592033561883756,0.7192190606012828,0.01118922784495432,0.012378372651212222,0.01667745958817246,0.007270068213697748,2.2905375108248816e-05,0.00017862815250282486,-0.00015572277739457605
2024-04-04,167.45401000976562,168.82000732421875,171.9199981689453,168.82000732421875,170.2899932861328,53704400,-0.0048923466084652,-0.0049043533127807,0.0950085328237032,0.2173462628032496,0.1927458110530065,0.17353951203537224,0.17520545513816546,0.035220190333474885,-0.2862127199233886,0.2176657805236295,0.2511220193279195,0.150995979396539,0.8190862887800625,0.031444396083409334,0.018362698200652436,0.016838731651913925,0.007269878650162078,2.4052681416583027e-05,0.00017809291200723186,-0.00015404023059064883
2024-04-05,168.2078399658203,169.5800018310547,170.38999938964844,168.9499969482422,169.58999633789062,42104800,0.0045018035414272,0.0044917007330891,0.1015667354172464,0.2179325846356798,0.1931395906332905,0.17219363443594493,0.17336580526123016,0.032719187112788,-0.2922785433969471,0.2173462628032496,0.2528321098386717,0.1503592905475952,0.6570332028441457,0.018328603991239693,0.00849158170690942,0.016600591733006438,0.007468758439074184,2.017537547563316e-05,0.00017907649151734152,-0.00015890111604170836
2024-04-08,167.08700561523438,168.4499969482422,169.1999969482422,168.24000549316406,169.02999877929688,37425500,-0.0066635503633162,-0.0066858509375796,0.0951577282091101,0.2158695414505704,0.192852611412999,0.16213926789704866,0.16075767268626462,0.030616638817772598,-0.32139821751723807,0.2179325846356798,0.2534179788946145,0.1605799284952314,0.6022660672140872,0.009635321670408948,0.005698969857346399,0.015491527859578086,0.007351616276002057,4.470060275953402e-05,0.0001761251960680397,-0.00013142459330850567
2024-04-09,168.29713439941406,169.6699981689453,170.0800018310547,168.35000610351562,168.6999969482422,42373800,0.0072425125723094,0.0072164115271257,0.1001167637111426,0.2129804513337095,0.1936780386260361,0.1610646976201951,0.15876853058616644,0.028873914852018026,-0.3758619625948839,0.2158695414505704,0.2392539076756697,0.1691956924549384,0.6917848972100974,0.026819241158024254,0.010196238263740982,0.01532695429344395,0.007435201093024493,5.207659532883267e-05,0.00017181164497458596,-0.00011973504964575329
2024-04-10,166.4224090576172,167.77999877929688,169.08999633789062,167.11000061035156,168.8000030517578,49709300,-0.0111392668712503,-0.0112017731204583,0.1234528957152561,0.2155453274485899,0.1945660392244412,0.15868108419598234,0.15483254011046654,0.026906059133065763,-0.3687206896916734,0.2129804513337095,0.2176657805236295,0.1701434431341772,0.8182998186743224,0.0357360863452877,0.011801142817646647,0.015045336681989836,0.007457845581443714,0.00012547972104222206,0.00017770068191798953,-5.2220960875767474e-05
2024-04-11,173.62364196777344,175.0399932861328,175.4600067138672,168.16000366210938,168.33999633789062,91070300,0.0432709176281849,0.0423608907348964,0.3344080024348301,0.26196566350511,0.2131928446222046,0.1802191692328788,0.1646836754432564,0.02638090290742528,0.11640752521087777,0.2155453274485899,0.2173462628032496,0.170669908005246,1.4530300450905314,0.08347072557312796,0.041704772233535845,0.016420586435712013,0.009539265250682086,0.0017944450638538315,0.0002599850380086758,0.0015344600258451557
2024-04-12,175.1214599609375,176.5500030517578,178.36000061035156,174.2100067138672,174.25999450683594,101670900,0.0086266557560741,0.0085896587824836,0.333553520551518,0.2609652151138149,0.2138501123634811,0.1849966682001864,0.16944385223018654,0.025737729729495323,0.0982545763697533,0.26196566350511,0.2179325846356798,0.1784641234398962,1.5857831362884862,0.06983435672051815,0.02350605394930383,0.01694271153004543,0.009631188172740623,7.378223799949765e-05,0.0002577684087449854,-0.00018398617074548776
2024-04-15,171.29270935058594,172.69000244140625,176.6300048828125,172.5,175.36000061035156,73531800,-0.0218634978398722,-0.0221060459258245,0.3897236537353788,0.2734842278540229,0.2072663730557873,0.1895480207503202,0.17399702472967776,0.02533228354521173,0.06735395032933067,0.2609652151138149,0.2158695414505704,0.178406193776674,1.1917062967243628,0.02250483968250554,0.02391571500622227,0.01746360390271715,0.009716413614218964,0.0004886772664746621,0.000281960497297884,0.00020671676917677806
2024-04-16,168.0094757080078,169.3800048828125,173.75999450683594,168.27000427246094,171.75,73711200,-0.0191672795865344,-0.0193533534130716,0.4242052968628365,0.2807166207112121,0.2074158113149551,0.1950011073258045,0.18107569577439664,0.024827779233266945,0.06795289984901155,0.2734842278540229,0.2129804513337095,0.1802983400126485,1.1964490826358556,0.04157856349292885,0.03241226872187961,0.0178782530249832,0.010181228782863858,0.0003745522883312502,0.0002986705918936284,7.588169643762179e-05
2024-04-17,166.64064025878906,168.0,170.64999389648438,168.0,169.61000061035156,50901200,-0.0081473895562068,-0.0081807609177558,0.4198528453595821,0.2761081012694109,0.2056659271379071,0.19295770313168484,0.1781198671329239,0.023849460613387788,0.06427134739285245,0.2807166207112121,0.2155453274485899,0.1887296697200303,0.8291096297347214,0.03959005582660923,0.015773773193359375,0.017650357804078056,0.010174430773104542,6.692484919348072e-05,0.00029291292787927693,-0.0002259880786857962
2024-04-18,165.68838500976562,167.0399932861328,168.63999938964844,166.5500030517578,168.02999877929688,43122900,-0.0057143256777808,-0.0057307149021562,0.1942733165723383,0.2688909183663916,0.204909235263991,0.18994121165008795,0.17693121148472557,0.022370658993948037,0.05591670262954479,0.2761081012694109,0.26196566350511,0.1963851143971004,0.7083541982892064,0.03357230186874503,0.012511951759424135,0.017274107888902837,0.010220562101324495,3.2841093289795146e-05,0.00028389395855304224,-0.0002510528652632471
2024-04-19,163.66490173339844,165.0,166.39999389648438,164.0800018310547,166.2100067138672,68149400,-0.0122126039758537,-0.012287790600522,0.1118128612185976,0.2308186720503719,0.2058644118605022,0.17420270658589787,0.168151495770634,0.02252087247635785,0.576172211789393,0.2688909183663916,0.2609652151138149,0.2381491938987127,1.155544628323386,0.013212243133406987,0.014060557972301137,0.01603688681023165,0.00888781558766762,0.0001509897978422768,0.00020443394469436176,-5.344414685208495e-05
2024-04-22,164.49810791015625,165.83999633789062,167.25999450683594,164.77000427246094,165.52000427246094,48116400,0.0050908868963068,0.0050779721447594,0.1427502285294496,0.2307298255142116,0.2064785521032035,0.1731716304615805,0.1667474709139362,0.022673491770405216,0.5750611568705825,0.2308186720503719,0.2734842278540229,0.2388993555888294,0.8321208138895713,0.015005615866337502,0.015014413225756291,0.015919832478963745,0.008884950996628647,2.5785801102952378e-05,0.00020432079043895514,-0.00017853498933600276
2024-04-23,165.54953002929688,166.89999389648438,167.0500030517578,164.9199981689453,165.35000610351562,49537800,0.0063916882658032,0.0063713480525528,0.1312946167489412,0.2311988489681814,0.2068479858636444,0.17253903093570372,0.16459317438212134,0.022806963852569553,0.5748186909264149,0.2307298255142116,0.2807166207112121,0.2391367662898937,0.860236004090557,0.028337476553769347,0.012762162736408386,0.015829229640012998,0.008908602455534168,4.059407600676836e-05,0.0002028768506372308,-0.00016228277463046242
2024-04-24,167.65237426757812,169.02000427246094,169.3000030517578,166.2100067138672,166.5399932861328,48251800,0.0127022795296891,0.0126222822962855,0.1591819753121407,0.2352092408992452,0.2090961919490058,0.17544916878475778,0.16566685433168546,0.022816735063000835,0.5714938707882243,0.2311988489681814,0.2761081012694109,0.2358420184591405,0.8446045175291347,0.024184258589230623,0.018281838006047723,0.016201221409180254,0.0088444929444754,0.00015932201036712235,0.00020860188245302834,-4.9279872085905986e-05
2024-04-25,168.5153350830078,169.88999938964844,170.61000061035156,168.14999389648438,169.52999877929688,50558300,0.0051472908247303,0.005134088807017,0.1476003769094185,0.2226581866687387,0.2064430922645496,0.1728199055490112,0.1659522768133616,0.02311685058422206,0.5127709131828572,0.2352092408992452,0.2688909183663916,0.2511220193279195,0.8925668887154461,0.024060837820388203,0.014479997190564933,0.015918353360818725,0.008802347794178489,2.6358867878337244e-05,0.0001878892533061042,-0.00016153038542776697
2024-04-26,167.93011474609375,169.3000030517578,171.33999633789062,169.17999267578125,169.8800048828125,44838400,-0.0034728138207679,-0.0034788580363657,0.0911192667538392,0.2199943494247697,0.2031065022661932,0.17360978650395228,0.16695693618412125,0.023380408169974453,0.5265850359927448,0.2226581866687387,0.2308186720503719,0.2528321098386717,0.8064171078753559,0.013925003234414823,0.012758438412130603,0.016054758701195104,0.00872711847617742,1.2102453237186215e-05,0.00018286018069966754,-0.00017075772746248132
2024-04-29,172.09609985351562,173.5,176.02999877929688,173.10000610351562,173.3699951171875,68169400,0.0248080146044544,0.0245052922220842,0.1648021729819045,0.2350396812489604,0.2078337526602309,0.17586968894163396,0.17085600527090802,0.023149629212946145,0.5711754452962041,0.2199943494247697,0.2307298255142116,0.2534179788946145,1.202315266522324,0.05473649770995529,0.016887565854646975,0.016378639350814943,0.008626217998938495,0.0006005093468897404,0.00020928017249027,0.0003912291743994704
2024-04-30,168.9517822265625,170.3300018310547,174.99000549316406,170.0,173.3300018310547,65934800,-0.0182708828181286,-0.0184398567643858,0.2578757350944066,0.2435543673439599,0.2106469863504082,0.1858418652296701,0.1808820018425244,0.02317970365536882,0.5008594075469839,0.2350396812489604,0.2311988489681814,0.2392539076756697,1.1461200108710947,0.049757346982402174,0.029296104265374823,0.0175147308012232,0.008762186614875283,0.0003400283174910647,0.000223815191054451,0.00011621312643661372
2024-05-01,167.93011474609375,169.3000030517578,172.7100067138672,169.11000061035156,169.5800018310547,50383100,-0.0060470778384568,-0.0060654354576983,0.2529034473973059,0.2440312347655873,0.2095336424183942,0.18935983577677742,0.1861734643176439,0.022680787112695697,0.5525102260800365,0.2435543673439599,0.2352092408992452,0.2176657805236295,0.8737467651637892,0.03962416720417926,0.02126406402021767,0.017959015369673474,0.008713177921041275,3.678950729150379e-05,0.0002245093976636137,-0.0001877198903721099
2024-05-02,171.62994384765625,173.02999877929688,173.4199981689453,170.88999938964844,172.50999450683594,94214900,0.0220318704093509,0.0217926756488632,0.2966952690648254,0.2552090284162479,0.2140060207108141,0.1879733913017619,0.1850866582576654,0.022288975046177772,0.5608781915895967,0.2440312347655873,0.2226581866687387,0.2173462628032496,1.5784351503129566,0.07681896416864341,0.014621734942759479,0.017771967206778823,0.008744154922020745,0.0004749207119365551,0.0002470527991896123,0.00022786791274694278
2024-05-03,181.89617919921875,183.3800048828125,187.0,182.66000366210935,186.6499938964844,163224100,0.059816252537326,0.0580955464348065,0.4729774117213947,0.3255329866797594,0.2464004705625439,0.19368149527821502,0.18909429559975255,0.028409756152514454,0.7448995005757872,0.2552090284162479,0.2199943494247697,0.2179325846356798,2.482693488979693,0.12424174592622798,0.023666682420823867,0.018530722242474547,0.008552785292862597,0.0033750925155587586,0.00041479865619376856,0.00296029385936499
2024-05-06,180.23968505859372,181.7100067138672,184.1999969482422,180.4199981689453,182.3500061035156,78569700,-0.0091067625939508,-0.0091484826392808,0.4945998997047892,0.3267115312527212,0.2468036359549102,0.19829066744149776,0.1955979637381241,0.032525396061204706,0.7414363359489984,0.3255329866797594,0.2350396812489604,0.2158695414505704,1.158811376807239,0.10386652089898896,0.020802369928086106,0.019285892246011533,0.008009709464143432,8.369473460122218e-05,0.00041674836278585305,-0.00033305362818463087
2024-05-07,180.924072265625,182.3999938964844,184.8999938964844,181.32000732421875,183.4499969482422,77305800,0.0037971886914498,0.003789997568755,0.438161539056368,0.3264610287660812,0.2468695324940861,0.20144821366182253,0.2000199034439107,0.03505590733536072,0.7478800453238623,0.3267115312527212,0.2435543673439599,0.2129804513337095,1.1115367928099174,0.09645133628171407,0.019627120022259248,0.019757436333937447,0.007718743484601578,1.436408157116881e-05,0.00041486273709796985,-0.000400498655526801
2024-05-08,181.2613677978516,182.7400054931641,183.07000732421875,181.4499969482422,182.8500061035156,45057100,0.001864098728384,0.0018623634524984,0.4188276015629097,0.3218568040457074,0.2462836036949629,0.200773302320273,0.19952111433138053,0.036279837778919015,0.7520459201308288,0.3264610287660812,0.2440312347655873,0.2155453274485899,0.6500248535817109,0.06693775522707594,0.008865110688842371,0.019610634727497234,0.007903730484460664,3.46839762920176e-06,0.00040876217092731886,-0.0004052937732981171
2024-05-09,183.0765686035156,184.57000732421875,184.66000366210935,182.1100006103516,182.55999755859372,48983000,0.0100142375836973,0.0099644273713338,0.4156432538132787,0.2899700206149466,0.2461109799386495,0.1816095026215882,0.19099879316994214,0.03675252857096173,0.6142969412714673,0.3218568040457074,0.2552090284162479,0.26196566350511,0.7287878878050813,0.02969145917899308,0.013815912394034735,0.018216191735522178,0.006041299204457005,9.928981283858623e-05,0.0003240044083765565,-0.00022471459553797027
2024-05-10,181.81512451171875,183.0500030517578,185.08999633789065,182.1300048828125,184.8999938964844,50759500,-0.0082353806801929,-0.0082694787638438,0.1300723069367686,0.2915612435903696,0.2464981038557159,0.17788859234135493,0.18698561118460344,0.03721153020967885,0.6150240836206187,0.2899700206149466,0.3255329866797594,0.2609652151138149,0.7849484497502012,0.025684834036968935,0.01617039828314676,0.017849408952214325,0.005924794741654726,6.838427902566356e-05,0.0003237345104278648,-0.0002553502314022012
2024-05-13,185.0233154296875,186.27999877929688,187.1000061035156,184.6199951171875,185.44000244140625,72044800,0.0176454284276945,0.017491555323159,0.1522768396207471,0.2822159336372165,0.2490941152573473,0.17294373922200726,0.18331673241044,0.03734891694513527,0.6536836107108815,0.2915612435903696,0.3267115312527212,0.2734842278540229,1.1153882357603953,0.06048997355143045,0.013313350883507331,0.01731929074607858,0.005826960520745955,0.0003059545076231319,0.0003145983724852883,-8.64386486215641e-06
2024-05-14,186.1655731201172,187.42999267578125,188.3000030517578,186.2899932861328,187.50999450683597,52393600,0.0061734695298494,0.0061544917326828,0.1520497406066134,0.2686748105656822,0.2487188972685509,0.16046417708527252,0.16963439393823573,0.03721166719698966,0.6997810710793448,0.2822159336372165,0.3264610287660812,0.2807166207112121,0.8247609632621706,0.046729804826029744,0.010724056149871063,0.016234880117478152,0.004797456103684831,3.787776848766093e-05,0.00029776464649310883,-0.0002598868780054479
2024-05-15,188.44012451171875,189.72000122070312,190.6499938964844,187.3699951171875,187.91000366210935,70400000,0.0122179407480591,0.012143904149812,0.1543091238067219,0.2650488145717086,0.2496706208649025,0.16125829063924682,0.17066192776667152,0.03714068459059267,0.6966678314710337,0.2686748105656822,0.3218568040457074,0.2761081012694109,1.0914603460363401,0.07938612991022596,0.017288629338987033,0.016310622924759533,0.004801749377697438,0.0001474744079998211,0.00030179212443342586,-0.00015431771643360475
2024-05-16,188.55929565429688,189.83999633789065,191.1000061035156,189.66000366210935,190.47000122070312,52845200,0.0006324853279329,0.0006322853933872,0.159057339259147,0.2622358656958685,0.2495674064239375,0.15986709162144147,0.1691824572434762,0.03714104869288302,0.6954930896113435,0.2650488145717086,0.2899700206149466,0.2688909183663916,0.8131675244170533,0.07455881825950939,0.007585348025624863,0.016064292738069568,0.005122530690687963,3.9978481869080625e-07,0.00030017005900987066,-0.00029977027419117984
2024-05-17,188.589111328125,189.8699951171875,190.80999755859372,189.17999267578125,189.50999450683597,41282900,0.0001580213857752,0.0001580089017112,0.1188227230140995,0.2540681135085798,0.2486057179592055,0.1581015931421285,0.16759114988521828,0.0363560988733547,0.6712848579013523,0.2622358656958685,0.2915612435903696,0.2308186720503719,0.6486582375301936,0.03460139073196647,0.008584847130829886,0.015790507195996006,0.005375353481561148,2.496681301997966e-08,0.0002926218174584078,-0.0002925968506453878
2024-05-20,189.751220703125,191.0399932861328,191.9199981689453,189.00999450683597,189.3300018310547,44361300,0.0061621014327366,0.0061431933217449,0.0778442566239102,0.2539882616711848,0.2478808932819231,0.1582233220943373,0.16662785951248688,0.03551054694395432,0.6711378939309719,0.2540681135085798,0.2822159336372165,0.2307298255142116,0.6990900355405004,0.053027665980555395,0.01523243176495954,0.01580140812295617,0.005373917642381149,3.773882418833113e-05,0.0002932194686126767,-0.0002554806444243456
2024-05-21,191.05239868164065,192.3500061035156,192.72999572753903,190.9199981689453,191.08999633789065,42309400,0.0068572700137228,0.0068338658691444,0.0785992765950434,0.2539766217575339,0.2475841999889702,0.15713323317627767,0.1658365746727297,0.03463057364387317,0.6710046355077331,0.2539882616711848,0.2686748105656822,0.2311988489681814,0.6705734609696858,0.04923790880050969,0.009409916824331415,0.01563379582735232,0.005523886392095619,4.670172271745675e-05,0.0002935248509482112,-0.00024682312823075443
2024-05-22,189.61215209960935,190.8999938964844,192.82000732421875,190.2700042724609,192.2700042724609,34648500,-0.007538404788253,-0.0075669621702211,0.092029454009831,0.2582255311827017,0.2477491429958706,0.1547718834676485,0.1652129833746932,0.03382513068964795,0.6510838206349558,0.2539766217575339,0.2650488145717086,0.2352092408992452,0.5551381825190714,0.041482482020575334,0.013357795355093521,0.015387593694804611,0.00550936445637863,5.7258916485557224e-05,0.0002884216962541329,-0.00023116277976857564
2024-05-23,185.61929321289065,186.8800048828125,191.0,186.6300048828125,190.97999572753903,51005900,-0.0210580887490845,-0.0212829729914573,0.1853477043021082,0.2759365270690359,0.2514013296547744,0.1594685793682916,0.16453227850940463,0.03194181487006712,0.5450917850816827,0.2582255311827017,0.2622358656958685,0.2226581866687387,0.8169234793006727,0.06269718939868033,0.023383962986986265,0.01583279198462568,0.005785021483143484,0.00045296493935510085,0.00030975199982797105,0.0001432129395271298
2024-05-24,188.6983642578125,189.97999572753903,190.5800018310547,188.0399932861328,188.82000732421875,36327000,0.016588135507972,0.016452055205107,0.2334777255126885,0.2771052512122138,0.2533500702520312,0.15974014222241625,0.164515649090473,0.0294351000037562,0.5307894172059556,0.2759365270690359,0.2540681135085798,0.2199943494247697,0.5858154198448662,0.053964512501021744,0.013369873681672483,0.015863363748102773,0.005769514353693667,0.00027067012047188836,0.0003226803831897062,-5.2010262717817836e-05
2024-05-28,188.7082977294922,189.9900054931641,193.0,189.1000061035156,191.50999450683597,52280100,5.268852431883353e-05,5.268713632729002e-05,0.227499411847049,0.2686332894942715,0.2529507655640917,0.16164913024766167,0.16616137532325165,0.027920045179837254,0.5132070113802053,0.2771052512122138,0.2539882616711848,0.2350396812489604,0.8540192612992552,0.04990538490017246,0.02052736345978329,0.01604535362835959,0.005860214288776641,2.7759343343704435e-09,0.0002926550546419359,-0.0002926522787076015
2024-05-29,189.00628662109372,190.2899932861328,192.25,189.50999450683597,189.6100006103516,53068000,0.0015789661787211,0.0015777209222638,0.2188435302138546,0.2549720307431981,0.2467822903795882,0.15252307088644632,0.15829162583828868,0.027304758365000754,0.5742395699994691,0.2686332894942715,0.2539766217575339,0.2435543673439599,0.8760970921213583,0.0522979272810703,0.014399104471268638,0.015300503638654279,0.004965840324270349,2.4892033085489353e-06,0.00027577809893281015,-0.0002732888956242612
2024-05-30,189.99952697753903,191.2899932861328,192.17999267578125,190.6300048828125,190.75999450683597,49889100,0.0052551370817295,0.0052413770350908,0.2177711202122523,0.2512779404496025,0.2386974230697078,0.14678163198845087,0.15049850199635004,0.02687751013610906,0.581008529846725,0.2549720307431981,0.2582255311827017,0.2440312347655873,0.8239527671166723,0.061096049013624865,0.008102816913429801,0.014642441283314886,0.0050058573738354034,2.7472033223977227e-05,0.0002753122252294338,-0.00024784019200545655
2024-05-31,190.9530487060547,192.25,192.57000732421875,189.91000366210935,191.44000244140625,75158300,0.0050185934840365,0.0050060423190389,0.1020108964624788,0.244348216221023,0.2382111300394009,0.14643277680126746,0.14988435949749837,0.02746931647822739,0.5682629000649211,0.2512779404496025,0.2759365270690359,0.2552090284162479,1.2611370306883898,0.04292290630519963,0.01383616989393708,0.014603163030873764,0.005009109291948214,2.5060459700008366e-05,0.00025281921261760646,-0.00022775875291759808
2024-06-03,192.72105407714844,194.02999877929688,194.9900054931641,192.5200042724609,192.8999938964844,50080500,0.0092587712837288,0.0092161716061164,0.056667175120093,0.1459876445280518,0.2385728582765795,0.14026847782384644,0.14618401542195658,0.038226125272307385,-0.3543848185127328,0.244348216221023,0.2771052512122138,0.3255329866797594,0.928474353701258,-0.010383708292185313,0.01272999657909977,0.01405632873878756,0.00454285532769505,8.493781907338616e-05,8.831147779333783e-05,-3.373658719951669e-06
2024-06-04,193.0388946533203,194.3500061035156,195.32000732421875,193.02999877929688,194.63999938964844,47471400,0.0016492672588364,0.0016479087111245,0.0500204283108217,0.13911394811934,0.2380089239335868,0.13547526845309793,0.1399530338392074,0.04554760022148267,-0.3414765281817526,0.1459876445280518,0.2686332894942715,0.3267115312527212,0.9062268951887014,0.01294334050790522,0.011782909560096233,0.013605355720388068,0.004277880598016417,2.715603120200011e-06,8.426252121928671e-05,-8.15469180990867e-05
2024-06-05,194.5486297607422,195.8699951171875,196.8999938964844,194.8699951171875,195.3999938964844,54156800,0.0078208848260199,0.007790460234814,0.0461539737807566,0.1399989621186702,0.2374630723421646,0.1307838365194979,0.1341173339592939,0.049944413131291554,-0.3275960466401332,0.13911394811934,0.2549720307431981,0.3264610287660812,1.0572106573755733,0.020789161086736153,0.01036401097617004,0.013142200268083607,0.004088877061070445,6.06912706702182e-05,8.657888067423919e-05,-2.5887610004020994e-05
2024-06-06,193.1680145263672,194.47999572753903,196.5,194.1699981689453,195.69000244140625,41181800,-0.0070965406866774,-0.0071218408985797,0.1033123695785466,0.1449892833623556,0.2382067807638717,0.13187869125321977,0.13490974635312247,0.052153601502369966,-0.3554018481408906,0.1399989621186702,0.2512779404496025,0.3218568040457074,0.8069743205070588,0.029667934680007484,0.011980676070761304,0.013297978537179553,0.00397511802274357,5.072061778468251e-05,8.894149168201323e-05,-3.8220873897330724e-05
2024-06-07,195.561767578125,196.88999938964844,196.94000244140625,194.13999938964844,194.6499938964844,53103900,0.0123920388474592,0.0123158860145502,0.1221912727318422,0.1466932457849668,0.2372938404441363,0.13207995241592427,0.1349838607582945,0.0548599237202983,-0.30206376996619705,0.1449892833623556,0.244348216221023,0.2899700206149466,1.0364082406944792,0.039786313829375794,0.01422115425078834,0.013318240630017233,0.003978927979600266,0.0001516810483233932,9.156105345625357e-05,6.011999486713962e-05
2024-06-10,191.81719970703125,193.1199951171875,197.3000030517578,192.1499938964844,196.8999938964844,97010200,-0.0191477692323013,-0.0193334619883839,0.200039479323714,0.1625929899228251,0.2407039192761671,0.13943862118990064,0.14019190743298143,0.05530984731935503,-0.398171387220447,0.1466932457849668,0.1459876445280518,0.2915612435903696,1.8115500691071034,0.07931292533822087,0.026667405165106402,0.013843090974115216,0.00494901118407906,0.00037378275245628507,0.00010683097712778464,0.00026695177532850043
2024-06-11,205.7525329589844,207.1499938964844,207.16000366210935,193.6300048828125,193.6499938964844,172373300,0.0726491255904564,0.0701314069937836,0.5465564323223108,0.2864189455792825,0.2782441158066744,0.19840808437103835,0.15895557668459953,0.0555361880526028,0.6309208667513395,0.1625929899228251,0.13911394811934,0.2822159336372165,2.9431632226550763,0.09718898549876727,0.06531498516991492,0.016443172688435596,0.012522040130190218,0.00491841424692772,0.00033745396409301406,0.0045809602828347055
2024-06-12,211.63259887695312,213.07000732421875,220.1999969482422,206.8999938964844,207.3699951171875,198134300,0.0285783905486991,0.0281776455328025,0.5539994496225483,0.2977257612486273,0.2829101311797627,0.2376577700675428,0.2131101658545205,0.05702388143559749,0.6152624521946951,0.2864189455792825,0.1399989621186702,0.2686748105656822,3.0086723900508083,0.11829961116476709,0.06242081285293141,0.01902801052358861,0.016103016487362655,0.0007939797077722647,0.0003752590610572442,0.00041872064671502054
2024-06-13,212.7947235107422,214.2400054931641,216.75,211.6000061035156,214.7400054931641,97862700,0.0054911443597267,0.0054761229911165,0.5262017454307901,0.2969626020098053,0.2821648857785849,0.24029243318924087,0.21813401086079126,0.0585080117607802,0.6202670347748925,0.2977257612486273,0.1449892833623556,0.2650488145717086,1.4556938206713828,0.0758118851156095,0.024038432432959996,0.01936550067828726,0.016135342947389206,2.998792301383472e-05,0.0003693847368079449,-0.00033939681379411017
2024-06-14,211.05653381347656,212.4900054931641,215.1699981689453,211.3000030517578,213.8500061035156,70122700,-0.0081684090512023,-0.0082019532980566,0.5624053549740997,0.3007426490323653,0.2821231891161352,0.24285267667902363,0.22170377067945723,0.060207128133394086,0.6123554296190631,0.2969626020098053,0.1466932457849668,0.2622358656958685,1.0298318855368016,0.0741068650713513,0.018212598320592542,0.019896863193035644,0.01590025953686249,6.727203790350153e-05,0.00037272834946218544,-0.0003054563115586839
2024-06-17,215.2082977294922,216.6699981689453,218.9499969482422,212.72000122070312,213.3699951171875,93728300,0.0196714789765286,0.019480495982683,0.4723307556919179,0.3038796799023439,0.2683369521040508,0.24985950808594887,0.22980330793012807,0.06213743874985391,0.6001597760117366,0.3007426490323653,0.1625929899228251,0.2540681135085798,1.3254621542438574,0.10187828707949084,0.028753384318032406,0.020905290052395768,0.015784210261298066,0.00037948972373132855,0.00039170158730810086,-1.2211863576772303e-05
2024-06-18,212.8443603515625,214.2899932861328,218.6300048828125,213.0,217.58999633789065,79943300,-0.0109844690216719,-0.0110452437634873,0.2706894686818605,0.310281372464655,0.2700605106011498,0.2538936279003977,0.23427231249402009,0.06427259245541567,0.5890562949858829,0.3038796799023439,0.2864189455792825,0.2539882616711848,1.1027761042393536,0.09079616470077453,0.026272831486326014,0.021457310038464093,0.01576842153512707,0.00012199740979485508,0.00039591451658842707,-0.00027391710679357196
2024-06-20,208.2654571533203,209.67999267578125,214.2400054931641,208.8500061035156,213.92999267578125,86172500,-0.0215129065975376,-0.0217476824195458,0.2535283186901122,0.3251768754547077,0.2739706927206326,0.25885888147084046,0.23804060398412763,0.06711357894675281,0.5556688537795446,0.310281372464655,0.2977257612486273,0.2539766217575339,1.153798312480008,0.09700489000851573,0.025705835453661084,0.022272105969930577,0.015532396828003146,0.00047296169062142153,0.00041722751498362535,5.573417563779618e-05
2024-06-21,206.09027099609372,207.4900054931641,211.88999938964844,207.1100006103516,210.38999938964844,241805100,-0.0104444260736095,-0.0104993518719756,0.2442536146764477,0.3267605516778328,0.2746802481260886,0.2618557771183543,0.2411180147514473,0.06970913230135398,0.5554960941364503,0.3251768754547077,0.2969626020098053,0.2582255311827017,2.84330208353911,0.19636125436104285,0.023037248314374002,0.022756078617894603,0.0153901670450539,0.00011023638973155754,0.00041987638864592535,-0.0003096399989143678
2024-06-24,206.7358856201172,208.13999938964844,212.6999969482422,206.58999633789065,207.72000122070312,80727000,0.0031326515941789,0.0031277550645894,0.2521127586442785,0.3127319408236687,0.2722086311600643,0.2645648845404197,0.2497748109820918,0.07104195625052044,0.596027077175443,0.3267605516778328,0.3007426490323653,0.2759365270690359,0.9329385484066965,0.13944905666865565,0.029355244682754654,0.02305464270268302,0.015460747472116771,9.782851744064642e-06,0.0003977172842653735,-0.00038793443252130885
2024-06-25,207.6595916748047,209.07000732421875,211.3800048828125,208.6100006103516,209.1499938964844,55549700,0.0044681845743128,0.0044582318736075,0.1738723056752392,0.3099895118645112,0.2707248760790038,0.26451314245546437,0.25006272697693843,0.07215165894980508,0.6040289167657023,0.3127319408236687,0.3038796799023439,0.2771052512122138,0.6349193830904797,0.13824436933615894,0.013249170973459045,0.02304860756727235,0.015464749954450461,1.987583143884984e-05,0.0003851775698137216,-0.0003653017383748718
2024-06-26,211.81138610839844,213.25,214.8600006103516,210.63999938964844,211.5,66213200,0.0199932679454066,0.0197960272208764,0.2509987324759392,0.3138873267737101,0.2716662720217556,0.2643132036155238,0.2497265676409768,0.07351419573950753,0.5919236135860699,0.3099895118645112,0.310281372464655,0.2686332894942715,0.750822068475496,0.12588489616531823,0.019788985794622054,0.023011688684014285,0.01547196536709678,0.00039188269372967947,0.0004047715657034889,-1.2888871973809417e-05
2024-06-27,212.65565490722656,214.1000061035156,215.7400054931641,212.3500061035156,214.69000244140625,49772700,0.003985960626099,0.0039780377316278,0.1703403468248245,0.3135771384456411,0.2707325184942306,0.26469792623787547,0.25034179989194755,0.0748482127748818,0.5908285361863677,0.3138873267737101,0.3251768754547077,0.2549720307431981,0.5654521031132375,0.11271653835877679,0.015833719257389734,0.023083419423320338,0.015433211396856038,1.5824784194254454e-05,0.00040543834474777415,-0.0003896135605535197
2024-06-28,209.19911193847656,210.6199951171875,216.07000732421875,210.3000030517578,215.7700042724609,82542700,-0.0162541377259258,-0.0163876853340083,0.2040797552381384,0.3234191486579563,0.2739148296111774,0.27036357210111217,0.25312151994681353,0.07644872672919749,0.5723380495394035,0.3135771384456411,0.3267605516778328,0.2512779404496025,0.9206650075756629,0.14863131056949913,0.02739533000772575,0.024048045078035138,0.015045650419962758,0.0002685562306064707,0.0004174925546168988,-0.0001489363240104281
2024-07-01,215.28778076171875,216.75,217.50999450683597,211.9199981689453,212.08999633789065,60402900,0.0291045723337037,0.0286890768912434,0.2738762890888956,0.3343474666655919,0.278077536947087,0.27440445254307827,0.2547740997139928,0.07827543088157532,0.5556454034737022,0.3234191486579563,0.3127319408236687,0.244348216221023,0.6793120608652378,0.1098948195593149,0.02579006384263277,0.024645739775469924,0.014854855293823995,0.0008230631328716761,0.0004573926882754822,0.00036567044459619386
2024-07-02,218.78404235839844,220.2700042724609,220.3800048828125,215.1000061035156,216.1499938964844,58046200,0.0162399274392661,0.0161094703318869,0.2765752685013962,0.3361183042138232,0.2791530139036783,0.2779060116086691,0.2569468153625055,0.0749493827051131,0.6582381721287848,0.3343474666655919,0.3099895118645112,0.1459876445280518,0.6498967402661795,0.1246273230334048,0.0239705755522021,0.02520776872412504,0.014590590281036712,0.00025951503437394427,0.00046612154904051,-0.00020660651466656573
2024-07-03,220.05538940429688,221.5500030517578,221.5500030517578,219.02999877929688,220.0,37369800,0.0058110444203451,0.0057942254275385,0.2643167558586337,0.3356722196073888,0.2782141230047727,0.2778387462381674,0.256399587065831,0.06938879937520818,0.6568372421378644,0.3361183042138232,0.3138873267737101,0.13911394811934,0.42077917076784055,0.10942193319789698,0.011374426710670016,0.025187344581653726,0.01461064380405037,3.3573048305133716e-05,0.0004676644212997567,-0.000434091372994623
2024-07-05,224.8130645751953,226.33999633789065,226.4499969482422,221.6499938964844,221.6499938964844,60412400,0.0216203711133047,0.021389965938036,0.2776991074556605,0.3397850473812963,0.280299189801715,0.2806996353902979,0.2566126349472955,0.06199350210330055,0.6409240174306116,0.3356722196073888,0.3135771384456411,0.1399989621186702,0.6778486112593912,0.13321094051212973,0.021207047492358005,0.025729496407463127,0.014227808775890631,0.0004575306428303403,0.0004875063899077629,-2.9975747077422613e-05
2024-07-08,226.2831268310547,227.82000732421875,227.8500061035156,223.25,227.08999633789065,59085900,0.0065388840252462,0.0065175982628,0.1554770825722968,0.3355675625068557,0.2783231180450773,0.2829064072240282,0.26021406580771106,0.05223350180914168,0.6437696424951623,0.3397850473812963,0.3234191486579563,0.1449892833623556,0.6563718701864296,0.1440921749932936,0.020191405300804703,0.026140032868965296,0.013925459261883547,4.247908711525358e-05,0.00048709431337429145,-0.00044461522625903786
2024-07-09,227.1372833251953,228.67999267578125,229.3999938964844,226.3699951171875,227.92999267578125,48076100,0.003774845597027,0.0037677387466135,0.1211963959293823,0.3354512545150862,0.2672728394716214,0.28267936247074243,0.2609943609180232,0.03809823986578691,0.649070817928705,0.3355675625068557,0.3343474666655919,0.1466932457849668,0.5355621268487332,0.12030043836150917,0.013249951357103575,0.026091472724281056,0.013970829138540879,1.4195855262732667e-05,0.0004802200537212584,-0.00046602419845852576
2024-07-10,231.4082794189453,232.97999572753903,233.0800018310547,229.25,229.3000030517578,62627700,0.0188035822524024,0.0186289802657881,0.1293088060013775,0.3219950184101009,0.2687241224014125,0.27924190965093176,0.2569735110260142,0.015736810265325255,0.6855865678489217,0.3354512545150862,0.3361183042138232,0.1625929899228251,0.7112869991711948,0.09409436571008048,0.01643918748944319,0.025580061840497898,0.014134879143796611,0.00034703890574312246,0.00047888286138560025,-0.00013184395564247778
2024-07-11,226.0347900390625,227.57000732421875,232.38999938964844,225.7700042724609,231.38999938964844,64710600,-0.0232208279789268,-0.0234946790777224,0.2828039746035554,0.2515075191899965,0.269328447204843,0.2470625436652219,0.2516208909492995,0.020609087606407346,0.33025854902793605,0.3219950184101009,0.3356722196073888,0.2864189455792825,0.7828025523166978,0.05691441377274229,0.02908992795239501,0.023768808979621903,0.010672008762210255,0.0005519999449651666,0.0002605621462874726,0.00029143779867769404
2024-07-12,228.9847412109375,230.5399932861328,232.63999938964844,228.67999267578125,228.9199981689453,53046500,0.0130508672774383,0.0129664384949213,0.2579586472622469,0.2381145995155846,0.2651640253751519,0.21151969699833956,0.20989104045409038,0.026810961424915986,0.2531630076811798,0.2515075191899965,0.3397850473812963,0.2977257612486273,0.7034327928721179,0.0404294577064867,0.01717709217138849,0.021506622945544757,0.005671105264015288,0.00016812852724257696,0.0002292695872609882,-6.114106001841124e-05
2024-07-15,232.81871032714844,234.3999938964844,237.22999572753903,233.08999633789065,236.47999572753903,62631300,0.0167433014781117,0.0166046776134547,0.2743735938780285,0.242306451032735,0.2647114713948704,0.20861758701375718,0.20496467415274452,0.03101897384167824,0.2672621694979942,0.2381145995155846,0.3355675625068557,0.2969626020098053,0.8503987748428941,0.07476774338223426,0.017662113896968295,0.02118780701874517,0.005700436650106612,0.0002757153186467636,0.0002415559570426346,3.415936160412899e-05
2024-07-16,233.2358856201172,234.82000732421875,236.2700042724609,232.3300018310547,235.0,43234300,0.0017918662059346,0.0017902627288764,0.2756049021512844,0.2379172491019708,0.263789527525713,0.2081092959995794,0.20472452830465518,0.03499270354837724,0.29279441060874584,0.242306451032735,0.3354512545150862,0.3007426490323653,0.5979441783414156,0.07345559218665129,0.0167788191743228,0.021116118061431686,0.005748634176084019,3.205040638403974e-06,0.00023835260717937974,-0.00023514756654097576
2024-07-17,227.33595275878903,228.8800048828125,231.4600067138672,226.63999938964844,229.4499969482422,57345900,-0.0252959809902604,-0.0256214243174853,0.3167412043034461,0.2547675637657057,0.2690311430916977,0.20380189316245004,0.2014171587025363,0.036924435955771454,0.11209716551117277,0.2379172491019708,0.3219950184101009,0.3038796799023439,0.8135810068951487,0.07294386545079028,0.021059101806147784,0.020731403935837455,0.0054608868507100596,0.000656457384056627,0.00025220099019564467,0.0004042563938609824
2024-07-18,222.66766357421875,224.17999267578125,230.44000244140625,222.2700042724609,230.27999877929688,66034600,-0.0205348309453142,-0.0207486021535618,0.3062750532651674,0.2638965687409574,0.2743395907139051,0.21062717035561895,0.20522866986077673,0.03801383680576986,0.0743440127060929,0.2547675637657057,0.2515075191899965,0.310281372464655,0.9461851856176975,0.0878732617524208,0.036443922008513686,0.021239958461946838,0.006397399428448864,0.0004305044913267894,0.0002676263442722414,0.000162878147054548
2024-07-19,222.7967834472656,224.30999755859372,226.8000030517578,223.27999877929688,224.82000732421875,49151500,0.0005799129586043,0.0005797448740643,0.2767948623812172,0.2484072805904198,0.274474807226403,0.2062162904963413,0.203726900052391,0.03946753225187286,0.16646580226768112,0.2638965687409574,0.2381145995155846,0.3251768754547077,0.7234619194294084,0.07119372484814027,0.01569258753855343,0.020739296066191456,0.0064212790972932,3.3610411900383104e-07,0.00024399506494712054,-0.0002436589608281167
2024-07-22,222.4491729736328,223.9600067138672,227.77999877929688,223.08999633789065,227.00999450683597,48201800,-0.0015602998017738,-0.0015615183371948,0.2066386928550442,0.2437702222271559,0.2743155472306742,0.20524680996988856,0.20248152491527338,0.040717236544044265,0.18606696465176487,0.2484072805904198,0.242306451032735,0.3267605516778328,0.8273688901003344,-0.020075308650269713,0.020941249780360115,0.02063449613949076,0.0063988659354458095,2.4383395173956136e-06,0.00023860516243641243,-0.0002361668229190168
2024-07-23,223.49205017089844,225.00999450683597,226.94000244140625,222.67999267578125,224.3699951171875,39960300,0.0046882825571183,0.004677326789595,0.2169923250182484,0.2437739811938164,0.2743139920309657,0.19974367133281926,0.19465219461340602,0.042005769174018444,0.18650537948055537,0.2437702222271559,0.2379172491019708,0.3127319408236687,0.7107742409593744,0.00468316078333722,0.018932535752297783,0.02011336069296792,0.006067071568239449,2.187738589666307e-05,0.00023920988914404232,-0.00021733250324737925
2024-07-24,217.0656890869141,218.5399932861328,224.8000030517578,217.1300048828125,224.0,61777600,-0.0287542837147465,-0.0291757878271197,0.2353180750734793,0.2705152004822243,0.282512377394619,0.21114791595821106,0.20352460248883605,0.04200450089589392,-0.030663308947581715,0.2437739811938164,0.2547675637657057,0.3099895118645112,1.0927860582110727,0.0475759808681209,0.03509654253033238,0.02120572927081158,0.006699925553936611,0.0008512265953331061,0.00028077742733875516,0.000570449167994351
2024-07-25,216.0227813720703,217.4900054931641,220.8500061035156,214.6199951171875,218.92999267578125,51391200,-0.0048045567183394,-0.0048161357037849,0.2123122074767349,0.2633114166623436,0.2799142372803062,0.21567651752129052,0.21028644165508312,0.04196494392051025,-0.04128249135575722,0.2705152004822243,0.2638965687409574,0.3138873267737101,0.9211361668796636,0.029571536038334657,0.02864504496287721,0.021648532229224342,0.0068912828720396335,2.3195163117271674e-05,0.0002623430508081348,-0.0002391478876908631
2024-07-26,216.4896240234375,217.9600067138672,219.4900054931641,216.00999450683597,218.6999969482422,41601300,0.0021610244555256,0.002158692800748,0.2156917715422829,0.263116197033526,0.276091729193369,0.21572475367633132,0.2103097291099868,0.04178119066156165,-0.04180811474824359,0.2633114166623436,0.2484072805904198,0.3135771384456411,0.7511628667018282,0.03246147690217371,0.01596628224964501,0.021655160378837107,0.0068854570200055755,4.659954608001243e-06,0.0002617848093288221,-0.0002571248547208209
2024-07-29,216.7677459716797,218.2400054931641,219.3000030517578,215.75,216.9600067138672,36311800,0.001284633743219,0.0012838093072819,0.2200687510221277,0.2550768488020213,0.2753447011276229,0.21075607880406266,0.20967744763656768,0.04119436243103041,-0.007140374442600771,0.263116197033526,0.2437702222271559,0.3234191486579563,0.68421190976576,-0.006815549286652911,0.01626650917523464,0.02109871933721255,0.006846729264793148,1.6481663374636317e-06,0.00024843940611537173,-0.0002467912397779081
2024-07-30,217.32395935058597,218.8000030517578,220.3300018310547,216.1199951171875,219.19000244140625,41643800,0.0025659711533103,0.002562684670144,0.2145476216460335,0.2345500890775604,0.2729160196284547,0.2074344037515045,0.2105294324634672,0.040399630783113774,-0.08373656573177295,0.2550768488020213,0.2437739811938164,0.3343474666655919,0.798798765389236,0.013937536021651315,0.019241346687144688,0.020771283479438147,0.006766687621435492,6.567352718591063e-06,0.0002076146171077175,-0.00020104726438912644
2024-07-31,220.5818328857422,222.0800018310547,223.82000732421875,220.6300048828125,221.44000244140625,50036300,0.0149908534440055,0.0148796010679316,0.1138747972487319,0.2335007585017931,0.2496481954503176,0.20320679099670388,0.20883175220819603,0.03881873515644951,-0.0935704517575476,0.2345500890775604,0.2705152004822243,0.3361183042138232,0.9672114463364303,0.025964882952290304,0.014364203958504174,0.02029096489975325,0.006867828299269102,0.00022140252794079123,0.00020570899178605986,1.569353615473137e-05
2024-08-01,216.88693237304688,218.3600006103516,224.47999572753903,217.0200042724609,224.3699951171875,62501000,-0.0167507258196669,-0.0168926058547438,0.180378462510807,0.2403477012947778,0.2517785070064272,0.21421762483847734,0.21594935406153656,0.036177210707191175,-0.13409450357155783,0.2335007585017931,0.2633114166623436,0.3356722196073888,1.179506840039446,0.05623083608185318,0.034163727029795934,0.021430429915709544,0.007193401621238107,0.00028536013256372456,0.0002182983459989894,6.706178656473515e-05
2024-08-02,218.37680053710935,219.8600006103516,225.6000061035156,217.7100067138672,219.1499938964844,105568600,0.0068693899789671,0.0068459032180908,0.185599101815327,0.2278163019659833,0.251894098812971,0.22262655626437564,0.23196892439102385,0.03262864360734293,-0.19286895995966294,0.2403477012947778,0.263116197033526,0.3397850473812963,1.9108509336405362,0.05985385462731892,0.03588647033450853,0.02216440105781707,0.007885057296918761,4.6866390871465974e-05,0.0001977651334010457,-0.0001508987425295797
2024-08-05,207.85824584960935,209.2700042724609,213.5,196.0,199.08999633789065,119548600,-0.0481669985831521,-0.0493656782582095,0.4081993819680549,0.2818418450240343,0.2738979801764866,0.2844482421879168,0.2919131797502688,0.02798580709066936,-0.5126573442997494,0.2278163019659833,0.2550768488020213,0.3355675625068557,2.0516306493010816,0.06757301227462745,0.08362402467013726,0.025336032026283695,0.01581723943784171,0.002436970189893058,0.0003174896885399359,0.002119480501353122
2024-08-06,205.8319854736328,207.22999572753903,209.9900054931641,201.07000732421875,205.3000030517578,69660500,-0.0097482128507335,-0.0097960377362041,0.3965639460683473,0.280836988553104,0.274516803853681,0.2977748562908383,0.30918608135530873,0.02201771949172698,-0.5162210125629306,0.2818418450240343,0.2345500890775604,0.3354512545150862,1.1737383077733403,0.05602459041926302,0.04304395286806423,0.026825732101831735,0.016020758234144665,9.596235532913474e-05,0.00032157801354325597,-0.00022561565821412123
2024-08-07,208.40452575683597,209.82000732421875,213.63999938964844,206.38999938964844,206.8999938964844,63516400,0.0124982466345506,0.0124207882780954,0.386770587877087,0.2747293306376834,0.2745081855356432,0.30469519521953803,0.3188318579431965,0.01620201316054473,-0.5104410893957643,0.280836988553104,0.2335007585017931,0.3219950184101009,1.0694131759271754,0.03648063581653348,0.0345534255405736,0.02773144400438825,0.015914342834838533,0.00015427598144927208,0.00031193986732856347,-0.0001576638858792914
2024-08-08,211.87098693847656,213.30999755859372,214.1999969482422,208.8300018310547,213.1100006103516,47161100,0.0166332576139041,0.0164964400478911,0.427191582500479,0.2761470801930659,0.2742800596664791,0.3032705618028169,0.31905728584803733,0.017037399778416114,-0.805798789412906,0.2747293306376834,0.2403477012947778,0.2515075191899965,0.8059491881054518,0.021942849684711985,0.025174605872434207,0.02753567790039021,0.015920832602991864,0.00027213253425366525,0.0002979464967929884,-2.5813962539323167e-05
2024-08-09,214.78121948242188,216.2400054931641,216.77999877929688,211.97000122070312,212.1000061035156,42201600,0.0137359147161655,0.0136424321128986,0.4412378904901796,0.2766830243595616,0.2751622495981244,0.30483034030347533,0.31864656654845225,0.01735580765635031,-0.7817406425264339,0.2761470801930659,0.2278163019659833,0.2381145995155846,0.7279404249924212,0.02569731971751791,0.022243791326327016,0.02778901285813714,0.015787079156983883,0.00018611595395504694,0.0002988458681286119,-0.00011272991417356497
2024-08-12,216.3126220703125,217.52999877929688,219.50999450683597,215.6000061035156,216.07000732421875,38028100,0.0059655625849195,0.0059478390686755,0.167276220919093,0.2690454169782504,0.2745157080964371,0.30492776399638016,0.3190253025670477,0.017302358965381993,-0.8220424125787866,0.2766830243595616,0.2818418450240343,0.242306451032735,0.6701717182744938,0.011718264183727761,0.017974479038578,0.02780463111521762,0.015776684347137554,3.537678958686264e-05,0.00028682894167561686,-0.00025145215208875423
2024-08-13,220.03167724609372,221.2700042724609,221.88999938964844,219.00999450683597,219.00999450683597,44155300,0.0171930561952451,0.017046928151695,0.0705578667121153,0.2784855841092142,0.2761512463237738,0.3040911657941782,0.317113033935378,0.01732513109091363,-0.7648468415195236,0.2690454169782504,0.280836988553104,0.2379172491019708,0.7775207776951045,0.035259481104591636,0.013015794401423595,0.027616479876572664,0.01593672480948906,0.0002905977594090515,0.00030119857761414924,-1.0600818205097737e-05
2024-08-14,220.4791717529297,221.72000122070312,223.02999877929688,219.6999969482422,220.57000732421875,41960600,0.0020337006352115,0.0020316354655586,0.1064033430652625,0.2656596630667995,0.2761085232297517,0.30246865535377737,0.31479333664984277,0.01735522707021391,-0.749587214990446,0.2784855841092142,0.2747293306376834,0.2547675637657057,0.7490208958847281,0.01645436281614961,0.015018950986473963,0.02731447233558897,0.016123665365079892,4.127542664915509e-06,0.00026858208554456363,-0.00026445454287964815
2024-08-15,223.46234130859372,224.72000122070312,225.3500061035156,222.75999450683597,224.6000061035156,46414000,0.0135305790342918,0.0134398581708848,0.0984298398353973,0.2606280220137489,0.2769139586584025,0.29355223054144486,0.3086004765317941,0.017327764022351522,-0.7501291689253639,0.2656596630667995,0.2761470801930659,0.2638965687409574,0.843284204436917,0.014185313456328758,0.011525505440594563,0.026068551507193016,0.016342352728521078,0.00018062978765349892,0.0002560883503608991,-7.545856270740019e-05
2024-08-16,224.7849273681641,226.0500030517578,226.8300018310547,223.6499938964844,223.9199981689453,44340200,0.0059184844421056,0.005901039012885,0.0978128259259612,0.2614356571177185,0.2768611632519239,0.29320107391441735,0.30746944537436943,0.01713610727212725,-0.7633553231875227,0.2606280220137489,0.2766830243595616,0.2484072805904198,0.8091424287722012,0.024734814845770708,0.014067719051709855,0.02598730808285084,0.016400585199492924,3.482226143159077e-05,0.0002578126582265285,-0.00022299039679493773
2024-08-19,224.6258087158203,225.88999938964844,225.9900054931641,223.0399932861328,225.72000122070312,40687800,-0.0007078241979617,-0.0007080748237823,0.1193888045964311,0.2613688633879675,0.2761316422322868,0.29117762727055446,0.3062450397983672,0.01670175282555686,-0.7678999112964302,0.2614356571177185,0.2690454169782504,0.2437702222271559,0.7476172202331336,0.021582299271345907,0.0130595077914125,0.02559322098340346,0.016621425497761144,5.013699560743352e-07,0.0002577158097484624,-0.0002572144397923881
2024-08-20,225.2423553466797,226.50999450683597,227.1699981689453,225.4499969482422,225.7700042724609,30299000,0.0027446771387078,0.0027409173903689,0.0862320714060775,0.2610415899599367,0.2715314884287079,0.28881653089970266,0.30310884814068395,0.01620644962981371,-0.768437958856087,0.2613688633879675,0.2784855841092142,0.2437739811938164,0.5617142229993786,0.017364773504663762,0.007593489304734481,0.02502626866102529,0.0170484770735411,7.51262814082666e-06,0.0002569975718606706,-0.00024948494371984393
2024-08-21,225.13296508789065,226.3999938964844,227.97999572753903,225.0500030517578,226.5200042724609,34765500,-0.000485632479887,-0.0004857504375307,0.0927132353726758,0.2367640255626931,0.2702177531705706,0.2805329171757693,0.29715221760425525,0.01699021968611136,-0.6778254741087572,0.2610415899599367,0.2656596630667995,0.2705152004822243,0.6610713308810757,-0.0025632401701170815,0.012941664111178756,0.023918524740067608,0.017079452350780455,2.359534875612665e-07,0.00021444803976839334,-0.00021421208628083206
2024-08-22,223.2734375,224.52999877929688,228.33999633789065,223.8999938964844,227.7899932861328,43695300,-0.0082596959699676,-0.0082939962626306,0.0838947426003934,0.2383629731500325,0.2711363054479234,0.2770016960606585,0.29115414607647544,0.017646695904939103,-0.6886046251587989,0.2367640255626931,0.2606280220137489,0.2633114166623436,0.8369971060154576,0.018685947617133592,0.019774651340779534,0.023475005058962724,0.017065421577334882,6.879037400453035e-05,0.00021672780031275628,-0.00014793742630822592
2024-08-23,225.5705108642578,226.83999633789065,228.22000122070312,224.3300018310547,225.66000366210935,38677300,0.010288146667049,0.010235583894402,0.106303901786705,0.2403333534403012,0.271552039274569,0.27733073726280516,0.2914568791940037,0.018088121014198415,-0.677476711955447,0.2383629731500325,0.2614356571177185,0.263116197033526,0.7429564045468725,0.0224687910342323,0.0171486486177423,0.02353412337736759,0.01704006984590633,0.0001047671776593416,0.00022173316146532326,-0.00011696598380598166
2024-08-26,225.9085998535156,227.17999267578125,227.27999877929688,223.88999938964844,226.75999450683597,30602200,0.0014988376978466,0.001497715561751,0.1056173512744776,0.2403261376731265,0.2715242165857546,0.2769985762865116,0.291279267787392,0.018498192877767234,-0.6821004276421095,0.2403333534403012,0.2613688633879675,0.2550768488020213,0.5910823291450628,0.018387095570474854,0.014922086006431287,0.023466902218927423,0.017072868942331426,2.2431519039111136e-06,0.00022176291074364564,-0.00021951975883973454
2024-08-27,226.7538604736328,228.02999877929688,228.8500061035156,224.88999938964844,226.0,35934600,0.0037415535298863,0.0037345713292433,0.1067958856730762,0.2403980427458627,0.2714939130529585,0.27644418941893867,0.2899042940111936,0.018168005588403265,-0.709624796626632,0.2403261376731265,0.2610415899599367,0.2345500890775604,0.6979259124023796,0.019757575108434556,0.01736616557060953,0.023373143163100664,0.017102419153914476,1.3947023013206069e-05,0.00022213189425837645,-0.00020818487124517037
2024-08-28,225.22247314453125,226.4900054931641,229.8600006103516,225.67999267578125,227.9199981689453,38052200,-0.0067534679400815,-0.006776375801283,0.1218401816137537,0.2373595226844621,0.2718689133657087,0.2775167497478732,0.2910599732273145,0.017920910910403327,-0.7051973489588133,0.2403980427458627,0.2367640255626931,0.2335007585017931,0.7477564427873137,0.01262750896254955,0.01845559553706886,0.0235777127420289,0.017013224565516443,4.5919269000213826e-05,0.00021335773131134754,-0.00016743846231113372
2024-08-29,228.5039978027344,229.7899932861328,232.9199981689453,228.8800048828125,230.1000061035156,51906300,0.0145701254489498,0.0144650010579217,0.1301487517027474,0.2320776286942966,0.2729483910786426,0.2705844451705084,0.28814554772573486,0.01842534897600225,-0.7092849622765725,0.2373595226844621,0.2383629731500325,0.2403477012947778,1.0307303039232896,0.018375924070353277,0.017581241151359634,0.022748588448107086,0.016873665909617894,0.0002092362556056759,0.0002095515374634451,-3.1528185776919307e-07
2024-08-30,227.71841430664065,229.0,230.3999938964844,227.47999572753903,230.19000244140625,52990800,-0.0034378924636161,-0.0034438155952011,0.1292682369900959,0.2324259364083049,0.2730406360138807,0.2611433694534142,0.27566050295152145,0.01806551231841739,-0.7081370885051164,0.2320776286942966,0.2403333534403012,0.2278163019659833,1.1102230112925093,-0.015032933795085324,0.012751083707185019,0.02159181911674091,0.016717899764564607,1.1859865853750307e-05,0.00020780121121255932,-0.00019594134535880903
2024-09-03,221.52328491210935,222.7700042724609,229.0,221.1699981689453,228.5500030517578,50190600,-0.0272052215176378,-0.0275821352986587,0.2465514740704629,0.174065175576333,0.2793015849770621,0.201141211862013,0.2155138903161595,0.025073894785478276,0.6501551867088611,0.2324259364083049,0.2403261376731265,0.2818418450240343,1.1339441059672672,-0.024296377558302155,0.03514836683972108,0.0191680362252201,0.0089694401294049,0.0007607741876335142,0.00012399141109958214,0.000636782776533932
2024-09-04,219.6140289306641,220.8500061035156,221.77999877929688,217.47999572753903,221.66000366210935,43840200,-0.0086187463847109,-0.0086561025765702,0.2378531341153792,0.1729864921593007,0.2793845891904994,0.18340491892833644,0.1932667399978259,0.02969634613684042,0.6588398900197067,0.174065175576333,0.2403980427458627,0.280836988553104,1.0202286637567166,-0.009757465516366748,0.019470241942136816,0.01798935067892373,0.006999293982752596,7.492811181610526e-05,0.0001229396989239307,-4.8011587107825435e-05
2024-09-05,221.13546752929688,222.3800048828125,225.47999572753903,221.5200042724609,221.6300048828125,36615400,0.00692777331679,0.0069038865531589,0.2556470666493951,0.1701643206732012,0.2760160331747147,0.1721837485796394,0.1808893857791169,0.033436914799319636,0.6713108493933683,0.1729864921593007,0.2373595226844621,0.2747293306376834,0.8796301245582528,-0.013587359919147302,0.0178073179608253,0.017152045299936313,0.005814931609397478,4.766364953888828e-05,0.0001176090823284115,-6.994543278952321e-05
2024-09-06,219.58419799804688,220.82000732421875,225.2400054931641,219.7700042724609,223.9499969482422,48423000,-0.0070150082037089,-0.0070397290529031,0.1988580142241694,0.1656844618543998,0.2377291026750802,0.17165226453393695,0.17750406266469265,0.03637027538564179,0.6631357422014978,0.1701643206732012,0.2320776286942966,0.2761470801930659,1.1615294202307562,0.015411320650251364,0.02477131165325911,0.01713188058897756,0.005786275832244629,4.9557785138287975e-05,0.00010648034487264261,-5.692255973435463e-05
2024-09-09,219.67369079589844,220.91000366210935,221.2700042724609,216.7100067138672,220.82000732421875,67180000,0.0004075551802626,0.0004074721522084,0.2061197087498284,0.1596129085942293,0.2309163569673404,0.17072509214406056,0.181344078191792,0.03877918548568774,0.6638712837813584,0.1656844618543998,0.2324259364083049,0.2766830243595616,1.5645844046474537,0.04003722408472119,0.02064187896881492,0.017051784971101956,0.0057225266926296675,1.660335548253455e-07,9.718284885263156e-05,-9.701681529780622e-05
2024-09-10,218.87815856933597,220.1100006103516,221.47999572753903,216.72999572753903,218.9199981689453,51591000,-0.0036213980285901,-0.0036279711645236,0.0993324393639876,0.1593493065071979,0.2308493763735387,0.17267042546889314,0.18409085145284143,0.04066456548415333,0.654810767670863,0.1596129085942293,0.174065175576333,0.2690454169782504,1.182843981913545,0.03337953038856783,0.02158011897155304,0.01723206696775071,0.005809263635374899,1.3162174770614725e-05,9.607211811181914e-05,-8.290994334120442e-05
2024-09-11,221.4138946533203,222.66000366210935,223.08999633789065,217.88999938964844,221.4600067138672,44587100,0.0115851303652119,0.011518536580701,0.1203487792403327,0.1528523958125865,0.2312297843894948,0.1776718711791581,0.19154476129922962,0.041567832670645656,0.5899897294801715,0.1593493065071979,0.1729864921593007,0.2784855841092142,1.021757470698185,0.018535473691044697,0.023353978544495613,0.01774897617490431,0.005873940129041027,0.0001326766849609471,8.817606438941393e-05,4.4500620571533164e-05
2024-09-12,221.52328491210935,222.7700042724609,223.5500030517578,219.82000732421875,222.5,37455600,0.000494029500325,0.0004939075079283,0.110892434204091,0.152720496319597,0.2279212536977295,0.17839699283792534,0.19279987117081832,0.04243554211942632,0.5929736070227436,0.1528523958125865,0.1701643206732012,0.2656596630667995,0.8627856484799679,0.013023411049373107,0.016743707213728184,0.01783521398626702,0.0058443363006385985,2.4394462638794374e-07,8.798188448748755e-05,-8.773793986109961e-05
2024-09-13,221.2548065185547,222.5,224.0399932861328,221.91000366210935,223.5800018310547,36766600,-0.0012120315450131,-0.0012127666492859,0.0926420188637777,0.1445571623743094,0.2266882382103589,0.17785642368822527,0.19181262634302282,0.04343206093284799,0.6161779141765312,0.152720496319597,0.1656844618543998,0.2606280220137489,0.8564307017219995,0.006797010587119729,0.009572987074262768,0.01773758806795043,0.005970235049238017,1.4708029456201494e-06,7.90239352520936e-05,-7.755313230647346e-05
2024-09-16,215.109375,216.32000732421875,217.22000122070312,213.9199981689453,216.5399932861328,59357400,-0.0277752479810393,-0.0281682748934364,0.2317941991477449,0.1724535844552886,0.2297560954309409,0.17830325430214336,0.19350436238495825,0.04206539920182068,0.0162592716864671,0.1445571623743094,0.1596129085942293,0.2614356571177185,1.358886991669928,0.039752940011394566,0.015255191105886906,0.017796961670659285,0.005937633215820923,0.0007934517104721995,0.00011695540770412405,0.0006764963027680755
2024-09-17,215.5767517089844,216.7899932861328,216.8999938964844,214.5,215.75,45519300,0.002172642132032,0.0021702853581153,0.236305732549868,0.1730853293481382,0.2286251912090088,0.17767964955184679,0.19242244240318665,0.040121823102610685,0.020405892658588987,0.1724535844552886,0.1593493065071979,0.2613688633879675,1.0363556512190686,0.03221495811021313,0.011070593527426995,0.017697515957460008,0.006036978357325895,4.710138535649656e-06,0.00011716584613310281,-0.00011245570759745316
2024-09-18,219.45494079589844,220.69000244140625,222.7100067138672,217.5399932861328,217.5500030517578,59894900,0.017989802463465,0.0178299008516995,0.2634865133851224,0.1864061114580702,0.2312538904302978,0.18388757463821817,0.1979662319371516,0.03730520356973311,0.11692448792032485,0.1730853293481382,0.1528523958125865,0.2610415899599367,1.3192051101415314,0.06077210309943386,0.02342658648122054,0.01848917081628431,0.005669185368968647,0.0003179053643814345,0.0001326854829451332,0.00018521988143630128
2024-09-19,227.5891571044922,228.8699951171875,229.82000732421875,224.6300048828125,224.9900054931641,66781300,0.0370655334871956,0.0363951225131375,0.3803418153029276,0.2295295294268812,0.2423061707852818,0.18821617256828896,0.20000485079627234,0.03690263936385434,0.4175193749529767,0.1864061114580702,0.152720496319597,0.2367640255626931,1.4207863722900564,0.05915013433246215,0.02267663980483257,0.018975919600967,0.005585107879587117,0.001324604942746288,0.0001989039324080695,0.0011257010103382186
2024-09-20,226.92288208007807,228.1999969482422,233.08999633789065,227.6199951171875,229.97000122070312,318679900,-0.0029274181117636,-0.0029317113810075,0.382415578229686,0.2275723682887893,0.2394393619786573,0.19035703638136228,0.2045636519891457,0.03628965024779224,0.4240801758558582,0.2295295294268812,0.1445571623743094,0.2383629731500325,5.245562368559471,0.23490688262560408,0.0239702072473901,0.01918569739629753,0.005694410799614929,8.594931621528902e-06,0.00019589416028891949,-0.0001872992286673906
2024-09-23,225.20257568359372,226.47000122070312,229.4499969482422,225.80999755859372,227.33999633789065,54146000,-0.007581050616453,-0.0076099328450285,0.2854339310152003,0.2265839282721658,0.2400274864182054,0.1898808492657996,0.20409831002026277,0.03547071607510165,0.4252164509555519,0.2275723682887893,0.1724535844552886,0.2403333534403012,0.8800547153288089,0.19914427746310182,0.016072766238479225,0.019131903277334376,0.00571969298616195,5.791107790584356e-05,0.00019355135530124457,-0.000135640277395401
2024-09-24,226.09751892089844,227.3699951171875,229.3500061035156,225.72999572753903,228.6499938964844,43556100,0.0039740093241191,0.0039661338070886,0.282932912517769,0.2269811915551242,0.2373627332395317,0.19020702783027685,0.20418438423161706,0.034639688516332305,0.4246218306121524,0.2265839282721658,0.1730853293481382,0.2403261376731265,0.7005582691573239,0.1998043229930951,0.015921231709183057,0.019181860562471963,0.005685247784816367,1.5730217375731114e-05,0.00019422570857483557,-0.00017849549119910445
2024-09-25,225.10313415527344,226.3699951171875,227.2899932861328,224.0200042724609,224.92999267578125,42308700,-0.0043981177001151,-0.0044078178718805,0.2858643817758072,0.2270643734729337,0.230632178645116,0.18907244029783002,0.20318879982895707,0.03377348998060046,0.4247979542933954,0.2269811915551242,0.1864061114580702,0.2403980427458627,0.677024559256431,0.18965993109625714,0.01444532881656463,0.01903581872476972,0.005771209056167263,1.9428858391669137e-05,0.00019449980034375874,-0.00017507094195208961
2024-09-26,226.24668884277344,227.5200042724609,228.5,225.41000366210935,227.3000030517578,36636700,0.0050802190223051,0.0050673582482902,0.0870726034407717,0.2265204558357981,0.2285870322843173,0.18724366021125774,0.201295537653778,0.033073105352747816,0.4214794903758742,0.2270643734729337,0.2295295294268812,0.2373595226844621,0.5869258344241061,0.18001035417117148,0.01358120727788975,0.018792099311810764,0.005898520641802265,2.5678119616514726e-05,0.00019348774287457376,-0.00016780962325805903
2024-09-27,226.51516723632807,227.7899932861328,229.5200042724609,227.3000030517578,228.4600067138672,34026000,0.0011866605511687,0.0011859570260456,0.0867698296931915,0.2202680504202217,0.2283295364231324,0.18465696794374648,0.1978715472510665,0.032392673368962004,0.4456755417841559,0.2265204558357981,0.2275723682887893,0.2320776286942966,0.5530225348637752,0.1582433245080636,0.009745824163199726,0.01840032846240277,0.006233853239767816,1.406494067626924e-06,0.00018309625479767132,-0.0001816897607300444
2024-09-30,231.69602966308597,233.0,233.0,229.6499938964844,230.0399932861328,54541900,0.0228719736047524,0.0226143311463818,0.1611173780667124,0.2345110274900661,0.2288220899153081,0.1852350304788291,0.19693830858764524,0.03253928018597441,0.46540878764564464,0.2202680504202217,0.2265839282721658,0.2324259364083049,0.8853502445463538,0.18734604092203283,0.014377708598779385,0.018481659706982484,0.006166517429338074,0.000511407973198214,0.0002080736601648945,0.00030333431303331953
2024-10-01,224.9440460205078,226.2100067138672,229.6499938964844,223.7400054931641,229.5200042724609,63285000,-0.0291416020864069,-0.0295746525161584,0.2998716418879564,0.2378004162282403,0.2365802971345892,0.17860723085577643,0.19392839218866798,0.0339707471475731,0.23298859776098807,0.2345110274900661,0.2269811915551242,0.174065175576333,1.0164696676119291,0.19800322831993467,0.026126113911467456,0.018030547060569804,0.005125176802912801,0.0008746600714515144,0.00021376795435579452,0.0006608921170957199
2024-10-02,225.51084899902344,226.77999877929688,227.3699951171875,223.0200042724609,225.88999938964844,32880600,0.002519747352073,0.002516578111388,0.2989754965771437,0.2352220087744975,0.2365064041874528,0.17847760107979485,0.19373699854981707,0.034847784791295064,0.22190346852835865,0.2378004162282403,0.2270643734729337,0.1729864921593007,0.5328104712847863,0.18030770640935354,0.01918154541027235,0.018016112233976582,0.005121313649969046,6.333165390717194e-06,0.00021033820703452512,-0.00020400504164380792
2024-10-03,224.40704345703125,225.6699981689453,226.80999755859372,223.32000732421875,225.13999938964844,34044200,-0.0048946142354988,-0.0049066320909708,0.2974671837836471,0.2352426125086764,0.2334276153134711,0.17753960543705632,0.19261288204305937,0.03529988730725881,0.2378941624803152,0.2352220087744975,0.2265204558357981,0.1701643206732012,0.5528175643742318,0.19031706475338195,0.015465016451864504,0.017898997158528544,0.005153023600653215,2.407503847614448e-05,0.00020915877648138795,-0.00018508373800524348
2024-10-04,225.53073120117188,226.8000030517578,228.0,224.1300048828125,227.8999938964844,37245100,0.0050073332387166,0.0049948382393597,0.3009497010491796,0.233842316304897,0.2287112643848164,0.17350906542171565,0.18970639481644658,0.03513268409036848,0.21808690135213443,0.2352426125086764,0.2202680504202217,0.1656844618543998,0.6103335776627523,0.1788943424582386,0.017063470304735102,0.017513605091102342,0.00489370298953083,2.494840903736991e-05,0.00020792830767634202,-0.00018297989863897213
2024-10-07,220.4493408203125,221.69000244140625,225.69000244140625,221.3300018310547,224.5,39505400,-0.0225308665855061,-0.0227885646907539,0.2451770120023881,0.2490644186560908,0.2317338588977404,0.1728125790749575,0.1867691989570612,0.03499756069418313,0.1584333965741377,0.233842316304897,0.2345110274900661,0.1596129085942293,0.6623928327825884,0.16256083896089882,0.019667105247580717,0.01746486640504063,0.004865681140853602,0.0005193186806646754,0.00023388594003183452,0.0002854327406328409
2024-10-08,224.50650024414065,225.7700042724609,225.97999572753903,223.25,224.3000030517578,31855700,0.0184040858230991,0.0182367802552692,0.2389755824342638,0.2566131894384452,0.232276490217128,0.1685215844753283,0.1810735327239476,0.034699107479158546,0.15277005370063299,0.2490644186560908,0.2378004162282403,0.1593493065071979,0.5431151585983316,0.1644814094293588,0.012091932833754369,0.016990457098150696,0.004905711139986162,0.00033258015407897654,0.0002498568389972526,8.272331508172394e-05
2024-10-09,228.25537109375,229.5399932861328,229.75,224.8300018310547,225.22999572753903,33591100,0.016698360908574,0.0165604761294619,0.2686856785499084,0.2598872595619563,0.2348901922857832,0.1673356271555441,0.17501075180123288,0.03324810738052003,0.17580052316061234,0.2566131894384452,0.2352220087744975,0.1528523958125865,0.5781215108286668,0.1739931635132123,0.021434165343083785,0.016894466438080104,0.004792109125933684,0.0002742493696344774,0.0002569354732309291,1.731389640354826e-05
2024-10-10,227.7581787109375,229.0399932861328,229.5,227.1699981689453,227.77999877929688,28183500,-0.0021782696463562,-0.0021806455265144,0.2646700202473123,0.2602007431114252,0.2289686524112351,0.1648872674458929,0.17134816589648813,0.030769922486674577,0.17902228990337657,0.2598872595619563,0.2352426125086764,0.152720496319597,0.4889550309184881,0.17394127590379002,0.010172903856768306,0.016565926270232113,0.00502268427906021,4.755214912307264e-06,0.0002571610367452251,-0.00025240582183291783
2024-10-11,226.2765350341797,227.5500030517578,229.41000366210935,227.33999633789065,229.3000030517578,31759200,-0.0065053714549913,-0.0065266236027587,0.2716490060268944,0.2615851437790304,0.2252864940721687,0.16476188633070346,0.17067904900908298,0.02575172039179487,0.1840259343227376,0.2602007431114252,0.233842316304897,0.1445571623743094,0.5533935413722624,0.181204636862129,0.009096933845119993,0.016542123608774974,0.005058568072245357,4.259681565208696e-05,0.0002592173373805485,-0.0002166205217284615
2024-10-14,230.00555419921875,231.3000030517578,231.72999572753903,228.6000061035156,228.6999969482422,39882100,0.0164798943076569,0.0163455745573077,0.1880315153867577,0.2425029513611392,0.2276895899837695,0.16407896338597452,0.1679376101389997,0.022167208240525822,0.4363505156049239,0.2615851437790304,0.2490644186560908,0.1724535844552886,0.7069271937895072,0.16327099458322253,0.013532164214122566,0.016455972264186755,0.005096171561477568,0.00026717780760850487,0.0002329036422373637,3.427416537114117e-05
2024-10-15,232.54129028320312,233.8500061035156,237.4900054931641,232.3699951171875,233.6100006103516,64751400,0.0110246563688423,0.0109643278406946,0.1705506697103058,0.2439414128315582,0.228647563439048,0.16887257752587023,0.1747084576551783,0.017294151050650054,0.4273374982644089,0.2425029513611392,0.2566131894384452,0.1730853293481382,1.1285108127298147,0.20610611038323018,0.021894420536000228,0.016997163614615417,0.00506881581212392,0.0001202164849982307,0.00023867895956049276,-0.00011846247456226205
2024-10-16,230.48284912109372,231.77999877929688,232.1199951171875,229.83999633789065,231.6000061035156,34082200,-0.008851859184055,-0.0088912696324264,0.1765818495006698,0.2419724198361731,0.2293344609411337,0.1626458246598652,0.16928656321254204,0.012767058107263468,0.40601882307754195,0.2439414128315582,0.2598872595619563,0.1864061114580702,0.6076655231180144,0.16663317789030185,0.009836909100460749,0.016317679745577428,0.005072437287888665,7.905467567650789e-05,0.00022673642512524645,-0.00014768174944873857
2024-10-17,230.8507843017578,232.1499938964844,233.8500061035156,230.5200042724609,233.42999267578125,32993800,0.0015963203000091,0.0015950475350726,0.1730266416385154,0.2060966839304954,0.2208441624499079,0.15816886836906563,0.1671604862952201,0.014609280780965428,-0.08894089344653945,0.2419724198361731,0.2602007431114252,0.2295295294268812,0.6065289856764243,0.15928771344271125,0.014344182289918708,0.015901056869831738,0.004860418043056424,2.544176639141177e-06,0.00016063338681988909,-0.0001580892101807479
2024-10-18,233.68484497070312,235.0,236.17999267578125,234.00999450683597,236.17999267578125,46431500,0.0122765719510913,0.0122018259694868,0.1607778771567139,0.2095209633795136,0.2216799316709782,0.15113515337058717,0.15841442356537902,0.015777124968939262,-0.06861921335732271,0.2060966839304954,0.2615851437790304,0.2275723682887893,1.1384368538574305,-0.008947961979576802,0.009234034761469294,0.015164248245535694,0.004686654426263576,0.00014888455698964246,0.00016764786808829476,-1.87633110986523e-05
2024-10-21,235.15655517578125,236.47999572753903,236.8500061035156,234.4499969482422,234.4499969482422,36254500,0.0062978541597407,0.006278105548776,0.135633571576654,0.2073280933590216,0.221909472649095,0.14883251658717325,0.1544259591111858,0.016973675830069146,-0.07309741583240015,0.2095209633795136,0.2425029513611392,0.2265839282721658,0.9088451240620159,0.021597524627698948,0.01014888869517143,0.014868054368370307,0.0048117382499337025,3.9414609281572005e-05,0.00016672304465708117,-0.00012730843537550916
2024-10-22,234.5400238037109,235.8600006103516,236.22000122070312,232.6000061035156,233.88999938964844,38846600,-0.0026217655970436,-0.0026252084433404,0.1285100364180091,0.2078870139103869,0.2220596976003422,0.14860911699966997,0.15351298425241722,0.01800213179315859,-0.07632333936688425,0.2073280933590216,0.2439414128315582,0.2269811915551242,0.9796077493881014,0.03495141457721555,0.015348067106842242,0.014839396138253264,0.004806839855688377,6.891719370985726e-06,0.00016628111975684393,-0.0001593894003858582
2024-10-23,229.46856689453125,230.75999450683597,235.13999938964844,227.75999450683597,234.0800018310547,52287000,-0.0216230225147036,-0.0218602256655692,0.2057133652860328,0.2234814771624611,0.2270485509586455,0.16047292772902907,0.16689712695450037,0.018101278442465157,-0.20342190413305677,0.2078870139103869,0.2419724198361731,0.2270643734729337,1.3021560024580259,0.05368268703074617,0.03198130117217458,0.01571619475603376,0.006144413728966674,0.0004778694661496104,0.00018920315014474097,0.00028866631600486944
2024-10-24,229.27964782714844,230.57000732421875,230.82000732421875,228.41000366210935,229.97999572753903,31109500,-0.0008233107433687,-0.0008236498497982,0.2045920600466272,0.2230234402470473,0.2251881916573982,0.15940442642020627,0.1653887307295452,0.01820080416915363,-0.2026216699558769,0.2234814771624611,0.2060966839304954,0.2265204558357981,0.7801204755074971,0.040134590432345435,0.010452372752543432,0.015559753029766445,0.00624070994468374,6.783990750725974e-07,0.00018795316411766887,-0.00018727476504259627
2024-10-25,230.1149444580078,231.41000366210935,233.22000122070312,229.57000732421875,229.7400054931641,38802300,0.0036431292501519,0.0036365091285524,0.1758205582535154,0.2232687430783282,0.222278481563527,0.161589750336131,0.16766795272287804,0.018089341466211897,-0.20328277097365102,0.2230234402470473,0.2095209633795136,0.2202680504202217,0.9672372779069428,0.056061616648337274,0.015772844037519967,0.015861104023482456,0.006088860156676251,1.3224198642044935e-05,0.00018854404934638978,-0.00017531985070434484
2024-10-28,232.09376525878903,233.3999938964844,234.72999572753903,232.5500030517578,233.32000732421875,36087100,0.0085994131752431,0.0085626488392231,0.1840362695462316,0.2102412782272808,0.2225001346479063,0.1598554860082417,0.16773424786977806,0.018895220733537724,-0.3811306808624346,0.2232687430783282,0.2073280933590216,0.2345110274900661,0.9207327978927328,0.02241546768492228,0.00934015738127257,0.015609226462607118,0.006255370657345066,7.33189551438487e-05,0.00016663959844367152,-9.332064329982282e-05
2024-10-29,232.3622894287109,233.6699981689453,234.3300018310547,232.32000732421875,233.1000061035156,35417200,0.0011568306749001,0.0011561620618932,0.1859797581317419,0.1786678016779009,0.1961930053635779,0.15100327763438165,0.159116433606769,0.022465467497697598,-0.3180111204536363,0.2102412782272808,0.2078870139103869,0.2378004162282403,0.9369505694369122,0.013472266030281788,0.008601850997502448,0.014733013316908867,0.005923223601872308,1.3367107133611357e-06,0.00012297343040676385,-0.00012163671969340272
2024-10-30,228.8122711181641,230.1000061035156,233.47000122070312,229.5500030517578,232.6100006103516,47070900,-0.0152779222553361,-0.0153958321970844,0.1428593761416627,0.1885206465310876,0.197939186878269,0.14969697316923175,0.15580708106876212,0.024298852438026534,-0.3735133401574219,0.1786678016779009,0.2234814771624611,0.2352220087744975,1.2223028217464988,0.05394610675013032,0.017036062863821977,0.014625739189586349,0.00585748025393604,0.0002370316490407807,0.00013450835458926703,0.00010252329445151366
2024-10-31,224.6457061767578,225.91000366210935,229.8300018310547,225.3699951171875,229.33999633789065,64370100,-0.0182094842688587,-0.0183773174872014,0.1910323657244499,0.1995979988857787,0.2008854682883255,0.1518603793286765,0.1552479776745834,0.025046523036782543,-0.4246518879781727,0.1885206465310876,0.2230234402470473,0.2352426125086764,1.608194709929544,0.0705523586588549,0.019742404681370205,0.014839608601061632,0.005966805106977049,0.0003377257980253984,0.0001501908925667297,0.0001875349054586687
2024-11-01,221.66249084472656,222.91000366210935,225.3500061035156,220.2700042724609,220.97000122070312,65276700,-0.013279624414008,-0.0133685870981237,0.185812650080854,0.204159517179958,0.2005159756392015,0.15521681413098007,0.15897423083888548,0.025456042143527226,-0.43731242560122124,0.1995979988857787,0.2232687430783282,0.233842316304897,1.5756703998200245,0.06655547314102854,0.02278947444079288,0.015125908807864522,0.006211483212705206,0.00017871912100011944,0.0001578794281648672,2.083969283525223e-05
2024-11-04,220.7675323486328,222.00999450683597,222.7899932861328,219.7100067138672,220.9900054931641,44944500,-0.0040375449306334,-0.0040457178215274,0.1305563827681011,0.1876366155554808,0.1989226449816792,0.15245844804275258,0.157369871526347,0.026082327165053217,-0.3371831755060123,0.204159517179958,0.2102412782272808,0.2490644186560908,1.077809761642999,0.047947257124598505,0.013873188813446813,0.014836212986157827,0.006123020922932395,1.636783269142441e-05,0.00013273188576620466,-0.00011636405307478025
2024-11-05,222.199462890625,223.4499969482422,223.9499969482422,221.13999938964844,221.8000030517578,28111300,0.0064862054728886,0.0064652605620487,0.1610361177352988,0.1768656485493794,0.1989866646822366,0.15263288089848762,0.15741467407953424,0.02657233034647097,-0.4440797280269475,0.1876366155554808,0.1786678016779009,0.2566131894384452,0.6771747149210632,0.038902446328720225,0.012575509496402593,0.014860391819290239,0.006112559691345495,4.1799594135182266e-05,0.00011819285776901492,-7.639326363383266e-05
2024-11-06,221.4735565185547,222.72000122070312,226.07000732421875,221.19000244140625,222.6100006103516,54561100,-0.0032669310248778,-0.003272279095066,0.1532498297567646,0.1650863901202929,0.1960829336591511,0.15274638148057282,0.16301859623299184,0.027122888935118127,-0.5076000963726314,0.1768656485493794,0.1885206465310876,0.2598872595619563,1.281946847034706,0.08322338369168092,0.021910941343685996,0.014884230619320349,0.006140412801617372,1.070781047600596e-05,0.00010501577981109135,-9.430796933508539e-05
2024-11-07,226.2069091796875,227.47999572753903,227.8800048828125,224.57000732421875,224.6300048828125,42137700,0.0213721016556525,0.0211469210299577,0.2077672071341809,0.1835591323950539,0.2007414801127053,0.15437342652658187,0.16322447624138267,0.02547927563702611,-0.21983143633286947,0.1650863901202929,0.1995979988857787,0.2602007431114252,0.9740830977070927,0.07988768845740671,0.014550719275369835,0.015103121390250426,0.0060408481657536735,0.00044719226904726717,0.00012713763251783936,0.0003200546365294278
2024-11-08,225.9381256103516,226.9600067138672,228.66000366210935,226.41000366210935,227.1699981689453,38328800,-0.0022858669924307,-0.0022884835745839,0.1695795016110613,0.1822771324861784,0.1989669019027116,0.15460327526857282,0.16438430556812303,0.02295110067549956,-0.21425110365986993,0.1835591323950539,0.204159517179958,0.2615851437790304,0.8793567578090093,0.0690244961832472,0.009913640876987715,0.015143956741843812,0.006000737469255272,5.2371570711403045e-06,0.00012526964958879203,-0.00012003249251765172
2024-11-11,223.22039794921875,224.22999572753903,225.6999969482422,221.5,225.0,42005600,-0.0120285993371946,-0.0121015283507984,0.1994737490114607,0.1760371409951469,0.2001673032927696,0.15705164755752002,0.16924777378191302,0.0220731486644236,-0.13915685945317297,0.1822771324861784,0.1876366155554808,0.2425029513611392,0.9613697601175827,0.061032626567310386,0.018730754262447503,0.015403886244260059,0.006039711250070881,0.00014644698842517743,0.00011923310862962567,2.7213879795551758e-05
2024-11-12,223.22039794921875,224.22999572753903,225.58999633789065,223.3600006103516,224.5500030517578,40398300,0.0,0.0,0.1955781399666489,0.1698925123159007,0.2001639006389897,0.15150928087145737,0.16207794342944248,0.02083614171594911,-0.16627281499717936,0.1760371409951469,0.1768656485493794,0.2439414128315582,0.9510890133178076,0.027940905580728127,0.009945126744990538,0.014806421554709574,0.005954281371964033,0.0,0.00011322228437971411,-0.00011322228437971411
2024-11-13,224.1064300537109,225.1199951171875,226.6499938964844,222.75999450683597,224.00999450683597,48566200,0.0039691361843037,0.0039612799447406,0.1930552019418879,0.1692028719736036,0.2002540814537969,0.15451300074713442,0.1656127012269469,0.019080086738860535,-0.15803741833852997,0.1698925123159007,0.1650863901202929,0.2419724198361731,1.1242166817688921,0.0617323859708412,0.017279670726820493,0.015178559636027562,0.005859167530581152,1.5691738800604088e-05,0.00011005413753591893,-9.436239873531484e-05
2024-11-14,227.1924591064453,228.22000122070312,228.8699951171875,225.0,225.0200042724609,44923900,0.013770460957508,0.0136765096790758,0.1489823174947089,0.1773332489269395,0.2022318847793842,0.15575986761165458,0.16474378570885426,0.019252552217261222,-0.06969170818767682,0.1692028719736036,0.1835591323950539,0.2060966839304954,1.0257408461946993,0.059579283752825465,0.016957300396493166,0.015309215541356284,0.005868709858680987,0.00018704691700185407,0.00011927927455405456,6.776764244779951e-05
2024-11-15,223.9869537353516,225.0,226.9199981689453,224.2700042724609,226.3999938964844,47923700,-0.0141091981573918,-0.0142096791509133,0.1837701400841409,0.1763228465726235,0.2036432851992907,0.15652805306490603,0.16555334556742024,0.01920052687988058,-0.09551280929195516,0.1773332489269395,0.1822771324861784,0.2095209633795136,1.0923739177112977,0.042554063598983095,0.011777750651041793,0.015436401335834909,0.005756612906448417,0.00020191498157190013,0.00012193079578316744,7.998418578873269e-05
2024-11-18,226.9933624267578,228.0200042724609,229.7400054931641,225.1699981689453,225.25,44633700,0.0134222412109374,0.0133329609383735,0.1820790796676799,0.1824791214424757,0.2044034784529001,0.16082383049326282,0.17009543661613158,0.018925736513807075,-0.04165231669193013,0.1763228465726235,0.1760371409951469,0.2073280933590216,1.0077577138553053,0.05008067884192173,0.0200421333154528,0.015931063566848976,0.005703158929031965,0.00017776784738419356,0.00012884845768829854,4.8919389695895016e-05
2024-11-19,227.252197265625,228.27999877929688,230.16000366210935,226.66000366210935,226.97999572753903,36211800,0.0011402267431117,0.0011395771783194,0.1809334381640111,0.1827483391946754,0.2043942348143535,0.16077179233714528,0.17056646919140991,0.0185251727715324,-0.039809248428582265,0.1824791214424757,0.1698925123159007,0.2078870139103869,0.8200438557854377,0.037071349076542685,0.015332048443647623,0.015930262633689247,0.005703246236466924,1.2986361453464054e-06,0.00012856880352701656,-0.00012727016738167015
2024-11-20,227.9689483642578,229.0,229.92999267578125,225.88999938964844,228.05999755859372,35169600,0.0031540267415159,0.0031490632331264,0.1809175256132186,0.1669106397484147,0.2043530444780947,0.15051373786552683,0.15992833862433853,0.01726219886992982,0.07318676860967357,0.1827483391946754,0.1692028719736036,0.2234814771624611,0.8121840540384504,0.018332989324244174,0.017641892079182587,0.015213292179039647,0.004310490505607029,9.916599246228495e-06,0.00010517116018184745,-9.525456093561896e-05
2024-11-21,227.4911193847656,228.5200042724609,230.16000366210935,225.7100067138672,228.8800048828125,42108300,-0.0020960512119609,-0.0020982510017548,0.1577409307640371,0.1670165762950223,0.2039079608271363,0.15455093163839526,0.1652402304580332,0.015416908171548897,0.07162512606385169,0.1669106397484147,0.1773332489269395,0.2230234402470473,0.9602270706031409,0.04844882639943831,0.019473117736058223,0.015664329428215388,0.004257731713677189,4.402657266365022e-06,0.00010535737309141208,-0.00010095471582504706
2024-11-22,228.83502197265625,229.8699951171875,230.72000122070312,228.05999755859372,228.05999755859372,38168300,0.005907539031537,0.0058901579422149,0.0926900107320519,0.1679363570610358,0.2020856574709447,0.1528604079946143,0.1628958515958597,0.012589660113233132,0.0759239582934435,0.1670165762950223,0.1763228465726235,0.2232687430783282,0.8710099373036603,0.03140634497637925,0.011571774127168429,0.015454275932697811,0.0043546230220519325,3.469396058423726e-05,0.00010643086118852171,-7.173690060428445e-05
2024-11-25,231.821533203125,232.8699951171875,233.25,229.7400054931641,231.4600067138672,90152800,0.0130508551082129,0.0129664264824687,0.0904446681091786,0.171715547430323,0.2036813214662308,0.15496920256121485,0.16509396027719087,0.0106115691012232,0.14390880523390306,0.1679363570610358,0.1824791214424757,0.2102412782272808,1.9377687119719327,0.10300415743070308,0.015072764119179757,0.01574090626959317,0.004112958073812863,0.0001681282157252656,0.00011117132421759256,5.695689150767305e-05
2024-11-26,234.00167846679688,235.05999755859372,235.57000732421875,233.3300018310547,233.3300018310547,45986200,0.0094043993959125,0.0093604533412285,0.0916875181560203,0.1749591175421835,0.1960245161982351,0.15521935346209983,0.16470281199878734,0.010644483243900356,0.2039051946088932,0.171715547430323,0.1827483391946754,0.1786678016779009,0.9773385990853829,0.07943691620572725,0.009529505302601278,0.01578728898484811,0.004032658930148347,8.761808675331578e-05,0.00011548539301959028,-2.7867306266274504e-05
2024-11-27,233.8722381591797,234.92999267578125,235.69000244140625,233.80999755859372,234.47000122070312,33498400,-0.0005530710633998,-0.0005532240636163,0.1017794223364684,0.1649488160859771,0.1950391278066304,0.15192609562808787,0.16210792280277395,0.010782153524412042,0.3175033875325694,0.1749591175421835,0.1669106397484147,0.1885206465310876,0.7223553791630413,0.04940711261820312,0.008002404722359389,0.015335606077774983,0.004376666964831473,3.0605686456413197e-07,0.00010364911341077946,-0.00010334305654621533
2024-11-29,236.26145935058597,237.3300018310547,237.80999755859372,233.97000122070312,234.80999755859372,28481400,0.0102158482530818,0.0101640191618603,0.0824346462929948,0.1509052341453718,0.1955721928241241,0.1501355904986402,0.16149238381206682,0.010985909000357941,0.42182488598954354,0.1649488160859771,0.1670165762950223,0.1995979988857787,0.6388912909691614,0.02354301092094995,0.016179986972840163,0.01515748519234848,0.00425878426479161,0.00010330728552266334,9.19281877856427e-05,1.137909773702064e-05
2024-12-02,238.51126098632807,239.58999633789065,240.7899932861328,237.16000366210935,237.2700042724609,48137100,0.0095225824354256,0.0094775284417267,0.0817727381638966,0.1405450940353778,0.1955710590524093,0.1456939935656321,0.1554648685580386,0.011273789927451325,0.4779481994159297,0.1509052341453718,0.1679363570610358,0.204159517179958,1.1009702455958823,0.05734500602817907,0.015150839682405349,0.014775553454429102,0.003862389307509598,8.982354536373851e-05,8.748340900382365e-05,2.3401363599148635e-06
2024-12-03,241.5574951171875,242.6499938964844,242.75999450683597,238.8999938964844,239.80999755859372,38861000,0.0127718085285926,0.0126909368392794,0.0807962717693267,0.141012055547613,0.1969310388620583,0.14667493425460676,0.154904754743508,0.012556638798241714,0.4519068904697004,0.1405450940353778,0.171715547430323,0.1876366155554808,0.8950381705761585,0.0632837792043898,0.015907688882935873,0.014877278457903556,0.003864163838530118,0.00016105987785857898,9.471801126218138e-05,6.63418665963976e-05
2024-12-04,241.91586303710935,243.00999450683597,244.1100006103516,241.25,242.8699951171875,44383900,0.0014836209330593,0.001482521454861,0.0923677475475757,0.1411743171474361,0.1966337935975076,0.1463563044914322,0.15534412973105352,0.013902092702507819,0.4687154698717132,0.141012055547613,0.1749591175421835,0.1768656485493794,1.003436660744092,0.08911639838613339,0.011769065779190156,0.014836956272042933,0.003893542625665478,2.1978698641231765e-06,9.273792504862843e-05,-9.054005518450525e-05
2024-12-05,241.9457550048828,243.0399932861328,244.5399932861328,242.1300048828125,243.9900054931641,40033900,0.0001234466893336,0.000123439070418,0.0891096684195839,0.1392938914803722,0.1955749375255442,0.14036284189855214,0.14722989801525052,0.015276248377551682,0.44002261655666564,0.1411743171474361,0.1649488160859771,0.1650863901202929,0.9202025581575491,0.03717119007831216,0.009916015758291333,0.014237209992773201,0.0036635781196422104,1.5237204105659963e-08,9.220329638503342e-05,-9.218805918092776e-05
2024-12-06,241.74664306640625,242.83999633789065,244.6300048828125,242.0800018310547,242.91000366210935,36870600,-0.0008228972752098,-0.0008232360410317,0.0966986970394353,0.1253182882125321,0.195621340627655,0.13866436144105124,0.1476242483582913,0.017240569107398875,0.2647874727820313,0.1392938914803722,0.1509052341453718,0.1835591323950539,0.8526536882106416,0.04460526447345234,0.010500753954096201,0.014034711726709517,0.0037560967480898912,6.777175792535469e-07,6.987756881163273e-05,-6.919985123237918e-05
2024-12-09,245.63902282714844,246.75,247.2400054931641,241.75,241.8300018310547,44649200,0.0161011518739646,0.0159729031316962,0.1244059935654292,0.131207358646083,0.197785387874406,0.14517216436130378,0.14961073083757465,0.018060235525758417,0.3595052538648199,0.1253182882125321,0.1405450940353778,0.1822771324861784,1.0250470663442321,0.0596733643539407,0.022249262383643734,0.01465149280204232,0.004045427779659371,0.00025513363445455026,8.237239268080323e-05,0.00017276124177374703
2024-12-10,246.65444946289065,247.7700042724609,248.2100067138672,245.33999633789065,246.88999938964844,36914800,0.0041337559167615,0.0041252354208013,0.1087838044162536,0.1162963880208922,0.18775755326872,0.14172567415217135,0.14494205207992303,0.02022629157953152,0.32955985367427,0.131207358646083,0.141012055547613,0.1760371409951469,0.8524638393687554,0.046215673638475264,0.011583364921043953,0.014294123334972143,0.003981291832137743,1.7017567277033676e-05,7.590092162339605e-05,-5.888335434636238e-05
2024-12-11,245.38021850585935,246.4900054931641,250.8000030517578,246.25999450683597,247.9600067138672,45205800,-0.0051660764306615,-0.0051794667403225,0.1277961359676188,0.1206177932679464,0.1883761114312295,0.14544498429908573,0.14942115594531716,0.02163555434128734,0.22255941710072744,0.1162963880208922,0.1411743171474361,0.1698925123159007,1.0381629812399082,0.059358784131999486,0.018418631359265213,0.014717798565685874,0.003944821985715257,2.6826875714106983e-05,7.72422654091014e-05,-5.041538969499441e-05
2024-12-12,246.8435821533203,247.9600067138672,248.7400054931641,245.67999267578125,246.88999938964844,32777500,0.0059637355995916,0.0059460229160607,0.1266679719886128,0.1206552324783141,0.1857038336677339,0.14313824057134825,0.14639581312230499,0.02270220324695256,0.22602842171837528,0.1206177932679464,0.1392938914803722,0.1692028719736036,0.7666427433121515,0.035503216059485775,0.012340751470110803,0.014470852602850392,0.003930570517274194,3.535518851831899e-05,7.822543789498713e-05,-4.287024937666815e-05
2024-12-13,247.0128173828125,248.1300048828125,249.2899932861328,246.2400054931641,247.82000732421875,33155300,0.0006855870476785,0.0006853521402387,0.1234548110822221,0.1167741383851096,0.1712654380990752,0.1409097398435166,0.14668716704924548,0.023312059438598456,0.16384082707329256,0.1206552324783141,0.1253182882125321,0.1773332489269395,0.786301054411754,0.03982935615698701,0.012291894301171589,0.014237582298084311,0.003913643094707406,4.697075561297667e-07,6.889657742270092e-05,-6.842686986657116e-05
2024-12-16,249.9097137451172,251.0399932861328,251.3800048828125,247.6499938964844,247.9900054931641,51694800,0.0117276764037248,0.0116594401901398,0.0991972324699786,0.0971986078458763,0.172315901913437,0.14228170426154033,0.14668242498499648,0.025234116164751814,0.06895378106273464,0.1167741383851096,0.131207358646083,0.1763228465726235,1.2205204048096647,0.0644491755947405,0.014858234090520662,0.014391606470058254,0.0038721367091112124,0.0001359425455474472,6.559795562147827e-05,7.034458992596893e-05
2024-12-17,252.33872985839844,253.47999572753903,253.8300018310547,249.77999877929688,250.0800018310547,51356400,0.0097195765880424,0.0096726453595876,0.1089262849293649,0.0940929027875275,0.1720147017498731,0.1399467325032968,0.14297445871295986,0.026226672408296774,-0.007901868700341909,0.0971986078458763,0.1162963880208922,0.1824791214424757,1.2029836366594204,0.06755440958811501,0.015977604229215334,0.014188380015746382,0.0036608621835628385,9.356006825235153e-05,6.138756666488617e-05,3.217250158746536e-05
2024-12-18,246.9331970214844,248.0500030517578,254.27999877929688,247.7400054931641,252.16000366210935,56774100,-0.0214217798931077,-0.0216545565500445,0.2139066925929983,0.1338326434012954,0.1785748608578721,0.14698077318187888,0.1486064948714989,0.024401406123666522,-0.6254316450578842,0.0940929027875275,0.1206177932679464,0.1827483391946754,1.2986147660843794,0.08226348315509172,0.026365624695308537,0.014740058828329428,0.004562586102326149,0.0004689198193790752,8.476862582657261e-05,0.0003841511935525026
2024-12-19,248.66534423828125,249.7899932861328,252.0,247.08999633789065,247.5,60882300,0.0070146753193627,0.0069901869364548,0.2154699606052045,0.1341447015892178,0.1785054217981469,0.1481038808345868,0.14903963617765842,0.02352147220376061,-0.6347905848033497,0.1338326434012954,0.1206552324783141,0.1669106397484147,1.3528015633066883,0.0873205398472138,0.019656526658715943,0.014840790557306097,0.004651398934834837,4.886271340658334e-05,8.671593153459035e-05,-3.785321812800701e-05
2024-12-20,253.3441925048828,254.4900054931641,255.0,245.69000244140625,248.0399932861328,147495300,0.0188158546513406,0.0186410260862353,0.2467792342999623,0.1409597635179092,0.1817562185611786,0.1627543441072423,0.15915608477702614,0.022498891661564966,-0.5599400899056433,0.1341447015892178,0.1167741383851096,0.1670165762950223,2.9338312452242916,0.1485874235705775,0.036582959478319584,0.015696282644419163,0.006679508526851232,0.000347487853547705,0.00010387019134865737,0.00024361766219904764
2024-12-23,254.12066650390625,255.2700042724609,255.6499938964844,253.4499969482422,254.7700042724609,40858800,0.003064948573463,0.00306026119386,0.2397462960984234,0.1411821721609335,0.1817668082018058,0.16191769255032734,0.15886958824695027,0.021273330407859524,-0.5598998928920158,0.1409597635179092,0.0971986078458763,0.1679363570610358,0.8105540972471299,0.11711671816817622,0.008618313595098554,0.01554860961781567,0.0068069267272924195,9.365198574645433e-06,0.00010260375324817777,-9.323855467353234e-05
2024-12-24,257.0374755859375,258.20001220703125,258.2099914550781,255.2899932861328,255.4900054931641,23234700,0.0114780737475248,0.0114127004233636,0.2429380187676061,0.1401584726911921,0.1777185624470321,0.16050032982372783,0.15570385044607035,0.019489987100716293,-0.5764137457705101,0.1411821721609335,0.0940929027875275,0.171715547430323,0.49369801801112667,0.02745058758843314,0.011309055115783591,0.015360424167645862,0.006872484788165838,0.00013024973095344372,0.00010070982900958667,2.9539901943857047e-05
2024-12-26,257.8537902832031,259.0199890136719,260.1000061035156,257.6300048828125,258.19000244140625,27237100,0.0031757427105896,0.0031707106904937,0.1039373515617533,0.1394198986107746,0.1653356782017584,0.16049691204264638,0.15638935690028305,0.016941978543461803,-0.5855857782619628,0.1401584726911921,0.1338326434012954,0.1749591175421835,0.5905046967899488,0.06055897954617736,0.009535948287654165,0.015360746316898507,0.006872197221980431,1.0053406282811037e-05,9.683159498606145e-05,-8.67781887032504e-05
2024-12-27,254.4392242431641,255.58999633789065,258.70001220703125,253.05999755859372,257.8299865722656,42355300,-0.0132421929629539,-0.0133306526011647,0.1894136880012734,0.1527333250470497,0.1683910948439572,0.16636054982751475,0.16359299069814495,0.015857642453633608,-0.6226053465036377,0.1394198986107746,0.1341447015892178,0.1649488160859771,0.9095372752491976,0.1018897031387513,0.022066648653108527,0.016063958513435964,0.006798794729686311,0.00017770629877293916,0.00010570160708148018,7.200469169145899e-05
2024-12-30,251.0644989013672,252.1999969482422,253.5,250.75,252.22999572753903,35557500,-0.0132634275136764,-0.0133521723490228,0.1755755528259944,0.1630460664404161,0.1707422782264304,0.16435377275150462,0.16247216601169262,0.01686510233172203,-0.6085084669039114,0.1527333250470497,0.1409597635179092,0.1509052341453718,0.7578038935871345,0.10135338687352358,0.010904044541143946,0.015800161391851152,0.006895719713297102,0.00017828050643800902,0.00010945026812724746,6.883023831076156e-05
2024-12-31,249.29251098632807,250.4199981689453,253.27999877929688,249.42999267578125,252.44000244140625,39480700,-0.0070578858082308,-0.0070829105014057,0.1725992779931766,0.1649575102501616,0.1715849131708891,0.16440740697095627,0.1629979024054643,0.018371627504289067,-0.5849731969392774,0.1630460664404161,0.1411821721609335,0.1405450940353778,0.8492491226409716,0.0723638811301267,0.015374195877592119,0.01581132920161049,0.0068947935752475195,5.016762117092315e-05,0.00010746747191760668,-5.729985074668353e-05
2025-01-02,242.7520904541016,243.8500061035156,249.1000061035156,241.82000732421875,248.92999267578125,55740700,-0.0262358921550556,-0.02658619374301,0.171909849544475,0.1890227497625885,0.1740540111836588,0.17280150417145076,0.17058068315661382,0.022243112675618154,-0.6227827148672402,0.1649575102501616,0.1401584726911921,0.141012055547613,1.1776303328749844,0.10259130514299897,0.02985441294681145,0.016508665404804272,0.00757662176747819,0.000706825697740864,0.00013475576291172096,0.000572069934829143
2025-01-03,242.2642974853516,243.3600006103516,244.17999267578125,241.88999938964844,243.3600006103516,40244100,-0.0020094545044057,-0.0020114761668548,0.1461807086271449,0.1891266190401845,0.1706957426421254,0.17214136956384038,0.16965763914039264,0.025305458937446974,-0.6198237817004527,0.1890227497625885,0.1394198986107746,0.1411743171474361,0.8539690822115079,0.0815847229095669,0.009409900067346585,0.01639070711921209,0.007672058436140147,4.046036369824879e-06,0.00013484817123700604,-0.00013080213486718116
2025-01-06,243.89691162109372,245.0,247.3300018310547,243.1999969482422,244.30999755859372,45045600,0.0067389849832975,0.0067163795257249,0.1986367418057081,0.1905926624759058,0.1680969664710819,0.17457242275044696,0.17316915970352875,0.027957482506567807,-0.6195884982070767,0.1891266190401845,0.1527333250470497,0.1392938914803722,0.9507999002881806,0.09245061922930897,0.016857162786989795,0.016737764470647017,0.007519224865113055,4.510975393357663e-05,0.0001371028970734796,-9.199314313990296e-05
2025-01-07,241.11947631835935,242.2100067138672,245.5500030517578,241.3500061035156,242.97999572753903,40856000,-0.0113877276985012,-0.0114530643672932,0.1961338210771199,0.1951785029030864,0.1699307808666353,0.1770005285860329,0.1764152700208974,0.0302850887460548,-0.6280257331273017,0.1905926624759058,0.1630460664404161,0.1253182882125321,0.8587559221284771,0.09175099723895361,0.01734031143149196,0.017079742344516806,0.0073747788341598924,0.00013117268340136117,0.00014362764536458497,-1.24549619632238e-05
2025-01-08,241.60726928710935,242.6999969482422,243.7100067138672,240.0500030517578,241.9199981689453,37628900,0.0020229974847978,0.0020209539809241,0.2092686183142887,0.1859779123056149,0.169229836350169,0.17343068610695653,0.17695221727334337,0.03155885054514928,-0.6736512408113015,0.1951785029030864,0.1649575102501616,0.131207358646083,0.7968040510930859,0.07725312560832982,0.015080361384964918,0.01672129729458286,0.007283954333481821,4.084254993012968e-06,0.00013107517639150812,-0.00012699092139849516
2025-01-10,235.7835998535156,236.8500061035156,240.16000366210935,233.0,240.00999450683597,61710900,-0.0241037944717161,-0.024399045019057,0.1960450972038886,0.2027119571596706,0.1740574407551288,0.18337572333874158,0.18824966290602435,0.033112444426260504,-0.6614665191005468,0.1859779123056149,0.1890227497625885,0.1162963880208922,1.273319345113618,0.11791376394329756,0.030230118123704238,0.017653634954715874,0.007768928141137215,0.0005953133978419702,0.00015998996791975493,0.0004353234299222153
2025-01-13,233.34461975097656,234.3999938964844,234.6699981689453,229.72000122070312,233.52999877929688,49630700,-0.0103441509136397,-0.0103980234753327,0.1948037177114875,0.2045489911420953,0.1740228496707662,0.18486633709964148,0.19053520779478755,0.03440346088566207,-0.6474229103307712,0.2027119571596706,0.1891266190401845,0.1206177932679464,1.019407390260432,0.09689611469760546,0.021117734970710803,0.017788590135288156,0.007806269936766073,0.00010811889219356992,0.00016405456874372807,-5.593567655015815e-05
2025-01-14,232.22967529296875,233.27999877929688,236.1199951171875,232.47000122070312,234.75,39435300,-0.004778136289893,-0.0047895880764556,0.1549415154597584,0.2021956772138116,0.173325437213047,0.18596290677967758,0.19174554850283676,0.03496903895447836,-0.6404643790835927,0.2045489911420953,0.1905926624759058,0.1206552324783141,0.8044946089479071,0.10037120670115143,0.015646407388477338,0.017953872931206483,0.007719363175717687,2.2940153942125652e-05,0.0001634338170149184,-0.00014049366307279277
2025-01-15,236.7990264892578,237.8699951171875,238.9600067138672,234.42999267578125,234.63999938964844,39832000,0.019675910330543,0.0194848418376733,0.2565504474445279,0.2172547878079852,0.1778010742023764,0.18856886702985448,0.19291762304609097,0.03580735680760822,-0.5611594021117717,0.2021956772138116,0.1951785029030864,0.1167741383851096,0.8070908581034094,0.10029787249271886,0.019044075045506308,0.01829148196842322,0.007605516454787214,0.0003796590614391439,0.0001823932847090691,0.00019726577673007478
2025-01-16,227.23228454589844,228.25999450683597,238.00999450683597,228.02999877929688,237.3500061035156,71759100,-0.0404002220020106,-0.0412389793651139,0.3597377074806042,0.2512652361320953,0.1955070569309433,0.20707773197181467,0.20167770315831646,0.037242290781751605,-0.5556904992443481,0.2172547878079852,0.1859779123056149,0.0971986078458763,1.425042112846044,0.11241649497104642,0.043722053656845276,0.01973467294673945,0.009437619324439728,0.00170065341907629,0.0002606288283855113,0.0014400245906907787
2025-01-17,228.9445343017578,229.97999572753903,232.2899932861328,228.47999572753903,232.1199951171875,68488300,0.0075352723302182,0.0075070239829141,0.3632493890266293,0.2497287018251758,0.1957047537069883,0.20724006334251982,0.20306939437712213,0.03644182812676964,-0.5478934713021361,0.2512652361320953,0.2027119571596706,0.0940929027875275,1.3373390061815142,0.1104647865286108,0.016566647662292957,0.01976412511839333,0.009426189669421091,5.635540908004748e-05,0.0002587685954268961,-0.00020241318634684863
2025-01-21,221.63758850097656,222.63999938964844,224.4199981689453,219.3800048828125,224.0,98070400,-0.0319158034361668,-0.0324362155667788,0.4110412444430824,0.2619751546077582,0.2063567491689867,0.20544505757226264,0.20333272097095026,0.03917093812208946,-0.6229263606504427,0.2497287018251758,0.2045489911420953,0.1338326434012954,1.8407579154191425,0.12678663862019662,0.022637411516122852,0.01957771445943405,0.009325090605960297,0.0010521080802945435,0.00028792800847266946,0.0007641800718218741
2025-01-22,222.82223510742188,223.8300018310547,224.1199951171875,219.7899932861328,219.7899932861328,64126500,0.005344962471562,0.0053307288558852,0.4256015310336997,0.2609982924568272,0.2020744480131318,0.2053725058300469,0.2002522166536374,0.040608861377105517,-0.6234643791696545,0.2619751546077582,0.2021956772138116,0.1341447015892178,1.1999855163030944,0.1058627312689191,0.01934504666770696,0.019562140459883595,0.009325212155981739,2.8416670134967138e-05,0.00028690570630908864,-0.0002584890361741215
2025-01-23,222.6529998779297,223.66000366210935,227.02999877929688,222.3000030517578,224.7400054931641,60234800,-0.0007594967946863,-0.000759785358495,0.3619306998380137,0.2458571700584879,0.2020740645635589,0.194694385628447,0.193063479800278,0.040422764512214625,-0.6741501586624109,0.2609982924568272,0.2172547878079852,0.1409597635179092,1.227368690879134,0.03169682718239925,0.021148151882733692,0.018790400080104304,0.008439030691491404,5.772737909833757e-07,0.0002695601773212526,-0.00026898290353026923
2025-01-24,221.77696228027344,222.77999877929688,225.6300048828125,221.41000366210935,224.77999877929688,54697900,-0.0039345652705163,-0.0039423260359644,0.2553398413924396,0.2435072838100217,0.2020071937248518,0.19795555064503895,0.19666869315676627,0.039395839479405996,-0.6670899078739462,0.2458571700584879,0.2512652361320953,0.1411821721609335,1.0990504502612857,0.063249847881621,0.018942460022561603,0.019306607401477455,0.008092719014878102,1.5541934573842783e-05,0.00026986901412121245,-0.00025432707954736966
2025-01-27,228.82508850097656,229.8600006103516,232.1499938964844,223.97999572753903,224.0200042724609,94863400,0.0317802400118902,0.0312856986582983,0.3615926142527165,0.271802438160025,0.2115669228616728,0.21078841963369518,0.20801073191360467,0.03942687004213446,-0.37982243294801266,0.2435072838100217,0.2497287018251758,0.1401584726911921,1.7781410825465755,0.12153268824688897,0.035543366167455924,0.020518322954061072,0.008628765603846402,0.000978794940537848,0.00031229627460043266,0.0006664986659374153
2025-01-28,237.187255859375,238.25999450683597,240.19000244140625,230.80999755859372,230.8500061035156,75707600,0.036543956643956,0.0358920607199488,0.2961382840928461,0.3084883290586562,0.2241581074028913,0.2263393117151759,0.21882344328948977,0.041757618339820154,-0.13736745357389327,0.271802438160025,0.2619751546077582,0.1394198986107746,1.3574169066785289,0.1028231907928933,0.03936877822157175,0.02200996445075695,0.009190623209102319,0.0012882400227244915,0.00037620560542251665,0.0009120344173019748
2025-01-29,238.2823028564453,239.3600006103516,239.8600006103516,234.00999450683597,234.1199951171875,45486100,0.004616830894303,0.0046062060201637,0.2974486603213561,0.3079993945950902,0.2219035747864434,0.22757877700486814,0.2159849235418711,0.04347126378620388,-0.13080105471651154,0.3084883290586562,0.2609982924568272,0.1527333250470497,0.813270915830686,0.05511087939470194,0.024440199233783884,0.02212864197979072,0.009206704323040616,2.1217133900192316e-05,0.0003683811471788793,-0.00034716401327868697
2025-01-30,236.520263671875,237.58999633789065,240.7899932861328,237.2100067138672,238.6699981689453,55658300,-0.0073947370820001,-0.0074222136889139,0.3203330437939417,0.3061411319350355,0.2190066709242757,0.22862879600741726,0.21728670043861306,0.04444856413431229,-0.10941223802429886,0.3079993945950902,0.2458571700584879,0.1630460664404161,0.9775785013277892,0.07431727071040592,0.015067917957178283,0.022336835650592433,0.008983903820660192,5.5089256043900885e-05,0.0003622215846591739,-0.000307132328615273
2025-01-31,234.9374237060547,236.0,247.19000244140625,233.44000244140625,247.19000244140625,100959800,-0.0066921855397875,-0.0067146786215196,0.3295433948203182,0.306078522090456,0.2175827361493484,0.25708068591194394,0.2371494952430722,0.044368863088967044,-0.1074118896651705,0.3061411319350355,0.2435072838100217,0.1649575102501616,1.6824160181786612,0.10949665906218045,0.05826271186440678,0.024481261449933168,0.011884795723202429,4.5086908990292353e-05,0.0003619675490501424,-0.0003168806400598501
2025-02-03,226.9833984375,228.00999450683597,231.8300018310547,225.6999969482422,229.9900054931641,73063300,-0.0338559554795087,-0.0344423414756212,0.4033849421397222,0.3152525529674175,0.2291731160196282,0.2556479671101361,0.2385934164247897,0.045763363359717375,0.00886980697259443,0.306078522090456,0.271802438160025,0.1890227497625885,1.2002194662993564,0.07508867159131924,0.026884807817618348,0.024332781193473513,0.011832569611624396,0.0011862748863232966,0.00038594000847926404,0.0008003348778440326
2025-02-04,231.75184631347656,232.8000030517578,233.1300048828125,226.6499938964844,227.25,45067300,0.0210078885150724,0.0207902654162191,0.3206901297515119,0.3267257456886297,0.2326347888100852,0.26184656328537187,0.2419502042483616,0.04711267370236605,0.017928264149590943,0.3152525529674175,0.3084883290586562,0.1891266190401845,0.7374045893954966,0.06983055691714526,0.027835098373634525,0.02525404110878791,0.01131553151659825,0.00043223513607683594,0.0004073494634646146,2.4885672612221335e-05
2025-02-05,231.4233245849609,232.47000122070312,232.6699981689453,228.2700042724609,228.52999877929688,39620300,-0.0014175336199687,-0.0014185392712259,0.3124983402458348,0.3250470344182349,0.2325311619523151,0.26254800177494664,0.2401381609554094,0.047373976231073325,0.024929990640361763,0.3267257456886297,0.3079993945950902,0.1905926624759058,0.6511693800847056,0.05782190189782073,0.01892714704426367,0.025357540321651606,0.011243926074413872,2.0122536640101075e-06,0.00040519458845113623,-0.0004031823347871261
2025-02-06,232.1699676513672,233.22000122070312,233.8000030517578,230.42999267578125,231.2899932861328,29925300,0.0032262227214769,0.0032210296313318,0.3181896346584864,0.3239326187071911,0.2286733214202477,0.26179531033200126,0.23839490901881177,0.04692844209014471,0.015756687569371944,0.3250470344182349,0.3061411319350355,0.1951785029030864,0.49628754106043765,0.05023741091452266,0.014449920068336763,0.025213020753493843,0.011370261535140699,1.0375031885917471e-05,0.00039915470587536405,-0.00038877967398944657
2025-02-07,226.60513305664065,227.6300048828125,234.0,227.25999450683597,232.6000061035156,39707200,-0.0239687690105131,-0.0242606941163623,0.3512795921953592,0.3330287304971375,0.2341509082467108,0.26716671587970986,0.24197267816262305,0.0452410731863692,0.03259466439916291,0.3239326187071911,0.306078522090456,0.1859779123056149,0.6573797571198743,0.07053063252309454,0.029609477435252416,0.025939476556008218,0.011150825754148642,0.0005885812790076964,0.00042837955707609825,0.00016020172193159817
2025-02-10,226.8741912841797,227.6499938964844,230.58999633789065,227.1999969482422,229.57000732421875,33115600,8.781361526644105e-05,8.780975987663012e-05,0.2550703023582176,0.3235688677366342,0.2327777608719457,0.26117379512644706,0.2338225584291159,0.04335893953486606,0.08922387319952398,0.3330287304971375,0.3152525529674175,0.2027119571596706,0.5615434730041785,0.030231033703253578,0.014891278192565844,0.025172534559451298,0.011365614037368625,7.710553929591442e-09,0.0003986142727116962,-0.0003986065621577666
2025-02-11,231.82725524902344,232.6199951171875,235.22999572753903,228.1300048828125,228.1999969482422,53718400,0.0218317652271189,0.021596864950554,0.2593042892551635,0.3323423101661513,0.236850006701426,0.2653581087600925,0.23665013150473674,0.041126814218693755,0.08188446976177856,0.3235688677366342,0.3267257456886297,0.2045489911420953,0.9077604593485847,0.07112616323770689,0.030521842463068386,0.025642739934069174,0.011383548378294934,0.0004664245756924678,0.0004165295568866411,4.989501880582674e-05
2025-02-12,236.06277465820312,236.8699951171875,236.9600067138672,230.67999267578125,231.1999969482422,45243300,0.0182701405262215,0.0181052469002164,0.2886885353493532,0.3381991697313629,0.2394635367157541,0.2694264543167696,0.2373906559298007,0.037701209015423474,0.06560637180851625,0.3323423101661513,0.3250470344182349,0.2021956772138116,0.7608104259748371,0.07350897516106948,0.026512492791579637,0.02618604420422429,0.011137996878892957,0.00032779996531779557,0.0004317725474554246,-0.00010397258213762904
2025-02-13,240.70689392089844,241.52999877929688,242.33999633789065,235.57000732421875,236.91000366210935,53614100,0.0196732543512061,0.0194822371053569,0.3091670510236931,0.3381972574813348,0.2410821028042208,0.2730827652328928,0.24124348071341634,0.03457336953692515,0.0030911645219207,0.3381991697313629,0.3239326187071911,0.2172547878079852,0.8912458950717589,0.08225687190565267,0.02802959900586976,0.026635320402242462,0.011015296789395416,0.00037955756262934517,0.00043176747251493473,-5.220990988558956e-05
2025-02-14,243.76644897460935,244.6000061035156,245.5500030517578,240.9900054931641,241.25,40896200,0.0127106667483736,0.0126305642801643,0.1373215247610426,0.3015324731433908,0.240149249641754,0.26044665261518724,0.23526392518141995,0.03273666029487165,0.2535706718712343,0.3381972574813348,0.3330287304971375,0.2512652361320953,0.6977301445979622,0.030319080026251055,0.018642671483270177,0.025381351293563715,0.010376785113969353,0.00015953115403536232,0.0003547113592628883,-0.00019518020522752596
2025-02-18,243.6368865966797,244.47000122070312,245.17999267578125,241.83999633789065,244.1499938964844,48822500,-0.0005314999164697,-0.0005316412126184,0.1413934239501416,0.301450531950284,0.238882349858198,0.25970081501460945,0.23499044435698518,0.030433451019900904,0.2599723596331,0.3015324731433908,0.3235688677366342,0.2497287018251758,0.8471728615251298,0.04228884778060468,0.013662192993877019,0.02523612856014291,0.010525891873771768,2.826423789543628e-07,0.00035190772092783364,-0.00035162507854887926
2025-02-19,244.03550720214844,244.8699951171875,246.00999450683597,243.16000366210935,244.66000366210935,32204200,0.0016361676053793,0.0016348305414047,0.1470150226330849,0.2709662702913092,0.2388843164664053,0.2563532162231698,0.2302228493868848,0.02984687415006946,0.3608893060675861,0.301450531950284,0.3323423101661513,0.2619751546077582,0.5926796493818486,0.003673285518836167,0.011638791610065162,0.02468619756484003,0.010947673040171668,2.6726708991095847e-06,0.00029943595045806194,-0.00029676327955895234
2025-02-20,244.9922332763672,245.8300018310547,246.77999877929688,244.2899932861328,244.94000244140625,32316900,0.0039204750806964,0.0039128100454555,0.1332051283661621,0.2709733041842361,0.2389164777161955,0.2538792912119247,0.22978997261754083,0.029165056091928772,0.3613684745107535,0.2709662702913092,0.3381991697313629,0.2609982924568272,0.6126876618898545,0.021154147040033898,0.010128973170961066,0.024225393890002736,0.011370130405928228,1.531008245181747e-05,0.00029878062107390445,-0.000283470538622087
2025-02-21,244.71319580078125,245.5500030517578,248.69000244140625,245.22000122070312,245.9499969482422,53197400,-0.0011389935207717,-0.0011396426668541,0.0885989715840785,0.2710779212467227,0.2388683356655433,0.25166934969549287,0.22661568463860604,0.026955037651936017,0.3556621525507291,0.2709733041842361,0.3381972574813348,0.2458571700584879,1.0153288752745888,0.056494392353591605,0.014131546233260307,0.023874563607529063,0.011576455570439128,1.2987854081143255e-06,0.000298816696654761,-0.0002975179112466467
2025-02-24,246.25791931152344,247.1000061035156,248.8600006103516,244.4199981689453,244.92999267578125,51326400,0.0063123723579474,0.0062925327816457,0.0492358598712024,0.2691937793327447,0.2389035161333944,0.25137684777035907,0.2261874731415505,0.024312384768522377,0.3494048021984039,0.2710779212467227,0.3015324731433908,0.2435072838100217,0.9827808848060954,0.05933194503573944,0.017968443268861208,0.023825862769844046,0.011600320603924394,3.9595968808085773e-05,0.0003000193983664731,-0.0002604234295583873
2025-02-25,246.1981201171875,247.0399932861328,250.0,244.91000366210935,248.0,48013300,-0.0002428685386501,-0.0002428980359898,0.0483222280346079,0.2513116145759366,0.237656360964872,0.24347495962871044,0.22111166689162431,0.02623394554746205,0.2251199798646544,0.2691937793327447,0.301450531950284,0.271802438160025,0.9625149161014711,0.019388703093127308,0.020603936513207362,0.023078891287131618,0.01128273697471932,5.8999455887702176e-08,0.00025108260131237513,-0.0002510236018564874
2025-02-26,239.5408935546875,240.3600006103516,244.97999572753903,239.1300048828125,244.3300018310547,44433600,-0.0270401265273845,-0.0274124376541139,0.2157109451548396,0.243787317393919,0.243985362671958,0.23392999583271823,0.21476871563322572,0.02968328184010502,-0.057515851197346715,0.2513116145759366,0.2709662702913092,0.3084883290586562,0.919579527716309,0.025757399573302503,0.024338454109966382,0.02232737508155135,0.010621808422684708,0.0007514417381406815,0.00022424268708318463,0.0005271990510574969
2025-02-27,236.49131774902344,237.3000030517578,242.4600067138672,237.05999755859372,239.41000366210935,41153600,-0.0127308934549152,-0.0128126257029956,0.2110664944807316,0.247648333489094,0.2454728923744412,0.23293355351805362,0.21790829758026065,0.03210039750917522,-0.08789279609118074,0.243787317393919,0.2709733041842361,0.3079993945950902,0.8555335078898652,0.042025855782047275,0.022756043345248767,0.022243167287124593,0.010610846934611423,0.0001641633774050635,0.00023138999925842815,-6.722662185336466e-05
2025-02-28,241.01583862304688,241.83999633789065,242.08999633789065,230.1999969482422,236.9499969482422,56833400,0.0191318720090474,0.0189511590264532,0.2826432426729954,0.255349834688731,0.2476522227542642,0.254488210020147,0.24518943163232668,0.03355059636349485,-0.0212767779681881,0.247648333489094,0.2710779212467227,0.3061411319350355,1.1800561879115117,0.04989453633383171,0.04916473523691326,0.023948008151111345,0.0120402140897715,0.0003591464284459186,0.0002465928578785291,0.0001125535705673895
2025-03-03,237.2188262939453,238.02999877929688,244.02999877929688,236.1100006103516,241.7899932861328,47184000,-0.0157542078080027,-0.0158796243089096,0.2803181966252566,0.2609785974973115,0.2490927377061706,0.2341487289528313,0.23577509076844497,0.034432370769054775,-0.054076887329314274,0.255349834688731,0.2691937793327447,0.306078522090456,1.0376309449942784,0.0007092514233559,0.03327310931211138,0.022698528023496572,0.009269653261466915,0.00025216246819211274,0.00025694663583862007,-4.784167646507327e-06
2025-03-04,235.1259765625,235.92999267578125,240.07000732421875,234.67999267578125,237.7100067138672,53798100,-0.0088224430293879,-0.0088615912050095,0.2728803845651056,0.2295496865072319,0.2482772049822103,0.23217554105963115,0.23324493583094846,0.037018728874227816,0.1398498446265788,0.2609785974973115,0.2513116145759366,0.3152525529674175,1.2086865393284656,0.02153373658106349,0.022845822132688928,0.022496578739250102,0.009217500651479393,7.852779868470171e-05,0.00020155928145669036,-0.00012303148277198865
2025-03-05,234.93663024902344,235.7400054931641,236.5500030517578,229.22999572753903,235.4199981689453,47227600,-0.0008052693108767,-0.0008055937143747,0.2215777687679191,0.2182604190771427,0.24824470412109,0.2340610793871754,0.24175754054070164,0.03934201238347732,0.07005193483072572,0.2295496865072319,0.243787317393919,0.3267257456886297,1.0584978070298314,0.03458583776531858,0.03105118840099052,0.0226573832406179,0.009342738355944992,6.489812326400257e-07,0.00017997997371448055,-0.00017933099248184053
2025-03-06,234.5280303955078,235.3300018310547,237.8600006103516,233.16000366210935,234.44000244140625,45170400,-0.0017392197020257,-0.0017407339005489,0.2069199279395406,0.2183034704284328,0.2482539058616863,0.23438889829364357,0.24497330031213777,0.0408793548789776,0.06850517775362568,0.2182604190771427,0.247648333489094,0.3250470344182349,1.0061326325883184,0.03845105833660982,0.01997194115358232,0.02270962294608383,0.009323684603572368,3.0301545125201875e-06,0.00018003086875690606,-0.00017700071424438588
2025-03-07,238.2552947998047,239.07000732421875,241.3699951171875,234.75999450683597,235.1100006103516,46273600,0.0158925996008321,0.0157676345143951,0.187232744572048,0.2247407264768495,0.250490628308897,0.23975838810135128,0.2500390258584587,0.04128171849944503,0.1168053091781521,0.2183034704284328,0.255349834688731,0.3239326187071911,1.0122747634180504,0.05190710170285434,0.0276488074950668,0.023369567317420337,0.009174200432867303,0.00024861829817954354,0.00019194303207158736,5.667526610795618e-05
2025-03-10,226.70477294921875,227.47999572753903,236.16000366210935,224.22000122070312,235.5399932861328,72071200,-0.0484795718475956,-0.0496941230571602,0.3879758140054387,0.27543080151572,0.2678624710927088,0.25658288582871375,0.26545416289183615,0.038966283921883935,-0.39781362228829104,0.2247407264768495,0.2609785974973115,0.3330287304971375,1.5227160220989806,0.06343831229362429,0.05248814254290382,0.024513500572802903,0.01119665456872144,0.002469505866420181,0.0002859892614422116,0.0021835166049779696
2025-03-11,220.08740234375,220.83999633789065,225.83999633789065,217.4499969482422,223.80999755859372,76137400,-0.0291893771512172,-0.0296238628236919,0.4143841313702789,0.2947711212022051,0.2737774798783393,0.2671163948663942,0.27854613156773284,0.037469291703900544,-0.44465606076229713,0.27543080151572,0.2295496865072319,0.3235688677366342,1.5386956572702113,0.07455953056498317,0.03799130378906346,0.02566850185262779,0.011342328392650316,0.0008775732485969151,0.00032986753834436086,0.0005477057102525541
2025-03-12,216.24057006835935,216.97999572753903,221.75,214.91000366210935,220.13999938964844,62547500,-0.0174787206772348,-0.017633277129478,0.3995814227644619,0.2867522447241407,0.2755948476599661,0.26747635223940075,0.28040766480935847,0.03481475950874191,-0.4729310478454653,0.2947711212022051,0.2182604190771427,0.3323423101661513,1.2528735367409585,0.034527548103889374,0.03152362647513189,0.02571859105323096,0.011367074438856217,0.0003109324623249719,0.0003220929326759861,-1.1160470351014181e-05
2025-03-13,208.96543884277344,209.67999267578125,216.83999633789065,208.4199981689453,215.9499969482422,61368300,-0.0336436685201357,-0.0342226396190387,0.3899848053709067,0.2945614482816017,0.2827715703132797,0.27457793747260584,0.28739614072478553,0.03141290306775851,-0.5148043184752106,0.2867522447241407,0.2183034704284328,0.3381991697313629,1.209716597753752,0.04147335614225535,0.040156421514020206,0.02640078748935299,0.011817716569818422,0.0011711890624945974,0.0003642623875348262,0.0008069266749597711
2025-03-14,212.762451171875,213.4900054931641,213.9499969482422,209.5800018310547,211.25,60107600,0.0181706073562968,0.0180074948098523,0.4041101709395111,0.2929048059136703,0.2858932616414202,0.27144091230188555,0.28547506423475155,0.027318204883160918,-0.5232586639414155,0.2945614482816017,0.2247407264768495,0.3381972574813348,1.177330113745873,0.03119532466442108,0.020469319428292516,0.026022773510474127,0.011883605399667542,0.0003242698693268575,0.0003614980028697018,-3.722813354284431e-05
2025-03-17,213.27073669433597,214.0,215.22000122070312,209.97000122070312,213.30999755859372,48073400,0.0023888448813229,0.0023859961273084,0.3499015481111594,0.2863677614391776,0.2845592961274315,0.2735964104874448,0.28982677388589706,0.026416545237890287,-0.48859522297685415,0.2929048059136703,0.27543080151572,0.3015324731433908,0.9350433022607892,0.033045369555995005,0.02453271028037383,0.026317275450329313,0.011763460874677573,5.692977519530682e-06,0.0003538060940439102,-0.00034811311652437955
2025-03-18,211.96519470214844,212.69000244140625,215.1499938964844,211.4900054931641,214.16000366210935,42432400,-0.0061214839186624,-0.0061402970166906,0.3141984468087981,0.2854606106308539,0.2834752607728499,0.27447741058229763,0.29059659171670177,0.025421808599745358,-0.4902510623305827,0.2863677614391776,0.2947711212022051,0.301450531950284,0.8304850429648459,0.01748754595295527,0.017208088585774495,0.026494570229924186,0.011588103536380637,3.7703247453179476e-05,0.00035567712429762145,-0.000317973876844442
2025-03-19,214.50650024414065,215.2400054931641,218.75999450683597,213.75,214.22000122070312,54385400,0.0119892943837842,0.0119179921371693,0.3241596771447487,0.2918310346494751,0.2823480703332841,0.2777770715224652,0.29473091646047556,0.026206992560088717,-0.4552230412572554,0.2854606106308539,0.2867522447241407,0.2709662702913092,1.041814508192364,0.048591401741600794,0.023276316572083903,0.027076446478025117,0.011084104613719148,0.00014203853658162927,0.0003626454175817475,-0.00022060688100011822
2025-03-20,213.3703765869141,214.1000061035156,217.4900054931641,212.22000122070312,213.9900054931641,48862900,-0.0052964103352275,-0.0053104860389137,0.1685376643459132,0.2893132907508915,0.2817320480368939,0.28182815748419743,0.30011963906599165,0.026797827195160485,-0.4570484764352205,0.2918310346494751,0.2945614482816017,0.2709733041842361,0.9214221229071349,0.043339234730674484,0.02461468529764059,0.027800732084359098,0.010368580450202934,2.820126196949732e-05,0.00036328997655763146,-0.00033508871458813415
2025-03-21,217.5261688232422,218.2700042724609,218.83999633789065,211.27999877929688,211.55999755859372,94127800,0.0194768708550581,0.019289624021771,0.1752794123476294,0.3034597246017425,0.2819436694212294,0.29008061844769684,0.3031206576398895,0.028167074606708246,-0.38481002475859777,0.2893132907508915,0.2929048059136703,0.2710779212467227,1.709040687938998,0.057351652473368334,0.03463598941958523,0.028825954243675345,0.009951181474372782,0.0003720895949012848,0.00038182951703228995,-9.739922131005163e-06
2025-03-24,219.9777984619141,220.72999572753903,221.47999572753903,218.5800018310547,221.0,44299500,0.0112704054928562,0.0112073676718826,0.1799292284812297,0.3065619377150732,0.2831290731406734,0.2889003413901591,0.3021691985685224,0.029593417389248478,-0.3725095802856508,0.3034597246017425,0.2863677614391776,0.2691937793327447,0.809492179541179,0.03264176797068187,0.013138195771380307,0.028584441868801304,0.010281685041999401,0.00012560509013275918,0.0003861299730985236,-0.00026052488296576446
2025-03-25,222.9875030517578,223.75,224.1000061035156,220.0800018310547,220.7700042724609,34493600,0.0136818934033267,0.0135891413578946,0.1460606206064249,0.3136433621357489,0.2836180538034326,0.2881484546772,0.2998382206714304,0.031006569002278342,-0.3514856849487031,0.3065619377150732,0.2854606106308539,0.2513116145759366,0.6381905033879864,0.024801517203343247,0.017966499541724735,0.02845257002022717,0.010405596491656087,0.0001846647628448415,0.0003953602612679713,-0.00021069549842312984
2025-03-26,220.77505493164065,221.52999877929688,225.0200042724609,220.47000122070312,223.50999450683597,34466100,-0.0099217931651536,-0.0099713421707094,0.201432864945251,0.3030070238447089,0.2837969212822481,0.2868296289006932,0.2996207542582972,0.031100199262181178,-0.3940539995688223,0.3136433621357489,0.2918310346494751,0.243787317393919,0.6436163567640305,0.02848947598563173,0.02053899280833204,0.028262596955145446,0.01051872837985101,9.942766468536767e-05,0.0003627595575952056,-0.000263331892909838
2025-03-27,223.087158203125,223.8500061035156,224.9900054931641,220.55999755859372,221.38999938964844,37094800,0.0104726553378899,0.010418196968815,0.176358662885476,0.3053378459465791,0.2841368607748489,0.2859422145723598,0.2980856247022556,0.031207994353905883,-0.39261689793811316,0.3030070238447089,0.2893132907508915,0.247648333489094,0.6953395410303153,0.035993833846585735,0.019790072878183386,0.028114298431792178,0.010620860730279917,0.00010853882808102606,0.0003599783301290038,-0.00025143950204797774
2025-03-28,217.15740966796875,217.8999938964844,223.80999755859372,217.67999267578125,221.6699981689453,39818600,-0.0265803531150219,-0.0269399980131235,0.2798851905448047,0.3051976622207322,0.2877542317726337,0.27155476963118674,0.2798828963575852,0.031392252502010574,-0.40076402526480104,0.3053378459465791,0.3034597246017425,0.255349834688731,0.758492721775964,0.020614899679771575,0.02813219391701586,0.027062671365797313,0.009397681716453084,0.000725763492947098,0.00037830918335406274,0.00034745430959303526
2025-03-31,221.37301635742188,222.1300048828125,225.6199951171875,216.22999572753903,217.00999450683597,65299300,0.0194126255383817,0.0192266041113627,0.3053586508430728,0.3142297687803734,0.2909732346819126,0.2775016982106089,0.2853239249761326,0.03200684020679793,-0.3653261338527462,0.3051976622207322,0.3065619377150732,0.2609785974973115,1.2227697905211854,0.06110007468749349,0.04227253942844092,0.027512642871613792,0.009912068855980965,0.00036966230565506917,0.00038418417522721054,-1.4521869572141377e-05
2025-04-01,222.4293975830078,223.19000244140625,223.67999267578125,218.8999938964844,219.80999755859372,36412700,0.0047719692760685,0.0047606195234744,0.2888985831926579,0.3148418942342122,0.2867198834360118,0.2771000361417828,0.2832710426447206,0.03028880637487748,-0.4558688229282197,0.3142297687803734,0.3136433621357489,0.2295496865072319,0.6931328872878366,0.03197262311694772,0.021416724436623152,0.0274411879868105,0.009952550482041227,2.2663498247285623e-05,0.0003813909602053397,-0.0003587274619580541
2025-04-02,223.12701416015625,223.88999938964844,225.19000244140625,221.0200042724609,221.32000732421875,35905900,0.0031363275262563,0.0031314195104993,0.2765509789106499,0.3154781357908965,0.2868725013846144,0.2718120398413451,0.2749159363194236,0.02634805961964795,-0.47052188344009255,0.3148418942342122,0.3030070238447089,0.2182604190771427,0.6909309717511471,0.03738334037592066,0.018625209613262167,0.026819889047424085,0.010102060980718218,9.805788150735675e-06,0.0003818488005512445,-0.0003720430124005088
2025-04-03,202.49755859375,203.19000244140625,207.4900054931641,201.25,205.5399932861328,103419000,-0.0924561034645268,-0.0970133431749755,0.7388083659980352,0.4601925666883487,0.3468492043248141,0.27624088438049377,0.27994628265648414,0.042023126734124686,-0.793412731015706,0.3154781357908965,0.3053378459465791,0.2183034704284328,1.8844621477646166,0.13357524053726702,0.03071019941034509,0.027356801960262217,0.010003830055871687,0.009411588753985563,0.0008522767305248968,0.008559312023460667
2025-04-04,187.738037109375,188.3800048828125,199.8800048828125,187.33999633789065,193.88999938964844,125910900,-0.0728874323571333,-0.0756802885956216,0.8438466038411816,0.5109675262841346,0.3770976860149125,0.30312200045274246,0.31188522331402574,0.05914554799645095,-0.7656028845453958,0.4601925666883487,0.3051976622207322,0.2247407264768495,2.1390966946851617,0.1432282492493643,0.0665676198104079,0.029302742576029273,0.013304381889144212,0.005727506081916574,0.0011262211197117483,0.004601284962204825
2025-04-07,180.84161376953125,181.4600067138672,194.1499938964844,174.6199951171875,177.1999969482422,160466300,-0.0367342498650539,-0.037425944574046,0.7271612029346466,0.5006892191540667,0.3829432290103825,0.3615667203017139,0.39278538621986053,0.0709744691437627,-0.699557287716966,0.5109675262841346,0.3142297687803734,0.27543080151572,2.53575493742481,0.1290753396209531,0.10762701453049389,0.03205968617540878,0.02153117570427805,0.0014007013272595633,0.0010727808927537175,0.0003279204345058458
2025-04-08,171.83242797851562,172.4199981689453,190.33999633789065,169.2100067138672,186.6999969482422,120859500,-0.0498181869858326,-0.051101930578596,0.6065075175212787,0.5166634546385807,0.3925561764623731,0.43259996669117734,0.4500404456154111,0.081883291992103,-0.6690565276332836,0.5006892191540667,0.3148418942342122,0.2947711212022051,1.8446882382322607,0.11391322100036931,0.1225495293377703,0.03628759745284412,0.02956167680024279,0.002611407308859645,0.0011594725957668538,0.0014519347130927912
2025-04-09,198.1723480224609,198.8500061035156,200.6100006103516,171.88999938964844,171.9499969482422,184395900,0.1532885292613965,0.1426174521857242,1.5200941014081222,0.7537650379901226,0.4957452047276594,0.539602598205958,0.49491614594146827,0.1224685334637594,0.14419423532756764,0.5166634546385807,0.3154781357908965,0.2867522447241407,2.5750022744729977,0.14912304199277482,0.14443047693824232,0.041932939975999645,0.038140150890767784,0.020339737667947326,0.0021609128560479717,0.018178824811899353
2025-04-10,189.77105712890625,190.4199981689453,194.77999877929688,183.0,189.07000732421875,121880000,-0.0423938027448784,-0.0433186531060967,1.4000472909941482,0.7592160019683211,0.502665208910404,0.5492988819503931,0.5133790635379458,0.14978449301207114,0.15097446085483737,0.7537650379901226,0.4601925666883487,0.2945614482816017,1.6330013111708919,0.133114142734808,0.06186324384293592,0.04301828109244543,0.03839493715051083,0.0018765057069263411,0.0021961786882695586,-0.0003196729813432174
2025-04-11,197.4747314453125,198.1499938964844,199.5399932861328,186.05999755859372,186.1000061035156,87435900,0.0405944533235465,0.0397921395922707,1.3114601890516884,0.7717372199966244,0.5083024254445762,0.5674744055788493,0.5225698162701441,0.17083353642665233,0.14605768021486668,0.7592160019683211,0.5109675262841346,0.2929048059136703,1.150442169314108,0.1200109685932242,0.06802925128819928,0.045396277685440765,0.03839767562806056,0.0015834143733307576,0.002259135913469754,-0.0006757215401389965
2025-04-14,201.829833984375,202.5200042724609,212.94000244140625,201.16000366210935,211.44000244140625,101352900,0.0220540525389039,0.0218143793642548,1.2417573240190258,0.7768432509445139,0.5044771168464045,0.5779047427290995,0.5297631069198581,0.1865712936710717,0.1394521128177365,0.7717372199966244,0.5006892191540667,0.2863677614391776,1.288395731979152,0.13797991787040395,0.058167087353250525,0.0470779965390846,0.038171696560457345,0.00047586714704762575,0.0022826446219461585,-0.0018067774748985327
2025-04-15,201.45114135742188,202.13999938964844,203.50999450683597,199.8000030517578,201.8600006103516,51343900,-0.0018763819612667,-0.0018781445711303,1.1004230133727282,0.7767443592119515,0.5040886648219587,0.5780781465456429,0.5302342782843769,0.19785748534648365,0.13753377360983465,0.7768432509445139,0.5166634546385807,0.2854606106308539,0.6490064124016286,0.1191762581113722,0.018353574088652846,0.04713527081422852,0.038125350997444685,3.5274270300662184e-06,0.002280935830925003,-0.0022774084038949365
2025-04-16,193.6079559326172,194.2700042724609,200.6999969482422,192.3699951171875,198.3600006103516,59732400,-0.0389333884483553,-0.0397115575839911,0.5836838379962048,0.7855650946058766,0.5061718147369807,0.5830105852549747,0.5358028736147253,0.2064531057242928,0.15293963764871066,0.7767443592119515,0.7537650379901226,0.2918310346494751,0.7524972475366406,0.11326043747853816,0.042878476593699866,0.04811537881530932,0.03772962241955412,0.0015770078057466411,0.0023526842943832533,-0.0007756764886366122
2025-04-17,196.3087158203125,196.97999572753903,198.8300018310547,194.4199981689453,197.1999969482422,52164700,0.0139496134013432,0.0138532130086594,0.4763868451552187,0.788445093072254,0.5070191747893339,0.5826261222330676,0.5352183483046881,0.21175826157587402,0.14467551614677795,0.7855650946058766,0.7592160019683211,0.2893132907508915,0.6557969153795853,0.1120029580208668,0.02238807877836109,0.04800404848934534,0.03780582469260418,0.00019191151066329001,0.002360869806817943,-0.002168958296154653
2025-04-21,192.5017242431641,193.16000366210935,193.8000030517578,189.80999755859372,193.2700042724609,46742500,-0.0193927918990995,-0.0195832990874514,0.3969987430594886,0.7851739284310456,0.508267962064567,0.5794851149206599,0.534922649945494,0.21451142661716047,0.15285756338062512,0.788445093072254,0.7717372199966244,0.3034597246017425,0.6056711316866455,0.06048749518466727,0.020656478657681752,0.047305072951250166,0.03819323477529722,0.0003835056031485748,0.0023614406072303075,-0.001977935004081733
2025-04-22,199.059326171875,199.7400054931641,201.58999633789065,195.97000122070312,196.1199951171875,52976400,0.0340650326480886,0.0334976683522768,0.4517849750904337,0.7956119159784285,0.5135604256365099,0.5819334809324863,0.5370878371230416,0.21518778933325558,0.14415254074265713,0.7851739284310456,0.7768432509445139,0.3065619377150732,0.6826102247864009,0.09362426679272078,0.028136552331174673,0.04805499077923989,0.037630159811248336,0.0011220937850391266,0.002411265041975626,-0.0012891712569364996
2025-04-23,203.9027557373047,204.6000061035156,208.0,202.8000030517578,206.0,52929200,0.0243316335070287,0.0240403350324198,0.4907760159685343,0.7997043373675851,0.511777125460513,0.5831556568570874,0.5395238757321913,0.21361933414536644,0.13675972577674986,0.7956119159784285,0.7767443592119515,0.3136433621357489,0.6739967843003873,0.10464745079575073,0.025415429096376927,0.048427437256972496,0.0373525224552635,0.0005779377084709907,0.0024309286892569334,-0.0018529909807859426
2025-04-24,207.65989685058597,208.3699951171875,208.8300018310547,202.94000244140625,204.88999938964844,47311000,0.0184261432121584,0.0182584387997524,0.3201538717834031,0.8033998742454906,0.5074672440059385,0.5847170268713531,0.5409423553735611,0.20846832500746976,0.12449638857772702,0.7997043373675851,0.7855650946058766,0.3030070238447089,0.5975679209180854,0.09938003486089918,0.028267022736819164,0.04881383875339686,0.03708787473809157,0.0003333705874043039,0.0024426258353928802,-0.0021092552479885763
2025-04-25,208.56678771972656,209.27999877929688,209.75,206.1999969482422,206.3699951171875,38222300,0.0043672490446504,0.0043577402872305,0.3274664344725144,0.8023384731693667,0.5074531944183258,0.5843124092360672,0.5400027121696888,0.20007079309282094,0.12621527268475,0.8033998742454906,0.788445093072254,0.3053378459465791,0.48242836442455106,0.08596130607834444,0.01696293517041533,0.048672481868008446,0.037209506451748316,1.8989900410951762e-05,0.0024381483890093766,-0.002419158488598425
2025-04-28,209.42388916015625,210.13999938964844,211.5,207.4600067138672,210.0,38743100,0.0041093301575299,0.0041009099201662,0.2022715883571891,0.7977944963188821,0.507499900520054,0.5827576207271885,0.5389967084114295,0.18767987603800798,0.11330587277735933,0.8023384731693667,0.7851739284310456,0.3051976622207322,0.48933384308897776,0.08297117968359138,0.01922524649218127,0.048227134496766716,0.03752028896324278,1.681746217331755e-05,0.0024027010874706875,-0.00238588362529737
2025-04-29,210.490234375,211.2100067138672,212.2400054931641,208.3699951171875,208.69000244140625,36827600,0.0050918784016682,0.0050789586275594,0.1483589655524425,0.7944193692998036,0.5076120550984397,0.5770037023236158,0.5321767024357473,0.1716212863053144,0.1142728844029358,0.7977944963188821,0.7956119159784285,0.3142297687803734,0.47365710328423444,0.04850314984084655,0.01832304461416648,0.047029659756053,0.0380980646476304,2.5795820740460064e-05,0.0023855077632249566,-0.0023597119424844967
2025-04-30,211.7758331298828,212.5,213.5800018310547,206.6699981689453,209.3000030517578,52286500,0.0061076333749678,0.0060890573807824,0.0955752672443931,0.7945948314180302,0.5032743042682749,0.5794205506231255,0.5358165941441936,0.14999064856578823,0.11358358294993927,0.7944193692998036,0.7997043373675851,0.3148418942342122,0.665685958656085,0.09160996273787524,0.03251766429227941,0.04758470674883582,0.03778484942921799,3.707661978646062e-05,0.002386228419301916,-0.0023491517995154554
2025-05-01,212.59304809570312,213.32000732421875,214.55999755859372,208.8999938964844,209.0800018310547,57365700,0.0038588579963234,0.0038514317023505,0.01435110144284,0.7946660663454903,0.5013101902528554,0.5808514557857868,0.5367382391511415,0.11982201259025177,0.11316770522982682,0.7945948314180302,0.8033998742454906,0.3154781357908965,0.7205091142066172,0.09716295926085768,0.02653292456298694,0.04798009249632205,0.03750621039273198,1.483352615787047e-05,0.002386479806202273,-0.0023716462800444024
2025-05-02,204.65020751953125,205.3500061035156,206.9900054931641,202.16000366210935,206.08999633789065,101010600,-0.0373617145464924,-0.0380775499417538,0.3045825622927737,0.7262051223546327,0.5068967817933688,0.5793829375170194,0.5350762174100372,0.10190456850311141,0.6451732000742969,0.7946660663454903,0.8023384731693667,0.4601925666883487,1.270607707515164,0.041189960187134236,0.023520826333065566,0.047620623842458076,0.03771431578133818,0.001449899809566755,0.001988395358981332,-0.0005384955494145771
2025-05-05,198.21221923828125,198.88999938964844,204.1000061035156,198.2100067138672,203.1000061035156,69018500,-0.0314585172722651,-0.0319639651187028,0.349943369113041,0.6804994300521663,0.5104452613903716,0.5661303990926554,0.5168860500839298,0.08777004303347029,0.7994847645184477,0.7262051223546327,0.7977944963188821,0.5109675262841346,0.9003989328827501,0.014479786529074118,0.029614356718405038,0.04577296068785793,0.037642349120659925,0.0010216950661096494,0.0017531048081909858,-0.0007314097420813364
2025-05-06,197.83351135253903,198.50999450683597,200.6499938964844,197.0200042724609,198.2100067138672,51216500,-0.0019106284075551,-0.0019124559862646,0.332799897219996,0.6641962633571818,0.5084556313031088,0.520517332088114,0.44854746102695164,0.06889009623652427,0.8025843384301448,0.6804994300521663,0.7944193692998036,0.5006892191540667,0.7194262794375478,-0.012138919549966288,0.018286180668341565,0.041305918994750314,0.035133199450111986,3.6574878993993036e-06,0.001683252616222978,-0.0016795951283235786
2025-05-07,195.58120727539065,196.25,199.44000244140625,193.25,199.1699981689453,68536700,-0.0113847895288623,-0.0114500923575831,0.2922231588069968,0.6344245341422431,0.5087757243735149,0.46101011654827917,0.3872712576023827,0.049426149235079354,0.8567410313063604,0.6641962633571818,0.7945948314180302,0.5166634546385807,0.9994470986093031,0.01711104737169808,0.031541413714171976,0.036755513213570394,0.029498608222979377,0.00013110461499718292,0.0015592374815298544,-0.0014281328665326715
2025-05-08,196.8169860839844,197.4900054931641,200.0500030517578,194.67999267578125,197.72000122070312,50478900,0.0063184993282245,0.0062986213002741,0.302968192079757,0.3799132226472247,0.5066459054416093,0.32772812219422426,0.32720705555307117,0.09921942509936925,0.09363407570026908,0.6344245341422431,0.7946660663454903,0.7537650379901226,0.8157709676332422,-0.02234800247707013,0.027191301972810163,0.03089355446529879,0.015119723909661525,3.9672630284266594e-05,0.0005442342296467016,-0.0005045615993624351
2025-05-09,197.8534393310547,198.52999877929688,200.5399932861328,197.5399932861328,199.0,36453900,0.0052660552797889,0.005252238097487,0.2504397753908238,0.3445129484073815,0.5050707400791347,0.30125033580108024,0.2901660555729848,0.13359618221007333,0.13941946303073774,0.3799132226472247,0.7262051223546327,0.7592160019683211,0.6327982521708126,-0.019288402598463504,0.015111066430494766,0.02855594559467673,0.013619243225680429,2.7586005032693856e-05,0.0004517882445520192,-0.00042420223951932537
2025-05-12,210.3471221923828,210.7899932861328,211.2700042724609,206.75,210.97000122070312,63775800,0.0617538638100996,0.0599221293005481,0.4431602562693288,0.3793801966531646,0.5193379206442319,0.2657892737345609,0.2747302459544752,0.15364970137916437,0.25361517477534135,0.3445129484073815,0.6804994300521663,0.7717372199966244,1.1302865043180301,0.0323165217120791,0.021443163415852083,0.02622664120105937,0.010021368126871455,0.003590661579911605,0.0005521506048810616,0.0030385109750305436
2025-05-13,212.48263549804688,212.92999267578125,213.3999938964844,209.0,210.42999267578125,51909300,0.0101522816917762,0.0101010934401718,0.4279926099973401,0.3739529386926926,0.5190537606167194,0.24062033957374362,0.2572372991688089,0.16937185054654677,0.24469977113889665,0.3793801966531646,0.6641962633571818,0.7768432509445139,0.9621336635016781,0.015054826460099202,0.02066404004993356,0.024351488835893522,0.006682873109141992,0.00010203208868708177,0.0005334588519630344,-0.00043142676327595264
2025-05-14,211.8839111328125,212.3300018310547,213.94000244140625,210.5800018310547,212.42999267578125,49325800,-0.0028177845553216,-0.0028217619836696,0.3990417656026261,0.3741146398104583,0.5190414472631592,0.2397887732494928,0.2561747206331897,0.18140372276736466,0.2438459372956052,0.3739529386926926,0.6344245341422431,0.7767443592119515,0.9159618408965269,0.037237081067810665,0.015824426983356902,0.024225031480628725,0.006824765429293742,7.962340692482997e-06,0.0005336805976461552,-0.0005257182569536722
2025-05-15,211.00575256347656,211.4499969482422,212.9600067138672,209.5399932861328,210.9499969482422,45029500,-0.0041445150248371,-0.0041531273313586,0.4209362215504545,0.3407586594994369,0.5189872298756567,0.2247743335604448,0.24091781561853193,0.19274941576172822,0.32552088553154823,0.3741146398104583,0.3799132226472247,0.7855650946058766,0.8477541466849348,0.0247131225803855,0.016174100151779672,0.022889812658532717,0.00545884764565348,1.7248466630477803e-05,0.000455692630690347,-0.0004384441640598692
2025-05-16,210.81614685058597,211.25999450683597,212.57000732421875,209.7700042724609,212.3600006103516,54737900,-0.0008985691376138,-0.0008989730928673,0.4308257814093909,0.339257319010487,0.518829095268474,0.2214413398926208,0.23633543453177888,0.20087263975568403,0.3137910914815001,0.3407586594994369,0.3445129484073815,0.788445093072254,1.0280405338465846,0.04182783606534428,0.013253825260642229,0.022433099982646774,0.005869681788336117,8.081526216993992e-07,0.00044613746278826755,-0.00044532931016656816
2025-05-19,208.3413543701172,208.77999877929688,209.47999572753903,204.25999450683597,207.91000366210935,46140500,-0.0117390693554089,-0.0118085162597901,0.1252809230199786,0.3333116838053435,0.5191679492788075,0.22352494605044224,0.23886486946889077,0.20667385592443163,0.33180218370634307,0.339257319010487,0.3793801966531646,0.7851739284310456,0.8670616634080172,0.0391717863512054,0.02500240085843269,0.022650396092684322,0.005880882019863014,0.00013944105625772718,0.00043393423544372514,-0.00029449317918599796
2025-05-20,206.42539978027344,206.8600006103516,208.47000122070312,205.02999877929688,207.6699981689453,42496600,-0.009196274452396,-0.0092388212331016,0.0725417563481723,0.3170848227438538,0.5189941518622538,0.2181479202220135,0.23519779703912683,0.21021902819397445,0.3117791776544203,0.3333116838053435,0.3739529386926926,0.7956119159784285,0.8065279713467979,0.028554743670565506,0.016629616316621566,0.022075049291956667,0.005878784753205835,8.535581777720897e-05,0.0003820973370806293,-0.0002967415193034203
2025-05-21,201.66542053222656,202.08999633789065,207.0399932861328,200.7100067138672,205.1699981689453,59211800,-0.0230590943555388,-0.023329114291235,0.1371250410017218,0.3175034872014394,0.5206314236637878,0.22148845953805807,0.2376272361824063,0.21058903425636097,0.25610308469954407,0.3170848227438538,0.3741146398104583,0.7997043373675851,1.1170999675973505,0.04826580630661225,0.03132261213801997,0.022370408444038817,0.0061953150129998285,0.0005442475736135051,0.000380412830337755,0.0001638347432757501
2025-05-22,200.93695068359372,201.3600006103516,202.75,199.6999969482422,200.7100067138672,46742400,-0.003612230891026,-0.0036187707507698,0.1385771864859853,0.3096530998311038,0.5182118426408993,0.21536336490438152,0.2325662722183778,0.2081995682434912,0.23815731166336954,0.3175034872014394,0.3407586594994369,0.8033998742454906,0.8823233775658431,0.04304359565415754,0.015147015507115651,0.021714408082553642,0.006232585211753993,1.3095501746627022e-05,0.0003643990760548711,-0.0003513035743082441
2025-05-23,194.8597412109375,195.2700042724609,197.6999969482422,193.4600067138672,193.6699981689453,78432900,-0.030244320219661,-0.0307111157260399,0.1750475011212384,0.3251697359258769,0.5209576277790945,0.21723998181299992,0.2362992732379223,0.201984557549659,0.148557055464159,0.3096530998311038,0.339257319010487,0.8023384731693667,1.4263892254581876,0.08654796091191788,0.021713474377042196,0.021951935042884986,0.006131679493945889,0.0009431726291382152,0.0004106082124912343,0.0005325644166469809
2025-05-27,199.78936767578125,200.2100067138672,200.7400054931641,197.42999267578125,198.3000030517578,56288500,0.0252983168603482,0.0249836110855662,0.3421952719988393,0.3397364313749129,0.5222008216251074,0.21623852005230446,0.2340736125909855,0.19230599133941784,0.19157390467178656,0.3251697359258769,0.3333116838053435,0.7977944963188821,1.0075934906186501,0.07174990315276328,0.01653270419252016,0.02181730792790193,0.00622356776281346,0.0006241808228748263,0.00044097638052630983,0.0001832044423485165
2025-05-28,199.9989318847656,200.4199981689453,202.72999572753903,199.8999938964844,200.58999633789065,45339700,0.0010488559414427,0.0010483062763625,0.3483126218290189,0.3388565035272721,0.5215901138058057,0.21475149139666022,0.2336658605174408,0.17942392366039564,0.188975053647176,0.3397364313749129,0.3170848227438538,0.7944193692998036,0.805467765975779,0.06449634621401115,0.014120356535823648,0.021607173523984786,0.0064157420440515076,1.0989460490610103e-06,0.0004397415367917398,-0.0004386425907426788
2025-05-29,199.5299072265625,199.9499969482422,203.80999755859372,198.50999450683597,203.5800018310547,51396800,-0.0023450814539321,-0.0023478354638725,0.3139375683306246,0.3372997266732968,0.5214411341697497,0.21061285735748606,0.2273858079350524,0.1622368361186224,0.18228471158720105,0.3388565035272721,0.3175034872014394,0.7945948314180302,0.9137953733651001,0.05018783404283467,0.026506642323829,0.021306622425562267,0.00600540344409555,5.5123313654173966e-06,0.00043816332237068764,-0.0004326509910052702
2025-05-30,200.4280242919922,200.8500061035156,201.9600067138672,196.77999877929688,199.3699951171875,70819900,0.0045011711378339,0.0044910711634954,0.31677979478282,0.3374807445566454,0.5216387787680566,0.21018561949435222,0.2305442834935202,0.1390818050993246,0.1828363008259216,0.3372997266732968,0.3096530998311038,0.7946660663454903,1.2442416189921928,0.06422599106724876,0.02579042956015944,0.02126949767542089,0.005973605397465247,2.0169720195579924e-05,0.0004384301320725731,-0.0004182604118769932
2025-06-02,201.27622985839844,201.6999969482422,202.1300048828125,200.1199951171875,200.27999877929688,35423300,0.0042319682295079,0.0042230386362654,0.1700254115633471,0.3115964477960197,0.521827281675181,0.20517900945158213,0.22380303608270818,0.11884454089931888,0.14185244689496312,0.3374807445566454,0.3251697359258769,0.7262051223546327,0.6604049012318703,0.00119447902959256,0.009965343559924716,0.02059172353676385,0.006454387048762398,1.7834055323390328e-05,0.0003668268443604049,-0.00034899278903701455
2025-06-03,202.8429412841797,203.2700042724609,203.7700042724609,200.9600067138672,201.3500061035156,46381600,0.0077838738124602,0.0077537357595365,0.0608223160659579,0.290236895324625,0.5208820267744806,0.1976811317917966,0.21816863063903022,0.09880145974075157,0.11914670327794895,0.3115964477960197,0.3397364313749129,0.6804994300521663,0.8833426987664387,0.03249813447739913,0.013823965659130067,0.0198022039838001,0.006255317510553823,6.012041822871506e-05,0.00031874811196635816,-0.0002586276937376431
2025-06-04,202.3938751220703,202.82000732421875,206.2400054931641,202.1000061035156,202.91000366210935,43604000,-0.0022137892398478,-0.0022162432937547,0.0710853330729997,0.2902805648699418,0.5115930264276933,0.19857433960207488,0.21931344871652564,0.07176485897239225,0.11634401157783429,0.290236895324625,0.3388565035272721,0.6641962633571818,0.8365068758969803,0.04240038586935901,0.020412184400676416,0.019908504170416844,0.006246256566605767,4.911734337112681e-06,0.00031881082428824383,-0.00031389908995113115
2025-06-05,200.2084808349609,200.6300048828125,204.75,200.1499938964844,203.5,55126100,-0.0107977633483929,-0.0108564822662564,0.1173516397038675,0.28994833795094,0.5086885874274236,0.19303022787137436,0.21252857491380567,0.028218822265264877,0.10077420384003424,0.2902805648699418,0.3372997266732968,0.6344245341422431,1.0713300124223217,0.03870378248692364,0.022927807364618514,0.019477823852939172,0.005672559050419937,0.00011786320719753969,0.00031814875389826167,-0.000200285546700722
2025-06-06,203.49156188964844,203.9199981689453,205.6999969482422,202.0500030517578,203.0,46607700,0.0163983113495636,0.0162653110590715,0.162523460982411,0.294440319257508,0.5088687619047717,0.18802295735891061,0.20598633396708887,0.027276692360022878,0.35096800089655084,0.28994833795094,0.3374807445566454,0.3799132226472247,0.909202102133736,0.0441513145760945,0.017899146377298406,0.019013216073163582,0.005380558900314552,0.0002645603438483536,0.00032939313957646604,-6.483279572811244e-05
2025-06-09,201.02674865722656,201.4499969482422,206.0,200.0200042724609,204.38999938964844,72862600,-0.0121125992687424,-0.0121865546001833,0.1937178138320239,0.2980576265323441,0.5047173105549245,0.19561184796912906,0.21324124399274946,0.027877996117493878,0.38090176070659515,0.294440319257508,0.3115964477960197,0.3445129484073815,1.3726259067583966,0.08620909709644288,0.029684764547678346,0.019741900979022762,0.0057951586358784115,0.00014851211302324872,0.00033543944497599375,-0.00018692733195274503
2025-06-10,202.24420166015625,202.6699981689453,204.3500061035156,200.57000732421875,200.6000061035156,54672600,0.0060560994747325,0.006037835008164,0.1895915914984829,0.2020305873290788,0.5034201215992056,0.19422334315938733,0.2102665170235019,0.037016466515572485,-0.17122674523710638,0.2980576265323441,0.290236895324625,0.3793801966531646,1.0388604051400907,0.03625210752321958,0.018651003174854953,0.019602292966972905,0.005785641778004944,3.645545158581077e-05,0.00015772913855970403,-0.00012127368697389326
2025-06-11,198.36236572265625,198.77999877929688,204.5,198.41000366210935,203.5,60989900,-0.0191937604223282,-0.0193803520976772,0.2330397663040711,0.205748085497925,0.5047938661085747,0.19975930126165561,0.21268294385597428,0.04236572335470578,-0.21374002901971498,0.2020305873290788,0.2902805648699418,0.3739529386926926,1.148985885008347,0.05133279248341891,0.03063686676370446,0.02010093430266145,0.006289761995575458,0.00037559804742994104,0.00017140743649684702,0.00020419061093309403
2025-06-12,198.78147888183597,199.1999969482422,199.67999267578125,197.3600006103516,199.0800018310547,43904600,0.0021128794220972,0.0021106504315444,0.2271979015170071,0.2066869012369542,0.5047342448811925,0.19845818558145012,0.21098594667478557,0.04538668495573502,-0.20478226276802833,0.205748085497925,0.28994833795094,0.3741146398104583,0.8313620534725659,0.03981460417525838,0.011646546691627003,0.019892040288074956,0.00650496342518812,4.454845244178562e-06,0.00017123206172443178,-0.00016677721648025322
2025-06-13,196.03726196289065,196.4499969482422,200.3699951171875,195.6999969482422,199.72999572753903,51447300,-0.0138052210950311,-0.0139013993604867,0.1738449890950856,0.2101558252594718,0.5046652924627777,0.20179669771557754,0.21227400946389824,0.04868006929890646,-0.2275326739020416,0.2066869012369542,0.294440319257508,0.3407586594994369,0.9683042972663871,0.05275950171668423,0.023771943199244215,0.02027193244044818,0.006498261471517622,0.00019324890417974,0.00018003208360189488,1.3216820577845124e-05
2025-06-16,198.0031280517578,198.4199981689453,198.69000244140625,196.55999755859372,197.3000030517578,43020700,0.0100280033153787,0.0099780565236386,0.2044336456753646,0.2155418688789696,0.5051475444471636,0.20112390220590357,0.21132858996510726,0.0505481707651064,-0.1920833078502783,0.2101558252594718,0.2980576265323441,0.339257319010487,0.8187327262718627,0.03378991210511187,0.010734829666709952,0.020145982660751568,0.006663750622748685,9.956161198892682e-05,0.00018496975657025626,-8.540814458132943e-05
2025-06-17,195.2289581298828,195.63999938964844,198.38999938964844,195.2100067138672,197.1999969482422,38856200,-0.0140106783839895,-0.0141097544421927,0.1980644757777434,0.21692042950668,0.5039782068204905,0.19683386276718393,0.2051118329562293,0.05180681525403105,-0.2032441814390287,0.2155418688789696,0.2020305873290788,0.3333116838053435,0.7446389757548975,0.03680304270373716,0.016254307328266673,0.019708577984243268,0.006615133196906853,0.00019908517041897661,0.00018795196227831872,1.1133208140657897e-05
2025-06-18,196.1669921875,196.5800018310547,197.57000732421875,195.07000732421875,195.94000244140625,45394700,0.0048047559003212,0.0047932499016479,0.1765131728957713,0.2175001983676355,0.5034409574918564,0.19550546893971563,0.20339845548740831,0.05309975015901634,-0.20616810885222014,0.21692042950668,0.205748085497925,0.3170848227438538,0.867533479665479,0.04916545805527123,0.012717468596569435,0.019512970598240663,0.006767064657800209,2.2975244619647603e-05,0.00018483293362044068,-0.00016185768900079308
2025-06-20,200.5777130126953,201.0,201.6999969482422,196.8600006103516,198.2400054931641,96813500,0.0224844751641826,0.0222354256060402,0.2501306915314388,0.2198841116076072,0.5048892054244771,0.1911066488682831,0.19798092272761222,0.0537353188726516,-0.15694770935074928,0.2175001983676355,0.2066869012369542,0.3175034872014394,1.7860209846650525,0.08613418952247814,0.02407958377059998,0.01915081917986966,0.006277920235343812,0.0004944141518817482,0.00018234126253385282,0.00031207288934789534
2025-06-23,201.0766448974609,201.5,202.3000030517578,198.9600067138672,201.6300048828125,55814300,0.0024875621890547,0.0024844733276619,0.2090024069701087,0.2197186367389137,0.5046720759962752,0.19166945761786877,0.1988566119102619,0.05425489893748097,-0.15717894865797696,0.2198841116076072,0.2101558252594718,0.3096530998311038,1.0211207148501793,0.07548935887987503,0.01657566420789392,0.019222251614908575,0.006237966497984942,6.172607715863394e-06,0.00018199511783231466,-0.00017582251011645126
2025-06-24,199.87918090820312,200.3000030517578,203.44000244140625,200.1999969482422,202.58999633789065,54064000,-0.0059553198423929,-0.00597312347903,0.2159953257370159,0.1892390070127677,0.5041253984052376,0.18913615183567467,0.1946973952424416,0.055268929826034555,-0.016604455740378693,0.2197186367389137,0.2155418688789696,0.3251697359258769,1.0116501438959309,0.040022297774587504,0.016175763573637293,0.01894536607473833,0.006244466523324964,3.5678204095739454e-05,0.00013662039658019086,-0.00010094219248445142
2025-06-25,201.1365203857422,201.55999755859372,203.6699981689453,200.6199951171875,201.4499969482422,39525700,0.0062905366332437,0.0062708337921362,0.1628251955566131,0.1686812129309269,0.5016548492733071,0.1885492241704021,0.19505272320734052,0.05576882820962518,-0.14946646751167525,0.1892390070127677,0.21692042950668,0.3397364313749129,0.7513925942992887,0.04069362431374625,0.01513198595307173,0.018875330162765908,0.006280700225262744,3.932335644859728e-05,0.00010737752325887941,-6.805416681028212e-05
2025-06-26,200.5777130126953,201.0,202.63999938964844,199.4600067138672,201.42999267578125,50799100,-0.0027783169546375,-0.0027821836407681,0.1747000293111668,0.1690143534739581,0.4998329927969817,0.18918161620088417,0.1958519487618779,0.05493449561009238,-0.1562287649955683,0.1686812129309269,0.2175001983676355,0.3388565035272721,0.9607171313083402,0.06468008234588307,0.015820859083488806,0.018960355290149167,0.0062241978769121105,7.74054581095764e-06,0.00010770960324697422,-9.996905743601657e-05
2025-06-27,200.6575469970703,201.0800018310547,203.22000122070312,200.0,201.88999938964844,73188600,0.0003980190599734,0.0003979398713991,0.0748973172817375,0.1687581628445775,0.4996733488559541,0.18383127076812714,0.19258294108613158,0.05284071678175802,-0.15210946752196441,0.1690143534739581,0.2198841116076072,0.3372997266732968,1.3562028706318185,0.08003769532239229,0.016013532879358815,0.018435699817925654,0.005992557630065891,1.5835614124913224e-07,0.00010744190448576583,-0.0001072835483445167
2025-06-30,204.7389373779297,205.1699981689453,207.38999938964844,199.25999450683597,202.00999450683597,91912800,0.0203401447217361,0.0201360469230661,0.1632845468411752,0.1825109098943109,0.5015928089042635,0.19491937185174277,0.2049480490938956,0.048363972852993924,-0.027135723984787318,0.1687581628445775,0.2197186367389137,0.3374807445566454,1.6705202327897446,0.0739341990725867,0.03962570042096455,0.019127463360965914,0.007496165798977556,0.00040546038568791976,0.00012670643776038282,0.00027875394792753694
2025-07-01,207.3833770751953,207.82000732421875,210.19000244140625,206.13999938964844,206.6699981689453,78788900,0.0129161630790253,0.0128334608140478,0.1475787120307183,0.18699175313684,0.461092988722161,0.1981413119531655,0.209409666582173,0.044983039806898426,0.010556607836700779,0.1825109098943109,0.1892390070127677,0.3115964477960197,1.3776994057134844,0.0917854525730051,0.019488032475330572,0.019603597806736203,0.007179316133163301,0.0001646977164657004,0.0001340496208174983,3.0648095648202095e-05
2025-07-02,211.99366760253903,212.44000244140625,213.33999633789065,208.13999938964844,208.91000366210935,67941800,0.0222307523547522,0.0219872513788248,0.179023764510996,0.1997043409333614,0.4349896747515483,0.20285687210833808,0.21341418845946244,0.04223882967214197,0.10680691761104873,0.18699175313684,0.1686812129309269,0.290236895324625,1.1660474313354159,0.06943416107950076,0.024477484882709146,0.02013627376791516,0.007122923618162675,0.0004834392231956331,0.00015521556106584423,0.00032822366212978887
2025-07-03,213.1013336181641,213.5500030517578,214.6499938964844,211.80999755859372,212.1499938964844,34955800,0.0052250075202184,0.0052114045316625,0.1479108579315967,0.1992626786342422,0.4271888285030583,0.20022096365916162,0.20943517859206354,0.038754379081803174,0.11188564684864244,0.1997043409333614,0.1690143534739581,0.2902805648699418,0.6044124818911669,0.048153263448839814,0.013298975871249957,0.019780613341443837,0.007284184040583479,2.715873719263244e-05,0.00015632791120862022,-0.00012916917401598779
2025-07-07,209.50889587402344,209.9499969482422,216.22999572753903,208.8000030517578,212.67999267578125,50229000,-0.0168579070572202,-0.017001618983515,0.2506389488530795,0.2058428687244179,0.4143642805500311,0.20808205009723707,0.2201868249634793,0.03427390958208125,0.07339028948957504,0.1992626786342422,0.1687581628445775,0.28994833795094,0.8721903944626007,0.0567875042299135,0.03538934405230259,0.02040369017582804,0.008059288707540817,0.0002890550480606177,0.0001648875032517741,0.00012416754480884358
2025-07-08,209.5687713623047,210.00999450683597,211.42999267578125,208.4499969482422,210.1000061035156,42848900,0.0002857707047672,0.0002857298800968,0.2321837495608368,0.1991393533580045,0.2955874206297044,0.2067779761214493,0.2187026900107749,0.027749671776885514,0.057240767246083485,0.2058428687244179,0.1825109098943109,0.294440319257508,0.7464763582168077,0.05716733671975249,0.014189780512765366,0.02021822188260139,0.00816198672558699,8.16415643801317e-08,0.00015166356813757547,-0.00015158192657319534
2025-07-09,210.69639587402344,211.13999938964844,211.3300018310547,207.22000122070312,209.52999877929688,48749400,0.0053807195484485,0.0053662951961474,0.2214327729012859,0.1928192809909204,0.2809498216537456,0.20141065577747563,0.2133781696607123,0.016811452815918646,0.07636646618871985,0.1991393533580045,0.18699175313684,0.2980576265323441,0.8674904872936438,0.03588673809764038,0.019465760264433644,0.019707271668439157,0.007852159893586608,2.8797124132194658e-05,0.00014567781869302275,-0.0001168806945608281
2025-07-10,211.9637451171875,212.41000366210935,213.47999572753903,210.02999877929688,210.50999450683597,44443600,0.0060149866256142,0.0059969688087459,0.1549396283175183,0.1928089659991967,0.2697017364183062,0.20047041293161277,0.2124298254885588,0.01684482849791493,0.2365512499764781,0.1928192809909204,0.1997043409333614,0.2020305873290788,0.79813319483863,0.04395287699269199,0.016242158508364007,0.019586829435114604,0.007887608750921898,3.596363489307122e-05,0.0001456532278583858,-0.00010968959296531457
2025-07-11,210.7163543701172,211.16000366210935,212.1300048828125,209.8600006103516,210.57000732421875,39765800,-0.0058848452448051,-0.0059022291813183,0.1513081715115825,0.1780341315280056,0.2665986604075989,0.19120869074364324,0.20673624371316593,0.017336635159533105,0.34322413409235414,0.1928089659991967,0.1992626786342422,0.205748085497925,0.728001554649775,0.03291286076845116,0.010750162119211214,0.018592494202889946,0.007671829458454638,3.483630930880529e-05,0.00012861514095232897,-9.377883164352367e-05
2025-07-14,208.1816864013672,208.6199951171875,210.91000366210935,207.5399932861328,209.92999267578125,38840100,-0.0120288335900311,-0.0121017654557025,0.122463939583421,0.1859688625491796,0.2678407654998496,0.19266334423953516,0.20814665215151829,0.017343861573612313,0.2608151366439894,0.1780341315280056,0.2058428687244179,0.2066869012369542,0.7143662471277824,0.04575558429889041,0.01615382252350024,0.018817857994483607,0.007521784270098221,0.00014645272714483435,0.00013571503504736178,1.0737692097472569e-05
2025-07-15,208.6706695556641,209.1100006103516,211.88999938964844,208.9199981689453,209.22000122070312,42296300,0.0023487944810314,0.002346040374984,0.124961930868791,0.1758510237130274,0.2543848104538758,0.18840723033752863,0.2059364419643214,0.017557391399756973,0.30517990826162883,0.1859688625491796,0.1991393533580045,0.2101558252594718,0.7845366358723012,0.041614977527718075,0.014203056821932316,0.018339413675618012,0.0074943585232777835,5.503905441055069e-06,0.00012632778511042752,-0.00012082387966937245
2025-07-16,209.7184600830078,210.16000366210935,212.3999938964844,208.63999938964844,210.3000030517578,47490500,0.005021295245053,0.0050087305851092,0.1238606540382642,0.1741581488950223,0.2531525605347073,0.19083794248378871,0.20938374675251542,0.017348354796242825,0.2900663644655449,0.1758510237130274,0.1928192809909204,0.2155418688789696,0.8772451577925574,0.05594477634881927,0.017891104117419045,0.018697227398153465,0.007279941635624342,2.508738207420835e-05,0.00012260407361469158,-9.751669154048324e-05
2025-07-17,209.5787506103516,210.0200042724609,211.8000030517578,209.58999633789065,210.57000732421875,48068100,-0.000666156201032,-0.0006663781816621,0.1084578089868332,0.162946829595239,0.2494998666793411,0.18903046774289725,0.20775814971726292,0.017488195131577344,0.35018191325377296,0.1741581488950223,0.1928089659991967,0.21692042950668,0.8804238436699612,0.06139300982627529,0.010522839105364919,0.018410653987008377,0.007490919883213542,4.4405988099528675e-07,0.00011267201808779254,-0.00011222795820679725
2025-07-18,210.7363128662109,211.17999267578125,211.7899932861328,209.6999969482422,210.8699951171875,48974600,0.0055232281674246,0.0055080310750555,0.1144244527879058,0.163039102831295,0.2405510367738616,0.1882618159335605,0.2068880612073118,0.01712557981473086,0.35080942920243235,0.162946829595239,0.1780341315280056,0.2175001983676355,0.8940961604394955,0.05392222768761197,0.009896753529579565,0.018269618233658882,0.0076290306091527345,3.0338406323777047e-05,0.00011304017617299899,-8.270176984922193e-05
2025-07-21,212.03358459472656,212.47999572753903,215.77999877929688,211.6300048828125,212.1000061035156,51377400,0.0061559006385309,0.0061370304844604,0.0447690585067289,0.1479242350929521,0.2359583273652542,0.18567557980409843,0.20585648388002975,0.017348710069792172,0.2986149629679293,0.163039102831295,0.1859688625491796,0.2198841116076072,0.9785475261902796,-0.0002599099312664166,0.019531221667595806,0.018042200128508677,0.007513642386967552,3.7663143167196246e-05,9.02026257372714e-05,-5.253948257007515e-05
2025-07-22,213.9495391845703,214.3999938964844,214.9499969482422,212.22999572753903,213.13999938964844,46404100,0.0090361361424691,0.0089955545482785,0.0559130105331527,0.1495499811530345,0.2337558533247213,0.18426315362257872,0.20367981179596237,0.016638538443860363,0.3116178336278159,0.1479242350929521,0.1758510237130274,0.2197186367389137,0.8918167190290435,0.01607444121940173,0.012686573218917216,0.01784774557905984,0.007603383516282088,8.0920001631054e-05,9.393999543303092e-05,-1.3019993801976915e-05
2025-07-23,213.7000732421875,214.1499938964844,215.1499938964844,212.41000366210935,215.0,46989300,-0.0011660448093142,-0.0011667251685005,0.0709851261741227,0.1466258628183012,0.2336381163600423,0.18310698154956062,0.2035909424996473,0.01801258685870851,0.2384600659239019,0.1495499811530345,0.1741581488950223,0.1892390070127677,0.9092446539236358,0.01827295630004481,0.0127947247838798,0.017678693639571967,0.007679717995038025,1.36124761881252e-06,9.222414760918458e-05,-9.086289999037206e-05
2025-07-24,213.31089782714844,213.75999450683597,215.69000244140625,213.52999877929688,213.8999938964844,46022600,-0.001821150598944,-0.0018228109097863,0.0758385042446062,0.1472954424402126,0.2335509222214084,0.18153215179010687,0.20162480975645908,0.019160681073182,0.2971237418948596,0.1466258628183012,0.162946829595239,0.1686812129309269,0.8849762236167428,0.030689771401886605,0.010104807810707063,0.017427334732453732,0.007847888424307971,3.3226396128359583e-06,9.042411176739651e-05,-8.710147215456056e-05
2025-07-25,213.4306488037109,213.8800048828125,215.2400054931641,213.3999938964844,214.6999969482422,40268800,0.0005614258002459,0.0005612682597435,0.0758421617014621,0.1460460495025905,0.2333382370630199,0.1793095838236883,0.1987252376706679,0.02028287500974548,0.3065720275844118,0.1472954424402126,0.163039102831295,0.1690143534739581,0.7822553480314435,0.01017786413447611,0.00860300895208906,0.017066442225883747,0.008087940324395517,3.1502205939549697e-07,9.00528355798184e-05,-8.97378135204229e-05
2025-07-28,213.6002960205078,214.0500030517578,214.8500061035156,213.05999755859372,214.02999877929688,37858000,0.0007948296477664,0.0007945139379612,0.0690636613194522,0.1459552927766942,0.2330204750341795,0.17694838925313758,0.19596989006480198,0.021284015025846766,0.30670195940426925,0.1460460495025905,0.1479242350929521,0.1687581628445775,0.7615573846504486,-0.01485282019539948,0.00836257191965116,0.01668389417789836,0.008318029483135913,6.312523976146136e-07,9.007648039263669e-05,-8.944522799502208e-05
2025-07-29,210.8261260986328,211.2700042724609,214.80999755859372,210.82000732421875,214.17999267578125,51411700,-0.0129876138269647,-0.0130726903132786,0.0916295699742005,0.1421747441458704,0.2344402535216005,0.16012651115940987,0.17551462729684913,0.022332677603055056,0.1550137463922111,0.1459552927766942,0.1495499811530345,0.1825109098943109,1.0781245363572947,-0.009743858542463697,0.018885739355736206,0.015646896124636944,0.006372709183481938,0.00017089523202688816,7.834822270958511e-05,9.254700931730305e-05
2025-07-30,208.6107940673828,209.0500030517578,212.38999938964844,207.72000122070312,211.8999938964844,45512500,-0.0105078864761138,-0.010563484134102,0.1036589752324901,0.141617055825377,0.2218783153080591,0.16176090802354565,0.17547682930320282,0.023034704003256273,0.07829350780967538,0.1421747441458704,0.1466258628183012,0.18699175313684,0.9889202902542163,-0.00834175281851549,0.02233914422756113,0.01578945171224847,0.006493893644691598,0.00011158719705142468,7.569269673887132e-05,3.589450031255337e-05
2025-07-31,207.1339111328125,207.57000732421875,209.83999633789065,207.16000366210935,208.4900054931641,80698400,-0.0070796254768417,-0.0071048049364285,0.1007778081780223,0.1182344902857662,0.2120720259669121,0.15540345602134575,0.1710796007271573,0.024623956974598713,-0.0668140590781995,0.141617055825377,0.1472954424402126,0.1997043409333614,1.7294894186689334,0.037197099111403606,0.012911271287837027,0.015211141032504866,0.00618723463456938,5.047825318469878e-05,5.4044648238324604e-05,-3.5663950536258252e-06
2025-08-01,201.95480346679688,202.3800048828125,213.5800018310547,201.5,210.8699951171875,104434500,-0.0250036241184864,-0.0253215250357995,0.1514043224504202,0.1434080468778348,0.2186341194682511,0.19684768811115688,0.20370870424795134,0.023777661448741733,-0.49032458278532803,0.1182344902857662,0.1460460495025905,0.1992626786342422,2.083099793394447,0.07617896082412758,0.05968970026485361,0.01753067725218505,0.011685430574087493,0.0006411796301386208,8.474569288562403e-05,0.0005564339372529968
2025-08-04,202.9227752685547,203.3500061035156,207.8800048828125,201.67999267578125,204.50999450683597,75109300,0.0047929696476922,0.0047815199394974,0.1722686518304017,0.1351769269501092,0.2174285714668642,0.19328554727526687,0.20056319513446755,0.022274762445555794,-0.48333355672805445,0.1434080468778348,0.1459552927766942,0.2058428687244179,1.461890593859905,0.04029251837943236,0.03048936326992351,0.017285678213066095,0.011337482174720234,2.2862932931811216e-05,7.14360871291837e-05,-4.857315419737248e-05
2025-08-05,202.49366760253903,202.9199981689453,205.33999633789065,202.16000366210935,203.3999938964844,44155100,-0.0021146197278765,-0.0021168586931034,0.1784321365226949,0.1350020077118006,0.2171690897539675,0.1937799273806588,0.20115813904801266,0.020828200503736825,-0.48198126357400384,0.1351769269501092,0.1421747441458704,0.1991393533580045,0.8583221535935391,0.027032868251555004,0.01567116452038274,0.017359747413446962,0.011321018845130306,4.481090726567434e-06,7.165605958729306e-05,-6.717496886072562e-05
2025-08-06,212.8019561767578,213.25,215.3800048828125,205.58999633789065,205.6300048828125,108483100,0.0509067707681243,0.0496533826968293,0.4423069393380103,0.2264066341343941,0.2392973380644288,0.21361774455393684,0.2133292234469179,0.02489125954857827,0.6199941490685975,0.1350020077118006,0.141617055825377,0.1928192809909204,1.993068552580838,0.09299085494618006,0.04590859810045415,0.01868188930524799,0.012999563328543651,0.002465458413237787,0.00019348912404257269,0.002271969289195214
2025-08-07,219.56771850585935,220.02999877929688,220.8500061035156,216.5800018310547,218.8800048828125,90224800,0.0317936636778282,0.031298708772367,0.4651206778887424,0.2510327680567639,0.215276751580209,0.2148451631476027,0.21563329716629331,0.03166950551140328,0.6087792409320247,0.2264066341343941,0.1182344902857662,0.1928089659991967,1.5907262525509418,0.08899184052854245,0.01940646410103368,0.018840104584881473,0.012987557544987259,0.0009796091708174429,0.00024067140083879128,0.0007389377699786516
2025-08-08,228.86813354492188,229.3500061035156,231.0,219.25,220.8300018310547,113854000,0.0423578938141397,0.041485352511258,0.3605417316460333,0.2857925387995706,0.2302114866278658,0.24086892752085062,0.23664569829033724,0.04217563283323398,0.5900412684863179,0.2510327680567639,0.1434080468778348,0.1780341315280056,1.8842618934371071,0.10734909138624962,0.05123174051583289,0.020864183504712554,0.014701753150764224,0.0017210344729833402,0.00032498130902251804,0.001396053163960822
2025-08-11,226.95997619628903,227.17999267578125,229.55999755859372,224.75999450683597,227.9199981689453,61806100,-0.0094615799868562,-0.0095066250918549,0.4203757554311459,0.2839801619928668,0.2311208606316259,0.24262734143906275,0.23941395119732323,0.049628050492957446,0.6054656195474393,0.2857925387995706,0.1351769269501092,0.1859688625491796,1.0038027049975347,0.08565573155456103,0.02112863459155074,0.02111292410811508,0.014659888641176988,9.037592063708518e-05,0.0003221774686971306,-0.00023180154806004538
2025-08-12,229.42758178710935,229.6499938964844,230.8000030517578,227.07000732421875,228.00999450683597,55626200,0.0108724416776797,0.010813761630775,0.3815558728837491,0.2848121409708147,0.2316951588934918,0.24324661542639014,0.23976550826388568,0.05577577706783974,0.6008344984374014,0.2839801619928668,0.1350020077118006,0.1758510237130274,0.8937593325541259,0.07620703829318097,0.016242089382420676,0.021214875736139498,0.014616330533067469,0.00011693744060722159,0.0003277491454554388,-0.00021081170484821724
2025-08-13,233.10403442382807,233.3300018310547,235.0,230.42999267578125,231.07000732421875,69878500,0.0160244199101919,0.015897384212123,0.3115910389953258,0.2875854831331815,0.2335403756927033,0.24386844443643296,0.23968412287463894,0.06103737171183065,0.5910149701624785,0.2848121409708147,0.2264066341343941,0.1741581488950223,1.1029177045214047,0.08287756470279162,0.019586025321886025,0.02129962179636285,0.014600950410287576,0.00025272682478785763,0.0003391311175911213,-8.640429280326367e-05
2025-08-14,232.5545654296875,232.77999877929688,235.1199951171875,230.8500061035156,234.05999755859372,51916300,-0.0023571895917441,-0.0023599721366471,0.3126948228643568,0.2881083290528887,0.232011411473504,0.24596412736857803,0.24240149846387163,0.0652286228288624,0.5892700200386429,0.2875854831331815,0.2510327680567639,0.162946829595239,0.8169328640879783,0.06941699203844728,0.01834345320072091,0.02169065250113065,0.014400491753564866,5.569468485750678e-06,0.0003393873880213591,-0.00033381791953560844
2025-08-15,231.3657073974609,231.58999633789065,234.27999877929688,229.33999633789065,234.0,56038700,-0.0051121335494743,-0.0051252452089798,0.172621098761607,0.2903937397349277,0.2313265841367609,0.24922958028723816,0.2459451469998562,0.06873548529426339,0.5907000272541318,0.2881083290528887,0.2857925387995706,0.163039102831295,0.8769273405653871,0.0724442956993063,0.021330811000138106,0.022262355374658573,0.014132094197229498,2.6268138452170396e-05,0.0003391838746277788,-0.0003129157361756084
2025-08-18,230.66639709472656,230.88999938964844,233.1199951171875,230.1100006103516,231.6999969482422,37476200,-0.0030225698834628,-0.0030271470733909,0.1502187719036194,0.2915753628623613,0.2255455530084867,0.2473237624814874,0.24317279995634192,0.07104002072896982,0.6064844740869132,0.2903937397349277,0.2839801619928668,0.1479242350929521,0.5928989512629728,0.05342897231267012,0.013036487135834161,0.021937618648070492,0.014272081905060548,9.163619403939091e-06,0.00033775889843961596,-0.0003285952790356769
2025-08-19,230.3367156982422,230.55999755859372,232.8699951171875,229.3500061035156,231.27999877929688,39402600,-0.0014292599589719,-0.0014302823252546,0.1357817493082864,0.2916281875260538,0.2253480604538777,0.24796429593446645,0.24432476043311763,0.07260162371582489,0.612844917005112,0.2915753628623613,0.2848121409708147,0.1495499811530345,0.6268476567188743,0.06083910539024071,0.015267128083558144,0.022066646391302538,0.014195504766351948,2.0457075299357053e-06,0.00033381518373456,-0.00033176947620462433
2025-08-20,225.7911071777344,226.00999450683597,230.47000122070312,225.7700042724609,229.97999572753903,42263900,-0.0197345727790506,-0.0199318998861526,0.1222260365427722,0.3031059486992559,0.21962251892079,0.2503377112680417,0.2448155624563012,0.07392933989763457,0.5896583624516013,0.2916281875260538,0.2875854831331815,0.1466258628183012,0.6749042849353498,0.06383940942966995,0.020795527023031977,0.02246668650326015,0.014032258564858022,0.00039728063307160996,0.0003536111530071999,4.366948006441008e-05
2025-08-21,224.68218994140625,224.8999938964844,226.5200042724609,223.77999877929688,226.2700042724609,30621200,-0.0049112899311095,-0.0049233899495596,0.1182099862420092,0.3039176433900193,0.2150125905967501,0.2507621723383555,0.24505526878275782,0.074454258961617,0.5903999409832076,0.3031059486992559,0.2881083290528887,0.1472954424402126,0.4950721476324248,0.05109423617165619,0.012183217285569101,0.022570606977003253,0.013943304435867072,2.4239768595424477e-05,0.00035465700945632925,-0.0003304172408609048
2025-08-22,227.53941345214844,227.75999450683597,229.08999633789065,225.41000366210935,226.1699981689453,42477800,0.0127167660647777,0.0126365870250974,0.1838968355860201,0.3058910515349781,0.2161164915208667,0.2524647712470745,0.24712800288065495,0.07413433468356292,0.5787391939331673,0.3039176433900193,0.2903937397349277,0.1460460495025905,0.6855410563608327,0.07670541195442529,0.016157326855181568,0.022948322872157874,0.013644127355599308,0.00015968333164285994,0.0003626254249355026,-0.00020294209329264264
2025-08-25,226.94000244140625,227.16000366210935,229.3000030517578,226.22999572753903,226.47999572753903,30983100,-0.0026343118159346,-0.0026377877210603,0.1839586936396344,0.306482743170458,0.2161429741235485,0.2534680063271298,0.24845962531745347,0.07291812860516558,0.5802398473306765,0.3058910515349781,0.2915753628623613,0.1459552927766942,0.502819760884277,0.06616855237752403,0.013514735317513382,0.023205931042050987,0.01340071329315039,6.957924061376491e-06,0.0003629417585186906,-0.0003559838344573141
2025-08-26,229.08792114257807,229.30999755859372,229.4900054931641,224.69000244140625,226.8699951171875,54575100,0.0094646674670881,0.0094201581256376,0.2056025013273962,0.3012193816515551,0.2166088474410813,0.2543206722751584,0.25037223151236276,0.07021681906959931,0.5641079308817611,0.306482743170458,0.2916281875260538,0.1421747441458704,0.8834228733181205,0.08634021295377844,0.02093237583560366,0.02330826286604436,0.013373773981320301,8.873937911201612e-05,0.000358833965872947,-0.0002700945867609309
2025-08-27,230.26678466796875,230.4900054931641,230.8999938964844,228.25999450683597,228.6100006103516,31259500,0.0051459070565329,0.0051327121240547,0.1200891739596875,0.2961981734992397,0.2166529990615807,0.2510648177355445,0.2469233450425152,0.06619389295951868,0.5588987957357456,0.3012193816515551,0.3031059486992559,0.141617055825377,0.5119118855526198,0.07071640479551895,0.011453856248559702,0.022763998467094287,0.013634248807136727,2.6344733748418108e-05,0.0003545718427077967,-0.0003282271089593786
2025-08-28,232.33477783203125,232.55999755859372,233.41000366210935,229.33999633789065,230.82000732421875,38074700,0.008980832210059,0.0089407443724563,0.0930095531856469,0.2930452886319699,0.2167960168330864,0.2523667024520231,0.24839566234932264,0.058011844211698534,0.537507565344047,0.2961981734992397,0.3039176433900193,0.1182344902857662,0.6460671845595598,0.04296220627554933,0.017500891670732197,0.022993479486239046,0.013497627276247209,7.993690993360901e-05,0.00035604477554524225,-0.00027610786561163325
2025-08-29,231.9151763916016,232.13999938964844,233.3800048828125,231.3699951171875,232.50999450683597,39418400,-0.0018059776976024,-0.00180761044142,0.0914265170242267,0.2711140674848396,0.2167617273756023,0.22050852156021478,0.22141225106887252,0.050429014174857886,0.7102900407205172,0.2930452886319699,0.3058910515349781,0.1434080468778348,0.7079170500175729,0.030020090600055515,0.008658610196044612,0.0204419249827986,0.010736558671770292,3.2674555079306073e-06,0.0003241491668137077,-0.00032088171130577705
2025-09-02,229.49752807617188,229.72000122070312,230.8500061035156,226.97000122070312,229.25,44075600,-0.0104247358288449,-0.0104794540012677,0.1335229385092569,0.277990318364568,0.2166657104000531,0.21392357439357187,0.21259036440349152,0.038880200668835144,0.7025344581158101,0.2711140674848396,0.306482743170458,0.1351769269501092,0.8142463742051738,0.04996748046292318,0.016890148277009468,0.019761964233152896,0.010494653574553743,0.00010981895616468562,0.0003284969679753514,-0.0002186780118106658
2025-09-03,238.2390594482422,238.47000122070312,238.8500061035156,234.3600006103516,237.2100067138672,66427800,0.0380898483088263,0.0373823400620571,0.2872770053305314,0.2972055540785702,0.2265920301915256,0.21515789433703886,0.2140547709955533,0.019302003010001158,0.6626929113113662,0.277990318364568,0.3012193816515551,0.1350020077118006,1.2024397864173204,0.0959302437556241,0.01882838709347144,0.01991982536180733,0.010453545962507584,0.0013974393485152795,0.00039814488086478705,0.0009992944676504925
2025-09-04,239.5477752685547,239.77999877929688,239.8999938964844,236.7400054931641,238.4499969482422,47549400,0.0054933431957395,0.0054783098165509,0.2870827059945877,0.2533645959663382,0.2245483493842132,0.1930210375828085,0.1989644945167835,0.015405066579978236,0.5101991727107101,0.2972055540785702,0.2961981734992397,0.2264066341343941,0.9109517611908388,0.008877302729870484,0.013178698888179128,0.018283330401193575,0.00856160340112531,3.001187844611795e-05,0.00027637255412520356,-0.0002463606756790856
2025-09-05,239.45787048339844,239.69000244140625,241.32000732421875,238.4900054931641,240.0,54870400,-0.0003753287945149,-0.0003753992479963,0.2925276496769867,0.2355066883759388,0.2245505877336276,0.1901506295292108,0.19541665095969213,0.01761103571601295,0.42428245584801294,0.2533645959663382,0.2930452886319699,0.2510327680567639,1.0880556179360308,0.02499088617722031,0.011806924787138217,0.017903353435498807,0.008676995458791652,1.4092459539618755e-07,0.00022739914181410122,-0.00022725821721870503
2025-09-08,237.64962768554688,237.8800048828125,240.1499938964844,236.33999633789065,239.3000030517578,48999500,-0.0075514103223234,-0.0075800665758205,0.3048923602437539,0.1933184114808724,0.2208446511451281,0.15790538697936693,0.17155733145664437,0.02745570089673035,0.20480432416394198,0.2355066883759388,0.2711140674848396,0.2857925387995706,1.038409902716953,0.006546472445621709,0.016016468304978722,0.016142589824956095,0.003708368444768206,5.7457409293871116e-05,0.00014422028862962776,-8.676287933575666e-05
2025-09-09,234.123046875,234.3500061035156,238.77999877929688,233.3600006103516,237.0,66313900,-0.0148394093948159,-0.0149506149516015,0.3203479505284271,0.1984488521493507,0.2238827625604071,0.15906161410316502,0.17139441858519566,0.03330420330368473,0.1543989847087937,0.1933184114808724,0.277990318364568,0.2839801619928668,1.398660351587052,0.04707170753233279,0.02312779188301449,0.016242547689529284,0.0038731226882365074,0.00022352088743105033,0.00015087753696932604,7.264335046172429e-05
2025-09-10,226.5703582763672,226.7899932861328,232.4199981689453,225.9499969482422,232.19000244140625,83440800,-0.032259494860194,-0.0327913008462837,0.2357256816957262,0.2294092666250309,0.2330287759135776,0.16648254714110217,0.17401127982399556,0.035015684291627804,-0.1820264125368652,0.1984488521493507,0.2972055540785702,0.2848121409708147,1.709741395897029,0.06498463997671514,0.028528600962301524,0.01685687326852333,0.0047485160799855194,0.001075269411191486,0.00019879413549853928,0.0008764752756929468
2025-09-11,229.8072204589844,230.02999877929688,230.4499969482422,226.6499938964844,226.8800048828125,50208600,0.0142863688393706,0.0141852803263389,0.2764352974538723,0.2278488447158127,0.2337719745106943,0.16498523179378666,0.17066809981565764,0.036472718439496905,-0.197920815657425,0.2294092666250309,0.2533645959663382,0.2875854831331815,1.0499569476371389,0.03226022079365701,0.01651959775648093,0.016703551890253073,0.004705064624063687,0.00020122217793681744,0.00019621890315598724,5.003274780830203e-06
2025-09-12,233.84332275390625,234.07000732421875,234.50999450683597,229.0200042724609,229.22000122070312,55824200,0.0175629638149852,0.0174105173193175,0.3318502775985924,0.2365923344277759,0.2331514745751727,0.1680588721444102,0.16899475616082046,0.03714672726819992,-0.1471188349473178,0.2278488447158127,0.2355066883759388,0.2881083290528887,1.1626391464179893,0.050704940887185225,0.023454479696626295,0.01695910321504834,0.004932142960974908,0.0003031261133262546,0.00021109673539801242,9.202937792824218e-05
2025-09-15,236.47076416015625,236.6999969482422,238.19000244140625,235.02999877929688,237.0,42699500,0.0112359103760806,0.0111732564144706,0.3480677603786968,0.2387209705441004,0.2337282559096463,0.16428753274730912,0.16533452857242004,0.037464840483044944,-0.1331757941125528,0.2365923344277759,0.1933184114808724,0.2903937397349277,0.9018205795331641,0.03497931852213697,0.013350248005285588,0.016560075065305716,0.004882418443243004,0.0001248416589035084,0.00021602541142057936,-9.118375251707095e-05
2025-09-16,237.9193572998047,238.1499938964844,241.22000122070312,236.32000732421875,237.17999267578125,63421100,0.0061258849469238,0.0061071979909952,0.3262985782212858,0.2388328065103552,0.2304005541745067,0.16774053256798946,0.17001028753249348,0.03754673874350454,-0.12893600368962385,0.2387209705441004,0.1984488521493507,0.2915753628623613,1.303744211549078,0.07580598630816252,0.020575242586880912,0.016937012837858055,0.004887074487523882,3.729786730121581e-05,0.00021743212381544318,-0.00018013425651422737
2025-09-17,238.7585601806641,238.9900054931641,240.1000061035156,237.72999572753903,238.97000122070312,46508000,0.0035272375318422,0.0035210314188807,0.0904256393560019,0.2386605152559806,0.2304037731425134,0.16592116254281378,0.16765806519713788,0.03743695196905765,-0.127283934758983,0.2388328065103552,0.2294092666250309,0.2916281875260538,0.9491307508832796,0.05990185248294264,0.00991677610570352,0.01666949523896532,0.005123990731194786,1.2397662252745036e-05,0.00021794972155158364,-0.0002055520592988386
2025-09-18,237.64962768554688,237.8800048828125,241.1999969482422,236.6499938964844,239.97000122070312,44249600,-0.0046445482440198,-0.0046553676721177,0.1314151824032242,0.2260414232876674,0.2302041291439537,0.1650721278031763,0.16977351441948782,0.036983869325589065,-0.06341330866855231,0.2386605152559806,0.2278488447158127,0.3031059486992559,0.9012155012096763,0.05384303133012795,0.019127303507494316,0.016586084063188438,0.005066545973711247,2.167244816259857e-05,0.00019916931230613307,-0.0001774968641435345
2025-09-19,245.26223754882807,245.5,246.3000030517578,240.2100067138672,241.22999572753903,163741300,0.0320329366099574,0.0315305818698142,0.2152991921356337,0.2461768197860537,0.2375047283329038,0.17153544261080028,0.17470005573466807,0.03547394913113536,0.0749676591760355,0.2260414232876674,0.2365923344277759,0.3039176433900193,2.9367520916839047,0.20263693359993912,0.0248065023946665,0.017217248318643307,0.005271325356695218,0.000994177593049056,0.00024766620352881463,0.0007465113895202414
2025-09-22,255.8319854736328,256.0799865722656,256.6400146484375,248.1199951171875,248.3000030517578,105517400,0.0430956683188008,0.0421928959913296,0.3182000722624057,0.2794311974502911,0.2501447587113607,0.18279155640035435,0.17791861330509157,0.03396091437402861,0.24764721976021287,0.2461768197860537,0.2387209705441004,0.3058910515349781,1.7912267956612606,0.16549758239635562,0.03327093087317722,0.01807292851954309,0.0063656316808782774,0.0017802404721351576,0.00032869406055342955,0.001451546411581728
2025-09-23,254.18359375,254.42999267578125,257.3399963378906,253.5800018310547,255.8800048828125,60275200,-0.0064432754725202,-0.0064641229709604,0.3528079859306827,0.2812983629569213,0.2509650389539553,0.18322560014532485,0.1782184814805411,0.03235225858471698,0.24340288107199676,0.2794311974502911,0.2388328065103552,0.306482743170458,0.9983883390616589,0.15758956127154602,0.014778110344983102,0.018136097270916578,0.006324151546791006,4.178488578369791e-05,0.0003304354086395456,-0.0002886505228558477
2025-09-24,252.06564331054688,252.30999755859372,255.7400054931641,251.0399932861328,255.22000122070312,42303700,-0.0083323317934808,-0.0083672397148728,0.3822726148297741,0.2852107422888624,0.2498955995799721,0.18194704169041157,0.176157669990751,0.0312771919285175,0.23575898420689995,0.2812983629569213,0.2386605152559806,0.3012193816515551,0.7079059146474008,0.10460932022892351,0.018627926964882947,0.01802087482738054,0.006291431773098245,7.001070044614465e-05,0.00032949897470625197,-0.00025948827426010735
2025-09-25,256.6212158203125,256.8699951171875,257.1700134277344,251.7100067138672,253.2100067138672,55202100,0.0180729959284897,0.0179116207919064,0.3573771865459105,0.2890027538678913,0.2509248885251121,0.1860016444752054,0.18006605746228252,0.030782176541271838,0.238332326070823,0.2852107422888624,0.2260414232876674,0.2961981734992397,0.905604791385795,0.14121534605612956,0.021255914733740156,0.018510977751639564,0.006132724534088756,0.0003208261593930537,0.0003442230459884838,-2.339688659543012e-05
2025-09-26,255.2126007080078,255.4600067138672,257.6000061035156,253.77999877929688,254.1000061035156,46076300,-0.0054891128980519,-0.0055042334358666,0.3484124851114616,0.2912076706299622,0.2486029328807614,0.18494522748114295,0.17893116669762554,0.030655257506626357,0.23652939610923351,0.2890027538678913,0.2461768197860537,0.2930452886319699,0.7509647771192908,0.12204853123369104,0.014953445642461842,0.018383605450226048,0.006181071192987885,3.0296585716511834e-05,0.00034174102977762894,-0.0003114444440611171
2025-09-29,254.18359375,254.42999267578125,255.0,253.00999450683597,254.55999755859372,40127700,-0.0040319972246756,-0.004040147641167,0.1722373399415482,0.2919757726632282,0.2489858176384917,0.1847800209623885,0.17872537858985824,0.03168574248215194,0.2242402877229816,0.2912076706299622,0.2794311974502911,0.2711140674848396,0.6536349717522453,0.11382881125120778,0.007821426523797794,0.018341746266613702,0.006252815062530209,1.6322792962427272e-05,0.0003423937966503538,-0.0003260710036879265
2025-09-30,254.38340759277344,254.6300048828125,255.9199981689453,253.1100006103516,254.8600006103516,37704300,0.0007861188255666,0.0007858099960032,0.1661049815420142,0.286962441217751,0.2455521815368536,0.18273457394480264,0.17583255813365545,0.03212149282606801,0.24251748581011484,0.2919757726632282,0.2812983629569213,0.277990318364568,0.6173640611307378,0.10490180785428689,0.011035610512150589,0.01804901937837076,0.006458022062500423,6.174973498185492e-07,0.0003369337237096104,-0.00033631622635979183
2025-10-01,255.20260620117188,255.4499969482422,258.7900085449219,254.92999267578125,255.0399932861328,48713900,0.0032203277292754,0.0032151535792634,0.1480262230768349,0.2604635618433729,0.2454762635218994,0.18105689431619076,0.17376720412772953,0.030484901770176126,0.1766905320416894,0.286962441217751,0.2852107422888624,0.2972055540785702,0.8093711393981575,0.0941450742019618,0.01511065145920796,0.017863132596657588,0.006487844684346309,1.0337212538250252e-05,0.00026757861691075895,-0.0002572414043725087
2025-10-02,256.8809814453125,257.1300048828125,258.17999267578125,254.1499938964844,256.5799865722656,42630200,0.0065766606171098,0.0065551287383542,0.079506997386037,0.2606033837989171,0.2455318234975045,0.1819543673831749,0.17542791244179484,0.030552056502962884,0.2077131626147302,0.2604635618433729,0.2890027538678913,0.2533645959663382,0.7111981146248122,0.10211047130111446,0.015673000827474515,0.01798784769362236,0.006416640066859264,4.296971277639713e-05,0.0002682265086272729,-0.00022525679585087575
2025-10-03,257.7701110839844,258.0199890136719,259.239990234375,253.9499969482422,254.6699981689453,49155600,0.003461222393182,0.0034552461490576,0.0626495313210932,0.2602036411655679,0.2454671308116963,0.18549029720412358,0.17819364334565888,0.03035794912751481,0.20057390629073746,0.2606033837989171,0.2912076706299622,0.2355066883759388,0.8239890793235074,0.10206565622462596,0.020502261496695547,0.018422614529100222,0.006268677985271004,1.1938725950577375e-05,0.000268816398695032,-0.0002568776727444546
2025-10-06,256.44140625,256.69000244140625,259.07000732421875,255.0500030517578,257.989990234375,44664100,-0.0051545873532889,-0.0051679180679675,0.0696171420108198,0.258956516671707,0.2453548809225745,0.1853532482361082,0.1781311832652126,0.026917003820960416,0.13946572395769186,0.2602036411655679,0.2919757726632282,0.1933184114808724,0.7514290941744776,0.10284678863509696,0.015660930438374087,0.018404837635769992,0.006276359944828025,2.670737715722494e-05,0.00026727889708819965,-0.0002405715199309747
2025-10-07,256.23162841796875,256.4800109863281,257.3999938964844,255.42999267578125,256.8099975585937,31955800,-0.0008180741481198,-0.0008184089533852,0.0719369285542999,0.2500877248516298,0.2434206759558121,0.17952251300012154,0.17143145438993088,0.02331053292486523,0.16930874878125113,0.258956516671707,0.286962441217751,0.1984488521493507,0.5536254848108062,0.07095232679834697,0.007680915222699899,0.01763249380275426,0.0066063251356313826,6.697932149810584e-07,0.0002561363423773962,-0.0002554665491624151
2025-10-08,257.8100891113281,258.0599975585937,258.5199890136719,256.1099853515625,256.5199890136719,36496900,0.0061602717739661,0.0061413748668145,0.0791081577376024,0.2076487234567331,0.2434719358301319,0.170307754386926,0.1656523515413715,0.025190714916576828,0.5688491841957055,0.2500877248516298,0.2604635618433729,0.2294092666250309,0.6591008108080043,0.06514410289903788,0.009338927710259211,0.016673010140152145,0.006328186792264659,3.771648525474082e-05,0.0002042586960805589,-0.00016654221082581809
2025-10-09,253.79396057128903,254.0399932861328,258.0,253.13999938964844,257.8099975585937,38322000,-0.015577789314472,-0.0157003980566974,0.1361651487002915,0.2196501269476605,0.2466047545292619,0.1714405450717053,0.1668727581329939,0.025763897531316065,0.44958720563394106,0.2076487234567331,0.2606033837989171,0.2278488447158127,0.6995689715366776,0.08755809161444435,0.01913084844431404,0.016803572674543802,0.006351748684791543,0.00024650249913874754,0.00020652271214065542,3.997978699809212e-05
2025-10-10,245.032470703125,245.2700042724609,256.3800048828125,244.0,254.94000244140625,61999100,-0.0345220801663066,-0.0351320465271234,0.2550091759419595,0.2562887726625421,0.2587077078402715,0.1948677337186692,0.18600819076777508,0.02529947476897505,0.023037633831912156,0.2196501269476605,0.2602036411655679,0.2365923344277759,1.1254517529074743,0.11285812985178678,0.05047500577795903,0.01815459897861044,0.009786066672022314,0.0012342606931839634,0.00025307944113354085,0.0009811812520504224
2025-10-13,247.42015075683597,247.66000366210935,249.69000244140625,245.55999755859372,249.3800048828125,38142900,0.0097443606964409,0.0096971905945305,0.2923540692186845,0.2556665922114816,0.2590520255500119,0.19602815505459323,0.1870896549508568,0.024887146176416408,0.01906737765161286,0.2562887726625421,0.258956516671707,0.2387209705441004,0.6952725064144676,0.10537436526317387,0.016676107654618424,0.01832089196107708,0.009728217228562572,9.403550542665081e-05,0.000251539133459698,-0.0001575036280330472
2025-10-14,247.5300445556641,247.7700042724609,248.8500061035156,244.6999969482422,246.6000061035156,35478000,0.0004441597703503,0.0004440611605975,0.2942114656364633,0.2553273270014535,0.2589879815447582,0.1944178627500743,0.18466987180501826,0.02444542026024175,0.020613150213443544,0.2556665922114816,0.2500877248516298,0.2388328065103552,0.66359658011524,0.07761660183615217,0.016749441351705516,0.018129601899318313,0.009719165875502221,1.9719031435119871e-07,0.00024968409961035476,-0.00024948690929600355
2025-10-15,249.09852600097656,249.33999633789065,251.82000732421875,247.47000122070312,249.4900054931641,33893600,0.0063364896410271,0.0063164984952247,0.2947031006107684,0.2557435831603226,0.2587617800276903,0.19680188078269858,0.18813345520758554,0.023952440464983866,0.02020135103154784,0.2553273270014535,0.2076487234567331,0.2386605152559806,0.6415295438024541,0.0887176380449907,0.017446082326963527,0.01850606721038131,0.009528250764177305,3.98981532401759e-05,0.0002510591241597263,-0.0002111609709195504
2025-10-16,247.2103576660156,247.4499969482422,249.0399932861328,245.1300048828125,248.25,39777000,-0.0075800088931068,-0.0076088831645481,0.2848717414463601,0.2569931877954675,0.259489195814424,0.19550146856334497,0.18710613416657884,0.02254010988939374,0.003035554827650918,0.2557435831603226,0.2196501269476605,0.2260414232876674,0.756089445398498,0.09982482710229343,0.01580112528406353,0.018339758299209773,0.009545848623975,5.789510301174351e-05,0.00025287025690218354,-0.00019497515389044003
2025-10-17,252.045654296875,252.2899932861328,253.3800048828125,247.2700042724609,248.0200042724609,49147000,0.0195594924129378,0.0193706638299994,0.1603207772053511,0.2416076633914959,0.2616390941525957,0.19514064844277823,0.18679818595482148,0.0227359801464202,-0.17821918631048456,0.2569931877954675,0.2562887726625421,0.2461768197860537,1.0483767406995947,-0.02341710021462105,0.024218164703115986,0.018310341414632246,0.00952575696308769,0.000375222617214847,0.00022192250811047315,0.00015330010910437382
2025-10-20,261.98602294921875,262.239990234375,264.3800048828125,255.6300048828125,255.88999938964844,90483000,0.03943873008454,0.038680884861185,0.2878261172300596,0.233935964471586,0.2717377407590248,0.19505778976464502,0.19119923425039018,0.023194284670334585,-0.5899292082429066,0.2416076633914959,0.2556665922114816,0.2794311974502911,1.9615881399826827,0.03641556601049032,0.033366383182747046,0.018315114030110734,0.009533667681861887,0.0014962108536442508,0.00020772102718592776,0.001288489826458323
2025-10-21,262.5155029296875,262.7699890136719,265.2900085449219,261.8299865722656,261.8800048828125,46695900,0.0020210448407322,0.0020190052771787,0.2842300014918041,0.2321868478038829,0.2716992282497236,0.19454113437050025,0.19073350167151287,0.023412943144913413,-0.5888129327397966,0.233935964471586,0.2553273270014535,0.2812983629569213,1.0274474676861953,0.033657518049062286,0.013167492930390257,0.018234583159381094,0.009571843229494158,4.07638230927544e-06,0.00020583560201220666,-0.00020175921970293123
2025-10-22,258.19970703125,258.45001220703125,262.8500061035156,255.42999267578125,262.6499938964844,45015300,-0.0164401453257885,-0.0165767841596911,0.3505580291706076,0.2386068815926173,0.2727006713953356,0.20002250315704798,0.19685716025445565,0.022820039651329733,-0.5935392227499073,0.2321868478038829,0.2557435831603226,0.2852107422888624,0.9875233730405831,0.04676587501776712,0.02870966561143196,0.018738670091708546,0.009854932063936636,0.00027478977307698584,0.00021607455564374872,5.8715217433237115e-05
2025-10-23,259.3285827636719,259.5799865722656,260.6199951171875,258.010009765625,259.94000244140625,32754900,0.0043721196048125,0.0043625896571767,0.3283458419857529,0.2307397609917977,0.2711570337173543,0.1958993321058392,0.19360460717701006,0.02197504100965556,-0.6392322110828971,0.2386068815926173,0.2569931877954675,0.2890027538678913,0.7366996407580236,0.017902836273313533,0.010054647841026429,0.01817860674707286,0.010021230979574622,1.903218851690512e-05,0.00020098485709994129,-0.00018195266858303617
2025-10-24,262.56549072265625,262.82000732421875,264.1300048828125,259.17999267578125,261.19000244140625,38253700,0.0124817817996578,0.0124045265523875,0.318834602281785,0.233276384492829,0.2708123539239965,0.19745558382225026,0.19565704173619822,0.0203247438445285,-0.6123604761020366,0.2307397609917977,0.2416076633914959,0.2912076706299622,0.8680105952853544,0.03456250363038998,0.01883422901257605,0.018372645915578568,0.00999302780363383,0.0001538722789888865,0.00020716364176356,-5.329136277467349e-05
2025-10-27,268.5496520996094,268.8099975585937,269.1199951171875,264.6499938964844,264.8800048828125,44888200,0.0227912261907277,0.0225353861723755,0.2296534367931459,0.2438595361036845,0.2664559882019154,0.19996163329450933,0.196488810286697,0.01769013636568562,-0.5133127951549717,0.233276384492829,0.233935964471586,0.2919757726632282,1.0130816679482095,0.04968937623328617,0.01662885034522862,0.018813017106650114,0.009693148816558236,0.0005078436299380929,0.00023173968361234329,0.0002761039463257496
2025-10-28,268.7394714355469,269.0,269.8900146484375,268.1499938964844,268.989990234375,41534800,0.0007068280314419,0.0007065783461583,0.2308939691636151,0.2438681578920462,0.266583524122751,0.19904977767898321,0.19521122633352925,0.014974889987368538,-0.5153585740098333,0.2438595361036845,0.2321868478038829,0.286962441217751,0.9333642995593605,0.04897370603281242,0.006468478631796004,0.01858466051263238,0.009936753117273649,4.992529592597984e-07,0.00023173377139281537,-0.00023123451843355558
2025-10-29,269.4388122558594,269.70001220703125,271.4100036621094,267.1099853515625,269.2799987792969,51086700,0.0026022758625696,0.0025988958053615,0.1430718758113232,0.2438622107567353,0.266246232874249,0.19938287384972672,0.19568378231495884,0.014513110355603327,-0.5410640209886948,0.2438681578920462,0.2386068815926173,0.2604635618433729,1.1449607435083042,0.045872450758417456,0.015943708253324175,0.018626313352338192,0.009923161048011981,6.7542594071256e-06,0.00023155462373625912,-0.00022480036432913353
2025-10-30,271.1371459960937,271.3999938964844,274.1400146484375,268.4800109863281,271.989990234375,69886500,0.0063032317853517,0.006283449504564,0.1401746247373208,0.2438073572786666,0.2492951122789631,0.20151104092820357,0.19868128439404287,0.013975065530338053,-0.5413816512249654,0.2438622107567353,0.2307397609917977,0.2606033837989171,1.5198813437128587,0.07051666370867773,0.020854840786283056,0.01888540535027862,0.009909631372657655,3.948173767640557e-05,0.00023138022498125959,-0.00019189848730485402
2025-10-31,270.108154296875,270.3699951171875,277.32000732421875,269.1600036621094,276.989990234375,86167100,-0.0037951319176879,-0.0038023517033056,0.1604444952343909,0.2448681696562961,0.2431933991247887,0.2067091004302291,0.20099510648456684,0.01339690812255279,-0.540951729663687,0.2438073572786666,0.233276384492829,0.2602036411655679,1.801448294425556,0.07451105545312858,0.03018087735132204,0.019369336143009945,0.010224080884137508,1.4457878475631e-05,0.0002315061826075122,-0.0002170483041318812
2025-11-03,268.7894287109375,269.04998779296875,270.8500061035156,266.25,270.4200134277344,50194600,-0.00488222564655,-0.0048941826438965,0.0731722179086707,0.2447587889987802,0.2304382561322124,0.20724538160817554,0.2017558615549036,0.012834957633076535,-0.5430701115765277,0.2448681696562961,0.2438595361036845,0.258956516671707,1.0433591464320866,0.058206024777959484,0.017097217291291177,0.0194411504856558,0.010201681682299405,2.3953023751817735e-05,0.00023136846493724186,-0.00020741544118542412
2025-11-04,269.7784729003906,270.0400085449219,271.489990234375,267.6199951171875,268.3299865722656,49274800,0.0036796907521696,0.0036729372522777,0.0774276496363241,0.244506414329695,0.2290446840295367,0.20885199529809256,0.20357750199798416,0.012701579414422718,-0.5545957181913843,0.2447587889987802,0.2438681578920462,0.2500877248516298,1.0061297080527458,0.07151631721040866,0.014331191655786502,0.01977366430731013,0.00990217708854011,1.349046805916926e-05,0.00023200949867945123,-0.00021851903062028197
2025-11-05,269.8783874511719,270.1400146484375,271.70001220703125,266.92999267578125,268.6099853515625,43683100,0.0003703380993598,0.0003702695411318,0.0757118955172646,0.2442482829922249,0.2284990136399181,0.21129646879186087,0.2070867740939037,0.009921213123024929,-0.693576016038929,0.244506414329695,0.2438622107567353,0.2076487234567331,0.8854578929584134,0.05873703865571654,0.017657582263248723,0.0201895970349596,0.009611241185666896,1.3709953308995374e-07,0.00023013052939336874,-0.00022999342986027878
2025-11-06,269.5087280273437,269.7699890136719,273.3999938964844,267.8900146484375,267.8900146484375,51204000,-0.0013697549963014,-0.0013706939682153,0.0542176059691369,0.2353871046349594,0.2269765974752748,0.21186418477130353,0.20984797880446515,0.008474583337900968,-0.638290212589174,0.2442482829922249,0.2438073572786666,0.2196501269476605,1.0245305885528455,0.06484516718915023,0.020424730223670768,0.02025429112392744,0.009608093676926829,1.8788019545018056e-06,0.00021789934453415646,-0.00021602054257965466
2025-11-07,268.2099914550781,268.4700012207031,272.2900085449219,266.7699890136719,269.79998779296875,48227400,-0.0048188747670626,-0.0048305229799918,0.0577004301284036,0.1905858827139956,0.2272550543477522,0.18884101110911558,0.19597431007927898,0.014230682596616945,0.02528329064879204,0.2353871046349594,0.2448681696562961,0.2562887726625421,0.9784532889154215,0.03104625103961612,0.0205610291881815,0.018758592294438565,0.00647283396917008,2.333395226022886e-05,0.00015735300748796974,-0.00013401905522774087
2025-11-10,269.42999267578125,269.42999267578125,273.7300109863281,267.4599914550781,268.9599914550781,41312400,0.0035757866827323,0.003569408757078,0.0567847097658193,0.1896164531709769,0.2267269760210184,0.19192942650470937,0.20063521431775172,0.01779126112181409,0.019262864253324782,0.1905858827139956,0.2447587889987802,0.2556665922114816,0.835473296135933,0.04311624018605338,0.023271423752718696,0.019088358099343578,0.006528915473856373,1.2740678875105115e-05,0.00015328826616039243,-0.00014054758728528733
2025-11-11,275.25,275.25,275.9100036621094,269.79998779296875,269.8099975585937,46208300,0.0216011857715567,0.0213711864359464,0.1630100982146325,0.1984452536901731,0.2296707886028887,0.194500907987963,0.19950339981858684,0.019258815696964957,0.10587259212641045,0.1896164531709769,0.244506414329695,0.2553273270014535,0.9244541523592904,0.05253501150424269,0.022198059470084016,0.019360789005262502,0.006539850904156236,0.00045672760967997944,0.00017611478712867385,0.00028061282255130557
2025-11-12,273.4700012207031,273.4700012207031,275.7300109863281,271.70001220703125,275.0,48398000,-0.0064668438848206,-0.006487844507194,0.1786769393628458,0.2026995386594072,0.2303137818377483,0.19348358865998536,0.19774904778023367,0.01982983958127779,0.07070045518737128,0.1984452536901731,0.2442482829922249,0.2557435831603226,0.9544142843859948,0.05713732411658964,0.014736529642402995,0.019225311371034476,0.006609299414767285,4.2092126349527354e-05,0.00017622448578414143,-0.00013413235943461407
2025-11-13,272.95001220703125,272.95001220703125,276.70001220703125,272.0899963378906,274.1099853515625,49602800,-0.0019014480979659,-0.0019032581452385,0.17943284058624,0.1991146563109421,0.2256142964364925,0.19385728261096116,0.19816287257050738,0.020193969224813882,0.0924670117517598,0.2026995386594072,0.2353871046349594,0.2569931877954675,0.968787184997146,0.04970278397311074,0.01688959759285136,0.019279734986473868,0.006584052528343968,3.622391567416695e-06,0.0001735108502119251,-0.0001698884586445084
2025-11-14,272.4100036621094,272.4100036621094,275.9599914550781,269.6000061035156,271.04998779296875,47431300,-0.0019784155368063,-0.0019803751859178,0.1732891512581224,0.1928656774247816,0.2252450719223345,0.1932448902567206,0.2005896017875229,0.021491721050919666,0.17527883470950384,0.1991146563109421,0.1905858827139956,0.2416076633914959,0.9279305505179092,0.035735732182449076,0.02334710644272546,0.01923618207345434,0.006552471175446654,3.9218858769989615e-06,0.00015494581364503267,-0.0001510239277680337
2025-11-17,267.4599914550781,267.4599914550781,270.489990234375,265.7300109863281,268.82000732421875,45018300,-0.0181711836587731,-0.0183383072681993,0.2289297945077742,0.159560725072326,0.2286188148880142,0.18338020998300622,0.1946408418200458,0.026091129820589958,0.5126026533603049,0.1928656774247816,0.1896164531709769,0.233935964471586,0.9217146628494527,-0.008861378322706897,0.017796976744637146,0.018457711751548846,0.005647780650950714,0.00033629351346289133,9.694994663596472e-05,0.0002393435668269266
2025-11-18,267.44000244140625,267.44000244140625,270.7099914550781,265.32000732421875,269.989990234375,45677300,-7.473646268785217e-05,-7.473925559643532e-05,0.1177888843809796,0.1595539407465443,0.2284245335387976,0.18623417334903325,0.19739584484826836,0.02954803786201321,0.5095721657064011,0.159560725072326,0.1984452536901731,0.2321868478038829,0.9361833822751031,0.016066859369780546,0.020153993724406554,0.018807036791249662,0.005517920551460029,5.585956327109289e-09,9.674640681831731e-05,-9.674082086199021e-05
2025-11-19,268.5599975585937,268.5599975585937,272.2099914550781,265.5,265.5299987792969,40424500,0.0041878369240326,0.0041790923404071,0.1364789508810119,0.1458556579749247,0.2280201591160453,0.183814562873271,0.1958622707771091,0.03337459991315857,0.6105787754449391,0.1595539407465443,0.2026995386594072,0.2386068815926173,0.8324403922577659,0.012116472928832384,0.02498507415876096,0.01862080721861611,0.005220979723152741,1.746481278964929e-05,8.388015880395048e-05,-6.641534601430119e-05
2025-11-20,266.25,266.25,275.42999267578125,265.9200134277344,270.8299865722656,45823600,-0.0086014208355426,-0.0086386265574153,0.1394740131464968,0.1502025392558058,0.2291193890167181,0.19732809844625285,0.20998986888859877,0.0360711687043179,0.5402790355696542,0.1458556579749247,0.1991146563109421,0.2307397609917977,0.9310925742565205,0.03241251413845991,0.03571823191754695,0.01990398642244214,0.006086766592987135,7.462586879848091e-05,8.665984281802926e-05,-1.203397401954835e-05
2025-11-21,271.489990234375,271.489990234375,273.3299865722656,265.6700134277344,265.95001220703125,59030800,0.019680714495305,0.0194895532890237,0.2253318443724805,0.1590163067997947,0.2314132996668258,0.20244418617035628,0.21225125650326052,0.03740569529992394,0.5804826945987852,0.1502025392558058,0.1928656774247816,0.233276384492829,1.1746552121260663,0.038429570409420584,0.02821456930297305,0.020373003436961988,0.006355468806645385,0.00037984268740569457,9.795836323886967e-05,0.0002818843241668249
2025-11-24,275.9200134277344,275.9200134277344,277.0,270.8999938964844,270.8999938964844,65585800,0.0163174457722548,0.016185746981243,0.1844390765758991,0.1492374969153957,0.2328896048254527,0.20484668122531283,0.21406056702879334,0.038445696646743126,0.45369143790893846,0.1590163067997947,0.159560725072326,0.2438595361036845,1.2787596777100878,0.035310046538205214,0.022107878394668407,0.020646954839433976,0.006303456915471152,0.0002619784053408169,8.566510200900587e-05,0.00017631330333181105
2025-11-25,276.9700012207031,276.9700012207031,280.3800048828125,275.25,275.2699890136719,46914200,0.0038054064289314,0.0037981841864668,0.1780392822266225,0.1494762864934552,0.2312237393650749,0.2081386411678431,0.2179957382504739,0.038840508778682684,0.45909245192673254,0.1492374969153957,0.1595539407465443,0.2438681578920462,0.9099380643872409,0.024810842950119698,0.018521879121214516,0.021249624863904904,0.005385948329185739,1.4426203114326467e-05,8.63614495167592e-05,-7.193524640243274e-05
2025-11-26,277.54998779296875,277.54998779296875,279.5299987792969,276.6300048828125,276.9599914550781,33431400,0.0020940411225383,0.0020918516744236,0.1807212443163023,0.1494358724579104,0.2199216506902416,0.2065354678557989,0.21584791695370756,0.03863186115215767,0.4582537658953805,0.1494762864934552,0.1458556579749247,0.2438622107567353,0.6597242298491104,-0.0010574645291705266,0.010448546294469847,0.020974866765962188,0.005795465812192209,4.375843427788819e-06,8.624252871779236e-05,-8.186668529000354e-05
2025-11-28,278.8500061035156,278.8500061035156,279.0,275.989990234375,277.260009765625,20135600,0.0046839069274851,0.0046729715689383,0.1267138734120133,0.1488509796571909,0.2198817151776685,0.2030114442590014,0.21083962231718248,0.037842289291609016,0.4563138269394498,0.1494358724579104,0.1502025392558058,0.2438073572786666,0.417861441191983,-0.0393425589236848,0.01079436865605667,0.020471843159450866,0.006226972467805406,2.1836663284105675e-05,8.536027499817737e-05,-6.35236117140717e-05
2025-12-01,283.1000061035156,283.1000061035156,283.4200134277344,276.1400146484375,278.010009765625,46587700,0.0152411687537217,0.0151261889536981,0.1067011783317149,0.1551838558153829,0.2213015196559976,0.20059235301899347,0.21058438952897607,0.036007392127556555,0.5105351385523088,0.1488509796571909,0.1590163067997947,0.2448681696562961,1.008210755233449,0.014694461195857,0.02571529008245567,0.02024856379600755,0.00593366778110513,0.00022880159226297843,9.607746068754473e-05,0.00013272413157543368
2025-12-02,286.19000244140625,286.19000244140625,287.3999938964844,282.6300048828125,283.0,53669500,0.0109148578992286,0.0108557207642249,0.0870137301612026,0.1555691429868541,0.2208420274650629,0.20044147425611977,0.20922698072752852,0.03344390126333041,0.5366184071076783,0.1551838558153829,0.1492374969153957,0.2447587889987802,1.1571181431433373,0.04316865132001119,0.016667210499949136,0.020227063456440444,0.00594645278933649,0.00011784667331082364,0.00010077214316549503,1.7074530145328603e-05
2025-12-03,284.1499938964844,284.1499938964844,288.6199951171875,283.29998779296875,286.20001220703125,43538700,-0.0071281614574902,-0.0071536881784303,0.1358720722999133,0.1597206032690494,0.2186904493977219,0.2020223070709808,0.2111938087683734,0.029883620232984933,0.47907260161686677,0.1555691429868541,0.1494762864934552,0.244506414329695,0.9445379766476947,0.03464675008348738,0.01872253189685735,0.020446630468493987,0.005796477297774732,5.1175254554213426e-05,0.00010265638249024724,-5.1481127936033814e-05
2025-12-04,280.70001220703125,280.70001220703125,284.7300109863281,278.5899963378906,284.1000061035156,43989100,-0.0121414103943635,-0.0122157194075665,0.1850268381768805,0.1680273557416346,0.2080278956057602,0.20383102916401158,0.21230155506492887,0.02501519203907679,0.37166524530290884,0.1597206032690494,0.1494358724579104,0.2442482829922249,0.9539924010857822,0.04083798669945252,0.021873937945926812,0.020657448252627893,0.005766296659722227,0.00014922380064439684,0.00011011071754581259,3.911308309858425e-05
2025-12-05,278.7799987792969,278.7799987792969,281.1400146484375,278.04998779296875,280.5400085449219,47265800,-0.0068400902894092,-0.0068635909326489,0.1934710477182476,0.1705650634670252,0.2079060377833545,0.2005454051426129,0.2080272454309769,0.01989908080388491,0.34160607876879967,0.1680273557416346,0.1488509796571909,0.2353871046349594,1.0294504082393843,0.035953954195247606,0.011084105276559121,0.020190417005272313,0.00615153271669523,4.71088804907402e-05,0.0001123722214726245,-6.52633409818843e-05
2025-12-08,277.8900146484375,277.8900146484375,279.6700134277344,276.1499938964844,278.1300048828125,38211800,-0.0031924246171044,-0.0031975312758841,0.1389754254425999,0.1698400430880647,0.2061737335124884,0.19758867282940015,0.20434935275688068,0.019169503028650708,0.3238187184610585,0.1705650634670252,0.1551838558153829,0.1905858827139956,0.8414315377070077,0.029282813391383816,0.012666952195829077,0.01979571315565469,0.00637567369937696,1.0224206260257e-05,0.00011171673417262592,-0.00010149252791236891
2025-12-09,277.17999267578125,277.17999267578125,280.0299987792969,276.9200134277344,278.1600036621094,32193300,-0.0025550467279455,-0.0025583164305193,0.0612866356216144,0.1703491845032958,0.2057289656178588,0.19278981515365193,0.19777720031279056,0.018423781116862638,0.3202078100778361,0.1698400430880647,0.1555691429868541,0.1896164531709769,0.7160926834574188,0.028576789338445457,0.011220093202038086,0.019193146628120657,0.006595588846182492,6.544982958665013e-06,0.00011140694937680391,-0.0001048619664181389
2025-12-10,278.7799987792969,278.7799987792969,279.75,276.44000244140625,277.75,33038300,0.0057724444252624,0.0057558477064034,0.104527226612915,0.1543574597092357,0.2057048689548863,0.18850130909725427,0.19677854609807208,0.016868841448068946,0.19309032448344476,0.1703491845032958,0.1597206032690494,0.1984452536901731,0.7458126582027022,0.023963713577043317,0.011873152927352554,0.018676901300984088,0.006750269679468692,3.312978281930928e-05,9.022705803377039e-05,-5.709727521446111e-05
2025-12-11,278.0299987792969,278.0299987792969,279.5899963378906,273.8099975585937,279.1000061035156,33248000,-0.0026902934331158,-0.0026939187761114,0.073605289957191,0.1526123715289447,0.2059834207995632,0.19113008860149006,0.20046187557897427,0.014254281445665944,0.2207460079213016,0.1543574597092357,0.1680273557416346,0.2026995386594072,0.7636040512722638,0.021911692994002124,0.020789119176615023,0.018979530777694688,0.006699803287404614,7.2571983722855435e-06,8.84853116349083e-05,-8.122811326262275e-05
2025-12-12,278.2799987792969,278.2799987792969,279.2200012207031,276.82000732421875,277.8999938964844,39532900,0.0008991835452922,0.0008987795219441,0.0600926502429852,0.1522712733791024,0.2054707013770152,0.18864402879965306,0.1973690737349579,0.01117191443292573,0.2195748659651359,0.1526123715289447,0.1705650634670252,0.1991146563109421,0.9185709311634684,0.03011855941944163,0.008624385176844145,0.018566270156894327,0.0070796426113784155,8.078046290660648e-07,8.834458228799077e-05,-8.75367776589247e-05
2025-12-15,274.1099853515625,274.1099853515625,280.1499938964844,272.8399963378906,280.1499938964844,50409100,-0.01498495560596,-0.0150983644301995,0.1224974287396667,0.1624203126306862,0.1995798872089219,0.19050658581571273,0.1942761804352676,0.007837876937585747,0.08532563961217549,0.1522712733791024,0.1698400430880647,0.1928656774247816,1.1672478889999451,0.04606333228930084,0.026668118453321718,0.01873232075742414,0.007234920960466427,0.00022796060846711348,9.954651841749651e-05,0.00012841409004961697
2025-12-16,274.6099853515625,274.6099853515625,275.5,271.7900085449219,272.82000732421875,37648600,0.0018240853187405,0.0018224236954371,0.1267780755920843,0.1467249129165585,0.180997621556575,0.1889328432195506,0.19191790072904136,0.008145712492233668,-0.2792943873251324,0.1624203126306862,0.1703491845032958,0.159560725072326,0.8792745073310633,0.0359500703428698,0.01351003842896864,0.018517973841640716,0.007327008498014141,3.3212281256906155e-06,8.289790415063646e-05,-7.957667602494585e-05
2025-12-17,271.8399963378906,271.8399963378906,276.1600036621094,271.6400146484375,275.010009765625,50138700,-0.010086993049891,-0.010138211482018,0.1163907009616931,0.152237725367723,0.1818138002603593,0.18733700643900358,0.18916692236035226,0.008163882227170164,-0.31429077085018264,0.1467249129165585,0.1543574597092357,0.1595539407465443,1.1649090736316436,0.05180588077207223,0.016627387708075293,0.01834164354082415,0.00732799938391086,0.00010278333205412161,8.803679145552618e-05,1.4746540598595427e-05
2025-12-18,272.19000244140625,272.19000244140625,273.6300048828125,266.95001220703125,273.6099853515625,51630700,0.0012875445417552,0.00128671636708,0.1245914879536344,0.1517356196452369,0.1807392970590101,0.18719022028753407,0.1902702463928234,0.007876446731046137,-0.3087707709993522,0.152237725367723,0.1526123715289447,0.1458556579749247,1.184158318651009,0.05904365544347653,0.024541653315203,0.018319472498646256,0.007307483706037937,1.655639009311553e-06,8.72463327665093e-05,-8.559069375719775e-05
2025-12-19,273.6700134277344,273.6700134277344,274.6000061035156,269.8999938964844,272.1499938964844,144632000,0.0054374186158683,0.0054226892243876,0.1395956632900621,0.1484669066659975,0.1776111818347576,0.17545280096771432,0.1776707170217905,0.007957373069180153,-0.2950810966605422,0.1517356196452369,0.1522712733791024,0.1502025392558058,2.979547439721806,0.14242960496588722,0.017174012410652147,0.017392261523301512,0.006052350086434875,2.940555842428939e-05,8.498531724779973e-05,-5.557975882351034e-05
2025-12-22,270.9700012207031,270.9700012207031,273.8800048828125,270.510009765625,272.8599853515625,36571800,-0.0098659410039609,-0.0099149318937192,0.1147265456354315,0.1371385030032414,0.1785346205824791,0.16675877837100936,0.17110266221285297,0.009000423265994706,-0.3653195320436969,0.1484669066659975,0.1624203126306862,0.1590163067997947,0.7712535046864472,0.09066174277923375,0.012436783046115363,0.016603372210458628,0.005577093112423347,9.83058744570902e-05,7.09084766003695e-05,2.7397397856720695e-05
2025-12-23,272.3599853515625,272.3599853515625,272.5,269.5599975585937,270.8399963378906,29642000,0.0051296605697959,0.0051165486815904,0.1241849637183478,0.1247803035453562,0.178420568178108,0.16152350033348536,0.16846979768444548,0.011238055561125566,-0.31986065159881183,0.1371385030032414,0.1467249129165585,0.1492374969153957,0.6497380837877613,0.07563531674818495,0.010794546187140337,0.016037705600082226,0.005563124270178066,2.617907041108446e-05,5.911850985388288e-05,-3.2939439442798425e-05
2025-12-24,273.8099975585937,273.8099975585937,275.42999267578125,272.20001220703125,272.3399963378906,17910600,0.0053238812050879,0.005309759449072,0.1044922974623615,0.1256074947586076,0.1786235230484989,0.15865866959452715,0.16478447937538065,0.012888600703317587,-0.3111876204418911,0.1247803035453562,0.152237725367723,0.1494762864934552,0.4054806652648508,0.07008132462080438,0.011796429997260431,0.015701433143884523,0.005608144446969831,2.8193545407009387e-05,5.980687696851703e-05,-3.1613331561507644e-05
2025-12-26,273.3999938964844,273.3999938964844,275.3699951171875,272.8599853515625,274.1600036621094,21521800,-0.001497402088182,-0.0014985243151121,0.1066061610909081,0.1252429537204802,0.178658774311203,0.15830150819127392,0.16426052700927507,0.014280570255011924,-0.31560332435679345,0.1256074947586076,0.1517356196452369,0.1494358724579104,0.49389339954745526,0.09453214208276127,0.009180723561300987,0.01563804200722608,0.005677382936321233,2.2455751229821884e-06,5.97003635532767e-05,-5.745478843029451e-05
2025-12-29,273.760009765625,273.760009765625,274.3599853515625,272.3500061035156,272.69000244140625,23715200,0.0013168100847762,0.0013159438507369,0.0993375638614092,0.1238732878724002,0.178301775452717,0.15738603445875565,0.1632953872331237,0.015566553341452198,-0.32314124410864964,0.1252429537204802,0.1484669066659975,0.1488509796571909,0.5420024966415098,0.11951310319650377,0.007342121479933043,0.015465429648419895,0.005881219388604621,1.7317082182922605e-06,5.869511579998602e-05,-5.696340758169376e-05
2025-12-30,273.0799865722656,273.0799865722656,274.0799865722656,272.2799987792969,272.8099975585937,22139600,-0.0024840121606569,-0.0024871024374482,0.0575122546458748,0.1084246958819266,0.1783744874547539,0.1479540840879236,0.15578940861896987,0.01810465087289057,-0.44727532523244723,0.1238732878724002,0.1371385030032414,0.1551838558153829,0.5205352393323909,0.05050627674271298,0.006591430648442691,0.014509236676719248,0.005678158558958825,6.185678534360779e-06,4.756432011355515e-05,-4.137864157919437e-05
2025-12-31,271.8599853515625,271.8599853515625,273.67999267578125,271.75,273.0599975585937,27293600,-0.0044675599849579,-0.00447756935383,0.060307388388183,0.0978265977966856,0.1782790158608278,0.1443782726177416,0.15276888994115237,0.02117714346716258,-0.4857602114768177,0.1084246958819266,0.1247803035453562,0.1555691429868541,0.662247734848562,0.05454554943675556,0.007099215698424437,0.014030836936643013,0.005886033609735551,2.00486273183576e-05,4.267441781393185e-05,-2.2625790495574246e-05
2026-01-02,271.010009765625,271.010009765625,277.8399963378906,269.0,272.260009765625,37838100,-0.0031265196488491,-0.0031314174227282,0.034494792570288,0.0963569738838017,0.1784403442171322,0.15499456184734775,0.16701122681110098,0.023489909020563374,-0.4674603368772914,0.0978265977966856,0.1256074947586076,0.1597206032690494,0.9244915835034468,0.08330048423323436,0.03261870786815452,0.014725645735207871,0.007152858097437108,9.805775075365724e-06,4.060594383998946e-05,-3.080016876462374e-05
2026-01-05,267.260009765625,267.260009765625,271.510009765625,266.1400146484375,270.6400146484375,45647200,-0.013837127282653,-0.0139337527093821,0.0900579385542548,0.0988467444424947,0.1806596817160187,0.15387352684880873,0.1653769281561593,0.02451780214907746,-0.44234268731801407,0.0963569738838017,0.1252429537204802,0.1680273557416346,1.1130353702398512,0.0931023396104719,0.02009277453030382,0.01463658756442672,0.007069778389652028,0.00019414946456621304,4.2852227036080266e-05,0.00015129723753013277
2026-01-06,262.3599853515625,262.3599853515625,267.54998779296875,262.1199951171875,267.0,52352100,-0.0183342970703308,-0.0185044533005229,0.1152327134741367,0.11331360813132,0.1818268540351983,0.1582167769426692,0.16710922622826055,0.023909685725019992,-0.5984182393399338,0.0988467444424947,0.1238732878724002,0.1705650634670252,1.2686568068401487,0.09672215631610608,0.02069672579263586,0.015117218590230557,0.00714193908645157,0.0003424147919512328,5.7617522609104905e-05,0.0002847972693421279
2026-01-07,260.3299865722656,260.3299865722656,263.67999267578125,259.8099975585937,263.20001220703125,48309800,-0.0077374557578842,-0.0077675451795589,0.1033379202982808,0.1145547704967851,0.1669373897176574,0.15905016924248078,0.1664648497311182,0.02292074095518242,-0.6044162843562506,0.11331360813132,0.1084246958819266,0.1698400430880647,1.1565483627626754,0.10243922035190618,0.014865729331235823,0.015227157447000894,0.0071191228568827074,6.0334758116488696e-05,6.012305020191648e-05,2.1170791457221283e-07
2026-01-08,259.0400085449219,259.0400085449219,259.2900085449219,255.6999969482422,257.0199890136719,50419300,-0.0049551649593991,-0.0049674824964186,0.1018671042287224,0.1146771291101679,0.1663759332833441,0.16004229689295116,0.16706807992056882,0.021461999876764795,-0.6092495918737167,0.1145547704967851,0.0978265977966856,0.1703491845032958,1.1812786523208747,0.11249770992684179,0.013858907806734107,0.015359098177235696,0.007065198886705318,2.467588235222517e-05,6.102959517159449e-05,-3.635371281936932e-05
2026-01-09,259.3699951171875,259.3699951171875,260.2099914550781,256.2200012207031,259.0799865722656,39997000,0.001273882648936,0.0012730719488525,0.1223858588691293,0.11098280981442,0.1663781231510999,0.16141514911703636,0.1690684170638755,0.021066817926472543,-0.5762162899619427,0.1146771291101679,0.0963569738838017,0.1543574597092357,0.9295163445050599,0.10084969960670995,0.01538339171642525,0.015534610116689333,0.007017483271831962,1.6207121869551024e-06,5.945414163997678e-05,-5.783342945302168e-05
2026-01-12,260.25,260.25,261.29998779296875,256.79998779296875,259.1600036621094,45263800,0.0033928553779511,0.0033871126300194,0.1373000118795849,0.113712910403656,0.1660684814881251,0.15950896599841302,0.1664997078721919,0.020452369387995977,-0.5267445278272097,0.11098280981442,0.0988467444424947,0.1526123715289447,1.0374301853316799,0.10711633446223143,0.01729106628242075,0.015359707471979617,0.006922578664802334,1.1472531968436938e-05,5.9664908319784354e-05,-4.8192376351347414e-05
2026-01-13,261.04998779296875,261.04998779296875,261.8099975585937,258.3900146484375,258.7200012207031,45730800,0.0030739204340777,0.0030692056002053,0.080363520681291,0.1150302913848654,0.165222491283704,0.16090422241320276,0.16721172134825454,0.01960867572604705,-0.5065676229141135,0.113712910403656,0.11331360813132,0.1522712733791024,1.0407416013303417,0.09818065327952141,0.013100873664351531,0.015583531896354984,0.006763896526992443,9.420023016331577e-06,6.0095519239147636e-05,-5.067549622281606e-05
2026-01-14,259.9599914550781,259.9599914550781,261.82000732421875,256.7099914550781,259.489990234375,40019400,-0.0041754314838545,-0.0041841729392771,0.0636426645899894,0.10623992808058,0.1609674929074034,0.15645713737964959,0.16822464030749004,0.017767462585364054,-0.4232191770475401,0.1150302913848654,0.1145547704967851,0.1624203126306862,0.9216577975157473,0.0781801810475246,0.01965693197841042,0.015232972572609424,0.0063267282666047316,1.750730318577877e-05,4.95728539750809e-05,-3.206555078930213e-05
2026-01-15,258.2099914550781,258.2099914550781,261.0400085449219,257.04998779296875,260.6499938964844,39388600,-0.0067318051143359,-0.0067545659194304,0.0725661014638369,0.1058124343900071,0.1405758945428054,0.15723133123050995,0.16856391640565507,0.017024432621166017,-0.40106593267625995,0.10623992808058,0.1146771291101679,0.1467249129165585,0.9053163772589038,0.09004900419411824,0.015452619511229431,0.015330101626722464,0.006313783511121625,4.562416075993064e-05,5.16880006067929e-05,-6.063839846862261e-06
2026-01-16,255.52999877929688,255.52999877929688,258.8999938964844,254.92999267578125,257.8999938964844,72018600,-0.010379120733008,-0.0104333594330298,0.0966856931934422,0.1060784487764929,0.1420232953286706,0.15674576782072985,0.16864711600977764,0.015363871111262384,-0.37498614768942495,0.1058124343900071,0.11098280981442,0.152237725367723,1.6146907881019055,0.11488188327832913,0.01553634109368131,0.015275549296002763,0.006306694215739652,0.0001088549890587919,5.199158345702642e-05,5.686340560176548e-05
