Date,adj close,close,high,low,open,volume,daily_return,log_return,realized_vol_5d,realized_vol_20d,realized_vol_60d
2021-01-19,124.4364013671875,127.83000183105469,128.7100067138672,126.94000244140625,127.77999877929688,90757300,,,,,
2021-01-20,128.52491760253906,132.02999877929688,132.49000549316406,128.5500030517578,128.66000366210938,104319500,0.0328561127128284,0.03232788974139082,,,
2021-01-21,133.23638916015625,136.8699951171875,139.6699981689453,133.58999633789062,133.8000030517578,120150900,0.03665830782882318,0.036002374302895025,,,
2021-01-22,135.3780059814453,139.07000732421875,139.85000610351562,135.02000427246094,136.27999877929688,114459400,0.016073736286376095,0.015945921607861922,,,
2021-01-25,139.1258087158203,142.9199981689453,145.08999633789062,136.5399932861328,143.07000732421875,157611700,0.027683832904034755,0.02730756418724629,,,
2021-01-26,139.35939025878906,143.16000366210938,144.3000030517578,141.3699951171875,143.60000610351562,98390600,0.0016792995818566414,0.0016778911348962942,0.2214500026127235,,
2021-01-27,138.2886199951172,142.05999755859375,144.3000030517578,140.41000366210938,143.42999267578125,140843800,-0.007683752971338942,-0.007713425094436053,0.28466045235580767,,
2021-01-28,133.45057678222656,137.08999633789062,141.99000549316406,136.6999969482422,139.52000427246094,142621100,-0.03498522670784365,-0.03561186864929152,0.3831299410167663,,
2021-01-29,128.4567413330078,131.9600067138672,136.74000549316406,130.2100067138672,135.8300018310547,177523800,-0.037420597863168426,-0.03813872049620482,0.4332884813475227,,
2021-02-01,130.57888793945312,134.13999938964844,135.3800048828125,130.92999267578125,133.75,106239800,0.01652010127968695,0.01638512888305546,0.3764647715372165,,
2021-02-02,131.40634155273438,134.99000549316406,136.30999755859375,134.61000061035156,135.72999572753906,83305400,0.0063367087176327,0.006316716192370748,0.3888475982922835,,
2021-02-03,130.38421630859375,133.94000244140625,135.77000427246094,133.61000061035156,135.75999450683594,89880900,-0.007778376242906226,-0.007808785604338064,0.3887857798491833,,
2021-02-04,133.74264526367188,137.38999938964844,137.39999389648438,134.58999633789062,136.3000030517578,84183100,0.025757778746879012,0.02543163578386712,0.39445236454189125,,
2021-02-05,133.32827758789062,136.75999450683594,137.4199981689453,135.86000061035156,137.35000610351562,75693800,-0.004585522131241526,-0.004596067888735259,0.22195029627355037,,
2021-02-08,133.47454833984375,136.91000366210938,136.9600067138672,134.9199981689453,136.02999877929688,71297200,0.0010968789214593766,0.0010962777893145012,0.20795225236210785,,
2021-02-09,132.59710693359375,136.00999450683594,137.8800048828125,135.85000610351562,136.6199951171875,76774200,-0.006573728224378961,-0.006595430337242815,0.21913686593042922,,
2021-02-10,131.9926300048828,135.38999938964844,136.99000549316406,134.39999389648438,136.47999572753906,73046600,-0.004558452630158305,-0.004568874057798494,0.2115363926678371,,
2021-02-11,131.73919677734375,135.1300048828125,136.38999938964844,133.77000427246094,135.89999389648438,64280000,-0.0019203376025409558,-0.0019221838147405867,0.04720754192809829,,
2021-02-12,131.97315979003906,135.3699951171875,135.52999877929688,133.69000244140625,134.35000610351562,60145100,0.0017759951580194056,0.00177441994339202,0.0569865084720751,,
2021-02-16,129.84786987304688,133.19000244140625,136.00999450683594,132.7899932861328,135.49000549316406,80576300,-0.016103957704172722,-0.016235035584380688,0.10738065068255159,,
2021-02-17,127.55684661865234,130.83999633789062,132.22000122070312,129.47000122070312,131.25,97918500,-0.017644012767020212,-0.017801523862226845,0.1392590100510005,0.32142122875892387,
2021-02-18,126.4551773071289,129.7100067138672,130.0,127.41000366210938,129.1999969482422,96856700,-0.008636423537534132,-0.008673933567785534,0.13636957058056343,0.30099677908447836,
2021-02-19,126.61115264892578,129.8699951171875,130.7100067138672,128.8000030517578,130.24000549316406,87668800,0.0012334314627955312,0.0012326714111257225,0.14745012086561457,0.2679713555111056,
2021-02-22,122.83827209472656,126.0,129.72000122070312,125.5999984741211,128.00999450683594,103916400,-0.029798993321709433,-0.03025200557282639,0.18502102482910085,0.2755764636686513,
2021-02-23,122.7017822265625,125.86000061035156,126.70999908447266,118.38999938964844,123.76000213623047,158273000,-0.0011111062670511318,-0.0011117240032422343,0.20532973373230134,0.24862154439032907,
2021-02-24,122.20459747314453,125.3499984741211,125.55999755859375,122.2300033569336,124.94000244140625,111039900,-0.004052138358153767,-0.004060370516880425,0.20113933717871163,0.24699133934906417,
2021-02-25,117.95399475097656,120.98999786376953,126.45999908447266,120.54000091552734,124.68000030517578,148199500,-0.0347826139882379,-0.03540193253422548,0.2771312984260318,0.2673032136710149,
2021-02-26,118.21722412109375,121.26000213623047,124.8499984741211,121.19999694824219,122.58999633789062,164560400,0.002231624739467808,0.002229138363397372,0.2806316545450506,0.2486048008988932,
2021-03-01,124.58335876464844,127.79000091552734,127.93000030517578,122.79000091552734,123.75,116307900,0.05385121774911972,0.05245128052439601,0.5012001728406625,0.2971554809223024,
2021-03-02,121.98037719726562,125.12000274658203,128.72000122070312,125.01000213623047,128.41000366210938,102260900,-0.02089363917220921,-0.02111500003633978,0.5303593194399078,0.2968572367649523,
2021-03-03,118.99714660644531,122.05999755859375,125.70999908447266,121.83999633789062,124.80999755859375,112966300,-0.024456562666370862,-0.02476059163392446,0.5571280401021512,0.3036721267708322,
2021-03-04,117.1155776977539,120.12999725341797,123.5999984741211,118.62000274658203,121.75,178155000,-0.015811898605432195,-0.015938240244790403,0.505677607775019,0.30601919932313065,
2021-03-05,118.37320709228516,121.41999816894531,121.94000244140625,117.56999969482422,120.9800033569336,153766600,0.01073837463598748,0.010681127752080941,0.5130336174664664,0.2903610421283983,
2021-03-08,113.44017028808594,116.36000061035156,121.0,116.20999908447266,120.93000030517578,154376600,-0.04167351041756073,-0.042566755749575934,0.3056672511337513,0.3176194515103932,
2021-03-09,118.05146789550781,121.08999633789062,122.05999755859375,118.79000091552734,119.02999877929688,129525800,0.04064967087253768,0.039845201651029,0.5123310122030166,0.35948516964923166,
2021-03-10,116.9693374633789,119.9800033569336,122.16999816894531,119.44999694824219,121.69000244140625,111943300,-0.009166677797724065,-0.009208950319345974,0.4888604063588521,0.35964880156028256,
2021-03-11,118.89965057373047,121.95999908447266,123.20999908447266,121.26000213623047,122.54000091552734,103026500,0.016502714386902317,0.01636802440921378,0.4906133168910361,0.36853137951583853,
2021-03-12,117.99298095703125,121.02999877929688,121.16999816894531,119.16000366210938,120.4000015258789,88105100,-0.007625453527034254,-0.007654675948712857,0.48985203778039554,0.368412072626988,
2021-03-15,120.87870025634766,123.98999786376953,124.0,120.41999816894531,121.41000366210938,92403800,0.0244567389434609,0.024162461298138555,0.3344984545137588,0.3825818398076079,
2021-03-16,122.4190673828125,125.56999969482422,127.22000122070312,124.72000122070312,125.69999694824219,115227900,0.012742978129499427,0.012662469607852573,0.23699179485278007,0.3844624344089785,
2021-03-17,121.62939453125,124.76000213623047,125.86000061035156,122.33999633789062,124.05000305175781,111932600,-0.006450565903976302,-0.006471460708226777,0.22552216398425146,0.38074135375044266,
2021-03-18,117.50552368164062,120.52999877929688,123.18000030517578,120.31999969482422,122.87999725341797,121229700,-0.033905124114334995,-0.03449323438986452,0.35554981886510273,0.3970828966633826,
2021-03-19,116.97906494140625,119.98999786376953,121.43000030517578,119.68000030517578,119.9000015258789,185549500,-0.004480220036475302,-0.004490286299564084,0.3532829561921514,0.3966651182847123,
2021-03-22,120.29376983642578,123.38999938964844,123.87000274658203,120.26000213623047,120.33000183105469,111912300,0.028335707862409354,0.027941677791025406,0.37129003405628186,0.3992761012144223,
2021-03-23,119.46510314941406,122.54000091552734,124.23999786376953,122.13999938964844,123.33000183105469,95467100,-0.006888714468965329,-0.006912551195157183,0.3514888079812432,0.3998192242296907,
2021-03-24,117.07655334472656,120.08999633789062,122.9000015258789,120.06999969482422,122.81999969482422,88530500,-0.019993508726392273,-0.02019608359087706,0.36848496130645453,0.40534156014258166,
2021-03-25,117.56402587890625,120.58999633789062,121.66000366210938,119.0,119.54000091552734,98844700,0.0041635441356262515,0.004154900569348873,0.28328089882935453,0.3861599186739001,
2021-03-26,118.16847229003906,121.20999908447266,121.4800033569336,118.91999816894531,120.3499984741211,94071200,0.005141411107143501,0.005128239181954568,0.28168833578802116,0.3865353058016403,
2021-03-29,118.34396362304688,121.38999938964844,122.58000183105469,120.7300033569336,121.6500015258789,80819200,0.0014850285169158983,0.001483926952502729,0.16800372408503925,0.3334657994629377,
2021-03-30,116.89132690429688,119.9000015258789,120.4000015258789,118.86000061035156,120.11000061035156,85671900,-0.012274469653688724,-0.012350423121959254,0.17947849757478468,0.32841368127588166,
2021-03-31,119.08487701416016,122.1500015258789,123.5199966430664,121.1500015258789,121.6500015258789,118323800,0.018765637792876655,0.018591735435863486,0.174996679037665,0.3248268700673988,
2021-04-01,119.91354370117188,123.0,124.18000030517578,122.48999786376953,123.66000366210938,75089100,0.006958644809685222,0.006934545176822819,0.17685320266546448,0.32001841288030636,
2021-04-05,122.74079895019531,125.9000015258789,126.16000366210938,123.06999969482422,123.87000274658203,88651200,0.02357724817787732,0.02330359779765286,0.22496053016401868,0.3280249626780287,
2021-04-06,123.0429916381836,126.20999908447266,127.12999725341797,125.6500015258789,126.5,80171300,0.002462252222689809,0.002459225846468795,0.22339313122054696,0.2830909720032741,
2021-04-07,124.69061279296875,127.9000015258789,127.91999816894531,125.13999938964844,125.83000183105469,83466700,0.013390400551981152,0.01330154149850735,0.1340871455170635,0.2526331824387622,
2021-04-08,127.0888671875,130.36000061035156,130.38999938964844,128.52000427246094,128.9499969482422,88844600,0.019233769000189582,0.01905113813636069,0.13534553846159852,0.254817836666429,
2021-04-09,129.66261291503906,133.0,133.0399932861328,129.47000122070312,129.8000030517578,106686700,0.020251606146730827,0.020049269570346574,0.13018286983907906,0.2574802736567169,
2021-04-12,127.94681549072266,131.24000549316406,132.85000610351562,130.6300048828125,132.52000427246094,91420000,-0.013233041404781432,-0.013321378272986115,0.22171039905579823,0.2617300417722427,
2021-04-13,131.05674743652344,134.42999267578125,134.66000366210938,131.92999267578125,132.44000244140625,91266500,0.024306515156183428,0.024015813033878553,0.23809615227041217,0.2615810494225763,
2021-04-14,128.71697998046875,132.02999877929688,135.0,131.66000366210938,134.94000244140625,87222800,-0.017853113347054084,-0.0180144027371861,0.3215966185198833,0.270679484135131,
2021-04-15,131.1249542236328,134.5,135.0,133.63999938964844,133.82000732421875,89347100,0.018707878842231906,0.018535038796433676,0.32033149896365504,0.2742078370618483,0.32525176642455883
2021-04-16,130.79351806640625,134.16000366210938,134.6699981689453,133.27999877929688,134.3000030517578,84922400,-0.002527853813313219,-0.002531054230359273,0.29842476430299053,0.23586108860700014,0.3186192370993862
2021-04-19,131.4564666748047,134.83999633789062,135.47000122070312,133.33999633789062,133.50999450683594,94264200,0.005068520104500429,0.005055718395400615,0.2668536642392893,0.2329918028273855,0.30998958248941316
2021-04-20,129.76983642578125,133.11000061035156,135.52999877929688,131.80999755859375,135.02000427246094,94812300,-0.012829989428388311,-0.012913004562690159,0.23104148657834508,0.22662149999121434,0.3091909056691162
2021-04-21,130.15008544921875,133.5,133.75,131.3000030517578,132.36000061035156,68847100,0.002929902996470446,0.0029256191960594004,0.1820903411350264,0.22312209078695286,0.3037370061779021
2021-04-22,128.6292724609375,131.94000244140625,134.14999389648438,131.41000366210938,133.0399932861328,84566500,-0.011685374970739737,-0.011754185541666849,0.13080210023201547,0.21260223158161318,0.3044519992005252
2021-04-23,130.9495086669922,134.32000732421875,135.1199951171875,132.16000366210938,132.16000366210938,78657500,0.01803853902359487,0.017877774998778996,0.2036577487865679,0.2176514512862513,0.3066802523273475
2021-04-26,131.3394775390625,134.72000122070312,135.05999755859375,133.55999755859375,134.8300018310547,66905100,0.002977917470767144,0.002973492257638755,0.2010749066724114,0.21782033636729972,0.29812008798614864
2021-04-27,131.01773071289062,134.38999938964844,135.41000366210938,134.11000061035156,135.00999450683594,66015800,-0.002449538509980198,-0.0024525435377266216,0.1707661046541705,0.21917508636201827,0.287552638046867
2021-04-28,130.2280731201172,133.5800018310547,135.02000427246094,133.0800018310547,134.30999755859375,107760100,-0.0060272160300057775,-0.006045453012287637,0.17909161913248015,0.2135936678447324,0.2858642705023609
2021-04-29,130.13058471679688,133.47999572753906,137.07000732421875,132.4499969482422,136.47000122070312,151101000,-0.0007486607437100501,-0.0007489411301162342,0.14735267412948946,0.20873110973419415,0.2855566326490687
2021-04-30,128.16127014160156,131.4600067138672,133.55999755859375,131.07000732421875,131.77999877929688,109839500,-0.015133271488823707,-0.01524894796793664,0.10993964077001511,0.2197690471623213,0.2868091176435239
2021-05-03,129.21417236328125,132.5399932861328,134.07000732421875,131.8300018310547,132.0399932861328,75135100,0.008215324183090233,0.008181762097687896,0.135018476441379,0.20776451966578025,0.2823399368281231
2021-05-04,124.64185333251953,127.8499984741211,131.49000549316406,126.69999694824219,131.19000244140625,137564700,-0.035385506636376296,-0.036026746202395626,0.2676087843504372,0.24888098963719954,0.2914415111369205
2021-05-05,124.88558959960938,128.10000610351562,130.4499969482422,127.97000122070312,129.1999969482422,84000900,0.0019554762016296134,0.0019535667468990143,0.28071775024647677,0.24444757689929345,0.29147468558404965
2021-05-06,126.48443603515625,129.74000549316406,129.75,127.12999725341797,127.88999938964844,78128300,0.01280249267375666,0.012721233575516806,0.31764042199722614,0.23890108938721707,0.2926076910844704
2021-05-07,127.1582260131836,130.2100067138672,131.25999450683594,129.47999572753906,130.85000610351562,78973300,0.003622639130594907,0.003616093177779508,0.30999360387833685,0.22722837464361745,0.292636602729828
2021-05-10,123.87699127197266,126.8499984741211,129.5399932861328,126.80999755859375,129.41000366210938,88071200,-0.025804531652698692,-0.026143309286186855,0.33440671246001047,0.24057121982304103,0.29725973524422533
2021-05-11,122.95903015136719,125.91000366210938,126.2699966430664,122.7699966430664,123.5,126142800,-0.007410286348592199,-0.007437878917544822,0.23421737291563452,0.22109542897116588,0.2974848189854963
2021-05-12,119.89260864257812,122.7699966430664,124.63999938964844,122.25,123.4000015258789,112172300,-0.02493850311901713,-0.025254736249268578,0.2738382651605765,0.22885537055423658,0.2999946367840402
2021-05-13,122.04106903076172,124.97000122070312,126.1500015258789,124.26000213623047,124.58000183105469,105861300,0.017919724996269926,0.017761059416186227,0.29957175437849526,0.2278752784735495,0.30052133188659635
2021-05-14,124.46293640136719,127.44999694824219,127.88999938964844,125.8499984741211,126.25,81918000,0.019844728361323005,0.019650388611717078,0.35375475564502357,0.2424857886576838,0.3029339497735595
2021-05-17,123.31060028076172,126.2699966430664,126.93000030517578,125.16999816894531,126.81999969482422,74244600,-0.009258535374112142,-0.009301662012151579,0.30504646154154613,0.2418556185579857,0.30347614890118685
2021-05-18,121.92388916015625,124.8499984741211,126.98999786376953,124.77999877929688,126.55999755859375,63342900,-0.011245729046459818,-0.011309440361142285,0.3114321666076397,0.24107452293855358,0.29796882796592444
2021-05-19,121.76763916015625,124.69000244140625,124.91999816894531,122.86000061035156,123.16000366210938,92612000,-0.0012815060846637083,-0.0012823279157823085,0.23404806547419338,0.24011649453812856,0.2979713780902708
2021-05-20,124.32621765136719,127.30999755859375,127.72000122070312,125.0999984741211,125.2300033569336,76857100,0.021012070461853494,0.02079436130838979,0.2466662621945171,0.25259298352123855,0.30091939503095716
2021-05-21,122.49028778076172,125.43000030517578,128.0,125.20999908447266,127.81999969482422,79295400,-0.014767082628783457,-0.014877201427072332,0.2271160386455178,0.2454307859745603,0.29337593289661396
2021-05-24,124.12114715576172,127.0999984741211,127.94000244140625,125.94000244140625,126.01000213623047,63092900,0.01331418452429367,0.013226329720446916,0.24459561774570993,0.2515962630133038,0.2945001878632189
2021-05-25,123.92583465576172,126.9000015258789,128.32000732421875,126.31999969482422,127.81999969482422,72009500,-0.0015735401309459052,-0.001574779445462458,0.22163954516771214,0.25163677637983595,0.2741247106796675
2021-05-26,123.87699127197266,126.8499984741211,127.38999938964844,126.41999816894531,126.95999908447266,56575900,-0.0003940350760958111,-0.0003941127283155435,0.220580596439085,0.2514896653992558,0.27061188915647855
2021-05-27,122.34379577636719,125.27999877929688,127.63999938964844,125.08000183105469,126.44000244140625,94625600,-0.012376820762394547,-0.012454051517594754,0.1778958126901663,0.2537781743060045,0.2669078873967963
2021-05-28,121.68950653076172,124.61000061035156,125.80000305175781,124.55000305175781,125.56999969482422,71311100,-0.005348005870638883,-0.00536235764582328,0.149090558153694,0.24993436642811737,0.26501032082992726
2021-06-01,121.36723327636719,124.27999877929688,125.3499984741211,123.94000244140625,125.08000183105469,67637100,-0.002648277260559384,-0.002651790150224999,0.07647860700337998,0.24662896269670087,0.2642537965200111
2021-06-02,122.12895202636719,125.05999755859375,125.23999786376953,124.05000305175781,124.27999877929688,59278900,0.006276140867059743,0.006256527914626482,0.10869226677893352,0.21576245256686596,0.2488506689089647
2021-06-03,120.64458465576172,123.54000091552734,124.8499984741211,123.12999725341797,124.68000030517578,76229200,-0.012154139395007202,-0.012228604938742515,0.12290077090788255,0.2189469447854096,0.23690884109519428
2021-06-04,122.93951416015625,125.88999938964844,126.16000366210938,123.8499984741211,124.06999969482422,75169300,0.019022166559055975,0.018843507251345516,0.1903003463553972,0.22532267658304053,0.2390484554463884
2021-06-07,122.94927978515625,125.9000015258789,126.31999969482422,124.83000183105469,126.16999816894531,71057600,7.945139629006448e-05,7.944824019504792e-05,0.18265770972898057,0.22460490649441597,0.23683857128673455
2021-06-08,123.76956939697266,126.73999786376953,128.4600067138672,126.20999908447266,126.5999984741211,74403800,0.006671932706195927,0.006649773870081374,0.17945030143616114,0.2066875246407599,0.2365413158834291
2021-06-09,124.15043640136719,127.12999725341797,127.75,126.5199966430664,127.20999908447266,56877900,0.003077161087438496,0.0030724363173638206,0.17825834002326646,0.20506103236139275,0.23152806970888792
2021-06-10,123.15436553955078,126.11000061035156,128.19000244140625,125.94000244140625,127.0199966430664,71186400,-0.008023257021182562,-0.00805561654989767,0.15651702986889227,0.18448662183827813,0.2307396727310185
2021-06-11,124.36528015136719,127.3499984741211,127.44000244140625,126.0999984741211,126.52999877929688,53522400,0.009832668763525065,0.009784642636074163,0.10874516486058156,0.17709590726282914,0.23117546758966734
2021-06-14,127.42192077636719,130.47999572753906,130.5399932861328,127.06999969482422,127.81999969482422,96906500,0.024577913552578545,0.024280736124883233,0.18588955908319085,0.18420322228356886,0.22463429305678206
2021-06-15,126.60162353515625,129.63999938964844,130.60000610351562,129.38999938964844,129.94000244140625,62746300,-0.006437740384699686,-0.0064585520032784,0.20984592629405516,0.1823254542188348,0.22488788954583153
2021-06-16,127.09967041015625,130.14999389648438,130.88999938964844,128.4600067138672,130.3699951171875,91815000,0.003933928642679829,0.003926210979266916,0.2095610164440758,0.17625109147577148,0.21801182135583344
2021-06-17,128.70120239257812,131.7899932861328,132.5500030517578,129.64999389648438,129.8000030517578,96721700,0.012600841079968284,0.012522111167555784,0.1794334611283141,0.17954046994527872,0.21867859469997594
2021-06-18,127.40238189697266,130.4600067138672,131.50999450683594,130.24000549316406,130.7100067138672,108953300,-0.010091711359132227,-0.010142977881138769,0.2230831431195511,0.1717610572136238,0.21542111256899887
2021-06-21,129.1992950439453,132.3000030517578,132.41000366210938,129.2100067138672,130.3000030517578,79663300,0.014103911108376721,0.014005376356881254,0.17291291695600566,0.16636820884976897,0.21690378544792968
2021-06-22,130.83987426757812,133.97999572753906,134.0800018310547,131.6199951171875,132.1300048828125,74783600,0.012698357044814257,0.012618409003462321,0.16142269042015314,0.16586966603977535,0.21797288463638342
2021-06-23,130.56646728515625,133.6999969482422,134.32000732421875,133.22999572753906,133.77000427246094,60214200,-0.002089855114387973,-0.002092041908841114,0.1729147962795771,0.16605388056190226,0.2181090388718642
2021-06-24,130.28323364257812,133.41000366210938,134.63999938964844,132.92999267578125,134.4499969482422,68711000,-0.0021689849869261923,-0.00217134064173261,0.1660182638206325,0.16659925112230367,0.21631652064131124
2021-06-25,129.99026489257812,133.11000061035156,133.88999938964844,132.80999755859375,133.4600067138672,70783700,-0.00224872980678148,-0.0022512619965060023,0.13485365092531518,0.15815821973055205,0.21359786193460784
2021-06-28,131.62115478515625,134.77999877929688,135.25,133.35000610351562,133.41000366210938,62111300,0.012546000760933262,0.012467951816820925,0.12794791283005122,0.1582715304302239,0.21450579610823867
2021-06-29,133.1348114013672,136.3300018310547,136.49000549316406,134.35000610351562,134.8000030517578,64556100,0.011500245331623304,0.011434620168019558,0.1229357128899234,0.15840900098287275,0.2107041000497337
2021-06-30,133.7500457763672,136.9600067138672,137.41000366210938,135.8699951171875,136.1699981689453,63261400,0.0046211756352296796,0.0046105307849875245,0.11257752189761473,0.158292144393672,0.21079960173292858
2021-07-01,134.05279541015625,137.27000427246094,137.3300018310547,135.75999450683594,136.60000610351562,52485800,0.002263416642797056,0.00226085897400062,0.09879510483335256,0.1457903408216045,0.20933803018948985
2021-07-02,136.67974853515625,139.9600067138672,140.0,137.75,137.89999389648438,78852600,0.01959643299833358,0.01940689508131225,0.10812530883263392,0.14649807102933401,0.2094689905400358
2021-07-06,138.69149780273438,142.02000427246094,143.14999389648438,140.07000732421875,140.07000732421875,108181800,0.01471847284778427,0.014611207368077129,0.11215747786857803,0.14869789289058274,0.20766585961553957
2021-07-07,141.1816864013672,144.57000732421875,144.88999938964844,142.66000366210938,143.5399932861328,104911600,0.01795523852305836,0.017795947144979396,0.12408114162896075,0.1544715924617561,0.20823106705418898
2021-07-08,139.88284301757812,143.24000549316406,144.05999755859375,140.6699981689453,141.5800018310547,105575500,-0.009199707848613237,-0.00924228650283921,0.1936672450629447,0.1640686309728734,0.2040609863144647
2021-07-09,141.7090301513672,145.11000061035156,145.64999389648438,142.64999389648438,142.75,99890800,0.013054977977341231,0.0129704962295284,0.18503776926333118,0.1570626995188,0.20155642628658946
2021-07-12,141.11329650878906,144.5,146.32000732421875,144.0,146.2100067138672,76299700,-0.004203711720665804,-0.004212572156644889,0.1940605153244765,0.16158481567567784,0.19875242965654183
2021-07-13,142.2266082763672,145.63999938964844,147.4600067138672,143.6300048828125,144.02999877929688,100827100,0.007889269132515198,0.007858311563922202,0.1815434871712052,0.14724928348780786,0.19906070033325923
2021-07-14,145.6543731689453,149.14999389648438,149.57000732421875,147.67999267578125,148.10000610351562,127050800,0.024100484218248397,0.023814650922352156,0.2108598846564876,0.15372044708568025,0.20419110557905618
2021-07-15,145.00003051757812,148.47999572753906,150.0,147.08999633789062,149.24000549316406,106820300,-0.004492109932034749,-0.004502229775527329,0.1906538627076529,0.15879049866529152,0.20234269536638974
2021-07-16,142.9590606689453,146.38999938964844,149.75999450683594,145.8800048828125,148.4600067138672,93251400,-0.014075945568625792,-0.014175951249266395,0.23174044738715685,0.1731851091001861,0.20496238038671538
2021-07-19,139.11135864257812,142.4499969482422,144.07000732421875,141.6699981689453,143.75,121434600,-0.026914423511397723,-0.027283249493411783,0.3128589199686668,0.20172999070327,0.2116257396054179
2021-07-20,142.72467041015625,146.14999389648438,147.10000610351562,142.9600067138672,143.4600067138672,96350000,0.025974005107115117,0.025642410274702807,0.3712590847763406,0.212996519123725,0.2148016447214545
2021-07-21,141.99224853515625,145.39999389648438,146.1300048828125,144.6300048828125,145.52999877929688,74993500,-0.005131714206784155,-0.005144926673252077,0.30944342384323775,0.21387654115963362,0.21519273379458054
2021-07-22,143.35943603515625,146.8000030517578,148.1999969482422,145.80999755859375,145.94000244140625,77338200,0.009628674099327439,0.009582613846949351,0.32680542695421066,0.21341524248319402,0.21571601085966885
2021-07-23,145.0781707763672,148.55999755859375,148.72000122070312,146.9199981689453,147.5500030517578,71447400,0.011989063148829748,0.011917763641687975,0.31936326063945514,0.213281540622826,0.2161829929382257
2021-07-26,145.4981231689453,148.99000549316406,149.8300018310547,147.6999969482422,148.27000427246094,72434100,0.002894506876931713,0.0028903258579504668,0.18155801224569196,0.21161654239914424,0.2161304184846085
2021-07-27,143.3301544189453,146.77000427246094,149.2100067138672,145.5500030517578,149.1199951171875,104818600,-0.014900336524955593,-0.01501246173558133,0.1757835028302763,0.22207196301932394,0.21605111961810494
2021-07-28,141.58206176757812,144.97999572753906,146.97000122070312,142.5399932861328,144.80999755859375,118931200,-0.012196010716187922,-0.012270992329594539,0.19707599271297394,0.22778446353769244,0.21754613698092173
2021-07-29,142.2266082763672,145.63999938964844,146.5500030517578,144.5800018310547,144.69000244140625,56699500,0.0045523774421245555,0.004542046712990222,0.18348298012675357,0.22777847353891315,0.20306508161027395
2021-07-30,142.44143676757812,145.86000061035156,146.3300018310547,144.11000061035156,144.3800048828125,70440600,0.001510582406104799,0.0015094426241806227,0.1463408161231313,0.22782959430677566,0.2030691556852418
2021-08-02,142.1094512939453,145.52000427246094,146.9499969482422,145.25,146.36000061035156,62880000,-0.002330977214232255,-0.002333698170766378,0.1359190527545409,0.22004555545686272,0.2020675534560267
2021-08-03,143.9063262939453,147.36000061035156,148.0399932861328,145.17999267578125,145.80999755859375,64786600,0.012644284523559701,0.012565013079081318,0.14497012042305557,0.21859885517662822,0.20321869272115062
2021-08-04,143.50592041015625,146.9499969482422,147.7899932861328,146.27999877929688,147.27000427246094,56368300,-0.00278232668574363,-0.0027862045512995278,0.0996324891036593,0.2107479721190416,0.1948370215652032
2021-08-05,143.61329650878906,147.05999755859375,147.83999633789062,146.1699981689453,146.97999572753906,46397700,0.0007485580989179397,0.0007482780690412528,0.09884924492601013,0.20738043086732483,0.193781751572689
2021-08-06,142.92872619628906,146.13999938964844,147.11000061035156,145.6300048828125,146.35000610351562,54126800,-0.006255937605185613,-0.0062755879800599264,0.11510276311877626,0.20426420191577127,0.18587684398686788
2021-08-09,142.8798370361328,146.08999633789062,146.6999969482422,145.52000427246094,146.1999969482422,48908700,-0.0003421585600564825,-0.0003422171096524703,0.11298982212314562,0.2035775304138196,0.18338245354468477
2021-08-10,142.40060424804688,145.60000610351562,147.7100067138672,145.3000030517578,146.44000244140625,69023100,-0.00335403002709167,-0.003359667394599102,0.04364506448091232,0.20212333842989022,0.18028289855376378
2021-08-11,142.6548614501953,145.86000061035156,146.72000122070312,145.52999877929688,146.0500030517578,48493500,0.00178567648308392,0.0017840840582546884,0.05231633336792603,0.18178046824552213,0.17868152814542634
2021-08-12,145.6182861328125,148.88999938964844,149.0500030517578,145.83999633789062,146.19000244140625,72282600,0.020773335846824503,0.02056051242752377,0.1676463699480318,0.19674090412161996,0.1801656345766256
2021-08-13,145.8236846923828,149.10000610351562,149.44000244140625,148.27000427246094,148.97000122070312,59375000,0.0014104823341263284,0.0014094885382967708,0.1503665809098728,0.1893407347938003,0.1799808745925143
2021-08-16,147.79928588867188,151.1199951171875,151.19000244140625,146.47000122070312,148.5399932861328,103296000,0.013547880154139325,0.013456928176014052,0.15696867248458363,0.16213302389775422,0.1774898096759442
2021-08-17,146.8897247314453,150.19000244140625,151.67999267578125,149.08999633789062,150.22999572753906,92229700,-0.006154001494375949,-0.006173015409483821,0.16920093118662535,0.1410441249871029,0.17464874590583063
2021-08-18,143.14389038085938,146.36000061035156,150.72000122070312,146.14999389648438,149.8000030517578,86326000,-0.025501043803157875,-0.025831831151727186,0.2871550753836484,0.16987351107660792,0.18302539805893933
2021-08-19,143.47640991210938,146.6999969482422,148.0,144.5,145.02999877929688,86960300,0.002323014050784167,0.0023203200250105777,0.23139971821979552,0.1665500507785017,0.18284248518096713
2021-08-20,144.9336700439453,148.19000244140625,148.5,146.77999877929688,147.44000244140625,60549600,0.010156820205591055,0.01010558633070086,0.2492966863995566,0.16494171150777398,0.18341839325559203
2021-08-23,146.42027282714844,149.7100067138672,150.19000244140625,147.88999938964844,148.30999755859375,60131800,0.010257131030562805,0.010204883630635656,0.23804636288501077,0.16871544021330895,0.18134626767260845
2021-08-24,146.332275390625,149.6199951171875,150.86000061035156,149.14999389648438,149.4499969482422,48606400,-0.0006012396810035625,-0.0006014204980604613,0.2349748754310961,0.1589045557941271,0.18067326402512315
2021-08-25,145.09994506835938,148.36000061035156,150.32000732421875,147.8000030517578,149.80999755859375,58991300,-0.008421297606974743,-0.008456957074120227,0.12466446294759946,0.1552262115720618,0.18184346255694592
2021-08-26,144.29795837402344,147.5399932861328,149.1199951171875,147.50999450683594,148.35000610351562,48597200,-0.005527145597501004,-0.005542476784628126,0.13801318077908828,0.15642823092265554,0.18253399731200232
2021-08-27,145.33468627929688,148.60000610351562,148.75,146.8300018310547,147.47999572753906,55802400,0.007184579541948732,0.0071588934063623435,0.12711098573861013,0.15811711109014492,0.1800439017602539
2021-08-30,149.75534057617188,153.1199951171875,153.49000549316406,148.61000061035156,149.0,90956700,0.03041715227469921,0.029963722458732828,0.2446721254258137,0.1880100920057446,0.1855606841576306
2021-08-31,148.4936981201172,151.8300018310547,152.8000030517578,151.2899932861328,152.66000366210938,86453100,-0.008424721311841354,-0.008460409861850555,0.260831829186762,0.1879618501076139,0.1870062908606077
2021-09-01,149.1587677001953,152.50999450683594,154.97999572753906,152.33999633789062,152.8300018310547,80313700,0.004478644981759983,0.004468645695709045,0.24063328524465225,0.18753426735778833,0.1868838934142628
2021-09-02,150.2737274169922,153.64999389648438,154.72000122070312,152.39999389648438,153.8699951171875,71115500,0.007474915944589711,0.007447117203288173,0.21978698867995947,0.18851399001957833,0.1870975781232053
2021-09-03,150.90940856933594,154.3000030517578,154.6300048828125,153.08999633789062,153.75999450683594,57808700,0.0042304535053308,0.00422153029420156,0.221574499799451,0.18592514778764643,0.18564090725847904
2021-09-07,153.24693298339844,156.69000244140625,157.25999450683594,154.38999938964844,154.97000122070312,82278300,0.01548930228372547,0.0153705675502451,0.13629112105180005,0.1907984198340122,0.18681554404940046
2021-09-08,151.7016143798828,155.11000061035156,157.0399932861328,153.97999572753906,156.97999572753906,74420200,-0.010083616098260806,-0.010134800125821608,0.14653998953770628,0.19548820962627017,0.18371780619903652
2021-09-09,150.6844482421875,154.07000732421875,156.11000061035156,153.9499969482422,155.49000549316406,57305700,-0.006704875778740793,-0.006727454439682726,0.16588555596197677,0.19859487147864874,0.1837770161320811
2021-09-10,145.696533203125,148.97000122070312,155.47999572753906,148.6999969482422,155.0,140893200,-0.03310187486902216,-0.03366214054614631,0.29096578399066364,0.22550059180911328,0.19842214533091046
2021-09-13,146.2637939453125,149.5500030517578,151.4199981689453,148.75,150.6300048828125,102404300,0.003893413615506436,0.0038858538964379463,0.29021812172424266,0.2258729915555946,0.1972989076940672
2021-09-14,144.8651885986328,148.1199951171875,151.07000732421875,146.91000366210938,150.35000610351562,109296300,-0.009562072252685905,-0.00960808240206405,0.21820824715674733,0.2226669741904754,0.1971600543476735
2021-09-15,145.7552032470703,149.02999877929688,149.44000244140625,146.3699951171875,148.55999755859375,83281300,0.006143692223250508,0.006124896689548475,0.2514415003300359,0.22315800563512364,0.19578698064943573
2021-09-16,145.52047729492188,148.7899932861328,148.97000122070312,147.22000122070312,148.44000244140625,68034100,-0.0016104508832446296,-0.0016117490532148273,0.255656779675018,0.20209828737721927,0.19465454361938553
2021-09-17,142.85049438476562,146.05999755859375,148.82000732421875,145.75999450683594,148.82000732421875,129868800,-0.018347979371765355,-0.018518391239625225,0.16123049735599312,0.21327867213569532,0.19890301617220843
2021-09-20,139.799072265625,142.94000244140625,144.83999633789062,141.27000427246094,143.8000030517578,123478900,-0.02136105141269684,-0.02159250060510209,0.1832252598550434,0.22241166487940203,0.20433131458140721
2021-09-21,140.2782440185547,143.42999267578125,144.60000610351562,142.77999877929688,143.92999267578125,75834000,0.003427943374884501,0.0034220813695887402,0.20297266685418172,0.21882880406564476,0.20425874371199645
2021-09-22,142.64511108398438,145.85000610351562,146.42999267578125,143.6999969482422,144.4499969482422,76404300,0.016872436389261614,0.016731677920266697,0.2522974479111737,0.22886715814812983,0.20544286632753347
2021-09-23,143.6035614013672,146.8300018310547,147.0800018310547,145.63999938964844,146.64999389648438,64838200,0.0067192025130498045,0.0066967292837967676,0.2645029712015523,0.2288821241804113,0.20467414388374702
2021-09-24,143.69158935546875,146.9199981689453,147.47000122070312,145.55999755859375,145.66000366210938,53477900,0.0006129288072487249,0.0006127410431074638,0.22396904175954507,0.2281317117438119,0.20455661740416659
2021-09-27,142.17567443847656,145.3699951171875,145.9600067138672,143.82000732421875,145.47000122070312,74150700,-0.010549980064493591,-0.01060602563915607,0.1572570198302356,0.2292330236406289,0.2059583603365001
2021-09-28,138.79168701171875,141.91000366210938,144.75,141.69000244140625,143.25,108972300,-0.0238012765446467,-0.02408910319706919,0.25040015825629824,0.21171481294856803,0.2085882692979423
2021-09-29,139.6914520263672,142.8300018310547,144.4499969482422,142.02999877929688,142.47000122070312,74602000,0.006482969101571312,0.006462045042051413,0.20882563837910367,0.21397366639275117,0.2068499548245817
2021-09-30,138.39071655273438,141.5,144.3800048828125,141.27999877929688,143.66000366210938,89056700,-0.009311781936598096,-0.009355407611063273,0.18597387041625013,0.2131515878710454,0.2043956293429805
2021-10-01,139.51536560058594,142.64999389648438,142.9199981689453,139.11000061035156,141.89999389648438,94639600,0.00812716534617941,0.008094317789565837,0.2120288606563481,0.2136142500423146,0.20426490685748194
2021-10-04,136.08253479003906,139.13999938964844,142.2100067138672,138.27000427246094,141.75999450683594,98322000,-0.02460564077824645,-0.024913418763963115,0.2525054350928087,0.22403896075781532,0.20864371310713775
2021-10-05,138.00927734375,141.11000061035156,142.24000549316406,139.36000061035156,139.49000549316406,80861100,0.014158410445197056,0.014059116286134297,0.25184304817157227,0.22248714678591916,0.21068023953786286
2021-10-06,138.87969970703125,142.0,142.14999389648438,138.3699951171875,139.47000122070312,83221100,0.00630713192402288,0.006287325206231323,0.25151403171127895,0.2253104039803745,0.21044182328768585
2021-10-07,140.14137268066406,143.2899932861328,144.22000122070312,142.72000122070312,143.05999755859375,61732700,0.009084459761498742,0.009043444272150338,0.24765816901736368,0.230068297300794,0.20528995031584557
2021-10-08,139.75990295410156,142.89999389648438,144.17999267578125,142.55999755859375,144.02999877929688,58773200,-0.00272174895611621,-0.0027254596493859855,0.24418719565911096,0.2008545357650784,0.20518047648425006
2021-10-11,139.6719207763672,142.80999755859375,144.80999755859375,141.80999755859375,142.27000427246094,64452200,-0.0006297854565047167,-0.0006299838546685544,0.1097638327917926,0.19971192584359523,0.2032319071287555
2021-10-12,138.4004669189453,141.50999450683594,143.25,141.0399932861328,143.22999572753906,73035900,-0.009103025516294383,-0.00914471122328127,0.11533969417891181,0.1994938653839987,0.19626905035689363
2021-10-13,137.81365966796875,140.91000366210938,141.39999389648438,139.1999969482422,141.24000549316406,78762700,-0.004239918507647045,-0.004248932450066441,0.10631556197571035,0.1970791527799404,0.1889402615651178
2021-10-14,140.6009979248047,143.75999450683594,143.8800048828125,141.50999450683594,142.11000061035156,69907100,0.02022561046524851,0.020023789568637086,0.17895147501651532,0.21312182236764105,0.19334850769084197
2021-10-15,141.6572723388672,144.83999633789062,144.89999389648438,143.50999450683594,143.77000427246094,67940300,0.007512533892058082,0.007484455348968228,0.18146275713371196,0.20579893299650878,0.19294298345652214
2021-10-18,143.32974243164062,146.5500030517578,146.83999633789062,143.16000366210938,143.4499969482422,85589200,0.01180617755525204,0.011737028367291425,0.18828947694685896,0.19398622540455387,0.19289475434489692
2021-10-19,145.4911651611328,148.75999450683594,149.1699981689453,146.5500030517578,147.00999450683594,76378900,0.01508011879261173,0.014967544149611585,0.14582312465372024,0.1999407862051402,0.19530132436173742
2021-10-20,145.9801788330078,149.25999450683594,149.75,148.1199951171875,148.6999969482422,58418800,0.003361118704377386,0.0033554827700701876,0.1026308296572977,0.19220122300165246,0.19289402956511395
2021-10-21,146.19532775878906,149.47999572753906,149.63999938964844,147.8699951171875,148.80999755859375,61421000,0.0014739463272126496,0.0014728611345378611,0.08936368378576795,0.19109502280596707,0.19112264045179062
2021-10-22,145.4226837158203,148.69000244140625,150.17999267578125,148.63999938964844,149.69000244140625,58883400,-0.005284943194491021,-0.0052989579065551035,0.12936716773882306,0.19235856204651822,0.19129979507639627
2021-10-25,145.373779296875,148.63999938964844,149.3699951171875,147.6199951171875,148.67999267578125,50720600,-0.0003362906109138919,-0.0003363471692817738,0.11920255179367556,0.1878252319431587,0.19128922411488958
2021-10-26,146.0388641357422,149.32000732421875,150.83999633789062,149.00999450683594,149.3300018310547,60893400,0.004574865025313457,0.0045644321375810735,0.061292352661972534,0.16269102391208387,0.19140366321373084
2021-10-27,145.57919311523438,148.85000610351562,149.72999572753906,148.49000549316406,149.36000061035156,56094900,-0.0031476104851951847,-0.003152574630612816,0.06128723095087274,0.16319957815575045,0.1898514645755368
2021-10-28,149.2174530029297,152.57000732421875,153.1699981689453,149.72000122070312,149.82000732421875,100077900,0.02499160946030532,0.024684426664481847,0.19190360242935633,0.17584795004733392,0.196264814811897
2021-10-29,146.50831604003906,149.8000030517578,149.94000244140625,146.41000366210938,147.22000122070312,124953200,-0.0181556278395828,-0.018322463675404244,0.24654806076497132,0.19152669529576016,0.2000684643969679
2021-11-01,145.68678283691406,148.9600067138672,149.6999969482422,147.8000030517578,148.99000549316406,74588300,-0.005607452074619768,-0.005623232854966935,0.25181269348087565,0.16544382820374884,0.1999812279760551
2021-11-02,146.7234649658203,150.02000427246094,151.57000732421875,148.64999389648438,148.66000366210938,69122000,0.007115987586049588,0.00709078842039845,0.2550438160486542,0.161291768332795,0.200455940835167
2021-11-03,148.1611785888672,151.49000549316406,151.97000122070312,149.82000732421875,150.38999938964844,54511500,0.009798701365408391,0.009751005410368259,0.25844273678028806,0.1626732531132294,0.20119319186761786
2021-11-04,147.64283752441406,150.9600067138672,152.42999267578125,150.63999938964844,151.5800018310547,60394600,-0.003498572579567205,-0.0035047068963619497,0.1779201040525111,0.16282823483652295,0.20135897716007223
2021-11-05,148.17173767089844,151.27999877929688,152.1999969482422,150.05999755859375,151.88999938964844,65463900,0.0021197141706292832,0.0021174707462662673,0.1048251938602072,0.16162762954505008,0.19704070200842355
2021-11-08,147.34898376464844,150.44000244140625,151.57000732421875,150.16000366210938,151.41000366210938,55020900,-0.005552593499925207,-0.005568066450464244,0.10457399439213327,0.1639710179828077,0.1973862406020725
2021-11-09,147.7113800048828,150.80999755859375,151.42999267578125,150.05999755859375,150.1999969482422,56787900,0.0024594197765426262,0.0024564003533966788,0.09503817040308273,0.15801032084196615,0.19549688927141454
2021-11-10,144.8807373046875,147.9199981689453,150.1300048828125,147.85000610351562,150.02000427246094,65187100,-0.01916318172822462,-0.019349175483783353,0.14074887563635907,0.17554764784748444,0.19909584758349583
2021-11-11,144.831787109375,147.8699951171875,149.42999267578125,147.67999267578125,148.9600067138672,41000000,-0.0003380411869712274,-0.0003380983357727339,0.14429246943632146,0.16290123214363883,0.19182951779946972
2021-11-12,146.90821838378906,149.99000549316406,150.39999389648438,147.47999572753906,148.42999267578125,63804000,0.014336988205730705,0.014235185466388535,0.1943436416916927,0.1679252601669163,0.19394217228107777
2021-11-15,146.91802978515625,150.0,151.8800048828125,149.42999267578125,150.3699951171875,59222800,6.663448543164918e-05,6.663226545294235e-05,0.19139612386994567,0.16377525761706552,0.19287800544294847
2021-11-16,147.89747619628906,151.0,151.49000549316406,149.33999633789062,149.94000244140625,59256200,0.006666666666666599,0.006644542718668511,0.19779259931562287,0.15699526813745265,0.19222629674449287
2021-11-17,150.33631896972656,153.49000549316406,155.0,150.99000549316406,151.0,88807000,0.016490102603735624,0.01635561729880842,0.12325759166971262,0.1663622122067218,0.1950661191301151
2021-11-18,154.62632751464844,157.8699951171875,158.6699981689453,153.0500030517578,153.7100067138672,137827700,0.02853599235957094,0.028136424500577562,0.16828524462365713,0.19154047331174376,0.20223320100242936
2021-11-19,157.25123596191406,160.5500030517578,161.02000427246094,156.52999877929688,157.64999389648438,117305600,0.016976043690765552,0.01683356092935839,0.1703992068380992,0.1953095365487297,0.2043130173572506
2021-11-22,157.71157836914062,161.02000427246094,165.6999969482422,161.0,161.67999267578125,117467900,0.002927444483147079,0.00292316786189403,0.1567594305826969,0.1947275925773932,0.20398797310949313
2021-11-23,158.09353637695312,161.41000366210938,161.8000030517578,159.05999755859375,161.1199951171875,96041900,0.0024220555167078217,0.0024191270678687498,0.17171066050590902,0.19479401520060133,0.19509508373174944
2021-11-24,158.61270141601562,161.94000244140625,162.13999938964844,159.63999938964844,160.75,69463600,0.003283555958565998,0.0032781768605293824,0.18200094986010665,0.1930387173595135,0.19417605156574125
2021-11-26,153.5880889892578,156.80999755859375,160.4499969482422,156.36000061035156,159.57000732421875,76959800,-0.031678429081589354,-0.032191045510220735,0.2900844523530546,0.2171163646569737,0.20563539363751818
2021-11-29,156.94764709472656,160.24000549316406,161.19000244140625,158.7899932861328,159.3699951171875,88748200,0.02187365594013646,0.021637859814676315,0.31035138313012606,0.21537160351958032,0.20970999554748523
2021-11-30,161.90362548828125,165.3000030517578,165.52000427246094,159.9199981689453,159.99000549316406,174048100,0.031577617231232535,0.03108929765049663,0.38476979598472716,0.23368925963100098,0.2186742436367461
2021-12-01,161.38455200195312,164.77000427246094,170.3000030517578,164.52999877929688,167.47999572753906,152052500,-0.003206284147078464,-0.003211435289726031,0.3894247692725997,0.23544089833269846,0.21682018194681044
2021-12-02,160.39527893066406,163.75999450683594,164.1999969482422,157.8000030517578,158.74000549316406,136739200,-0.006129815739731703,-0.006148680190145027,0.39639760441986444,0.2376610732826348,0.21611129323466155
2021-12-03,158.5147705078125,161.83999633789062,164.9600067138672,159.72000122070312,164.02000427246094,118023100,-0.011724464053185835,-0.011793737577514169,0.29937008393391074,0.2428483899359345,0.2171225180328189
2021-12-06,161.9232635498047,165.32000732421875,167.8800048828125,164.27999877929688,164.2899932861328,107497000,0.021502787105003085,0.021274863715286012,0.29820838892906215,0.25081343894389735,0.208892044835489
2021-12-07,167.66282653808594,171.17999267578125,171.5800018310547,168.33999633789062,169.0800018310547,120405400,0.035446316791349686,0.03483255771999909,0.3183609049162011,0.2697228891247875,0.21960566535402226
2021-12-08,171.48269653320312,175.0800018310547,175.9600067138672,170.6999969482422,172.1300048828125,116998900,0.02278308985945654,0.022527431114270496,0.31883626402747,0.27512913235513353,0.22205485658521418
2021-12-09,170.973388671875,174.55999755859375,176.75,173.9199981689453,174.91000366210938,108923700,-0.0029700951966102895,-0.0029745146823804036,0.3079780857936206,0.25967127229831843,0.2222535941951926
2021-12-10,175.76290893554688,179.4499969482422,179.6300048828125,174.69000244140625,175.2100067138672,115402700,0.028013287454401015,0.0276280924887399,0.22615899960902605,0.2662528721022729,0.2278743014565604
2021-12-13,172.12916564941406,175.74000549316406,182.1300048828125,175.52999877929688,181.1199951171875,153237000,-0.020674235264256824,-0.020890939262411094,0.3707800216560708,0.28668963417104193,0.2288863094948221
2021-12-14,170.74810791015625,174.3300018310547,177.74000549316406,172.2100067138672,175.25,139380400,-0.008023236702153325,-0.00805559606652528,0.32865111666805136,0.2910577338159363,0.22428811754958586
2021-12-15,175.61599731445312,179.3000030517578,179.5,172.30999755859375,175.11000061035156,131063300,0.02850915601733095,0.028110332372981155,0.35051946136644974,0.30004061031825074,0.22997608881930443
2021-12-16,168.72061157226562,172.25999450683594,181.13999938964844,170.75,179.27999877929688,150185800,-0.039263850669816525,-0.0400554661592568,0.4778254640304227,0.34423605726855977,0.245196367713265
2021-12-17,167.6236572265625,171.13999938964844,173.47000122070312,169.69000244140625,169.92999267578125,195432700,-0.006501771466984829,-0.0065230000487095435,0.3959786517087371,0.33625843871397654,0.24578902449870743
2021-12-20,166.26223754882812,169.75,170.5800018310547,167.4600067138672,168.27999877929688,107499100,-0.00812200183829448,-0.00815516498471573,0.38297187542214367,0.3353421096865274,0.2467397018246938
2021-12-21,169.43563842773438,172.99000549316406,173.1999969482422,169.1199951171875,171.55999755859375,91185900,0.01908692484927288,0.018907054674308973,0.4236780972104847,0.3401934260578611,0.24750345048595604
2021-12-22,172.03121948242188,175.63999938964844,175.86000061035156,172.14999389648438,173.0399932861328,92135300,0.01531876878626437,0.015202621105387719,0.3737278171053708,0.34262982307339507,0.24224700036289532
2021-12-23,172.6580352783203,176.27999877929688,176.85000610351562,175.27000427246094,175.85000610351562,68356600,0.0036438134358485197,0.003637190830487573,0.1951416792387186,0.3426190423276098,0.2421713273488693
2021-12-27,176.62481689453125,180.3300018310547,180.4199981689453,177.07000732421875,177.08999633789062,74919600,0.022974830268908786,0.02271488282410102,0.20034333713466695,0.31985776878890804,0.24380921804237593
2021-12-28,175.60617065429688,179.2899932861328,181.3300018310547,178.52999877929688,180.16000366210938,79144300,-0.00576725189575622,-0.005783946712725312,0.1867049118789311,0.31800487350560225,0.24448190855640634
2021-12-29,175.69436645507812,179.3800048828125,180.6300048828125,178.13999938964844,179.3300018310547,62348900,0.0005020447322792165,0.0005019187499866792,0.182880848081248,0.3037230714600872,0.23716712944163953
2021-12-30,174.5386199951172,178.1999969482422,180.57000732421875,178.08999633789062,179.47000122070312,59773000,-0.006578257901939555,-0.006599989999108213,0.188596968027613,0.3050384032263445,0.23729063478201406
2021-12-31,173.9215545654297,177.57000732421875,179.22999572753906,177.25999450683594,178.08999633789062,64062300,-0.0035352953693170708,-0.00354155929356373,0.19363349408923522,0.30403601799974045,0.23772097912010295
2022-01-03,178.27032470703125,182.00999450683594,182.8800048828125,177.7100067138672,177.8300018310547,104487900,0.025004150472947684,0.024696661824073523,0.20736378698715682,0.3064003449762724,0.2413533428285883
2022-01-04,176.00778198242188,179.6999969482422,182.94000244140625,179.1199951171875,182.6300048828125,99310400,-0.012691597320536152,-0.012772823634754954,0.22844694254316172,0.3075337691777553,0.24341631405503
2022-01-05,171.3259735107422,174.9199981689453,180.1699981689453,174.63999938964844,179.61000061035156,94537600,-0.02659988236212174,-0.02696006073023417,0.3000695067970143,0.3040205337109013,0.2513243595777637
2022-01-06,168.4660186767578,172.0,175.3000030517578,171.63999938964844,172.6999969482422,96904000,-0.016693335236175,-0.016834239263311807,0.3119903229338652,0.2992610465806233,0.253446243220604
2022-01-07,168.6325225830078,172.1699981689453,174.13999938964844,171.02999877929688,172.88999938964844,86709100,0.0009883614473564784,0.0009878733397725046,0.31684814382539184,0.299225052233083,0.25301111471434007
2022-01-10,168.65206909179688,172.19000244140625,172.5,168.1699981689453,169.0800018310547,106765600,0.00011618907285648739,0.00011618232342896318,0.18768551561821326,0.2800123080030068,0.2506826919115611
2022-01-11,171.48269653320312,175.0800018310547,175.17999267578125,170.82000732421875,172.32000732421875,76138300,0.016783781570778755,0.016644490304428706,0.2694681549552562,0.27823460411133094,0.25208040114060776
2022-01-12,171.92344665527344,175.52999877929688,177.17999267578125,174.82000732421875,176.1199951171875,74805200,0.0025702361408266317,0.002566938732786523,0.18876408970733968,0.2768020748434266,0.25144751071031896
2022-01-13,168.65206909179688,172.19000244140625,176.6199951171875,171.7899932861328,175.77999877929688,84505800,-0.019028065636177538,-0.019211429037215406,0.2028978290645018,0.2645366257162944,0.2542445646841702
2022-01-14,169.5140380859375,173.07000732421875,173.77999877929688,171.08999633789062,171.33999633789062,80440800,0.005110661887074208,0.005097646779653606,0.20595146505456802,0.2238647794094212,0.2542964889844852
2022-01-18,166.31121826171875,169.8000030517578,172.5399932861328,169.41000366210938,171.50999450683594,90956700,-0.018894112983626976,-0.01907488740640033,0.25143335276264744,0.2331320104947545,0.2580977418185231
2022-01-19,162.81454467773438,166.22999572753906,171.0800018310547,165.94000244140625,170.0,94815000,-0.021024777738847034,-0.02124894600464516,0.20681227476071504,0.2433244493845352,0.2620960878926784
2022-01-20,161.1298828125,164.50999450683594,169.67999267578125,164.17999267578125,166.97999572753906,91420500,-0.010347117036099251,-0.010401020604998803,0.17349855317539592,0.23348699902710776,0.2632650987237698
2022-01-21,159.07301330566406,162.41000366210938,166.3300018310547,162.3000030517578,164.4199981689453,122848900,-0.01276512622240289,-0.012847300505206391,0.16473115856529943,0.22638073638041495,0.26486674564636153
2022-01-24,158.29925537109375,161.6199951171875,162.3000030517578,154.6999969482422,160.02000427246094,162294600,-0.00486428500159064,-0.00487615414144106,0.10510377368705019,0.22462371784347007,0.2650168062154847
2022-01-25,156.49703979492188,159.77999877929688,162.75999450683594,157.02000427246094,158.97999572753906,115798400,-0.011384707297859231,-0.01145000917961982,0.09382549872372858,0.20160078228371797,0.26176677226278633
2022-01-26,156.40895080566406,159.69000244140625,164.38999938964844,157.82000732421875,163.5,108275300,-0.0005632515870458432,-0.0005634102728104683,0.08180427567491824,0.20254148859342389,0.2587471911200885
2022-01-27,155.94857788085938,159.22000122070312,163.83999633789062,158.27999877929688,162.4499969482422,121954600,-0.0029432100539642514,-0.002947549813983801,0.08522256102797734,0.20148795348720414,0.25850975681018507
2022-01-28,166.83030700683594,170.3300018310547,170.35000610351562,162.8000030517578,165.7100067138672,179935700,0.06977766942076213,0.06745084129532589,0.5180593920093284,0.3292941120345281,0.29191271027492194
2022-01-31,171.18885803222656,174.77999877929688,175.0,169.50999450683594,170.16000366210938,115541600,0.026125737688043937,0.02579029059264355,0.5100453994217057,0.34391388829249614,0.2955327313381537
2022-02-01,171.02236938476562,174.61000061035156,174.83999633789062,172.30999755859375,174.00999450683594,86213900,-0.0009726408635577499,-0.0009731141856222916,0.47947481769795336,0.3304899736726755,0.2953627875639229
2022-02-02,172.2270965576172,175.83999633789062,175.8800048828125,173.3300018310547,174.75,84914300,0.007044245594408194,0.0070195507993890734,0.46399915203154624,0.329458858915195,0.2955117562857113
2022-02-03,169.34747314453125,172.89999389648438,176.24000549316406,172.1199951171875,174.47999572753906,89418100,-0.016719759455390393,-0.016861112440536424,0.5138076426763257,0.32077527059119737,0.2977278431461215
2022-02-04,169.06312561035156,172.38999938964844,174.10000610351562,170.67999267578125,171.67999267578125,82465400,-0.0029496502304173777,-0.002954009022042268,0.2484093712397877,0.3151823477141923,0.2979235972766427
2022-02-07,168.34718322753906,171.66000366210938,173.9499969482422,170.9499969482422,172.86000061035156,77251200,-0.004234559603942367,-0.004243550742781456,0.13664160118042298,0.3155366442052182,0.29484305385045445
2022-02-08,171.45602416992188,174.8300018310547,175.35000610351562,171.42999267578125,171.72999572753906,74829200,0.018466725511581794,0.018298286059323026,0.2092208453593432,0.32226754133128044,0.29655082708268143
2022-02-09,172.87799072265625,176.27999877929688,176.64999389648438,174.89999389648438,176.0500030517578,71285000,0.008293753549481586,0.00825954936608848,0.2119156530587438,0.31813418346366423,0.2958178560492868
2022-02-10,168.79830932617188,172.1199951171875,175.47999572753906,171.5500030517578,174.13999938964844,90865900,-0.02359884099680365,-0.023881753447243893,0.250499371483386,0.32933594161732427,0.30075579096752036
2022-02-11,165.38548278808594,168.63999938964844,173.0800018310547,168.0399932861328,172.3300018310547,98670700,-0.020218427993619836,-0.020425617868005615,0.28748422482420477,0.3302543050431045,0.3041799189575643
2022-02-14,165.62086486816406,168.8800048828125,169.5800018310547,166.55999755859375,167.3699951171875,86185500,0.0014231824835904128,0.0014221707192360556,0.2904750225749569,0.32960516150804586,0.30267230623915437
2022-02-15,169.45535278320312,172.7899932861328,172.9499969482422,170.25,170.97000122070312,62527400,0.023152465006342826,0.022888513016406736,0.31290490100562546,0.33310411230063136,0.30089241207098893
2022-02-16,169.2200469970703,172.5500030517578,173.33999633789062,170.0500030517578,171.85000610351562,61177400,-0.0013889128057177347,-0.001389878239147457,0.29950965920762684,0.3229150213043007,0.29924042464739836
2022-02-17,165.62086486816406,168.8800048828125,171.91000366210938,168.47000122070312,171.02999877929688,69589300,-0.021269186346200564,-0.021498634777259173,0.2900096329880097,0.33081257990428736,0.3028045750971226
2022-02-18,164.0713348388672,167.3000030517578,170.5399932861328,166.19000244140625,169.82000732421875,82772700,-0.009355766137921773,-0.009399806218967926,0.2591069686950743,0.32907744225166474,0.3035016549930909
2022-02-22,161.14886474609375,164.32000732421875,166.69000244140625,162.14999389648438,164.97999572753906,91162800,-0.017812287347162448,-0.01797283548086231,0.2805719858620909,0.335652269913232,0.305815853166988
2022-02-23,156.98085021972656,160.07000732421875,166.14999389648438,159.75,165.5399932861328,90009200,-0.02586416632525068,-0.02620452543819213,0.15730574743471532,0.34671453861223456,0.30334007571819566
2022-02-24,159.5993194580078,162.74000549316406,162.85000610351562,152.0,152.5800018310547,141147500,0.01668019020913314,0.016542603707790798,0.26901065595431284,0.35156952945395115,0.3019890175450115
2022-02-25,161.66864013671875,164.85000610351562,165.1199951171875,160.8699951171875,163.83999633789062,91974200,0.012965469700934706,0.012882137519657203,0.2992034800317319,0.3537280414645181,0.29630121216669003
2022-02-28,161.9334259033203,165.1199951171875,165.4199981689453,162.42999267578125,163.05999755859375,95056600,0.0016377858882354879,0.001636446179498877,0.2988434952416384,0.25490694689239013,0.29624652703121007
2022-03-01,160.0504608154297,163.1999969482422,166.60000610351562,161.97000122070312,164.6999969482422,83474400,-0.011627896231359958,-0.011696028891390823,0.2813422348802421,0.23557091715288567,0.2969584116474122
2022-03-02,163.34561157226562,166.55999755859375,167.36000061035156,162.9499969482422,164.38999938964844,79724800,0.02058823941900667,0.020379166378330118,0.20674533937857173,0.25025676959825527,0.2988412344244724
2022-03-03,163.02198791503906,166.22999572753906,168.91000366210938,165.5500030517578,168.47000122070312,76678400,-0.001981279033932526,-0.0019832443635776787,0.19995318691192757,0.24780991303190253,0.2957132798185273
2022-03-04,160.02102661132812,163.1699981689453,165.5500030517578,162.10000610351562,164.49000549316406,83737200,-0.01840821534766368,-0.018579754964044178,0.23585006282206303,0.24917372437408775,0.289097189698668
2022-03-07,156.2257080078125,159.3000030517578,165.02000427246094,159.0399932861328,163.36000061035156,96418800,-0.02371756548762427,-0.024003354807916127,0.27722364233929175,0.26019734433694025,0.2887886931593219
2022-03-08,154.401611328125,157.44000244140625,162.8800048828125,155.8000030517578,158.82000732421875,131148300,-0.011676086470301161,-0.011744787262459548,0.27727393094989666,0.26166839673689923,0.2895287056860159
2022-03-09,159.80526733398438,162.9499969482422,163.41000366210938,159.41000366210938,161.47999572753906,91454900,0.034997423916368176,0.03439893774454232,0.3680780830562372,0.2853037848250046,0.2927744996973538
2022-03-10,155.4607696533203,158.52000427246094,160.38999938964844,155.97999572753906,160.1999969482422,105342000,-0.027186209013482565,-0.027562591280962515,0.40090615043545524,0.2938962608421834,0.2949624506843459
2022-03-11,151.74391174316406,154.72999572753906,159.27999877929688,154.5,158.92999267578125,96970100,-0.02390870831928371,-0.0241991603852047,0.41078866924654966,0.2941643281956635,0.29828058576414346
2022-03-14,147.71327209472656,150.6199951171875,154.1199951171875,150.10000610351562,151.4499969482422,108732100,-0.026562403695717718,-0.026921558634101297,0.41724896901453723,0.2994432959160349,0.29587467291373015
2022-03-15,152.0969696044922,155.08999633789062,155.57000732421875,150.3800048828125,150.89999389648438,92964300,0.029677342754030223,0.029245493703443242,0.5059598373491382,0.32348147259547716,0.29277972121588924
2022-03-16,156.5100860595703,159.58999633789062,160.0,154.4600067138672,157.0500030517578,102300200,0.02901541109199557,0.028602433505549644,0.4799671030487825,0.3304033735088418,0.2991149363062416
2022-03-17,157.520263671875,160.6199951171875,161.0,157.6300048828125,158.61000061035156,75615400,0.006454030972694147,0.006433292896427292,0.4340535255770245,0.3323758061017774,0.29915285944660774
2022-03-18,160.81539916992188,163.97999572753906,164.47999572753906,159.75999450683594,160.50999450683594,123511700,0.020918943546848645,0.02070314675272604,0.37177524889756397,0.3359427954643698,0.2996835137805676
2022-03-21,162.18838500976562,165.3800048828125,166.35000610351562,163.00999450683594,163.50999450683594,95811400,0.008537682593916074,0.008501442705563926,0.17166517998945097,0.33634927380556606,0.29845857677753274
2022-03-22,165.56199645996094,168.82000732421875,169.4199981689453,164.91000366210938,165.50999450683594,81532000,0.0208005946295855,0.0205872161215274,0.14744348203611882,0.33774575513251187,0.3015892750145366
2022-03-23,166.92518615722656,170.2100067138672,172.63999938964844,167.64999389648438,167.99000549316406,98062700,0.008233617636201895,0.008199906324137448,0.11315466619710503,0.3222401192966543,0.2982199458911203
2022-03-24,170.71066284179688,174.07000732421875,174.13999938964844,170.2100067138672,171.05999755859375,90131400,0.02267787120671727,0.022424550976409316,0.11266208922562718,0.3261541546827123,0.30185322177224466
2022-03-25,171.34812927246094,174.72000122070312,175.27999877929688,172.75,173.8800048828125,80546200,0.003734094727035453,0.003727140302264343,0.1316640174676961,0.3242243241659885,0.30197094566232274
2022-03-28,172.2111358642578,175.60000610351562,175.72999572753906,172.0,172.1699981689453,90371900,0.005036657947940837,0.005024016415912028,0.14063876293066133,0.32427117452718895,0.3018975822169276
2022-03-29,175.50631713867188,178.9600067138672,179.00999450683594,176.33999633789062,176.69000244140625,100589400,0.019134399166084615,0.018953638738817526,0.1347023182626294,0.32400247616369154,0.3043583593794543
2022-03-30,174.33929443359375,177.77000427246094,179.61000061035156,176.6999969482422,178.5500030517578,92633200,-0.006649544014093012,-0.006671750729656784,0.18917208110227776,0.3207519836000959,0.3003061849891715
2022-03-31,171.24024963378906,174.61000061035156,178.02999877929688,174.39999389648438,177.83999633789062,103049300,-0.017775797863323284,-0.017935684938688707,0.2191968724403216,0.32909822406855604,0.30139965389303575
2022-04-01,170.94601440429688,174.30999755859375,174.8800048828125,171.94000244140625,174.02999877929688,78751300,-0.0017181321270783867,-0.0017196098088923953,0.21773774765866205,0.3201218444193058,0.2963238039295962
2022-04-04,174.99635314941406,178.44000244140625,178.49000549316406,174.44000244140625,174.57000732421875,76468400,0.023693448113463633,0.0234171147213519,0.2778355985898111,0.31058704693326356,0.29806747051912685
2022-04-05,171.68157958984375,175.05999755859375,178.3000030517578,174.4199981689453,177.5,73401800,-0.018941968373500706,-0.019123665583828355,0.2733618467669169,0.31711141401050413,0.3007965114307768
2022-04-06,168.513916015625,171.8300018310547,173.6300048828125,170.1300048828125,172.36000061035156,89058800,-0.018450792714411857,-0.01862313174332769,0.2921240505036146,0.30832025791207784,0.30328078589957636
2022-04-07,168.81793212890625,172.13999938964844,173.36000061035156,169.85000610351562,171.16000366210938,77594700,0.0018040944846089424,0.0018024690608060298,0.27797487613138216,0.287036616856089,0.3013133292694508
2022-04-08,166.8074951171875,170.08999633789062,171.77999877929688,169.1999969482422,171.77999877929688,76575500,-0.01190892912179875,-0.011980408480080076,0.2848082323935734,0.27402913626756603,0.3021994099998423
2022-04-11,162.55126953125,165.75,169.02999877929688,165.5,168.7100067138672,72246700,-0.025515882364234077,-0.025847058129606793,0.16629059843628388,0.2724046611816632,0.30425097311081567
2022-04-12,164.42437744140625,167.66000366210938,169.8699951171875,166.63999938964844,168.02000427246094,79265200,0.01152340067637625,0.011457511986214218,0.24073041223985028,0.2581664280232199,0.30504097618604764
2022-04-13,167.11154174804688,170.39999389648438,171.0399932861328,166.77000427246094,167.38999938964844,70618900,0.016342539511671417,0.016210437524274854,0.27437358038012094,0.24589354675176872,0.3044490209727271
2022-04-14,162.10011291503906,165.2899932861328,171.27000427246094,165.0399932861328,170.6199951171875,75329400,-0.02998826756681583,-0.030447112265913557,0.33702036716480116,0.2729723962144306,0.3077641793845183
2022-04-18,161.88438415527344,165.07000732421875,166.60000610351562,163.57000732421875,163.9199981689453,69023900,-0.0013309091345490298,-0.0013317955807180728,0.337816376779029,0.26337845049545605,0.3070273127721417
2022-04-19,164.16940307617188,167.39999389648438,167.82000732421875,163.91000366210938,165.02000427246094,67723800,0.014115141872437453,0.014016450864878151,0.30737678949006914,0.2663581803683754,0.3071409272134347
2022-04-20,164.00270080566406,167.22999572753906,168.8800048828125,166.10000610351562,168.75999450683594,67929800,-0.0010155207595194948,-0.0010160367500883375,0.29568298853444336,0.25568996231926316,0.30695392313018593
2022-04-21,163.2082977294922,166.4199981689453,171.52999877929688,165.91000366210938,168.91000366210938,87227800,-0.004843614060203949,-0.004855382374947397,0.2557417543287949,0.2540105365430708,0.30614752303841947
2022-04-22,158.66763305664062,161.7899932861328,167.8699951171875,161.5,166.4600067138672,84882400,-0.02782120498590701,-0.02821554594984485,0.24170820199675144,0.25533861629067395,0.31181914790529824
2022-04-25,159.7366485595703,162.8800048828125,163.1699981689453,158.4600067138672,161.1199951171875,96046400,0.006737200333224225,0.006714606820305089,0.25431373933138746,0.2567011949010254,0.31202888525720707
2022-04-26,153.7740020751953,156.8000030517578,162.33999633789062,156.72000122070312,162.25,95623200,-0.03732810442527357,-0.038042635961083655,0.3029939899502338,0.28198862913272843,0.2892409502618518
2022-04-27,153.5484161376953,156.57000732421875,159.7899932861328,155.3800048828125,155.91000366210938,88063200,-0.001466809458308127,-0.0014678862764217597,0.30187520463516604,0.2672786105493282,0.2836450289709365
2022-04-28,160.4819793701172,163.63999938964844,164.52000427246094,158.92999267578125,159.25,130216800,0.04515546870218534,0.04416564822872782,0.5134396022500958,0.322516548614434,0.29890448071744263
2022-04-29,154.60755920410156,157.64999389648438,166.1999969482422,157.25,161.83999633789062,131747600,-0.036604775821961866,-0.03729154205589352,0.5442293407839973,0.3403236655142199,0.30744767858705313
2022-05-02,154.91159057617188,157.9600067138672,158.22999572753906,153.27000427246094,156.7100067138672,123055300,0.0019664626031408172,0.0019645316465775583,0.538703179784033,0.34106075394154756,0.30593090925061367
2022-05-03,156.4022674560547,159.47999572753906,160.7100067138672,156.32000732421875,158.14999389648438,88966500,0.009622619328101267,0.009576616801167188,0.46155978556821553,0.32913637882502844,0.30675432291482646
2022-05-04,162.8160400390625,166.02000427246094,166.47999572753906,159.25999450683594,159.6699981689453,108256500,0.0410083315784322,0.04018979303829941,0.524408289064144,0.36250133433667164,0.31823275769039094
2022-05-05,153.74453735351562,156.77000427246094,164.0800018310547,154.9499969482422,163.85000610351562,130525300,-0.05571617733980727,-0.057328498428013956,0.6158465823203128,0.4082671690065408,0.33632220413612307
2022-05-06,154.47132873535156,157.27999877929688,159.44000244140625,154.17999267578125,156.00999450683594,116124600,0.0032531383104996703,0.0032478583040279896,0.5616296527484829,0.4085992598028389,0.33583732944040173
2022-05-09,149.3445281982422,152.05999755859375,155.8300018310547,151.49000549316406,154.92999267578125,131577900,-0.03318922470255159,-0.033752484892774166,0.6072622609975803,0.420996595024301,0.33918925191929394
2022-05-10,151.75079345703125,154.50999450683594,156.74000549316406,152.92999267578125,155.52000427246094,115366700,0.01611204121779708,0.015983619865422377,0.6202527788847678,0.42050229880842105,0.3389786854532552
2022-05-11,143.88385009765625,146.5,155.4499969482422,145.80999755859375,153.5,142689800,-0.05184127106082803,-0.0532333551530453,0.5262858673896984,0.4515149472977928,0.3551168397862368
2022-05-12,140.01416015625,142.55999755859375,146.1999969482422,138.8000030517578,142.77000427246094,182602000,-0.026894214617107504,-0.027262481860087676,0.4473575894825989,0.448559939788575,0.3547545433450066
2022-05-13,144.4829559326172,147.11000061035156,148.10000610351562,143.11000061035156,144.58999633789062,113990900,0.03191640803646689,0.03141766381403283,0.5648907241280987,0.46271075862991706,0.36177362153444353
2022-05-16,142.94097900390625,145.5399932861328,147.52000427246094,144.17999267578125,145.5500030517578,86643800,-0.010672335787539122,-0.010729693622863048,0.5354318852288185,0.4627026109354571,0.3600473228110035
2022-05-17,146.57489013671875,149.24000549316406,149.77000427246094,146.67999267578125,148.86000061035156,78336300,0.02542264929033622,0.025104868372337663,0.5650869804958942,0.4707626744523193,0.36413534184559415
2022-05-18,138.30528259277344,140.82000732421875,147.36000061035156,139.89999389648438,146.85000610351562,109742900,-0.056419176219683176,-0.05807325405834499,0.5905374507707836,0.5054552658896345,0.3805953158933719
2022-05-19,134.8972625732422,137.35000610351562,141.66000366210938,136.60000610351562,139.8800048828125,136095600,-0.024641393553644142,-0.024950074123233013,0.5859735171620483,0.5085074594654262,0.3802711667255074
2022-05-20,135.1329345703125,137.58999633789062,140.6999969482422,132.61000061035156,139.08999633789062,137426100,0.0017472895792529641,0.0017457648446596189,0.4923818109760651,0.5050692525871748,0.37830181332396495
2022-05-23,140.5543670654297,143.11000061035156,143.25999450683594,137.64999389648438,137.7899932861328,117726300,0.04011922682885327,0.03933534776407291,0.620878034015171,0.5303987887386244,0.3867745855085936
2022-05-24,137.85345458984375,140.36000061035156,141.97000122070312,137.3300018310547,140.80999755859375,104132700,-0.019215987619813357,-0.01940301452420988,0.570663488979833,0.519701623632353,0.38824735714164554
2022-05-25,138.0106201171875,140.52000427246094,141.7899932861328,138.33999633789062,138.42999267578125,92482700,0.0011399519906925004,0.0011393027387857839,0.4007872184883334,0.5200547209097691,0.38786908127609215
2022-05-26,141.21238708496094,143.77999877929688,144.33999633789062,137.13999938964844,137.38999938964844,90601500,0.02319950475175747,0.022934487263377056,0.3580956054802118,0.4982144050647399,0.38854746288550807
2022-05-27,146.96775817871094,149.63999938964844,149.67999267578125,145.25999450683594,145.38999938964844,90978500,0.04075671623385313,0.039948060335496326,0.4076088492755513,0.5101346416075571,0.39814737081217816
2022-05-31,146.1820526123047,148.83999633789062,150.66000366210938,146.83999633789062,149.07000732421875,103718400,-0.005346184543042365,-0.005360526527060401,0.3739874941854621,0.5099265598645488,0.396680044502939
2022-06-01,146.05438232421875,148.7100067138672,151.74000549316406,147.67999267578125,149.89999389648438,74286600,-0.0008733514325567349,-0.0008737330261121389,0.3058422587474023,0.507860346199599,0.3939061329879774
2022-06-02,148.509765625,151.2100067138672,151.27000427246094,146.86000061035156,147.8300018310547,72348100,0.016811242600575316,0.01667149767755052,0.29207773622281014,0.48748103977734464,0.3949440837636092
2022-06-03,142.7838592529297,145.3800048828125,147.97000122070312,144.4600067138672,146.89999389648438,88570300,-0.03855566147871903,-0.03931860588248595,0.4644984790483335,0.465369434140876,0.39587781838981123
2022-06-06,143.5302734375,146.13999938964844,148.57000732421875,144.89999389648438,147.02999877929688,71598400,0.005227641225136415,0.005214024543548508,0.33379410418659045,0.4658148901044676,0.3924875726593875
2022-06-07,146.05438232421875,148.7100067138672,149.0,144.10000610351562,144.35000610351562,67808200,0.017585926747997416,0.01743308366138678,0.36851438193367103,0.4573339650606016,0.391410215346438
2022-06-08,145.31776428222656,147.9600067138672,149.8699951171875,147.4600067138672,148.5800018310547,53950200,-0.005043372780172639,-0.005056133507489779,0.37020646125485906,0.4529787991197517,0.3876919145705899
2022-06-09,140.0927276611328,142.63999938964844,147.9499969482422,142.52999877929688,147.0800018310547,69473000,-0.0359557115626985,-0.03661804306456349,0.401804871456632,0.43146333043303225,0.38974753654150707
2022-06-10,134.6811981201172,137.1300048828125,140.75999450683594,137.05999755859375,140.27999877929688,91437900,-0.038628677302390724,-0.03939455265697863,0.4021343448835026,0.4431242488961569,0.39229863795486714
2022-06-13,129.52490234375,131.8800048828125,135.1999969482422,131.44000244140625,132.8699951171875,122207100,-0.03828483784046022,-0.03903696139074914,0.4076566402689036,0.44334900171301694,0.3988748367007542
2022-06-14,130.38917541503906,132.75999450683594,133.88999938964844,131.47999572753906,133.1300048828125,84784300,0.006672653862921818,0.006650490246930823,0.34707436212793247,0.4449010707161012,0.3962963939044192
2022-06-15,133.0115203857422,135.42999267578125,137.33999633789062,132.16000366210938,134.2899932861328,91533000,0.020111466401181888,0.0199119021109421,0.4553669344461118,0.44066486820108336,0.39845881489379426
2022-06-16,127.73743438720703,130.05999755859375,132.38999938964844,129.0399932861328,132.0800018310547,108123900,-0.039651446559871295,-0.04045898391644375,0.4661109078687467,0.41620796310038644,0.40242893946477776
2022-06-17,129.2106475830078,131.55999755859375,133.0800018310547,129.80999755859375,130.07000732421875,134520300,0.011533138767930717,0.011467139093875003,0.4620769833883441,0.41191805975166346,0.40291944194673907
2022-06-21,133.44366455078125,135.8699951171875,137.05999755859375,133.32000732421875,133.4199981689453,81000500,0.032760699593918474,0.032235507535350164,0.43982595771882593,0.42958512890287764,0.4061865339821486
2022-06-22,132.93295288085938,135.35000610351562,137.75999450683594,133.91000366210938,134.7899932861328,73409200,-0.003827107031419197,-0.0038344491442217498,0.4450583511667753,0.40281578261607787,0.4058573235462465
2022-06-23,135.80079650878906,138.27000427246094,138.58999633789062,135.6300048828125,136.82000732421875,72433800,0.021573683319320303,0.021344265145307816,0.4484156427612643,0.4064745066122958,0.4088184300606
2022-06-24,139.13027954101562,141.66000366210938,141.91000366210938,139.77000427246094,139.89999389648438,89116800,0.024517243689154977,0.02422151987694386,0.21993396370913243,0.4160426960556792,0.4102209525308599
2022-06-27,139.13027954101562,141.66000366210938,143.49000549316406,140.97000122070312,142.6999969482422,70207900,0.0,0.0,0.25123281233061623,0.4074459379642268,0.4102559665161532
2022-06-28,134.98562622070312,137.44000244140625,143.4199981689453,137.32000732421875,142.1300048828125,67083400,-0.029789645006425114,-0.030242370177498323,0.35006478706627814,0.39029048036638697,0.4128362545809649
2022-06-29,136.74368286132812,139.22999572753906,140.6699981689453,136.6699981689453,137.4600067138672,66242400,0.013023815878466127,0.012939735235462362,0.3518036154213982,0.3949789765879614,0.4142711442638968
2022-06-30,134.27845764160156,136.72000122070312,138.3699951171875,133.77000427246094,137.25,98964500,-0.01802768500939822,-0.018192163499015368,0.35267293943427563,0.39831616526245783,0.4113849437900439
2022-07-01,136.44900512695312,138.92999267578125,139.0399932861328,135.66000366210938,136.0399932861328,71051600,0.016164360995803317,0.016035108706173376,0.31693220603573324,0.39787998723285867,0.41233343447582044
2022-07-05,139.03204345703125,141.55999755859375,141.61000061035156,136.92999267578125,137.77000427246094,73353800,0.018930432746441683,0.018753481788822482,0.3568862076747066,0.38308763366235055,0.41372734192310495
2022-07-06,140.36778259277344,142.9199981689453,144.1199951171875,141.0800018310547,141.35000610351562,74064300,0.009607238159132114,0.009561382112642335,0.23717728477241173,0.3843814249221299,0.41443538254793566
2022-07-07,143.73651123046875,146.35000610351562,146.5500030517578,143.27999877929688,143.2899932861328,66253700,0.02399949607133145,0.023716034499354572,0.26278938467610874,0.38902132807122136,0.41761306413619903
2022-07-08,144.4141845703125,147.0399932861328,147.5500030517578,145.0,145.25999450683594,64547800,0.004714637197412497,0.004703558104416488,0.1192516987546151,0.3891476085545747,0.4150049733438587
2022-07-11,142.28292846679688,144.8699951171875,146.63999938964844,143.77999877929688,145.6699981689453,63141600,-0.014757877230874183,-0.014867858098461903,0.23787642163680028,0.3693908782907784,0.4148666441032439
2022-07-12,143.25526428222656,145.86000061035156,148.4499969482422,145.0500030517578,145.75999450683594,77588800,0.006833751132270249,0.006810506891817098,0.21943964170129351,0.3378089105449289,0.4135072563751918
2022-07-13,142.8918914794922,145.49000549316406,146.4499969482422,142.1199951171875,142.99000549316406,71185600,-0.0025366455206311533,-0.002539868256993273,0.2237874216777347,0.30019659249092656,0.40941263144138046
2022-07-14,145.8186492919922,148.47000122070312,148.9499969482422,143.25,144.0800018310547,78140700,0.0204824772494705,0.020275532370192015,0.20479655906073613,0.30509975793548944,0.4119784969593399
2022-07-15,147.48829650878906,150.1699981689453,150.86000061035156,148.1999969482422,149.77999877929688,76259900,0.011450103955445545,0.011385047645188537,0.21384538742953,0.30126900191404676,0.4115830283767362
2022-07-18,144.4436798095703,147.07000732421875,151.57000732421875,146.6999969482422,150.74000549316406,81420900,-0.020643210245224752,-0.0208592597858532,0.24888403408737217,0.26810940732181454,0.41342438170628193
2022-07-19,148.30348205566406,151.0,151.22999572753906,146.91000366210938,147.9199981689453,82982400,0.026721917998667744,0.026371123101800502,0.30097050195855274,0.2771016389470762,0.4174818148017046
2022-07-20,150.3070526123047,153.0399932861328,153.72000122070312,150.3699951171875,151.1199951171875,64823400,0.013509889312137924,0.013419444447056636,0.2904899442165724,0.2619088103235071,0.4148648476088478
2022-07-21,152.5758056640625,155.35000610351562,155.57000732421875,151.94000244140625,154.5,65086600,0.015094177461599134,0.014981393865878377,0.28110775077000033,0.2611005426284398,0.4158599282685337
2022-07-22,151.3383026123047,154.08999633789062,156.27999877929688,153.41000366210938,155.38999938964844,66675400,-0.008110780277571505,-0.008143851600139225,0.3041723164170194,0.26043074764181856,0.4088754871841611
2022-07-25,150.2186279296875,152.9499969482422,155.0399932861328,152.27999877929688,154.00999450683594,53623900,-0.0073982699509488326,-0.007425772883457637,0.23997031577018865,0.2542776103787111,0.4091309909749036
2022-07-26,148.8927764892578,151.60000610351562,153.08999633789062,150.8000030517578,152.25999450683594,55138700,-0.0088263541788981,-0.00886553717533471,0.1946554694215254,0.2579711047264061,0.39876768188907963
2022-07-27,153.99009704589844,156.7899932861328,157.3300018310547,152.16000366210938,152.5800018310547,78620700,0.034234742570348864,0.03366177408266899,0.3012408883368022,0.24696407795000597,0.3979061221733515
2022-07-28,154.5400848388672,157.35000610351562,157.63999938964844,154.41000366210938,156.97999572753906,81378700,0.0035717382573059453,0.0035653747482409463,0.2876268646679816,0.246005199951617,0.3979549686618789
2022-07-29,159.60791015625,162.50999450683594,163.6300048828125,159.5,161.24000549316406,101786900,0.03279306134837845,0.03226684223607261,0.33247628910899274,0.24507465444437446,0.4029878795439177
2022-08-01,158.6258087158203,161.50999450683594,163.58999633789062,160.88999938964844,161.00999450683594,67829400,-0.00615346768692393,-0.006172478296782795,0.32827839580924856,0.24883608191843595,0.3945051046324858
2022-08-02,157.15255737304688,160.00999450683594,162.41000366210938,159.6300048828125,160.10000610351562,59907000,-0.009287350944318873,-0.009330747288474453,0.3300540603229204,0.2519841871928179,0.3768193862471681
2022-08-03,163.16329956054688,166.1300048828125,166.58999633789062,160.75,160.83999633789062,82507500,0.038247675683253046,0.03753436483924966,0.34763163238794126,0.2755082072676615,0.38442375355112945
2022-08-04,162.84901428222656,165.80999755859375,167.19000244140625,164.42999267578125,166.00999450683594,55474100,-0.0019262464022948844,-0.0019281040007409198,0.3576467749836259,0.27051147118607227,0.37763938147234666
2022-08-05,162.62278747558594,165.35000610351562,165.85000610351562,163.0,163.2100067138672,56697000,-0.0027742082012610636,-0.002778063448656489,0.3059083124974889,0.272373035494934,0.37650957095732895
2022-08-08,162.1507110595703,164.8699951171875,167.80999755859375,164.1999969482422,166.3699951171875,60276900,-0.0029029995077690662,-0.002907221383555376,0.30025353236838415,0.26345908462420575,0.35920159057610657
2022-08-09,162.19992065429688,164.9199981689453,165.82000732421875,163.25,164.02000427246094,63135500,0.0003032877615012364,0.0003032417790651366,0.2801869738410082,0.26435727272892234,0.35402532742575366
2022-08-10,166.44862365722656,169.24000549316406,169.33999633789062,166.89999389648438,167.67999267578125,70170500,0.026194563256017656,0.025857361573686677,0.19760134852087416,0.2711210515905162,0.3522596222410306
2022-08-11,165.7110137939453,168.49000549316406,170.99000549316406,168.19000244140625,170.05999755859375,57149200,-0.0044315763156265175,-0.004441424857093237,0.20285450014062514,0.26994022253181704,0.3514983544334924
2022-08-12,169.26150512695312,172.10000610351562,172.1699981689453,169.39999389648438,169.82000732421875,68039400,0.021425606817361276,0.021199305229821584,0.22813269745356374,0.27458832625299784,0.35051249449136096
2022-08-15,170.33349609375,173.19000244140625,173.38999938964844,171.35000610351562,171.52000427246094,54091700,0.006333505515595528,0.006313533155214912,0.208937457481509,0.25446880119122356,0.32714383296356525
2022-08-16,170.17613220214844,173.02999877929688,173.7100067138672,171.66000366210938,172.77999877929688,56377100,-0.0009238620004263787,-0.0009242890239517587,0.21261899160786335,0.24691359146674505,0.32189913854781577
2022-08-17,171.6710662841797,174.5500030517578,176.14999389648438,172.57000732421875,172.77000427246094,79542000,0.00878462857992468,0.008746268220925823,0.1578433603402219,0.24580902080599265,0.3220234728558326
2022-08-18,171.27764892578125,174.14999389648438,174.89999389648438,173.1199951171875,173.75,62290100,-0.0022916594000563784,-0.002294289270071773,0.14924385077928395,0.24562266444260283,0.3136873721609085
2022-08-19,168.6910400390625,171.52000427246094,173.74000549316406,171.30999755859375,173.02999877929688,70346300,-0.015101864577650947,-0.015217058972706312,0.14886437981313835,0.2521121964653795,0.31251009211923536
2022-08-22,164.8061981201172,167.57000732421875,169.86000061035156,167.13999938964844,169.69000244140625,69026800,-0.023029365962279114,-0.023298684670795898,0.20069806599273515,0.2685475598310718,0.31722324401899776
2022-08-23,164.4718017578125,167.22999572753906,168.7100067138672,166.64999389648438,167.0800018310547,54147100,-0.0020290719210975805,-0.002031133276425555,0.19887243152116002,0.26508785789159284,0.31461563134888376
2022-08-24,164.76681518554688,167.52999877929688,168.11000061035156,166.25,167.32000732421875,53841500,0.001793954789346408,0.0017923475743469117,0.16837238691476292,0.2424037409870699,0.30479118417622775
2022-08-25,167.2255859375,170.02999877929688,170.13999938964844,168.35000610351562,168.77999877929688,51218200,0.014922700520600518,0.014812452471088687,0.23632362087267253,0.24582269949306523,0.30554664803400156
2022-08-26,160.92127990722656,163.6199951171875,171.0500030517578,163.55999755859375,170.57000732421875,78961000,-0.03769925135640162,-0.03842824864689697,0.33690063537506104,0.2648746371899084,0.31666094556479885
2022-08-29,158.71827697753906,161.3800048828125,162.89999389648438,159.82000732421875,161.14999389648438,73314000,-0.013690198638440787,-0.013784773566182934,0.31849588338005763,0.2687076809152943,0.31661793617535594
2022-08-30,156.28903198242188,158.91000366210938,162.55999755859375,157.72000122070312,162.1300048828125,77906200,-0.015305497248539135,-0.01542383540725122,0.31812569738651625,0.2723475673513505,0.30724236589321524
2022-08-31,154.62686157226562,157.22000122070312,160.5800018310547,157.13999938964844,160.30999755859375,87991100,-0.010634965719336975,-0.01069192113981396,0.3003079886866085,0.23456405976502606,0.3081453103921806
2022-09-01,155.3546905517578,157.9600067138672,158.4199981689453,154.6699981689453,156.63999938964844,74229900,0.004706815210650195,0.004695772792128747,0.24549716258243384,0.2360479602359942,0.30638313605576284
2022-09-02,153.24014282226562,155.80999755859375,160.36000061035156,154.97000122070312,159.75,76957800,-0.013611098150736467,-0.013704578361899616,0.13130650433385577,0.23942694064006573,0.3076241331594136
2022-09-06,151.9812469482422,154.52999877929688,157.08999633789062,153.69000244140625,156.47000122070312,73714800,-0.008215126110989845,-0.008249056213992514,0.12646673592659421,0.24015768819101396,0.298211348862195
2022-09-07,153.3876495361328,155.9600067138672,156.6699981689453,153.61000061035156,154.82000732421875,87449600,0.00925391798269981,0.00921136281689767,0.16009922912618743,0.24395180672235392,0.28625441703416116
2022-09-08,151.9123992919922,154.4600067138672,156.36000061035156,152.67999267578125,154.63999938964844,84923800,-0.009617850316921195,-0.009664400555222502,0.15743545262832184,0.2200339391366388,0.2742849476049051
2022-09-09,154.77439880371094,157.3699951171875,157.82000732421875,154.75,155.47000122070312,68028800,0.01883975318420772,0.018664482977356994,0.22162916142257147,0.2349896461812113,0.27613519053173785
2022-09-12,160.7344512939453,163.42999267578125,164.25999450683594,159.3000030517578,159.58999633789062,104956000,0.038507960517385253,0.03778502970415525,0.31413932087225166,0.2636569240845211,0.28319555257443785
2022-09-13,151.30264282226562,153.83999633789062,160.5399932861328,153.3699951171875,159.89999389648438,122656600,-0.05867953721882391,-0.060471641813472615,0.5943479809697896,0.33158816823213366,0.2988879364057437
2022-09-14,152.74839782714844,155.30999755859375,157.10000610351562,153.61000061035156,154.7899932861328,87965400,0.009555390377639084,0.009510026386489658,0.5946716220880658,0.33571762628042234,0.2986723323286142
2022-09-15,149.8568878173828,152.3699951171875,155.24000549316406,151.3800048828125,154.64999389648438,90481100,-0.018929898188280392,-0.019111362426848168,0.6071587271968212,0.33470800126173617,0.2955544463681941
2022-09-16,148.2144012451172,150.6999969482422,151.35000610351562,148.3699951171875,151.2100067138672,162278800,-0.010960151095764759,-0.011020656053602453,0.5771066221636256,0.33458499376786727,0.2965163990162228
2022-09-19,151.9320526123047,154.47999572753906,154.55999755859375,149.10000610351562,149.30999755859375,81474200,0.025082938658552933,0.024773525081309505,0.5152063954236888,0.3516053261460178,0.29756373422873583
2022-09-20,154.31216430664062,156.89999389648438,158.0800018310547,153.0800018310547,153.39999389648438,107689800,0.01566544689199456,0.015544010375103367,0.2921621721950743,0.3521665824913441,0.29529973236953994
2022-09-21,151.18463134765625,153.72000122070312,158.74000549316406,153.60000610351562,157.33999633789062,101696800,-0.02026764053209118,-0.020475847200587767,0.3311010019923387,0.35734041327114097,0.29876528812357195
2022-09-22,150.22079467773438,152.74000549316406,154.47000122070312,150.91000366210938,152.3800048828125,86652500,-0.006375199842290069,-0.006395608213339059,0.3007566021763809,0.3566970915019004,0.29190940422250905
2022-09-23,147.9488525390625,150.42999267578125,151.47000122070312,148.55999755859375,151.19000244140625,96029900,-0.015123823060790742,-0.015239354403206042,0.3121978042840162,0.35088482685810174,0.29300991556383493
2022-09-26,148.28326416015625,150.77000427246094,153.77000427246094,149.63999938964844,149.66000366210938,93339400,0.0022602646628622214,0.0022577141072532394,0.22741711198878983,0.33032266786526204,0.29018610787216514
2022-09-27,149.2569580078125,151.75999450683594,154.72000122070312,149.9499969482422,152.74000549316406,84442700,0.0065662280713738586,0.006544764301935322,0.18072628203822058,0.3302910867287051,0.2888225436294674
2022-09-28,147.3686065673828,149.83999633789062,150.63999938964844,144.83999633789062,147.63999938964844,146691400,-0.012651543479456517,-0.012732255734667894,0.14901591084453378,0.32909218832439086,0.2879828232682254
2022-09-29,140.13002014160156,142.47999572753906,146.72000122070312,140.67999267578125,146.10000610351562,128138200,-0.049119065604851575,-0.05036642470068572,0.3560296359605316,0.3691811837533308,0.30595429040273436
2022-09-30,135.92059326171875,138.1999969482422,143.10000610351562,138.0,141.27999877929688,124925300,-0.030039296095161427,-0.030499719743629777,0.37557400842146227,0.3780518811909522,0.3081328508932627
2022-10-03,140.1005096435547,142.4499969482422,143.07000732421875,137.69000244140625,138.2100067138672,114311700,0.030752533240588242,0.03028915026917049,0.498529383386979,0.39889169149624637,0.31453459153581653
2022-10-04,143.69029235839844,146.10000610351562,146.22000122070312,144.25999450683594,145.02999877929688,87830100,0.02562309044204225,0.025300321012384868,0.5554786727855552,0.4122432121104465,0.31747184176457505
2022-10-05,143.98533630371094,146.39999389648438,147.3800048828125,143.00999450683594,144.07000732421875,79471000,0.0020533044519943644,0.0020511993035892623,0.5567898151185996,0.4102537881011673,0.3171944937880179
2022-10-06,143.03135681152344,145.42999267578125,147.5399932861328,145.22000122070312,145.80999755859375,68402200,-0.0066256916744750205,-0.006647739009414898,0.39304855745696204,0.4097591657491188,0.3174500084045366
2022-10-07,137.77943420410156,140.08999633789062,143.10000610351562,139.4499969482422,142.5399932861328,85925600,-0.03671867294799025,-0.03740977376021187,0.43245503328957496,0.4186627083483872,0.32366009132688783
2022-10-10,138.1039581298828,140.4199981689453,141.88999938964844,138.57000732421875,140.4199981689453,74899000,0.0023556416566585803,0.0023528714823570222,0.3595787034313292,0.3874497318584069,0.32271559331980154
2022-10-11,136.68771362304688,138.97999572753906,141.35000610351562,138.22000122070312,139.89999389648438,77033700,-0.01025496695758199,-0.010307911404631696,0.25847344183868787,0.3338457175456778,0.32067689267535215
2022-10-12,136.05828857421875,138.33999633789062,140.36000061035156,138.16000366210938,139.1300048828125,70433700,-0.004604974883602009,-0.004615610443994246,0.24275890175452364,0.3293941482141087,0.3156522875346802
2022-10-13,140.63160705566406,142.99000549316406,143.58999633789062,134.3699951171875,134.99000549316406,113224000,0.0336129050048255,0.033060339460541974,0.40224827257686324,0.35263893291103804,0.32210705193395434
2022-10-14,136.09764099121094,138.3800048828125,144.52000427246094,138.19000244140625,144.30999755859375,88598000,-0.03224001981433555,-0.03277117680497568,0.3781551338210476,0.36720656501767096,0.3267372579574705
2022-10-17,140.06117248535156,142.41000366210938,142.89999389648438,140.27000427246094,141.07000732421875,85250900,0.02912269574429982,0.028706687590389787,0.4404253970044281,0.37157122037561036,0.33242137051741255
2022-10-18,141.37905883789062,143.75,146.6999969482422,140.61000061035156,145.49000549316406,99136600,0.009409425626236034,0.00936543273086938,0.42538580008779164,0.3678748594855114,0.33288353815221117
2022-10-19,141.48724365234375,143.86000061035156,144.9499969482422,141.5,141.69000244140625,61758300,0.0007652216372282528,0.0007649290044276629,0.4179802189835525,0.36324335588308465,0.3325006751702329
2022-10-20,141.02499389648438,143.38999938964844,145.88999938964844,142.64999389648438,143.02000427246094,64522000,-0.003267073673773546,-0.0032724222115235483,0.35456242487371853,0.36306113704117843,0.3246382866402056
2022-10-21,144.84100341796875,147.27000427246094,147.85000610351562,142.64999389648438,142.8699951171875,86548600,0.027059103837980825,0.026699479278780944,0.23284411778915118,0.37488037967178267,0.3296007357421761
2022-10-24,146.9850616455078,149.4499969482422,150.22999572753906,146.0,147.19000244140625,75981900,0.014802693097965003,0.014694202560876541,0.1881887896892701,0.378918310056184,0.32392023330491815
2022-10-25,149.82736206054688,152.33999633789062,152.49000549316406,149.36000061035156,150.08999633789062,74732300,0.019337567404898115,0.019152972595567083,0.19972931424017937,0.3846011081665098,0.3264733220576065
2022-10-26,146.88665771484375,149.35000610351562,151.99000549316406,148.0399932861328,150.9600067138672,88194300,-0.019627086164182295,-0.019822255376275157,0.2989636612478628,0.3885638122001893,0.3283231101561402
2022-10-27,142.41172790527344,144.8000030517578,149.0500030517578,144.1300048828125,148.07000732421875,109180200,-0.03046536903791064,-0.030939084502022027,0.4067884397266951,0.3603694293636943,0.3238229588673657
2022-10-28,153.1713104248047,155.74000549316406,157.5,147.82000732421875,148.1999969482422,164762400,0.07555250145606562,0.07283448439292384,0.6454285977004217,0.42260226413662544,0.35856419707558335
2022-10-31,150.81088256835938,153.33999633789062,154.24000549316406,151.9199981689453,153.16000366210938,97943200,-0.015410357458724877,-0.01553033117175072,0.6702626167807013,0.4189184028050429,0.3597779342147247
2022-11-01,148.16525268554688,150.64999389648438,155.4499969482422,149.1300048828125,155.0800018310547,80379300,-0.0175427318745901,-0.017698429186696122,0.6727751890048835,0.41729170714653924,0.36134135352910185
2022-11-02,142.63795471191406,145.02999877929688,152.1699981689453,145.0,148.9499969482422,93604600,-0.03730498071609045,-0.0380186159065104,0.7138950849663671,0.44024132649350634,0.3689771766356539
2022-11-03,136.58938598632812,138.8800048828125,142.8000030517578,138.75,142.05999755859375,97918500,-0.04240497792352105,-0.043330323084718216,0.7460056265824314,0.46559458115394176,0.3737658481665177
2022-11-04,136.3233642578125,138.3800048828125,142.6699981689453,134.3800048828125,142.08999633789062,140814800,-0.003600230288167805,-0.0036067267143389315,0.2628722641365052,0.4468753204954616,0.37375882869481597
2022-11-07,136.85537719726562,138.9199981689453,139.14999389648438,135.6699981689453,137.11000061035156,83374600,0.003902249364639898,0.0038946553390313667,0.32857335087431444,0.4470445673414713,0.3705868016335275
2022-11-08,137.42672729492188,139.5,141.42999267578125,137.49000549316406,140.41000366210938,89908500,0.004175078021159573,0.004166386566188452,0.37109620578212477,0.44579935715335084,0.3703682847551608
2022-11-09,132.8655548095703,134.8699951171875,138.5500030517578,134.58999633789062,138.5,74917800,-0.03318999915994625,-0.033753285936499205,0.35561501409733315,0.46167772366007276,0.3754294871628291
2022-11-10,144.68722534179688,146.8699951171875,146.8699951171875,139.5,141.24000549316406,118854000,0.08897457132383879,0.08523649319503668,0.7020894094648469,0.5431047398404611,0.41707153749612896
2022-11-11,147.4751434326172,149.6999969482422,150.00999450683594,144.3699951171875,145.82000732421875,93979700,0.019268754171310798,0.01908546251980096,0.6903494661575063,0.5309663346571443,0.41949376182425696
2022-11-14,146.0762481689453,148.27999877929688,150.27999877929688,147.42999267578125,148.97000122070312,73374100,-0.009485625904429806,-0.009530900989646466,0.7111123713234883,0.5246125513207275,0.4189202098105525
2022-11-15,147.81007385253906,150.0399932861328,153.58999633789062,148.55999755859375,152.22000122070312,89868300,0.011869399253607638,0.011799510416391273,0.7071648555902437,0.5251354867755612,0.4176244152889182
2022-11-16,146.57867431640625,148.7899932861328,149.8699951171875,147.2899932861328,149.1300048828125,64218300,-0.00833111207633952,-0.00836600975000626,0.614814926591742,0.5264514848344247,0.41783843118698494
2022-11-17,148.47998046875,150.72000122070312,151.47999572753906,146.14999389648438,146.42999267578125,80389400,0.01297135574741759,0.012887948210700441,0.20947391272431642,0.5275573233669153,0.418880024102125
2022-11-18,149.0415496826172,151.2899932861328,152.6999969482422,149.97000122070312,152.30999755859375,74829600,0.003781794458686649,0.003774661452076533,0.16987933601143496,0.5198252273511463,0.4176234618598485
2022-11-21,145.81027221679688,148.00999450683594,150.3699951171875,147.72000122070312,150.16000366210938,58724100,-0.02168020969565021,-0.02191867844364332,0.234025185187145,0.5235888574744758,0.4128063065583638
2022-11-22,147.947998046875,150.17999267578125,150.4199981689453,146.92999267578125,148.1300048828125,51804100,0.014661159715434469,0.014554723966504158,0.24366618319715894,0.5215519919483993,0.413339601903708
2022-11-23,148.82481384277344,151.07000732421875,151.8300018310547,149.33999633789062,149.4499969482422,58301400,0.0059263196953200925,0.005908828135781974,0.2329386566972203,0.5170265488990715,0.41251511565443655
2022-11-25,145.90878295898438,148.11000061035156,148.8800048828125,147.1199951171875,148.30999755859375,35195900,-0.01959360938875554,-0.019788108978101654,0.25987323524372313,0.5094725031786403,0.41386169585792476
2022-11-28,142.0766143798828,144.22000122070312,146.63999938964844,143.3800048828125,145.13999938964844,69246000,-0.02626425881856731,-0.026615325107028288,0.29368259265992935,0.44161149101206615,0.4169856631913304
2022-11-29,139.0719451904297,141.1699981689453,144.80999755859375,140.35000610351562,144.2899932861328,83763800,-0.021148266717113118,-0.02137509502724408,0.2922647689948272,0.44414326278026417,0.4182376855363662
2022-11-30,145.82997131347656,148.02999877929688,148.72000122070312,140.5500030517578,141.39999389648438,111380900,0.04859389884061516,0.04745012275353514,0.489393533567241,0.47676154401338755,0.42989578551409247
2022-12-01,146.10581970214844,148.30999755859375,149.1300048828125,146.61000061035156,148.2100067138672,71250400,0.0018915002472865705,0.0018897136132848358,0.4856618540873149,0.4561256466435144,0.42943523435156683
2022-12-02,145.61326599121094,147.80999755859375,148.0,145.64999389648438,145.9600067138672,65447400,-0.0033713168918532155,-0.0033770125855744227,0.4649183307586723,0.4255072200796432,0.42907645717044723
2022-12-05,144.45079040527344,146.6300048828125,150.9199981689453,145.77000427246094,147.77000427246094,68826400,-0.00798317228381984,-0.008015208417572792,0.414921644093433,0.4267170223553544,0.427405249460113
2022-12-06,140.78607177734375,142.91000366210938,147.3000030517578,141.9199981689453,147.07000732421875,64727200,-0.025369986338581674,-0.025697353170228365,0.43191157276520276,0.438562110888065,0.42245942698977895
2022-12-07,138.8453369140625,140.94000244140625,143.3699951171875,140.0,142.19000244140625,69721100,-0.013784907775671984,-0.01388080189780191,0.16846195238234848,0.4417282003942076,0.40547678911117613
2022-12-08,140.52992248535156,142.64999389648438,143.52000427246094,141.10000610351562,142.36000061035156,62128300,0.012132761639400691,0.012059749651672716,0.2204369328738234,0.42417730485899163,0.4058049507973706
2022-12-09,140.0471954345703,142.16000366210938,145.57000732421875,140.89999389648438,142.33999633789062,76097000,-0.0034349124103753015,-0.0034408252659857237,0.22035704606025833,0.2917265707509481,0.4041539605876565
2022-12-12,142.3425750732422,144.49000549316406,144.5,141.05999755859375,142.6999969482422,70462700,0.01638999557563814,0.016257129416253947,0.27852539526030534,0.2892248653572337,0.4051751612416751
2022-12-13,143.30804443359375,145.47000122070312,149.97000122070312,144.24000549316406,149.5,93886200,0.006782446468835079,0.00675954915368667,0.1939181226000076,0.2892085864508809,0.4020070878201444
2022-12-14,141.08164978027344,143.2100067138672,146.66000366210938,141.16000366210938,145.35000610351562,82291200,-0.015535811424151502,-0.01565775680492927,0.20412321547301093,0.2895685771315577,0.401607514856161
2022-12-15,134.47134399414062,136.5,141.8000030517578,136.02999877929688,141.11000061035156,98931900,-0.04685431463789913,-0.04798751674686918,0.39538117263274686,0.3316243446810349,0.41100130361677367
2022-12-16,132.5109100341797,134.50999450683594,137.64999389648438,133.72999572753906,136.69000244140625,160156900,-0.014578794821714758,-0.014686109742857282,0.39381030585657023,0.3270706343411089,0.4117322599895362
2022-12-19,130.40269470214844,132.3699951171875,135.1999969482422,131.32000732421875,135.11000061035156,79592600,-0.01590959391154889,-0.01603751004408507,0.3106157622724085,0.32702793374916916,0.4118441339727815
2022-12-20,130.333740234375,132.3000030517578,133.25,129.88999938964844,131.38999938964844,77432800,-0.0005287608069164396,-0.0005289006502098463,0.2772377399980236,0.3225921241402175,0.4117568696883083
2022-12-21,133.43692016601562,135.4499969482422,136.80999755859375,132.75,132.97999572753906,85928000,0.023809477126406797,0.02353045181272995,0.413113718780878,0.33148446760247857,0.4147543144926221
2022-12-22,130.26480102539062,132.22999572753906,134.55999755859375,130.3000030517578,134.35000610351562,77852100,-0.02377261936693542,-0.024059747742690325,0.2973770479568295,0.3352576719802897,0.41666378325985093
2022-12-23,129.90029907226562,131.86000061035156,132.4199981689453,129.63999938964844,130.9199981689453,63814900,-0.0027981178941416385,-0.002802039943963447,0.2882329864919699,0.3318402005346704,0.4043424320761677
2022-12-27,128.0974578857422,130.02999877929688,131.41000366210938,128.72000122070312,131.3800048828125,69007800,-0.01387836965405731,-0.01397557463856748,0.283125112378344,0.324276802341275,0.4006452727238061
2022-12-28,124.16680145263672,126.04000091552734,131.02999877929688,125.87000274658203,129.6699981689453,85438400,-0.03068521034551308,-0.03116585952251297,0.34020283805136226,0.3325201830678164,0.3999309188120907
2022-12-29,127.68372344970703,129.61000061035156,130.47999572753906,127.7300033569336,127.98999786376953,75703700,0.02832433885189234,0.027930621991565215,0.36760637392750506,0.2964232483549449,0.4007344561467511
2022-12-30,127.99897766113281,129.92999267578125,129.9499969482422,127.43000030517578,128.41000366210938,77034200,0.00246888406699175,0.002465841379722708,0.3458948730136782,0.2966502066397804,0.4007532430494723
2023-01-03,123.21121215820312,125.06999969482422,130.89999389648438,124.16999816894531,130.27999877929688,112117500,-0.03740470449409117,-0.03812220940337041,0.42352093713964056,0.3165875671160752,0.40745111201104245
2023-01-04,124.4820327758789,126.36000061035156,128.66000366210938,125.08000183105469,126.88999938964844,89113600,0.010314231379827232,0.010261402643368283,0.44563085391438606,0.3234194550386937,0.4016846071119077
2023-01-05,123.16193389892578,125.0199966430664,127.7699966430664,124.76000213623047,127.12999725341797,80962700,-0.010604653061194957,-0.010661283111650382,0.39249355928815344,0.31649071357919845,0.4020064356921756
2023-01-06,127.69355773925781,129.6199951171875,130.2899932861328,124.88999938964844,126.01000213623047,87754700,0.036794101724815675,0.036133357676866824,0.43357760265930806,0.34948584019489964,0.409079983805632
2023-01-09,128.21571350097656,130.14999389648438,133.41000366210938,129.88999938964844,130.47000122070312,70790800,0.004088865910060413,0.004080529215203643,0.43430344316604275,0.34569340161816403,0.4091546150252652
2023-01-10,128.7870635986328,130.72999572753906,131.25999450683594,128.1199951171875,130.25999450683594,63896200,0.004456410743407302,0.004446510347639705,0.27140329790687917,0.3471703165157614,0.40313360358975725
2023-01-11,131.50607299804688,133.49000549316406,133.50999450683594,130.4600067138672,131.25,69458900,0.02111229140844828,0.020892514925815384,0.2850329288764422,0.351158443935574,0.4003422255438255
2023-01-12,131.42727661132812,133.41000366210938,134.25999450683594,131.44000244140625,133.8800048828125,71379600,-0.0005993095195339082,-0.0005994891772679897,0.2427176492781199,0.34914499358034184,0.395656935018151
2023-01-13,132.75718688964844,134.75999450683594,134.9199981689453,131.66000366210938,132.02999877929688,57809700,0.010119112567793076,0.010068257135029462,0.1309498289143949,0.3500129386779747,0.3957388600796469
2023-01-17,133.91964721679688,135.94000244140625,137.2899932861328,134.1300048828125,134.8300018310547,63646600,0.008756366745847899,0.008718252102151425,0.12677323204239874,0.3088953521671245,0.3962322727999706
2023-01-18,133.2005157470703,135.2100067138672,138.61000061035156,135.02999877929688,136.82000732421875,69672800,-0.005369984658148752,-0.005384454852158148,0.16191899929585332,0.3048501053502316,0.3963089219868218
2023-01-19,133.2596435546875,135.27000427246094,136.25,133.77000427246094,134.0800018310547,58280400,0.00044373608175840573,0.0004436376600177206,0.10404583433079387,0.29871607529945127,0.39210736761384907
2023-01-20,135.8209991455078,137.8699951171875,138.02000427246094,134.22000122070312,135.27999877929688,80223600,0.01922074933545259,0.019038364081683426,0.14907548403791818,0.3053172037866593,0.3929698605691484
2023-01-23,139.01283264160156,141.11000061035156,143.32000732421875,137.89999389648438,138.1199951171875,81760300,0.02350043960188808,0.023228555627554673,0.191681917267668,0.3050374065979879,0.39396533639135173
2023-01-24,140.4117431640625,142.52999877929688,143.16000366210938,140.3000030517578,140.30999755859375,66435100,0.010063058343160014,0.010012762907375555,0.1916934834307973,0.2899654924090811,0.39270925174393884
2023-01-25,139.7516632080078,141.86000061035156,142.42999267578125,138.80999755859375,140.88999938964844,65799300,-0.00470075194473818,-0.004711835225971918,0.18844220868581918,0.2906164014733289,0.38775307966470174
2023-01-26,141.82046508789062,143.9600067138672,144.25,141.89999389648438,143.1699981689453,54105100,0.014803370185255682,0.014694869771428311,0.17117473875261818,0.2853184166580917,0.358059061647002
2023-01-27,143.7611541748047,145.92999267578125,147.22999572753906,143.0800018310547,143.16000366210938,70555800,0.013684258613779976,0.0135914746418463,0.16209931215770923,0.2521988325626739,0.35809336931950464
2023-01-30,140.87472534179688,143.0,145.5500030517578,142.85000610351562,144.9600067138672,64015300,-0.020078070464177533,-0.0202823742298003,0.23799784589621023,0.25795703488478977,0.3586521154156313
2023-01-31,142.1455535888672,144.2899932861328,144.33999633789062,142.27999877929688,142.6999969482422,65874500,0.009020932070858745,0.008980486518885233,0.23609417083049877,0.2581728463348601,0.35070449728958286
2023-02-01,143.2686004638672,145.42999267578125,146.61000061035156,141.32000732421875,143.97000122070312,77663600,0.007900751560697472,0.007869704048322388,0.22881846302869893,0.201002322159134,0.3392486138929478
2023-02-02,148.57855224609375,150.82000732421875,151.17999267578125,148.1699981689453,148.89999389648438,118339000,0.03706260688917107,0.036392300510034066,0.32042072527716303,0.2255906364477846,0.34686378282326397
2023-02-03,152.20379638671875,154.5,157.3800048828125,147.8300018310547,148.02999877929688,154357300,0.024399897209064214,0.024106975000651183,0.33751265163108835,0.21938522615045045,0.34993581861179335
2023-02-06,149.47496032714844,151.72999572753906,153.10000610351562,150.77999877929688,152.57000732421875,69858300,-0.01792883024246561,-0.018091498958964447,0.3246645563574821,0.22007084061832913,0.3522505929261423
2023-02-07,152.35159301757812,154.64999389648438,155.22999572753906,150.63999938964844,150.63999938964844,83322600,0.019244699473851767,0.0190618622856037,0.3269287407414872,0.22304997353784506,0.3463175570994954
2023-02-08,149.6621551513672,151.9199981689453,154.5800018310547,151.1699981689453,153.8800048828125,64120100,-0.017652737376545935,-0.017810405213165126,0.39940932999940065,0.24178343369743815,0.30250837305918593
2023-02-09,148.6277313232422,150.8699951171875,154.3300018310547,150.4199981689453,153.77999877929688,56007100,-0.006911552556695955,-0.0069355479636618615,0.3211493341106426,0.24153419639999396,0.30039641946547235
2023-02-10,148.99281311035156,151.00999450683594,151.33999633789062,149.22000122070312,149.4600067138672,57450700,0.0009279472007650558,0.0009275169239235722,0.24495434136429883,0.24103108900764936,0.29972373693814697
2023-02-13,151.79489135742188,153.85000610351562,154.25999450683594,150.9199981689453,150.9499969482422,62199000,0.01880677902118011,0.01863211802837362,0.2557442978134827,0.24474421419816036,0.30116663949270345
2023-02-14,151.15357971191406,153.1999969482422,153.77000427246094,150.86000061035156,152.1199951171875,61707600,-0.004224953717818392,-0.004233904053509201,0.21201626494559328,0.24757626019715967,0.30077067863210305
2023-02-15,153.25509643554688,155.3300018310547,155.5,152.8800048828125,153.11000061035156,65573800,0.013903426404976438,0.0138076604015739,0.17856995951915106,0.24525745871848115,0.3009385047770301
2023-02-16,151.65675354003906,153.7100067138672,156.3300018310547,153.35000610351562,153.50999450683594,68167900,-0.010429376798369527,-0.010484143872342174,0.19392774772199306,0.2520671992017296,0.3016940395848993
2023-02-17,150.5122528076172,152.5500030517578,153.0,150.85000610351562,152.35000610351562,59144100,-0.007546702305912589,-0.007575322747986234,0.2103665981524314,0.2520572344494947,0.29860567002326927
2023-02-21,146.49661254882812,148.47999572753906,151.3000030517578,148.41000366210938,150.1999969482422,58867200,-0.026679824600448265,-0.027042190904412126,0.23204951854407674,0.26673195672518824,0.3023900212809398
2023-02-22,146.92086791992188,148.91000366210938,149.9499969482422,147.16000366210938,148.8699951171875,51011300,0.0028960664530148783,0.0028918809316494888,0.24286716881515846,0.265281647003654,0.30219328529996364
2023-02-23,147.404296875,149.39999389648438,150.33999633789062,147.24000549316406,150.08999633789062,48394200,0.0032905125399556034,0.0032851106503145153,0.19679138303330962,0.2640381861394197,0.29950596172266325
2023-02-24,144.75025939941406,146.7100067138672,147.19000244140625,145.72000122070312,147.11000061035156,55469600,-0.018005269695533066,-0.018169336930799952,0.21051679573586063,0.2697622420280543,0.2967705102983901
2023-02-27,145.94410705566406,147.9199981689453,149.1699981689453,147.4499969482422,147.7100067138672,44998500,0.008247504598905886,0.008213679785789116,0.2456755523310339,0.26708082796403243,0.29372601473566134
2023-02-28,145.44091796875,147.41000366210938,149.0800018310547,146.8300018310547,147.0500030517578,50547000,-0.003447772533457294,-0.0034537297979819336,0.1623184941113557,0.25601586407730575,0.27724235514325146
2023-03-01,143.36895751953125,145.30999755859375,147.22999572753906,145.00999450683594,146.8300018310547,55479000,-0.014246021649447993,-0.014348470370965045,0.17861556454902852,0.26035348733540914,0.27874530196755015
2023-03-02,143.96095275878906,145.91000366210938,146.7100067138672,143.89999389648438,144.3800048828125,52238100,0.0041291453691869595,0.004120643843103321,0.18110725133573113,0.2592555340435314,0.2788199589514529
2023-03-03,149.01255798339844,151.02999877929688,151.11000061035156,147.3300018310547,148.0399932861328,70732300,0.035090089703815774,0.0344884661213861,0.28873134095554254,0.25579200315311307,0.28722159036640726
2023-03-06,151.77516174316406,153.8300018310547,156.3000030517578,153.4600067138672,153.7899932861328,87558000,0.01853938339660255,0.018369623975035526,0.30273354292014587,0.24937127688945146,0.2842416171494692
2023-03-07,149.574951171875,151.60000610351562,154.02999877929688,151.1300048828125,153.6999969482422,56182000,-0.014496494188358522,-0.014602595001837332,0.3372988733314957,0.24634364075615803,0.2844092798615412
2023-03-08,150.82798767089844,152.8699951171875,153.47000122070312,151.8300018310547,152.80999755859375,47204800,0.00837723590066819,0.008342341603068149,0.2875252764999682,0.2381189140063388,0.2839054498180702
2023-03-09,148.57843017578125,150.58999633789062,154.5399932861328,150.22999572753906,153.55999755859375,53833600,-0.014914625839747453,-0.015026967291677991,0.3401179170953161,0.23563945732517733,0.2856935334502432
2023-03-10,146.51632690429688,148.5,150.94000244140625,147.61000061035156,150.2100067138672,68572400,-0.0138787196275717,-0.013975929537563428,0.24902388048794602,0.23950707729165593,0.28549801906601213
2023-03-13,148.46006774902344,150.47000122070312,153.13999938964844,147.6999969482422,147.80999755859375,84457100,0.013266001486216261,0.013178778640633647,0.22169008974894155,0.2445680320469788,0.28640501187368883
2023-03-14,150.5516815185547,152.58999633789062,153.39999389648438,150.10000610351562,151.27999877929688,73695900,0.01408915464869298,0.013990825020587742,0.23163742029219747,0.24035177383776068,0.28567729153108157
2023-03-15,150.9463653564453,152.99000549316406,153.25,149.9199981689453,151.19000244140625,77167900,0.0026214638237991306,0.002618033780690968,0.22411897041502124,0.24013689319913076,0.26676899700246703
2023-03-16,153.7681884765625,155.85000610351562,156.4600067138672,151.63999938964844,152.16000366210938,76161100,0.018694035607962345,0.018521449691435207,0.20681002991046893,0.2442964899202403,0.26663079923650346
2023-03-17,152.92953491210938,155.0,156.74000549316406,154.27999877929688,156.0800018310547,98944600,-0.00545400109224925,-0.00546892845685537,0.15516771764502982,0.242034509596165,0.2643702908807637
2023-03-20,155.29747009277344,157.39999389648438,157.82000732421875,154.14999389648438,155.07000732421875,73641400,0.015483831590221708,0.015365180286954876,0.15996296249657965,0.2456574674147208,0.2655630128043142
2023-03-21,157.15235900878906,159.27999877929688,159.39999389648438,156.5399932861328,157.32000732421875,73938300,0.011944122971497162,0.011873354885857336,0.15647359460157162,0.22337991274601052,0.2627538962549864
2023-03-22,155.7217254638672,157.8300018310547,162.13999938964844,157.80999755859375,159.3000030517578,75701800,-0.009103446505241086,-0.009145136079797108,0.20074167938510945,0.22786350026279595,0.25800076521617016
2023-03-23,156.8070526123047,158.92999267578125,161.5500030517578,157.67999267578125,158.8300018310547,67622100,0.006969466083539766,0.006945291611907683,0.17065095413044953,0.2283136231310496,0.25784593649765575
2023-03-24,158.10939025878906,160.25,160.33999633789062,157.85000610351562,158.86000061035156,59196500,0.008305589788276002,0.008271288176609921,0.1496418002087071,0.21453172296163303,0.25556966521988733
2023-03-27,156.16571044921875,158.27999877929688,160.77000427246094,157.8699951171875,159.94000244140625,52390300,-0.012293299349161457,-0.012369486995857677,0.1753484267883803,0.22200760454463614,0.2474597750504124
2023-03-28,155.54412841796875,157.64999389648438,158.49000549316406,155.97999572753906,157.97000122070312,45992200,-0.003980318976947728,-0.003988261529460803,0.14807470491855612,0.2222339753449297,0.24276485288697772
2023-03-29,158.62245178222656,160.77000427246094,161.0500030517578,159.35000610351562,159.3699951171875,51305700,0.019790742129842442,0.019597451474395997,0.1946642801807465,0.21900523345563025,0.24505227240475225
2023-03-30,160.1912078857422,162.36000061035156,162.47000122070312,161.27000427246094,161.52999877929688,49501700,0.009889881791605992,0.009841296980088399,0.19875680026506312,0.21962197198131567,0.22943152227349622
2023-03-31,162.697265625,164.89999389648438,165.0,161.91000366210938,162.44000244140625,68749800,0.015644205941022005,0.015523096822170946,0.2140336609827903,0.19519848883063154,0.23026256136635997
2023-04-03,163.95033264160156,166.1699981689453,166.2899932861328,164.22000122070312,164.27000427246094,56976200,0.00770166355044366,0.007672157141840555,0.1427303586214081,0.18862206403753645,0.22818416474938366
2023-04-04,163.4175262451172,165.6300048828125,166.83999633789062,165.11000061035156,166.60000610351562,46278300,-0.003249643690696802,-0.003254935249652321,0.138316963114137,0.17788725395746907,0.21913903365880322
2023-04-05,161.57252502441406,163.75999450683594,165.0500030517578,161.8000030517578,164.74000549316406,51511700,-0.011290287513422759,-0.0113545066352627,0.1717617736963437,0.18570346754025158,0.22141188634624423
2023-04-06,162.4605255126953,164.66000366210938,164.9600067138672,162.0,162.42999267578125,45390100,0.005495903672834368,0.005480856301668929,0.1645547052977197,0.1724488711746707,0.2214343623646337
2023-04-10,159.86561584472656,162.02999877929688,162.02999877929688,160.0800018310547,161.4199981689453,47716900,-0.01597233586979263,-0.016101268371610637,0.16382644115768816,0.17559966311234354,0.22224769069245925
2023-04-11,158.65203857421875,160.8000030517578,162.36000061035156,160.50999450683594,162.35000610351562,47644200,-0.007591160506113748,-0.007620120015640883,0.13067625584336068,0.1772578704407118,0.2232278458704399
2023-04-12,157.96141052246094,160.10000610351562,162.05999755859375,159.77999877929688,161.22000122070312,50133100,-0.004353214769634461,-0.004362717597645155,0.12913332598627097,0.17455522308046534,0.2232662809617364
2023-04-13,163.3484649658203,165.55999755859375,165.8000030517578,161.4199981689453,161.6300048828125,68445600,0.03410363052421039,0.0335349940083643,0.30401707006354844,0.20661642304939687,0.23167632099024357
2023-04-14,163.0031280517578,165.2100067138672,166.32000732421875,163.82000732421875,164.58999633789062,49386500,-0.0021139819394035975,-0.0021162195532967317,0.3036142893647017,0.2001968411939372,0.23125036663680948
2023-04-17,163.02285766601562,165.22999572753906,165.38999938964844,164.02999877929688,165.08999633789062,41516200,0.0001209915432451858,0.00012098422435876032,0.2667783838073976,0.198063496001899,0.23126857071664264
2023-04-18,164.24632263183594,166.47000122070312,167.41000366210938,165.64999389648438,166.10000610351562,49923000,0.0075047238711354325,0.007476703533550668,0.24641905588563906,0.19356322976204338,0.22911916171898578
2023-04-19,165.3908233642578,167.6300048828125,168.16000366210938,165.5399932861328,165.8000030517578,47720200,0.006968244450070493,0.006944078432907277,0.22600080122892,0.19127636186365674,0.2254221030770216
2023-04-20,164.4239044189453,166.64999389648438,167.8699951171875,165.55999755859375,166.08999633789062,52456400,-0.0058462742813449875,-0.005863430642706429,0.09201118958428316,0.18895461835032046,0.22562156198564368
2023-04-21,162.81568908691406,165.02000427246094,166.4499969482422,164.49000549316406,165.0500030517578,58337300,-0.00978091619394783,-0.009829063562230548,0.1216399204810351,0.19330965690084348,0.22657216263382876
2023-04-24,163.1215362548828,165.3300018310547,165.60000610351562,163.88999938964844,165.0,41949600,0.001878545331279513,0.00187678307164327,0.12259414972847742,0.19183261159625095,0.2251487425192806
2023-04-25,161.5823974609375,163.77000427246094,166.30999755859375,163.72999572753906,165.19000244140625,48714100,-0.0094356592349637,-0.00948045708845073,0.11749649406719855,0.1893076698122891,0.225174575218708
2023-04-26,161.57252502441406,163.75999450683594,165.27999877929688,162.8000030517578,163.05999755859375,45498800,-6.112087295517821e-05,-6.11227409118481e-05,0.08522216592186983,0.18825155600363858,0.2204209418384978
2023-04-27,166.160400390625,168.41000366210938,168.55999755859375,165.19000244140625,165.19000244140625,64902300,0.02839526936524983,0.02799959640412221,0.24488954904854116,0.20067948682963963,0.2262667120193207
2023-04-28,167.41342163085938,169.67999267578125,169.85000610351562,167.8800048828125,168.49000549316406,55275900,0.007541054486406518,0.0075127628783707495,0.22149443963605658,0.19968997424615734,0.22623222526230793
2023-05-01,167.3246307373047,169.58999633789062,170.4499969482422,168.63999938964844,169.27999877929688,52472900,-0.0005303886243240852,-0.0005305293301251952,0.22465962303980097,0.1935248807164597,0.21503283170576903
2023-05-02,166.2886505126953,168.5399932861328,170.35000610351562,167.5399932861328,170.08999633789062,48425700,-0.006191420923589042,-0.006210667252655721,0.21215246545002847,0.19383329788982814,0.21062419904724913
2023-05-03,165.2132110595703,167.4499969482422,170.9199981689453,167.16000366210938,169.5,65136000,-0.006467285993302041,-0.006488289493430346,0.2275744370768481,0.1950460954531192,0.20734300092531
2023-05-04,163.57540893554688,165.7899932861328,167.0399932861328,164.30999755859375,164.88999938964844,81235400,-0.009913429037699317,-0.00996289426016366,0.10868026422723735,0.19397954897672245,0.20545200048315015
2023-05-05,171.25146484375,173.57000732421875,174.3000030517578,170.75999450683594,170.97999572753906,113453200,0.04692692172716728,0.045859131675121956,0.37063785927102855,0.2517575318891242,0.22117666877478553
2023-05-08,171.18240356445312,173.5,173.85000610351562,172.11000061035156,172.47999572753906,55962800,-0.0004033376808469935,-0.00040341904336783815,0.37052953251989124,0.2422497012890618,0.2204255516542171
2023-05-09,169.47552490234375,171.77000427246094,173.5399932861328,171.60000610351562,173.0500030517578,45326900,-0.009971156931060876,-0.010021201864830388,0.37841069467697513,0.24384567361060958,0.22186032589947924
2023-05-10,171.24160766601562,173.55999755859375,174.02999877929688,171.89999389648438,173.02000427246094,53724500,0.010420872338650744,0.01036694934142512,0.3683347261890698,0.24331160800796897,0.21987494114707004
2023-05-11,171.42904663085938,173.75,174.58999633789062,172.1699981689453,173.85000610351562,49514700,0.0010947363682816125,0.0010941375813929384,0.34346200474930905,0.21697036123046853,0.21949960190820642
2023-05-12,170.50035095214844,172.57000732421875,174.05999755859375,171.0,173.6199951171875,45533100,-0.006791324752697836,-0.006814490743398574,0.1252523265777162,0.21890381956779312,0.21886846297336776
2023-05-15,170.00633239746094,172.07000732421875,173.2100067138672,171.47000122070312,173.16000366210938,37266700,-0.002897374855299284,-0.002901580371093546,0.12556240615645067,0.21954275979858792,0.21760553739607133
2023-05-16,170.00633239746094,172.07000732421875,173.13999938964844,171.8000030517578,171.99000549316406,42110300,0.0,0.0,0.10131064791688392,0.21868417593415487,0.21675167169981333
2023-05-17,170.61891174316406,172.69000244140625,172.92999267578125,170.4199981689453,171.7100067138672,57951600,0.0036031562201266354,0.0035966804036770515,0.06346779618403325,0.21793176161317065,0.20813706821609185
2023-05-18,172.95059204101562,175.0500030517578,175.24000549316406,172.5800018310547,173.0,65496700,0.013666110237923634,0.013573571100223046,0.12319923028813261,0.22014699701469498,0.20936670528032195
2023-05-19,173.0592803955078,175.16000366210938,176.38999938964844,174.94000244140625,176.38999938964844,55809500,0.0006283953638037687,0.0006281980061119212,0.10090257334086776,0.21548550636342945,0.2094055483518753
2023-05-22,172.1107940673828,174.1999969482422,174.7100067138672,173.4499969482422,173.97999572753906,43570900,-0.005480741572254533,-0.0054958159407207455,0.11154753870411925,0.21756598359556864,0.2055996277818629
2023-05-23,169.50245666503906,171.55999755859375,173.3800048828125,171.27999877929688,173.1300048828125,50747300,-0.015154991021227304,-0.015271001481647386,0.1700903353861856,0.222744296214313,0.20860032292541686
2023-05-24,169.7790985107422,171.83999633789062,172.4199981689453,170.52000427246094,171.08999633789062,45143500,0.00163207497832496,0.001630744591288417,0.16759334562025974,0.22258496892543936,0.20824346315037645
2023-05-25,170.91531372070312,172.99000549316406,173.89999389648438,171.69000244140625,172.41000366210938,56058300,0.0066923253013353445,0.006670031103772704,0.13350731175262973,0.20198243572761979,0.2053915415358232
2023-05-26,173.32603454589844,175.42999267578125,175.77000427246094,173.11000061035156,173.32000732421875,54835000,0.014104787011603337,0.014006240077885338,0.17858934955797542,0.20589112254591174,0.20663662911012648
2023-05-30,175.17359924316406,177.3000030517578,178.99000549316406,176.57000732421875,176.9600067138672,55964400,0.010659581907596527,0.010603169101558126,0.18216402884462848,0.2080967107602427,0.1966836664936195
2023-05-31,175.1242218017578,177.25,179.35000610351562,176.75999450683594,177.3300018310547,99625300,-0.0002820251037627397,-0.00028206488032115034,0.0948863159332512,0.20596310800952283,0.1940221769648186
2023-06-01,177.93014526367188,180.08999633789062,180.1199951171875,176.92999267578125,177.6999969482422,68901800,0.016022546335066945,0.015895540184739647,0.10227973966162218,0.20829171847555386,0.19269530860705472
2023-06-02,178.7798309326172,180.9499969482422,181.77999877929688,179.25999450683594,181.02999877929688,61996900,0.004775393568990927,0.004764027547575428,0.10627660605208,0.20200178331845675,0.19240060079004784
2023-06-05,177.42626953125,179.5800018310547,184.9499969482422,178.0399932861328,182.6300048828125,121946500,-0.0075711253953729685,-0.007599931855572029,0.14555678855936105,0.13411313738955927,0.19004729524847042
2023-06-06,177.0607147216797,179.2100067138672,180.1199951171875,177.42999267578125,179.97000122070312,64848400,-0.002060335858196427,-0.002062461269997269,0.14075902767298556,0.1345870332359114,0.18706452953813155
2023-06-07,175.6873779296875,177.82000732421875,181.2100067138672,177.32000732421875,178.44000244140625,61944600,-0.007756259904993845,-0.007786496137042584,0.15793832961111434,0.13223682074773507,0.18718992334492568
2023-06-08,178.4044189453125,180.57000732421875,180.83999633789062,177.4600067138672,177.89999389648438,50214900,0.01546507640721173,0.015346710907507015,0.15461205075718326,0.13762203796386407,0.18755691884970838
2023-06-09,178.7897186279297,180.9600067138672,182.22999572753906,180.6300048828125,181.5,48900000,0.002159823746078704,0.002157494679750581,0.15118707023556474,0.1375830360002972,0.18756126559553152
2023-06-12,181.5857696533203,183.7899932861328,183.88999938964844,180.97000122070312,181.27000427246094,54274900,0.015638740424785524,0.015517715478083682,0.16620197180864257,0.14132206027330868,0.18658425514717455
2023-06-13,181.11154174804688,183.30999755859375,184.14999389648438,182.44000244140625,182.8000030517578,54929100,-0.002611653218746124,-0.002615069534464595,0.16764484229804888,0.14116292029098523,0.1861385638321661
2023-06-14,181.7438507080078,183.9499969482422,184.38999938964844,182.02000427246094,183.3699951171875,57462900,0.003491350161869189,0.003485269547817915,0.13047704336539,0.1406681201691661,0.18429529624466648
2023-06-15,183.7791290283203,186.00999450683594,186.52000427246094,183.77999877929688,183.9600067138672,65433200,0.011198682211304156,0.011136441216671795,0.11563841671065463,0.1433719493013552,0.18414300977830206
2023-06-16,182.70220947265625,184.9199981689453,186.99000549316406,184.27000427246094,186.72999572753906,101256200,-0.005859880490725833,-0.005877116959156801,0.14300839539277246,0.1422530993584841,0.18337399154040163
2023-06-20,182.7911376953125,185.00999450683594,186.10000610351562,184.41000366210938,184.41000366210938,49799100,0.0004866771511018442,0.0004865587621870376,0.10319307682860104,0.14228190730271856,0.1832039674419746
2023-06-21,181.75375366210938,183.9600067138672,185.41000366210938,182.58999633789062,184.89999389648438,49515700,-0.0056753030870986265,-0.0056914688122718686,0.11248285089226032,0.14243364626170651,0.1835701976434455
2023-06-22,184.75726318359375,187.0,187.0500030517578,183.6699981689453,183.74000549316406,51245300,0.016525294494369236,0.016390237686521526,0.15988099467048736,0.13342923454070718,0.18321586215499353
2023-06-23,184.4411163330078,186.67999267578125,187.55999755859375,185.00999450683594,185.5500030517578,53117000,-0.0017112691134693048,-0.0017127350070563138,0.14552645536543807,0.1348396439153932,0.1829159756523596
2023-06-26,183.04800415039062,185.27000427246094,188.0500030517578,185.22999572753906,186.8300018310547,48088700,-0.007552970101992296,-0.0075816382248820756,0.15080135066583644,0.1406593735915654,0.1807341073272029
2023-06-27,185.8045654296875,188.05999755859375,188.38999938964844,185.6699981689453,185.88999938964844,50730800,0.015059066345298966,0.014946804244222203,0.1829673935687052,0.14163369856438238,0.18193516555165024
2023-06-28,186.98028564453125,189.25,189.89999389648438,187.60000610351562,187.92999267578125,51216800,0.006327780797909854,0.00630784445068761,0.1648772519562246,0.139572613144879,0.18007743930206213
2023-06-29,187.3162078857422,189.58999633789062,190.07000732421875,188.94000244140625,189.0800018310547,46347300,0.0017965460390521049,0.0017949341804469375,0.13493125978128298,0.13906706500135066,0.17973041439684992
2023-06-30,191.6436767578125,193.97000122070312,194.47999572753906,191.25999450683594,191.6300048828125,85213200,0.023102510509079632,0.022839687725452428,0.18649258088653342,0.14918233711093903,0.18424851038859572
2023-07-03,190.15179443359375,192.4600067138672,193.8800048828125,191.75999450683594,193.77999877929688,31458200,-0.007784680606965799,-0.007815139410722646,0.18769843393391222,0.15459046027821413,0.18324092739371134
2023-07-05,189.0353546142578,191.3300018310547,192.97999572753906,190.6199951171875,191.57000732421875,46920300,-0.005871375056598072,-0.005888679345684716,0.19458106058123303,0.1531344441796399,0.18398163020874883
2023-07-06,189.50958251953125,191.80999755859375,192.02000427246094,189.1999969482422,189.83999633789062,45094300,0.002508732153585047,0.0025055905382930246,0.19292535719871867,0.1519183175407864,0.1798511150888703
2023-07-07,188.39315795898438,190.67999267578125,192.6699981689453,190.24000549316406,191.41000366210938,46815000,-0.0058912720775532446,-0.005908694079767804,0.20267557045295082,0.15022158381822148,0.1794608886704982
2023-07-10,186.34799194335938,188.61000061035156,189.99000549316406,187.0399932861328,189.25999450683594,59922200,-0.010855843008916843,-0.01091519762644529,0.07898955417629898,0.15164990146216992,0.1810793564876842
2023-07-11,185.82432556152344,188.0800018310547,189.3000030517578,186.60000610351562,189.16000366210938,46638100,-0.002810024800285138,-0.0028139803318065135,0.07814640319660376,0.15268212592716637,0.16962975033252867
2023-07-12,187.49407958984375,189.77000427246094,191.6999969482422,188.47000122070312,189.67999267578125,60750200,0.008985550962107736,0.008945421112453576,0.12164118002779777,0.14658495339739508,0.1699627796571853
2023-07-13,188.2548370361328,190.5399932861328,191.19000244140625,189.77999877929688,190.5,41342300,0.004057485357729984,0.004049275962856601,0.12538940308292093,0.14595015543944828,0.1699373548808693
2023-07-14,188.4030303955078,190.69000244140625,191.17999267578125,189.6300048828125,190.22999572753906,41616200,0.0007872843526774975,0.0007869746069128465,0.11881939160064114,0.1458840797529884,0.1696323812751927
2023-07-17,191.66346740722656,193.99000549316406,194.32000732421875,191.80999755859375,191.89999389648438,50520200,0.017305590274832694,0.017157554010205783,0.1232527458119566,0.15241482399355666,0.1721092710695094
2023-07-18,191.40655517578125,193.72999572753906,194.3300018310547,192.4199981689453,193.35000610351562,48288200,-0.0013403255748356546,-0.0013412246145860394,0.11719449728964151,0.15009885640339074,0.17142623789644626
2023-07-19,192.7601318359375,195.10000610351562,198.22999572753906,192.64999389648438,193.10000610351562,80507300,0.007071751438550322,0.007046863867935629,0.11485811471601783,0.15083649119879136,0.16971850199987673
2023-07-20,190.81373596191406,193.1300048828125,196.47000122070312,192.5,195.08999633789062,59581200,-0.010097391896840224,-0.010148716346077368,0.16130342941245837,0.15488326478436648,0.171772036192241
2023-07-21,189.6380157470703,191.94000244140625,194.97000122070312,191.22999572753906,194.10000610351562,71951700,-0.006161665258219817,-0.006180726657910663,0.17362435563214085,0.14849542703051938,0.17091260097003297
2023-07-24,190.43832397460938,192.75,194.91000366210938,192.25,193.41000366210938,45377800,0.004220055998181094,0.004211176534324878,0.11285554006385769,0.148388197865228,0.17084789812825207
2023-07-25,191.29786682128906,193.6199951171875,194.44000244140625,192.9199981689453,193.3300018310547,37283200,0.004513593344682265,0.004503437629952575,0.1200617054302079,0.14462338777911352,0.16258246611121774
2023-07-26,192.1673126220703,194.5,195.63999938964844,193.32000732421875,193.6699981689453,47471900,0.00454501035536059,0.004534712985109489,0.11165292617304834,0.13697614337903724,0.16229088320248802
2023-07-27,190.90267944335938,193.22000122070312,197.1999969482422,192.5500030517578,196.02000427246094,47460200,-0.006580970587644619,-0.00660272065145234,0.09402630388294166,0.1388487914228484,0.16321376157549522
2023-07-28,193.48138427734375,195.8300018310547,196.6300048828125,194.13999938964844,194.6699981689453,48291400,0.013507921508448373,0.013417502871921925,0.11272303114201926,0.14565165250730552,0.16386263302761472
2023-07-31,194.0939483642578,196.4499969482422,196.49000549316406,195.25999450683594,196.05999755859375,38824100,0.003165986372825502,0.0031609851909711805,0.11285309432940284,0.12254215310296064,0.16279137775302555
2023-08-01,193.26402282714844,195.61000061035156,196.72999572753906,195.27999877929688,196.24000549316406,35175100,-0.004275878599845129,-0.004285046311426489,0.12590758460851922,0.11992622773627858,0.16131984753321707
2023-08-02,190.27037048339844,192.5800018310547,195.17999267578125,191.85000610351562,195.0399932861328,50389300,-0.015489999334607263,-0.015611222838356394,0.17317148405368116,0.13153481391432933,0.1387840786046074
2023-08-03,188.87730407714844,191.1699981689453,192.3699951171875,190.69000244140625,191.57000732421875,61235200,-0.007321651514710981,-0.007348586357380715,0.17450058704868096,0.1339965995444139,0.1399653887604893
2023-08-04,179.80734252929688,181.99000549316406,187.3800048828125,181.9199981689453,185.52000427246094,115956800,-0.04802004898105661,-0.049211304266584634,0.32468912483434775,0.21949184688347045,0.17302295472653498
2023-08-07,176.70504760742188,178.85000610351562,183.1300048828125,177.35000610351562,182.1300048828125,97576100,-0.017253691383433578,-0.017404270864717172,0.2838363167216657,0.22401925634378717,0.17591275008875973
2023-08-08,177.64361572265625,179.8000030517578,180.27000427246094,177.5800018310547,179.69000244140625,67823000,0.005311696482092065,0.005297639179112393,0.32044203363854745,0.22578716377824928,0.17618407134806038
2023-08-09,176.05294799804688,178.19000244140625,180.92999267578125,177.00999450683594,180.8699951171875,60378500,-0.00895439701348677,-0.008994728570124953,0.32546409273092963,0.22295036514859237,0.1766304949854082
2023-08-10,175.83554077148438,177.97000122070312,180.75,177.60000610351562,179.47999572753906,54686900,-0.0012346440186814522,-0.0012354068195308636,0.33780752837543915,0.22147190023737157,0.17652504323118975
2023-08-11,175.89491271972656,177.7899932861328,178.6199951171875,176.5500030517578,177.32000732421875,52036700,-0.0010114509936260951,-0.0010119628553601626,0.1387082368760436,0.22111126116886912,0.17655098215057274
2023-08-14,177.5471649169922,179.4600067138672,179.69000244140625,177.30999755859375,177.97000122070312,43675600,0.009393180104611876,0.009349338515834794,0.1112948805301696,0.2130240694669187,0.17736742254065826
2023-08-15,175.55853271484375,177.4499969482422,179.47999572753906,177.0500030517578,178.8800048828125,43622600,-0.01120032146677552,-0.011263517386748526,0.12874873517228852,0.2143552927078935,0.1769356067341925
2023-08-16,174.6879119873047,176.57000732421875,178.5399932861328,176.5,177.1300048828125,46964900,-0.004959085033290345,-0.004971422099414284,0.11902177874484848,0.21005336759123694,0.1772532366517409
2023-08-17,172.1453399658203,174.0,177.50999450683594,173.47999572753906,177.13999938964844,66062900,-0.014555174817995509,-0.014662140580715842,0.1491710482013413,0.21212436807208346,0.1794781260692761
2023-08-18,172.63009643554688,174.49000549316406,175.10000610351562,171.9600067138672,172.3000030517578,61172200,0.0028161235239314575,0.002812165676863434,0.15708430619054065,0.21397537768188432,0.17671955004472267
2023-08-21,173.9657440185547,175.83999633789062,176.1300048828125,173.74000549316406,175.07000732421875,46311900,0.007736780344014926,0.007707004937545953,0.1486651242964396,0.21626809671430547,0.1773551869787242
2023-08-22,175.3408966064453,177.22999572753906,177.67999267578125,176.25,177.05999755859375,42038900,0.007904910251348207,0.007873830131237547,0.15240540492606713,0.21846761283968671,0.17755448423767567
2023-08-23,179.189453125,181.1199951171875,181.5500030517578,178.3300018310547,178.52000427246094,52722800,0.021948877071738204,0.02171146809565055,0.20792078708963235,0.23564130157554847,0.1807492496160047
2023-08-24,174.49996948242188,176.3800048828125,181.10000610351562,176.00999450683594,180.6699981689453,54945800,-0.02617044148719283,-0.026518981912310478,0.2825299581268157,0.24925946190030362,0.18778827387742533
2023-08-25,176.70620727539062,178.61000061035156,179.14999389648438,175.82000732421875,177.3800048828125,51449600,0.01264313224744873,0.012563875190106717,0.2910890230998146,0.2484600535749603,0.189568126620914
2023-08-28,178.2693634033203,180.19000244140625,180.58999633789062,178.5500030517578,180.08999633789062,43820700,0.008846099466185864,0.008807201954166228,0.2919163997958879,0.2515885301108388,0.1875961644845581
2023-08-29,182.157470703125,184.1199951171875,184.89999389648438,179.5,179.6999969482422,53003900,0.02181027039532446,0.021575829141522288,0.3159641012320815,0.26785690410852087,0.19251556018875843
2023-08-30,185.64984130859375,187.64999389648438,187.85000610351562,184.74000549316406,184.94000244140625,60813900,0.019172272827023162,0.018990800625655557,0.30883403856879,0.27437651706491145,0.19555016175877502
2023-08-31,185.86749267578125,187.8699951171875,189.1199951171875,187.47999572753906,187.83999633789062,60794500,0.001172401960345848,0.0011717152338614467,0.1295494460572207,0.2735495700918471,0.19546502470615784
2023-09-01,187.4405517578125,189.4600067138672,189.9199981689453,188.27999877929688,189.49000549316406,45766500,0.008463361036912254,0.008427747595417956,0.13294928056843633,0.20683160244589185,0.19525196328528402
2023-09-05,187.67796325683594,189.6999969482422,189.97999572753906,187.61000061035156,188.27999877929688,45280000,0.0012667065653462206,0.001265904969438001,0.1529068654286784,0.19379313082181104,0.19296946691184522
2023-09-06,180.96035766601562,182.91000366210938,188.85000610351562,181.47000122070312,188.39999389648438,81755800,-0.03579332311737149,-0.036449612244476785,0.33246885771702134,0.23855807978773413,0.2075016618692004
2023-09-07,175.66738891601562,177.55999755859375,178.2100067138672,173.5399932861328,175.17999267578125,112488800,-0.029249390390909014,-0.0296856823931267,0.3246388645328769,0.2602145881312634,0.2138127692160515
2023-09-08,176.28077697753906,178.17999267578125,180.24000549316406,177.7899932861328,178.35000610351562,65551300,0.0034917499758519988,0.003485667970687328,0.33049168574070026,0.26049938954423,0.21392963668413692
2023-09-11,177.4481964111328,179.36000061035156,180.3000030517578,177.33999633789062,180.07000732421875,58953100,0.006622561359722834,0.006600728540023095,0.3240597865032247,0.261483999031755,0.21427085673601817
2023-09-12,174.4208221435547,176.3000030517578,180.1300048828125,174.82000732421875,179.49000549316406,90370200,-0.017060646455066664,-0.017207856012939438,0.3062107158996786,0.2664279827296463,0.21561044803473042
2023-09-13,172.3530731201172,174.2100067138672,177.3000030517578,173.97999572753906,176.50999450683594,84267900,-0.011854771989295187,-0.011925600122853191,0.23815908065571678,0.26678007765018824,0.21656179578067414
2023-09-14,173.8667755126953,175.74000549316406,176.10000610351562,173.5800018310547,174.0,60895800,0.008782496529087691,0.008744154734033161,0.1860232273176875,0.26845554341600386,0.21746232769194335
2023-09-15,173.14454650878906,175.00999450683594,176.5,173.82000732421875,176.47999572753906,109259500,-0.004153926047057777,-0.0041625775646815045,0.17946592729573477,0.2635135786084913,0.2173396838123267
2023-09-18,176.072998046875,177.97000122070312,179.3800048828125,176.1699981689453,176.47999572753906,67257600,0.016913358132535583,0.016771919860582848,0.22468307654760508,0.2698685125274025,0.2174702283211645
2023-09-19,177.1613006591797,179.07000732421875,179.6300048828125,177.1300048828125,177.52000427246094,51826900,0.006180851244426799,0.006161828129162566,0.17866135330494748,0.26941357494024537,0.21793121414494646
2023-09-20,173.6194610595703,175.49000549316406,179.6999969482422,175.39999389648438,179.25999450683594,58436200,-0.01999219123598317,-0.020194739222717015,0.22592079756787267,0.2780748899335734,0.22114326854542057
2023-09-21,172.0760955810547,173.92999267578125,176.3000030517578,173.86000061035156,174.5500030517578,63149100,-0.008889468166570769,-0.00892921521746959,0.22488004324107205,0.2666598479635491,0.2192390153570704
2023-09-22,172.92691040039062,174.7899932861328,177.0800018310547,174.0500030517578,174.6699981689453,56725400,0.0049445216268977354,0.004932337626036867,0.22878510502300833,0.2512697217124223,0.21905314030471745
2023-09-25,174.20315551757812,176.0800018310547,176.97000122070312,174.14999389648438,174.1999969482422,46172700,0.00738033408360006,0.007353232681253352,0.1913399677299896,0.24835342210481282,0.21968650573656592
2023-09-26,170.12709045410156,171.9600067138672,175.1999969482422,171.66000366210938,174.82000732421875,64588900,-0.023398427273646605,-0.02367651694592774,0.22425269142742899,0.2584013719613636,0.21859736895462983
2023-09-27,168.6134033203125,170.42999267578125,173.0399932861328,169.0500030517578,172.6199951171875,66921800,-0.008897499292564004,-0.008937318409065484,0.19880911229429069,0.24320165984889874,0.2187367653249715
2023-09-28,168.87063598632812,170.69000244140625,172.02999877929688,167.6199951171875,169.33999633789062,56294400,0.0015256103784480057,0.0015244478171947313,0.2024323960735885,0.22891554092179722,0.2187052315890822
2023-09-29,169.3850860595703,171.2100067138672,173.07000732421875,170.33999633789062,172.02000427246094,51861100,0.003046483478957418,0.0030418523515483935,0.1977075988858169,0.22965078861754928,0.21875415294432987
2023-10-02,171.8979949951172,173.75,174.3000030517578,170.92999267578125,171.22000122070312,52164500,0.014835542237771948,0.01472657201395238,0.22913963143302263,0.23542155151864597,0.2212103909735971
2023-10-03,170.5623779296875,172.39999389648438,173.6300048828125,170.82000732421875,172.25999450683594,49594600,-0.007769819300809333,-0.00780016161853228,0.15223415213347916,0.23476299879992257,0.2207387058686663
2023-10-04,171.8089599609375,173.66000366210938,174.2100067138672,170.97000122070312,171.08999633789062,53020300,0.00730864159068112,0.0072820628939414345,0.130861529365479,0.2060926231835286,0.2214501391281721
2023-10-05,173.04563903808594,174.91000366210938,175.4499969482422,172.67999267578125,173.7899932861328,48527900,0.007197972898999483,0.007172191135768029,0.13093924271165794,0.18194613625747597,0.22112831242376477
2023-10-06,175.59812927246094,177.49000549316406,177.99000549316406,173.17999267578125,173.8000030517578,57266700,0.014750453244736894,0.01464272339332305,0.14572064668898663,0.1895440845049426,0.22329011010846678
2023-10-09,177.0821533203125,178.99000549316406,179.0500030517578,175.8000030517578,176.80999755859375,42390800,0.008451180086631815,0.008415668798788524,0.13137960042988353,0.1905140087771262,0.2241232768761577
2023-10-10,176.488525390625,178.38999938964844,179.72000122070312,177.9499969482422,178.10000610351562,43698000,-0.00335217657467779,-0.003357807706458779,0.10277621202412122,0.180079131677648,0.2209233712513835
2023-10-11,177.88352966308594,179.8000030517578,179.85000610351562,177.60000610351562,178.1999969482422,47551100,0.007904051050695804,0.007872977668857532,0.10302492346105749,0.17548474580783893,0.22173888135133768
2023-10-12,178.78382873535156,180.7100067138672,182.33999633789062,179.0399932861328,180.07000732421875,56743100,0.005061199369654101,0.005048434552198421,0.10383531166336943,0.1739671847206469,0.2214573879507524
2023-10-13,176.94366455078125,178.85000610351562,181.92999267578125,178.13999938964844,181.4199981689453,51427100,-0.01029273721015711,-0.010346073731310877,0.1291986291882681,0.17792648713758513,0.2214915238423465
2023-10-16,176.81503295898438,178.72000122070312,179.0800018310547,176.50999450683594,176.75,52517000,-0.0007268933652552212,-0.0007271576803311256,0.11388218227656945,0.16803163705303747,0.22125802638081218
2023-10-17,175.26177978515625,177.14999389648438,178.4199981689453,174.8000030517578,176.64999389648438,57549400,-0.0087847320585005,-0.008823545293605795,0.12876082298821975,0.1694057825551221,0.22151156464556712
2023-10-18,173.9657440185547,175.83999633789062,177.5800018310547,175.11000061035156,175.5800018310547,54764400,-0.007394849583563845,-0.007422327028601251,0.10251234334336835,0.15522355208635366,0.22150085849828446
2023-10-19,173.58978271484375,175.4600067138672,177.83999633789062,175.19000244140625,176.0399932861328,59302900,-0.002160996541954341,-0.0021633348643265698,0.06704657670914688,0.1518245802684937,0.2211328542466029
2023-10-20,171.03729248046875,172.8800048828125,175.4199981689453,172.63999938964844,175.30999755859375,64244000,-0.014704215959948308,-0.01481339452204075,0.08947439702736977,0.16002896656769844,0.22254338792999742
2023-10-23,171.156005859375,173.0,174.00999450683594,169.92999267578125,170.91000366210938,55980100,0.0006940948276166203,0.0006938540552079055,0.09587996227354245,0.1573914249112701,0.22033078715949297
2023-10-24,171.59132385253906,173.44000244140625,173.6699981689453,171.4499969482422,173.0500030517578,43816600,0.0025433667133309967,0.002540137829876088,0.11127717384447929,0.13259118693289723,0.22027154539542645
2023-10-25,169.27626037597656,171.10000610351562,173.05999755859375,170.64999389648438,171.8800048828125,57157000,-0.013491676112499795,-0.013583515757294929,0.12950560447046477,0.1378648760128723,0.22149071640261567
2023-10-26,165.1111297607422,166.88999938964844,171.3800048828125,165.6699981689453,170.3699951171875,70625300,-0.02460553222493822,-0.024913307472257184,0.18273439349364037,0.16395745410191528,0.22468813163745238
2023-10-27,166.42694091796875,168.22000122070312,168.9600067138672,166.8300018310547,166.91000366210938,58499100,0.007969332110484562,0.007937744692775679,0.21383413487719508,0.16650917903146548,0.22542890861831635
2023-10-30,168.47486877441406,170.2899932861328,171.1699981689453,168.8699951171875,169.02000427246094,51131000,0.012305267212035398,0.012230172821553692,0.24775995051562558,0.1636163136589847,0.2048494809961053
2023-10-31,168.9497528076172,170.77000427246094,170.89999389648438,167.89999389648438,169.35000610351562,44846000,0.0028187856318813154,0.002814820305517639,0.24816526702669048,0.1621014755272021,0.2021523027718909
2023-11-01,172.11566162109375,173.97000122070312,174.22999572753906,170.1199951171875,171.0,56934900,0.018738635990994235,0.018565230655253766,0.26687432340940886,0.17378919305097715,0.20565169078214904
2023-11-02,175.6772918701172,177.57000732421875,177.77999877929688,175.4600067138672,175.52000427246094,77334800,0.020693257908003027,0.020482061044476387,0.1164224526081191,0.1869105387738115,0.20932119583313735
2023-11-03,174.76705932617188,176.64999389648438,176.82000732421875,173.35000610351562,174.24000549316406,79829200,-0.005181130764130404,-0.0051945993639879095,0.1721615972431222,0.18051549775205486,0.20957341616087433
2023-11-06,177.31956481933594,179.22999572753906,179.42999267578125,176.2100067138672,176.3800048828125,63841300,0.014605162299448304,0.014499534151946178,0.1749282973986077,0.18560343629797868,0.2116929734715296
2023-11-07,179.8820037841797,181.82000732421875,182.44000244140625,178.97000122070312,179.17999267578125,70530000,0.014450770844278482,0.014347353570873111,0.16285923179644446,0.19180699700467696,0.21286676726309284
2023-11-08,180.94058227539062,182.88999938964844,183.4499969482422,181.58999633789062,182.35000610351562,49340300,0.005884897273828127,0.005867648902712359,0.15814290166881165,0.19097762205153002,0.21181285562702734
2023-11-09,180.46568298339844,182.41000366210938,184.1199951171875,181.80999755859375,182.9600067138672,53763500,-0.0026245050529877245,-0.002627955104147514,0.14630549191147746,0.19068409615238893,0.211608494613751
2023-11-10,184.65611267089844,186.39999389648438,186.57000732421875,183.52999877929688,183.97000122070312,66133400,0.02187374680264753,0.02163794873223134,0.14814290530299498,0.20018727139596404,0.2135362834263898
2023-11-13,183.07110595703125,184.8000030517578,186.02999877929688,184.2100067138672,185.82000732421875,43627500,-0.008583642151914983,-0.008620693785883092,0.19480655870542696,0.203580841889296,0.21443911263963947
2023-11-14,185.68638610839844,187.44000244140625,188.11000061035156,186.3000030517578,187.6999969482422,60108400,0.01428571074703422,0.014184631503116924,0.1943765989041085,0.2042283360390131,0.21571713563539216
2023-11-15,186.2510528564453,188.00999450683594,189.5,187.77999877929688,187.85000610351562,53790500,0.003040930740533243,0.0030363164627483044,0.1956144511191422,0.20061171519174167,0.21529233900954692
2023-11-16,187.93515014648438,189.7100067138672,190.9600067138672,188.64999389648438,189.57000732421875,54412900,0.009042137421952035,0.009001502067323369,0.1820412823929273,0.20045954745658284,0.211610104213779
2023-11-17,187.91534423828125,189.69000244140625,190.3800048828125,188.57000732421875,190.25,50922700,-0.0001054465855937492,-0.00010545214547580637,0.13851665177289105,0.18869831714703755,0.20384117963136916
2023-11-20,189.65887451171875,191.4499969482422,191.91000366210938,189.8800048828125,189.88999938964844,46505100,0.009278267089376957,0.009235488373932033,0.08937634704817105,0.18876522188426098,0.20316251873248314
2023-11-21,188.85643005371094,190.63999938964844,191.52000427246094,189.74000549316406,191.41000366210938,38134500,-0.004230856994020926,-0.004239832394175006,0.09263704138780775,0.19148344984946736,0.20282337890402688
2023-11-22,189.52017211914062,191.30999755859375,192.92999267578125,190.8300018310547,191.49000549316406,39617700,0.0035144679557825853,0.003508306644876359,0.0925855110647982,0.17901043062925334,0.19830119349297073
2023-11-24,188.19273376464844,189.97000122070312,190.89999389648438,189.25,190.8699951171875,24048300,-0.0070043194552873445,-0.007028964851045005,0.10183870320966447,0.14699499378018857,0.1951606941484539
2023-11-27,188.01437377929688,189.7899932861328,190.6699981689453,188.89999389648438,189.9199981689453,40552600,-0.0009475597905649336,-0.0009480090091400063,0.10221141985839068,0.14919105830346088,0.19516418631436955
2023-11-28,188.61868286132812,190.39999389648438,191.0800018310547,189.39999389648438,189.77999877929688,38415400,0.003214082048213829,0.0032089279273993677,0.07310793557005961,0.14764903195766735,0.19451295031078722
2023-11-29,187.5983123779297,189.3699951171875,192.08999633789062,188.97000122070312,190.89999389648438,43014200,-0.0054096576277038455,-0.005424342810680695,0.07670796690743557,0.15251288678903227,0.19482208361733427
2023-11-30,188.17288208007812,189.9499969482422,190.32000732421875,188.19000244140625,189.83999633789062,48794400,0.0030627968844576525,0.0030581160772190498,0.07496327111656928,0.14415172893897865,0.1794984173267169
2023-12-01,189.45083618164062,191.24000549316406,191.55999755859375,189.22999572753906,190.3300018310547,45704800,0.006791305952341675,0.006768348914307308,0.07399242137668909,0.1315176497276664,0.16840664291009605
2023-12-04,187.65777587890625,189.42999267578125,190.0500030517578,187.4499969482422,189.97999572753906,43389500,-0.00946461391650355,-0.009509688006157202,0.10784053836007727,0.13620040510696052,0.16976591017714357
2023-12-05,191.61044311523438,193.4199981689453,194.39999389648438,190.17999267578125,190.2100067138672,66628400,0.02106321938149014,0.020844456346414825,0.18782664067789262,0.14460419734566177,0.17421699488576334
2023-12-06,190.52076721191406,192.32000732421875,194.75999450683594,192.11000061035156,194.4499969482422,41089700,-0.0056870585003612195,-0.00570329139174604,0.18863733307993263,0.14272797574414622,0.17056586608490545
2023-12-07,192.45249938964844,194.27000427246094,195.0,193.58999633789062,193.6300048828125,47477700,0.010139334827264257,0.010088276612733347,0.19505209758322523,0.14470097269204726,0.16915339532379106
2023-12-08,193.8790283203125,195.7100067138672,195.99000549316406,193.6699981689453,194.1999969482422,53406400,0.00741237663940475,0.00738503997898364,0.19555288508982907,0.14388184027477943,0.16893844543584483
2023-12-11,191.3726806640625,193.17999267578125,193.49000549316406,191.4199981689453,193.11000061035156,60943700,-0.012927361664163084,-0.013011647184869976,0.21235377487077062,0.13847650186388435,0.17122890796951043
2023-12-12,192.8883819580078,194.7100067138672,194.72000122070312,191.72000122070312,193.0800018310547,52696900,0.007920147510585007,0.007888947771707804,0.16101884023057,0.13435933383172838,0.1688282962256755
2023-12-13,196.10797119140625,197.9600067138672,198.0,194.85000610351562,195.08999633789062,70404200,0.016691489332522957,0.016553717390059137,0.17655422686056887,0.13729682528553458,0.17137837590465596
2023-12-14,196.25656127929688,198.11000061035156,199.6199951171875,196.16000366210938,198.02000427246094,66831600,0.000757697976345284,0.0007574110681509634,0.17462903303718516,0.13746765751232978,0.16522917093056183
2023-12-15,195.7216339111328,197.57000732421875,198.39999389648438,197.0,197.52999877929688,128538400,-0.002725724519050843,-0.002729446070281669,0.1767163403570485,0.13654445555677536,0.16395792373588755
2023-12-18,194.05734252929688,195.88999938964844,196.6300048828125,194.38999938964844,196.08999633789062,55751900,-0.008503355126233125,-0.008539714917303858,0.1543989217822212,0.14148652136762732,0.1652915371630941
2023-12-19,195.09750366210938,196.94000244140625,196.9499969482422,195.88999938964844,196.16000366210938,40714100,0.005360166700849378,0.005345852136834865,0.15009963889598602,0.13936315335982083,0.1650596754062016
2023-12-20,193.00726318359375,194.8300018310547,197.67999267578125,194.8300018310547,196.89999389648438,52242800,-0.010713925988598105,-0.010771733360343535,0.1049270853664511,0.1447039582091456,0.15851937772071312
2023-12-21,192.858642578125,194.67999267578125,197.0800018310547,193.5,196.10000610351562,46482500,-0.0007699489496669765,-0.0007702455125948375,0.10182324529111009,0.14455134071657016,0.15697077845453467
2023-12-22,191.78875732421875,193.60000610351562,195.41000366210938,192.97000122070312,195.17999267578125,37149600,-0.005547496470601487,-0.005562940974518443,0.10246948124025314,0.1435788046804752,0.15777432535454997
2023-12-26,191.243896484375,193.0500030517578,193.88999938964844,192.8300018310547,193.61000061035156,28919300,-0.0028409247645567737,-0.002844967850533354,0.09444539630024694,0.14406782825479517,0.15808503403945953
2023-12-27,191.3429412841797,193.14999389648438,193.5,191.08999633789062,192.49000549316406,48087700,0.0005179530854488856,0.0005178189940495606,0.0711749761935579,0.14380023487523655,0.1558660386938124
2023-12-28,191.76895141601562,193.5800018310547,194.66000366210938,193.1699981689453,194.13999938964844,34049900,0.002226290179438317,0.002223815667430748,0.047993266048110175,0.1420197040678388,0.1545873848497917
2023-12-29,190.72879028320312,192.52999877929688,194.39999389648438,191.72999572753906,193.89999389648438,42672100,-0.005424129774904141,-0.0054388937789295,0.0556572230343201,0.14365870601552475,0.1549046636350108
2024-01-02,183.90322875976562,185.63999938964844,188.44000244140625,183.88999938964844,187.14999389648438,82488700,-0.03578662771169838,-0.0364426683157658,0.2532979931474427,0.19282002023525774,0.1730701843039542
2024-01-03,182.52622985839844,184.25,185.8800048828125,183.42999267578125,184.22000122070312,58414500,-0.007487607165581278,-0.007515780015705521,0.24898180988632845,0.19184700212905673,0.17155654476282622
2024-01-04,180.2081298828125,181.91000366210938,183.08999633789062,180.8800048828125,182.14999389648438,71983600,-0.012700115809447077,-0.012781451663886221,0.23324287129092616,0.17670006715609948,0.1729385253482545
2024-01-05,179.48495483398438,181.17999267578125,182.75999450683594,180.1699981689453,181.99000549316406,62379700,-0.004013033761925966,-0.0040211075895140265,0.21256227052786314,0.17646800865756188,0.17300328159033057
2024-01-08,183.82395935058594,185.55999755859375,185.60000610351562,181.5,182.08999633789062,59144500,0.024174881663950876,0.023887294910533066,0.3425693930998384,0.1957674920704059,0.179022074189567
2024-01-09,183.40789794921875,185.13999938964844,185.14999389648438,182.72999572753906,183.9199981689453,42841800,-0.002263409002323802,-0.0022659743842163706,0.22594066062593918,0.19240771628613595,0.17886029432977085
2024-01-10,184.44808959960938,186.19000244140625,186.39999389648438,183.9199981689453,184.35000610351562,46792900,0.005671400319862574,0.0056553784780440505,0.21957866026900316,0.19063835291982167,0.17775549776237234
2024-01-11,183.85369873046875,185.58999633789062,187.0500030517578,183.6199951171875,186.5399932861328,49128400,-0.0032225473744458277,-0.0032277509624493044,0.18683520354323324,0.18716403071838814,0.17791326907205496
2024-01-12,184.1806182861328,185.9199981689453,186.74000549316406,185.19000244140625,186.05999755859375,40477800,0.0017781229460982484,0.0017765439569733025,0.1753224375509876,0.1742204895849637,0.17683086525544645
2024-01-16,181.9120330810547,183.6300048828125,184.25999450683594,180.92999267578125,182.16000366210938,65603000,-0.012317089655153213,-0.012393573693348117,0.10720586510380127,0.17655940990375407,0.1781076874402259
2024-01-17,180.97091674804688,182.67999267578125,182.92999267578125,180.3000030517578,181.27000427246094,47317400,-0.005173512943255187,-0.005186941897946375,0.10948736492703598,0.17657819811302397,0.17842444471905464
2024-01-18,186.86526489257812,188.6300048828125,189.13999938964844,185.8300018310547,186.08999633789062,78005800,0.032570683411353496,0.032051502019659395,0.2735159014214772,0.21671106879646312,0.18670941396732246
2024-01-19,189.76783752441406,191.55999755859375,191.9499969482422,188.82000732421875,189.3300018310547,68903000,0.015533014896551123,0.015413612486248647,0.28040575643100335,0.22399280208799824,0.18887813015463906
2024-01-22,192.07603454589844,193.88999938964844,195.3300018310547,192.25999450683594,192.3000030517578,60133900,0.01216330058858972,0.012089922065442798,0.27940682919187354,0.22597726666782014,0.1900700948147747
2024-01-23,193.3539581298828,195.17999267578125,195.75,193.8300018310547,195.02000427246094,42355600,0.006653222395139657,0.006631187392870378,0.21558653844362727,0.22727125012117302,0.18755399168246015
2024-01-24,192.68032836914062,194.5,196.3800048828125,194.33999633789062,195.4199981689453,53631300,-0.0034839261261312426,-0.0034900091293561765,0.20713559261822037,0.22670117101034792,0.17928531465936448
2024-01-25,192.35340881347656,194.1699981689453,196.27000427246094,193.11000061035156,195.22000122070312,54822100,-0.0016966675118492702,-0.001698108482301312,0.1316725280435749,0.22653121038968557,0.17913638482936586
2024-01-26,190.6197967529297,192.4199981689453,194.75999450683594,191.94000244140625,194.27000427246094,44594000,-0.009012720896651283,-0.00905358115900819,0.13356228906281736,0.2289381184609669,0.17945345901225582
2024-01-29,189.9362335205078,191.72999572753906,192.1999969482422,189.5800018310547,192.00999450683594,47145600,-0.003585918553020817,-0.0035923633706288183,0.09008272986176646,0.22905586604981673,0.17981477035349203
2024-01-30,186.28076171875,188.0399932861328,191.8000030517578,187.47000122070312,190.94000244140625,55859400,-0.01924582758897042,-0.01943343959509632,0.11497280953856176,0.23827520585790363,0.1816529419398348
2024-01-31,182.67483520507812,184.39999389648438,187.10000610351562,184.35000610351562,187.0399932861328,55467800,-0.01935758093816564,-0.01954739242829894,0.13488812093102703,0.2111114351920499,0.18211851023493156
2024-02-01,185.11181640625,186.86000061035156,186.9499969482422,183.82000732421875,183.99000549316406,64885400,0.013340600842146166,0.013252398607999679,0.21529412093618178,0.21458512572730587,0.1835175237158669
2024-02-02,184.1112823486328,185.85000610351562,187.3300018310547,179.25,179.86000061035156,102551700,-0.0054050867148502935,-0.005419747046821537,0.21537367416625486,0.20999128654931248,0.18176162536667026
2024-02-05,185.9241180419922,187.67999267578125,189.25,185.83999633789062,188.14999389648438,69668800,0.009846577950857638,0.00979841629578317,0.24715407273305626,0.21127201612856242,0.18052747353948245
2024-02-06,187.5289764404297,189.3000030517578,189.30999755859375,186.77000427246094,186.86000061035156,43490800,0.0086317691773099,0.008594728456425801,0.2170891015468055,0.19648775174802685,0.1809579481625017
2024-02-07,187.63795471191406,189.41000366210938,191.0500030517578,188.61000061035156,190.63999938964844,53439000,0.0005810914346444651,0.0005809226663934482,0.12076512445648845,0.1961200886039798,0.18083487510301294
2024-02-08,186.5581512451172,188.32000732421875,189.5399932861328,187.35000610351562,189.38999938964844,40962000,-0.005754692554861496,-0.005771314598571634,0.11793768074751704,0.19682388244942686,0.1758897794215817
2024-02-09,187.32192993164062,188.85000610351562,189.99000549316406,188.0,188.64999389648438,45155200,0.0028143519471321987,0.002810399073472704,0.10044249060851422,0.19644577407078526,0.17500728772029003
2024-02-12,185.63568115234375,187.14999389648438,188.6699981689453,186.7899932861328,188.4199981689453,41781900,-0.009001917670574011,-0.009042679740372516,0.11100352403709578,0.19951405661301774,0.17363960454331157
2024-02-13,183.54275512695312,185.0399932861328,186.2100067138672,183.50999450683594,185.77000427246094,56529500,-0.011274382469489308,-0.011338420097622396,0.09664572135590715,0.19865490447133005,0.17505016315465385
2024-02-14,182.65994262695312,184.14999389648438,185.52999877929688,182.44000244140625,185.32000732421875,54630500,-0.004809767736384418,-0.004821371893041141,0.08554084027220407,0.1985231655490126,0.17421488434837912
2024-02-15,182.37232971191406,183.86000061035156,184.49000549316406,181.35000610351562,183.5500030517578,65434500,-0.0015747667431138535,-0.0015760079915504534,0.090172172409019,0.15945757634367452,0.17422687916862234
2024-02-16,180.8348388671875,182.30999755859375,184.85000610351562,181.6699981689453,183.4199981689453,49752500,-0.008430343993322875,-0.008466080331399369,0.061120962323684344,0.14844839459406142,0.17376954375057024
2024-02-20,180.09092712402344,181.55999755859375,182.42999267578125,180.0,181.7899932861328,53665600,-0.004113872031395016,-0.0041223572824271755,0.06099079456780404,0.1381490882670742,0.17375982195419892
2024-02-21,180.84474182128906,182.32000732421875,182.88999938964844,180.66000366210938,181.94000244140625,41371400,0.004185997884141424,0.004177260968319589,0.0744532246903258,0.1360718501565508,0.17383627675331637
2024-02-22,182.87815856933594,184.3699951171875,184.9600067138672,182.4600067138672,183.47999572753906,52292200,0.011243899246467626,0.011181156488774513,0.12124393830746577,0.1455873326831902,0.17505195017598124
2024-02-23,181.0431671142578,182.52000427246094,185.0399932861328,182.22999572753906,185.00999450683594,45119700,-0.010034121026855192,-0.010084802131148877,0.14245945224964798,0.14786725104770163,0.17615014750605715
2024-02-26,179.6941375732422,181.16000366210938,182.75999450683594,180.64999389648438,182.24000549316406,40867400,-0.007451241390074692,-0.007479140564589172,0.13954540233736545,0.14712936165242918,0.17651131986638752
2024-02-27,181.15225219726562,182.6300048828125,183.9199981689453,179.55999755859375,181.10000610351562,54318900,0.008114380608232441,0.008081636037250204,0.1502880105558743,0.15226756689669477,0.17717846262430353
2024-02-28,179.95204162597656,181.4199981689453,183.1199951171875,180.1300048828125,182.50999450683594,48953900,-0.006625454095802064,-0.006647499846148286,0.15619727356976665,0.13956628816703492,0.1774379337589699
2024-02-29,179.2874755859375,180.75,182.57000732421875,179.52999877929688,181.27000427246094,136682600,-0.003693077806788292,-0.0036999140550196753,0.11286224533671788,0.1232039612254665,0.1768353639440528
2024-03-01,178.20628356933594,179.66000366210938,180.52999877929688,177.3800048828125,179.5500030517578,73563100,-0.00603040850838521,-0.006048664854259358,0.10221133680333251,0.11214397611389705,0.17626031217003515
2024-03-04,173.68319702148438,175.10000610351562,176.89999389648438,173.7899932861328,176.14999389648438,81510100,-0.025381261636673647,-0.025708922035495445,0.19266588259164327,0.14008061738177752,0.17756601918551998
2024-03-05,168.74346923828125,170.1199951171875,172.0399932861328,169.6199951171875,170.75999450683594,95132400,-0.028440952671264008,-0.02885323246585299,0.1913040373345258,0.1592033561883756,0.18595817949598648
2024-03-06,167.75157165527344,169.1199951171875,171.24000549316406,168.67999267578125,171.05999755859375,68587700,-0.005878203789690617,-0.005895548433220087,0.19323692512630572,0.150995979396539,0.18438247009153855
2024-03-07,167.63253784179688,169.0,170.72999572753906,168.49000549316406,169.14999389648438,71765100,-0.0007095264939214196,-0.0007097783269727351,0.20417469318873033,0.1503592905475952,0.18330754563465443
2024-03-08,169.34852600097656,170.72999572753906,173.6999969482422,168.94000244140625,169.0,76267000,0.010236661109698675,0.010184621335404206,0.2647517520855614,0.16057992849523142,0.18376033344199924
2024-03-11,171.35218811035156,172.75,174.3800048828125,172.0500030517578,172.94000244140625,60139500,0.01183157220764297,0.011762126389301778,0.260038129922623,0.16919569245493846,0.18482425466761082
2024-03-12,171.82830810546875,173.22999572753906,174.02999877929688,171.00999450683594,173.14999389648438,59825400,0.002778557033511264,0.0027747039795536412,0.11756667147056245,0.17014344313417729,0.18103647062489298
2024-03-13,169.74530029296875,171.1300048828125,173.19000244140625,170.75999450683594,172.77000427246094,52488700,-0.012122559005482425,-0.01219663650520539,0.15290616929322057,0.17066990800524606,0.18206885430320438
2024-03-14,171.60015869140625,173.0,174.30999755859375,172.0500030517578,172.91000366210938,72913500,0.010927336316434166,0.010868064375651553,0.16016751339993154,0.17846412343989623,0.1840977799896789
2024-03-15,171.2232666015625,172.6199951171875,172.6199951171875,170.2899932861328,171.1699981689453,121752700,-0.002196560016257232,-0.0021989759927496765,0.15745279312249294,0.17840619377667402,0.18362512504784584
2024-03-18,172.31436157226562,173.72000122070312,177.7100067138672,173.52000427246094,175.57000732421875,75604200,0.006372414173507979,0.006352196188434696,0.14053357858967944,0.18029834001264858,0.18381108445677033
2024-03-19,174.6552276611328,176.0800018310547,176.61000061035156,173.02999877929688,174.33999633789062,55215200,0.013585082856137465,0.013493632923735259,0.16665956392373663,0.18872966972003033,0.18563435367187814
2024-03-20,177.22430419921875,178.6699981689453,178.6699981689453,175.08999633789062,175.72000122070312,53423100,0.014709202129471022,0.014602071079627316,0.10847772199869445,0.19638511439710044,0.18860785767683527
2024-03-21,169.98333740234375,171.3699951171875,177.49000549316406,170.83999633789062,177.0500030517578,106181300,-0.04085746418856029,-0.04171558551687715,0.36912506765740855,0.2381491938987127,0.20576362534975245
2024-03-22,170.88600158691406,172.27999877929688,173.0500030517578,170.05999755859375,171.75999450683594,71160100,0.005310169154682409,0.005296119920383778,0.37255330468711223,0.23889935558882947,0.2063020943319338
2024-03-25,169.46754455566406,170.85000610351562,171.94000244140625,169.4499969482422,170.57000732421875,54288300,-0.0083003986876804,-0.00833503881462208,0.37038218225309394,0.23913676628989372,0.20665694163260867
2024-03-26,168.33682250976562,169.7100067138672,171.4199981689453,169.5800018310547,170.0,57388400,-0.006672515943357493,-0.00669487670171546,0.33900613070448876,0.23584201845914052,0.20667841957300345
2024-03-27,171.9076690673828,173.30999755859375,173.60000610351562,170.11000061035156,170.41000366210938,60273300,0.021212602099510702,0.02099074679035559,0.3669723907356312,0.25112201932791955,0.21193636010715936
2024-03-28,170.0924530029297,171.47999572753906,172.22999572753906,170.50999450683594,171.75,65672700,-0.010559124440792766,-0.010615267559789551,0.20933235924065507,0.2528321098386717,0.20016274958946742
2024-04-01,168.65419006347656,170.02999877929688,171.25,169.47999572753906,171.19000244140625,46240500,-0.008455779008450959,-0.008491731924507051,0.21076880754681698,0.25341797889461454,0.20030167447846808
2024-04-02,167.4738311767578,168.83999633789062,169.33999633789062,168.22999572753906,169.0800018310547,49329500,-0.006998779332762939,-0.007023385665577959,0.20872760096557513,0.2392539076756697,0.19924148545683754
2024-04-03,168.27728271484375,169.64999389648438,170.67999267578125,168.5800018310547,168.7899932861328,47691700,0.004797427008780275,0.004785956028658185,0.20964166983519117,0.21766578052362956,0.19953423151329505
2024-04-04,167.45401000976562,168.82000732421875,171.9199981689453,168.82000732421875,170.2899932861328,53704400,-0.00489234660846527,-0.004904353312780784,0.09500853282370327,0.21734626280324962,0.19274581105300656
2024-04-05,168.2078399658203,169.5800018310547,170.38999938964844,168.9499969482422,169.58999633789062,42104800,0.004501803541427263,0.004491700733089156,0.10156673541724649,0.21793258463567988,0.19313959063329053
2024-04-08,167.08700561523438,168.4499969482422,169.1999969482422,168.24000549316406,169.02999877929688,37425500,-0.0066635503633162285,-0.0066858509375796425,0.09515772820911018,0.2158695414505704,0.192852611412999
2024-04-09,168.29713439941406,169.6699981689453,170.0800018310547,168.35000610351562,168.6999969482422,42373800,0.007242512572309456,0.0072164115271257925,0.1001167637111426,0.21298045133370958,0.1936780386260361
2024-04-10,166.4224090576172,167.77999877929688,169.08999633789062,167.11000061035156,168.8000030517578,49709300,-0.01113926687125033,-0.011201773120458362,0.12345289571525617,0.21554532744858992,0.1945660392244412
2024-04-11,173.62364196777344,175.0399932861328,175.4600067138672,168.16000366210938,168.33999633789062,91070300,0.04327091762818491,0.042360890734896434,0.33440800243483015,0.26196566350511,0.21319284462220467
2024-04-12,175.1214599609375,176.5500030517578,178.36000061035156,174.2100067138672,174.25999450683594,101670900,0.00862665575607413,0.008589658782483604,0.33355352055151805,0.26096521511381493,0.21385011236348112
2024-04-15,171.29270935058594,172.69000244140625,176.6300048828125,172.5,175.36000061035156,73531800,-0.021863497839872292,-0.022106045925824505,0.38972365373537887,0.27348422785402293,0.20726637305578735
2024-04-16,168.0094757080078,169.3800048828125,173.75999450683594,168.27000427246094,171.75,73711200,-0.019167279586534414,-0.019353353413071633,0.4242052968628365,0.2807166207112121,0.20741581131495515
2024-04-17,166.64064025878906,168.0,170.64999389648438,168.0,169.61000061035156,50901200,-0.008147389556206863,-0.00818076091775587,0.4198528453595821,0.2761081012694109,0.20566592713790713
2024-04-18,165.68838500976562,167.0399932861328,168.63999938964844,166.5500030517578,168.02999877929688,43122900,-0.0057143256777808515,-0.00573071490215623,0.19427331657233832,0.2688909183663916,0.20490923526399107
2024-04-19,163.66490173339844,165.0,166.39999389648438,164.0800018310547,166.2100067138672,68149400,-0.012212603975853775,-0.012287790600522064,0.11181286121859765,0.2308186720503719,0.20586441186050225
2024-04-22,164.49810791015625,165.83999633789062,167.25999450683594,164.77000427246094,165.52000427246094,48116400,0.005090886896306879,0.005077972144759473,0.14275022852944963,0.23072982551421167,0.20647855210320357
2024-04-23,165.54953002929688,166.89999389648438,167.0500030517578,164.9199981689453,165.35000610351562,49537800,0.006391688265803275,0.006371348052552827,0.13129461674894125,0.23119884896818144,0.20684798586364447
2024-04-24,167.65237426757812,169.02000427246094,169.3000030517578,166.2100067138672,166.5399932861328,48251800,0.012702279529689164,0.012622282296285559,0.15918197531214073,0.23520924089924525,0.20909619194900583
2024-04-25,168.5153350830078,169.88999938964844,170.61000061035156,168.14999389648438,169.52999877929688,50558300,0.005147290824730311,0.005134088807017054,0.14760037690941857,0.22265818666873877,0.2064430922645496
2024-04-26,167.93011474609375,169.3000030517578,171.33999633789062,169.17999267578125,169.8800048828125,44838400,-0.003472813820767917,-0.0034788580363657065,0.09111926675383925,0.21999434942476973,0.20310650226619326
2024-04-29,172.09609985351562,173.5,176.02999877929688,173.10000610351562,173.3699951171875,68169400,0.024808014604454476,0.024505292222084276,0.16480217298190455,0.23503968124896044,0.20783375266023094
2024-04-30,168.9517822265625,170.3300018310547,174.99000549316406,170.0,173.3300018310547,65934800,-0.01827088281812861,-0.018439856764385882,0.2578757350944066,0.24355436734395994,0.21064698635040827
2024-05-01,167.93011474609375,169.3000030517578,172.7100067138672,169.11000061035156,169.5800018310547,50383100,-0.006047077838456816,-0.006065435457698386,0.2529034473973059,0.24403123476558733,0.2095336424183942
2024-05-02,171.62994384765625,173.02999877929688,173.4199981689453,170.88999938964844,172.50999450683594,94214900,0.02203187040935095,0.021792675648863204,0.29669526906482546,0.25520902841624793,0.21400602071081418
2024-05-03,181.89617919921875,183.3800048828125,187.0,182.66000366210938,186.64999389648438,163224100,0.05981625253732603,0.05809554643480651,0.47297741172139474,0.3255329866797594,0.24640047056254394
2024-05-06,180.23968505859375,181.7100067138672,184.1999969482422,180.4199981689453,182.35000610351562,78569700,-0.009106762593950823,-0.009148482639280829,0.4945998997047892,0.32671153125272123,0.2468036359549102
2024-05-07,180.924072265625,182.39999389648438,184.89999389648438,181.32000732421875,183.4499969482422,77305800,0.0037971886914498487,0.0037899975687550862,0.438161539056368,0.3264610287660812,0.24686953249408616
2024-05-08,181.26136779785156,182.74000549316406,183.07000732421875,181.4499969482422,182.85000610351562,45057100,0.0018640987283840005,0.0018623634524984746,0.41882760156290977,0.3218568040457074,0.24628360369496297
2024-05-09,183.07656860351562,184.57000732421875,184.66000366210938,182.11000061035156,182.55999755859375,48983000,0.01001423758369735,0.009964427371333831,0.4156432538132787,0.2899700206149466,0.24611097993864955
2024-05-10,181.81512451171875,183.0500030517578,185.08999633789062,182.1300048828125,184.89999389648438,50759500,-0.008235380680192916,-0.0082694787638438,0.1300723069367686,0.2915612435903696,0.24649810385571597
2024-05-13,185.0233154296875,186.27999877929688,187.10000610351562,184.6199951171875,185.44000244140625,72044800,0.017645428427694565,0.01749155532315908,0.1522768396207471,0.28221593363721653,0.24909411525734737
2024-05-14,186.1655731201172,187.42999267578125,188.3000030517578,186.2899932861328,187.50999450683594,52393600,0.006173469529849429,0.006154491732682881,0.15204974060661347,0.2686748105656822,0.24871889726855093
2024-05-15,188.44012451171875,189.72000122070312,190.64999389648438,187.3699951171875,187.91000366210938,70400000,0.012217940748059153,0.01214390414981207,0.1543091238067219,0.26504881457170865,0.2496706208649025
2024-05-16,188.55929565429688,189.83999633789062,191.10000610351562,189.66000366210938,190.47000122070312,52845200,0.000632485327932919,0.0006322853933872297,0.15905733925914708,0.2622358656958685,0.24956740642393754
2024-05-17,188.589111328125,189.8699951171875,190.80999755859375,189.17999267578125,189.50999450683594,41282900,0.00015802138577525326,0.00015800890171122084,0.11882272301409955,0.2540681135085798,0.24860571795920558
2024-05-20,189.751220703125,191.0399932861328,191.9199981689453,189.00999450683594,189.3300018310547,44361300,0.006162101432736655,0.006143193321744932,0.07784425662391029,0.2539882616711848,0.24788089328192314
2024-05-21,191.05239868164062,192.35000610351562,192.72999572753906,190.9199981689453,191.08999633789062,42309400,0.006857270013722827,0.006833865869144476,0.07859927659504348,0.25397662175753394,0.24758419998897027
2024-05-22,189.61215209960938,190.89999389648438,192.82000732421875,190.27000427246094,192.27000427246094,34648500,-0.0075384047882530725,-0.007566962170221192,0.09202945400983108,0.2582255311827017,0.2477491429958706
2024-05-23,185.61929321289062,186.8800048828125,191.0,186.6300048828125,190.97999572753906,51005900,-0.021058088749084547,-0.021282972991457393,0.18534770430210826,0.27593652706903593,0.2514013296547744
2024-05-24,188.6983642578125,189.97999572753906,190.5800018310547,188.0399932861328,188.82000732421875,36327000,0.016588135507972,0.016452055205107004,0.23347772551268858,0.2771052512122138,0.25335007025203127
2024-05-28,188.7082977294922,189.99000549316406,193.0,189.10000610351562,191.50999450683594,52280100,5.268852431883353e-05,5.268713632729002e-05,0.227499411847049,0.26863328949427157,0.25295076556409174
2024-05-29,189.00628662109375,190.2899932861328,192.25,189.50999450683594,189.61000061035156,53068000,0.0015789661787211084,0.0015777209222638902,0.21884353021385464,0.2549720307431981,0.24678229037958826
2024-05-30,189.99952697753906,191.2899932861328,192.17999267578125,190.6300048828125,190.75999450683594,49889100,0.005255137081729533,0.0052413770350908506,0.21777112021225234,0.2512779404496025,0.2386974230697078
2024-05-31,190.9530487060547,192.25,192.57000732421875,189.91000366210938,191.44000244140625,75158300,0.005018593484036549,0.005006042319038915,0.10201089646247888,0.24434821622102307,0.23821113003940098
2024-06-03,192.72105407714844,194.02999877929688,194.99000549316406,192.52000427246094,192.89999389648438,50080500,0.009258771283728873,0.009216171606116463,0.05666717512009307,0.14598764452805182,0.2385728582765795
2024-06-04,193.0388946533203,194.35000610351562,195.32000732421875,193.02999877929688,194.63999938964844,47471400,0.0016492672588364066,0.0016479087111245946,0.05002042831082175,0.13911394811934008,0.23800892393358683
2024-06-05,194.5486297607422,195.8699951171875,196.89999389648438,194.8699951171875,195.39999389648438,54156800,0.007820884826019947,0.007790460234814007,0.04615397378075664,0.13999896211867022,0.23746307234216463
2024-06-06,193.1680145263672,194.47999572753906,196.5,194.1699981689453,195.69000244140625,41181800,-0.007096540686677422,-0.007121840898579786,0.10331236957854661,0.14498928336235561,0.23820678076387172
2024-06-07,195.561767578125,196.88999938964844,196.94000244140625,194.13999938964844,194.64999389648438,53103900,0.012392038847459208,0.012315886014550241,0.12219127273184224,0.1466932457849668,0.23729384044413637
2024-06-10,191.81719970703125,193.1199951171875,197.3000030517578,192.14999389648438,196.89999389648438,97010200,-0.019147769232301326,-0.01933346198838391,0.20003947932371402,0.16259298992282517,0.2407039192761671
2024-06-11,205.75253295898438,207.14999389648438,207.16000366210938,193.6300048828125,193.64999389648438,172373300,0.07264912559045644,0.07013140699378369,0.5465564323223108,0.28641894557928255,0.27824411580667446
2024-06-12,211.63259887695312,213.07000732421875,220.1999969482422,206.89999389648438,207.3699951171875,198134300,0.02857839054869915,0.02817764553280259,0.5539994496225483,0.2977257612486273,0.28291013117976277
2024-06-13,212.7947235107422,214.24000549316406,216.75,211.60000610351562,214.74000549316406,97862700,0.005491144359726752,0.0054761229911165004,0.5262017454307901,0.2969626020098053,0.28216488577858495
2024-06-14,211.05653381347656,212.49000549316406,215.1699981689453,211.3000030517578,213.85000610351562,70122700,-0.008168409051202308,-0.0082019532980566,0.5624053549740997,0.30074264903236536,0.28212318911613526
2024-06-17,215.2082977294922,216.6699981689453,218.9499969482422,212.72000122070312,213.3699951171875,93728300,0.019671478976528656,0.019480495982683053,0.4723307556919179,0.30387967990234394,0.2683369521040508
2024-06-18,212.8443603515625,214.2899932861328,218.6300048828125,213.0,217.58999633789062,79943300,-0.010984469021671939,-0.011045243763487348,0.2706894686818605,0.310281372464655,0.27006051060114983
2024-06-20,208.2654571533203,209.67999267578125,214.24000549316406,208.85000610351562,213.92999267578125,86172500,-0.021512906597537684,-0.02174768241954588,0.2535283186901122,0.32517687545470775,0.2739706927206326
2024-06-21,206.09027099609375,207.49000549316406,211.88999938964844,207.11000061035156,210.38999938964844,241805100,-0.010444426073609514,-0.010499351871975664,0.24425361467644777,0.3267605516778328,0.2746802481260886
2024-06-24,206.7358856201172,208.13999938964844,212.6999969482422,206.58999633789062,207.72000122070312,80727000,0.00313265159417897,0.003127755064589419,0.2521127586442785,0.3127319408236687,0.27220863116006433
2024-06-25,207.6595916748047,209.07000732421875,211.3800048828125,208.61000061035156,209.14999389648438,55549700,0.004468184574312861,0.0044582318736075145,0.17387230567523929,0.30998951186451124,0.27072487607900386
2024-06-26,211.81138610839844,213.25,214.86000061035156,210.63999938964844,211.5,66213200,0.01999326794540668,0.0197960272208764,0.2509987324759392,0.3138873267737101,0.27166627202175564
2024-06-27,212.65565490722656,214.10000610351562,215.74000549316406,212.35000610351562,214.69000244140625,49772700,0.003985960626099017,0.003978037731627821,0.17034034682482457,0.3135771384456411,0.2707325184942306
2024-06-28,209.19911193847656,210.6199951171875,216.07000732421875,210.3000030517578,215.77000427246094,82542700,-0.016254137725925877,-0.016387685334008383,0.20407975523813845,0.32341914865795635,0.27391482961117747
2024-07-01,215.28778076171875,216.75,217.50999450683594,211.9199981689453,212.08999633789062,60402900,0.029104572333703782,0.0286890768912434,0.27387628908889566,0.33434746666559195,0.27807753694708703
2024-07-02,218.78404235839844,220.27000427246094,220.3800048828125,215.10000610351562,216.14999389648438,58046200,0.016239927439266166,0.016109470331886984,0.27657526850139624,0.3361183042138232,0.2791530139036783
2024-07-03,220.05538940429688,221.5500030517578,221.5500030517578,219.02999877929688,220.0,37369800,0.0058110444203451905,0.005794225427538552,0.2643167558586337,0.33567221960738886,0.2782141230047727
2024-07-05,224.8130645751953,226.33999633789062,226.4499969482422,221.64999389648438,221.64999389648438,60412400,0.021620371113304726,0.02138996593803601,0.27769910745566057,0.3397850473812963,0.28029918980171503
2024-07-08,226.2831268310547,227.82000732421875,227.85000610351562,223.25,227.08999633789062,59085900,0.006538884025246272,0.006517598262800098,0.15547708257229684,0.3355675625068557,0.2783231180450773
2024-07-09,227.1372833251953,228.67999267578125,229.39999389648438,226.3699951171875,227.92999267578125,48076100,0.00377484559702701,0.0037677387466135636,0.12119639592938232,0.3354512545150862,0.26727283947162145
2024-07-10,231.4082794189453,232.97999572753906,233.0800018310547,229.25,229.3000030517578,62627700,0.018803582252402418,0.018628980265788138,0.12930880600137754,0.3219950184101009,0.2687241224014125
2024-07-11,226.0347900390625,227.57000732421875,232.38999938964844,225.77000427246094,231.38999938964844,64710600,-0.023220827978926883,-0.023494679077722437,0.2828039746035554,0.25150751918999653,0.269328447204843
2024-07-12,228.9847412109375,230.5399932861328,232.63999938964844,228.67999267578125,228.9199981689453,53046500,0.013050867277438316,0.012966438494921347,0.2579586472622469,0.23811459951558467,0.26516402537515193
2024-07-15,232.81871032714844,234.39999389648438,237.22999572753906,233.08999633789062,236.47999572753906,62631300,0.01674330147811176,0.016604677613454705,0.2743735938780285,0.242306451032735,0.26471147139487045
2024-07-16,233.2358856201172,234.82000732421875,236.27000427246094,232.3300018310547,235.0,43234300,0.0017918662059346335,0.0017902627288764663,0.2756049021512844,0.23791724910197082,0.263789527525713
2024-07-17,227.33595275878906,228.8800048828125,231.4600067138672,226.63999938964844,229.4499969482422,57345900,-0.025295980990260425,-0.025621424317485365,0.3167412043034461,0.2547675637657057,0.2690311430916977
2024-07-18,222.66766357421875,224.17999267578125,230.44000244140625,222.27000427246094,230.27999877929688,66034600,-0.020534830945314275,-0.02074860215356186,0.3062750532651674,0.2638965687409574,0.2743395907139051
2024-07-19,222.79678344726562,224.30999755859375,226.8000030517578,223.27999877929688,224.82000732421875,49151500,0.0005799129586043783,0.0005797448740643955,0.2767948623812172,0.24840728059041986,0.274474807226403
2024-07-22,222.4491729736328,223.9600067138672,227.77999877929688,223.08999633789062,227.00999450683594,48201800,-0.0015602998017738567,-0.001561518337194895,0.20663869285504424,0.24377022222715597,0.27431554723067425
2024-07-23,223.49205017089844,225.00999450683594,226.94000244140625,222.67999267578125,224.3699951171875,39960300,0.004688282557118395,0.004677326789595036,0.2169923250182484,0.2437739811938164,0.27431399203096574
2024-07-24,217.06568908691406,218.5399932861328,224.8000030517578,217.1300048828125,224.0,61777600,-0.02875428371474653,-0.02917578782711976,0.23531807507347938,0.2705152004822243,0.28251237739461904
2024-07-25,216.0227813720703,217.49000549316406,220.85000610351562,214.6199951171875,218.92999267578125,51391200,-0.004804556718339459,-0.004816135703784962,0.21231220747673493,0.26331141666234364,0.2799142372803062
2024-07-26,216.4896240234375,217.9600067138672,219.49000549316406,216.00999450683594,218.6999969482422,41601300,0.002161024455525684,0.0021586928007480827,0.2156917715422829,0.263116197033526,0.27609172919336905
2024-07-29,216.7677459716797,218.24000549316406,219.3000030517578,215.75,216.9600067138672,36311800,0.0012846337432190769,0.0012838093072819164,0.22006875102212775,0.25507684880202136,0.2753447011276229
2024-07-30,217.32395935058594,218.8000030517578,220.3300018310547,216.1199951171875,219.19000244140625,41643800,0.0025659711533103646,0.0025626846701440366,0.21454762164603353,0.23455008907756042,0.2729160196284547
2024-07-31,220.5818328857422,222.0800018310547,223.82000732421875,220.6300048828125,221.44000244140625,50036300,0.014990853444005525,0.014879601067931647,0.11387479724873191,0.2335007585017931,0.2496481954503176
2024-08-01,216.88693237304688,218.36000061035156,224.47999572753906,217.02000427246094,224.3699951171875,62501000,-0.016750725819666967,-0.016892605854743805,0.18037846251080708,0.24034770129477784,0.2517785070064272
2024-08-02,218.37680053710938,219.86000061035156,225.60000610351562,217.7100067138672,219.14999389648438,105568600,0.006869389978967133,0.006845903218090828,0.185599101815327,0.22781630196598332,0.251894098812971
2024-08-05,207.85824584960938,209.27000427246094,213.5,196.0,199.08999633789062,119548600,-0.0481669985831521,-0.04936567825820951,0.40819938196805494,0.28184184502403437,0.2738979801764866
2024-08-06,205.8319854736328,207.22999572753906,209.99000549316406,201.07000732421875,205.3000030517578,69660500,-0.009748212850733573,-0.00979603773620418,0.39656394606834733,0.28083698855310407,0.274516803853681
2024-08-07,208.40452575683594,209.82000732421875,213.63999938964844,206.38999938964844,206.89999389648438,63516400,0.01249824663455068,0.012420788278095436,0.386770587877087,0.2747293306376834,0.27450818553564327
2024-08-08,211.87098693847656,213.30999755859375,214.1999969482422,208.8300018310547,213.11000061035156,47161100,0.016633257613904107,0.016496440047891123,0.42719158250047906,0.2761470801930659,0.2742800596664791
2024-08-09,214.78121948242188,216.24000549316406,216.77999877929688,211.97000122070312,212.10000610351562,42201600,0.013735914716165532,0.013642432112898678,0.4412378904901796,0.27668302435956166,0.2751622495981244
2024-08-12,216.3126220703125,217.52999877929688,219.50999450683594,215.60000610351562,216.07000732421875,38028100,0.005965562584919537,0.0059478390686755886,0.16727622091909303,0.2690454169782504,0.27451570809643716
2024-08-13,220.03167724609375,221.27000427246094,221.88999938964844,219.00999450683594,219.00999450683594,44155300,0.017193056195245138,0.017046928151695066,0.07055786671211532,0.27848558410921426,0.27615124632377386
2024-08-14,220.4791717529297,221.72000122070312,223.02999877929688,219.6999969482422,220.57000732421875,41960600,0.002033700635211577,0.002031635465558628,0.10640334306526254,0.2656596630667995,0.2761085232297517
2024-08-15,223.46234130859375,224.72000122070312,225.35000610351562,222.75999450683594,224.60000610351562,46414000,0.01353057903429189,0.013439858170884816,0.09842983983539734,0.2606280220137489,0.2769139586584025
2024-08-16,224.78492736816406,226.0500030517578,226.8300018310547,223.64999389648438,223.9199981689453,44340200,0.0059184844421056315,0.005901039012885032,0.09781282592596126,0.26143565711771855,0.2768611632519239
2024-08-19,224.6258087158203,225.88999938964844,225.99000549316406,223.0399932861328,225.72000122070312,40687800,-0.0007078241979617816,-0.000708074823782384,0.11938880459643113,0.2613688633879675,0.27613164223228687
2024-08-20,225.2423553466797,226.50999450683594,227.1699981689453,225.4499969482422,225.77000427246094,30299000,0.0027446771387078517,0.0027409173903689796,0.0862320714060775,0.26104158995993676,0.2715314884287079
2024-08-21,225.13296508789062,226.39999389648438,227.97999572753906,225.0500030517578,226.52000427246094,34765500,-0.00048563247988708813,-0.00048575043753077004,0.09271323537267581,0.2367640255626931,0.2702177531705706
2024-08-22,223.2734375,224.52999877929688,228.33999633789062,223.89999389648438,227.7899932861328,43695300,-0.008259695969967673,-0.008293996262630655,0.08389474260039341,0.23836297315003252,0.27113630544792344
2024-08-23,225.5705108642578,226.83999633789062,228.22000122070312,224.3300018310547,225.66000366210938,38677300,0.010288146667049025,0.010235583894402078,0.10630390178670508,0.2403333534403012,0.271552039274569
2024-08-26,225.90859985351562,227.17999267578125,227.27999877929688,223.88999938964844,226.75999450683594,30602200,0.0014988376978466444,0.0014977155617510516,0.1056173512744776,0.2403261376731265,0.27152421658575465
2024-08-27,226.7538604736328,228.02999877929688,228.85000610351562,224.88999938964844,226.0,35934600,0.0037415535298863656,0.003734571329243349,0.10679588567307623,0.24039804274586274,0.27149391305295856
2024-08-28,225.22247314453125,226.49000549316406,229.86000061035156,225.67999267578125,227.9199981689453,38052200,-0.006753467940081581,-0.00677637580128301,0.12184018161375375,0.23735952268446217,0.2718689133657087
2024-08-29,228.50399780273438,229.7899932861328,232.9199981689453,228.8800048828125,230.10000610351562,51906300,0.014570125448949867,0.014465001057921761,0.13014875170274742,0.23207762869429663,0.27294839107864266
2024-08-30,227.71841430664062,229.0,230.39999389648438,227.47999572753906,230.19000244140625,52990800,-0.0034378924636161434,-0.003443815595201171,0.12926823699009593,0.23242593640830492,0.2730406360138807
2024-09-03,221.52328491210938,222.77000427246094,229.0,221.1699981689453,228.5500030517578,50190600,-0.027205221517637823,-0.02758213529865879,0.2465514740704629,0.174065175576333,0.27930158497706215
2024-09-04,219.61402893066406,220.85000610351562,221.77999877929688,217.47999572753906,221.66000366210938,43840200,-0.00861874638471094,-0.008656102576570223,0.23785313411537926,0.17298649215930076,0.2793845891904994
2024-09-05,221.13546752929688,222.3800048828125,225.47999572753906,221.52000427246094,221.6300048828125,36615400,0.006927773316790065,0.006903886553158933,0.2556470666493951,0.17016432067320122,0.27601603317471474
2024-09-06,219.58419799804688,220.82000732421875,225.24000549316406,219.77000427246094,223.9499969482422,48423000,-0.007015008203708928,-0.00703972905290311,0.19885801422416946,0.1656844618543998,0.2377291026750802
2024-09-09,219.67369079589844,220.91000366210938,221.27000427246094,216.7100067138672,220.82000732421875,67180000,0.00040755518026269755,0.00040747215220846114,0.20611970874982843,0.15961290859422936,0.23091635696734045
2024-09-10,218.87815856933594,220.11000061035156,221.47999572753906,216.72999572753906,218.9199981689453,51591000,-0.0036213980285901837,-0.0036279711645236202,0.0993324393639876,0.15934930650719792,0.2308493763735387
2024-09-11,221.4138946533203,222.66000366210938,223.08999633789062,217.88999938964844,221.4600067138672,44587100,0.011585130365211915,0.01151853658070104,0.12034877924033277,0.15285239581258656,0.23122978438949487
2024-09-12,221.52328491210938,222.77000427246094,223.5500030517578,219.82000732421875,222.5,37455600,0.0004940295003250661,0.0004939075079283785,0.11089243420409102,0.15272049631959708,0.22792125369772953
2024-09-13,221.2548065185547,222.5,224.0399932861328,221.91000366210938,223.5800018310547,36766600,-0.001212031545013148,-0.0012127666492859454,0.09264201886377779,0.14455716237430946,0.22668823821035897
2024-09-16,215.109375,216.32000732421875,217.22000122070312,213.9199981689453,216.5399932861328,59357400,-0.027775247981039364,-0.02816827489343649,0.2317941991477449,0.1724535844552886,0.2297560954309409
2024-09-17,215.57675170898438,216.7899932861328,216.89999389648438,214.5,215.75,45519300,0.0021726421320320544,0.0021702853581153196,0.23630573254986803,0.17308532934813822,0.22862519120900882
2024-09-18,219.45494079589844,220.69000244140625,222.7100067138672,217.5399932861328,217.5500030517578,59894900,0.017989802463465043,0.01782990085169955,0.2634865133851224,0.18640611145807023,0.2312538904302978
2024-09-19,227.5891571044922,228.8699951171875,229.82000732421875,224.6300048828125,224.99000549316406,66781300,0.03706553348719566,0.036395122513137555,0.3803418153029276,0.2295295294268812,0.24230617078528185
2024-09-20,226.92288208007812,228.1999969482422,233.08999633789062,227.6199951171875,229.97000122070312,318679900,-0.002927418111763669,-0.0029317113810075224,0.382415578229686,0.22757236828878935,0.23943936197865737
2024-09-23,225.20257568359375,226.47000122070312,229.4499969482422,225.80999755859375,227.33999633789062,54146000,-0.007581050616453089,-0.0076099328450285,0.2854339310152003,0.2265839282721658,0.24002748641820543
2024-09-24,226.09751892089844,227.3699951171875,229.35000610351562,225.72999572753906,228.64999389648438,43556100,0.0039740093241191765,0.00396613380708865,0.28293291251776903,0.22698119155512422,0.23736273323953172
2024-09-25,225.10313415527344,226.3699951171875,227.2899932861328,224.02000427246094,224.92999267578125,42308700,-0.004398117700115112,-0.004407817871880573,0.2858643817758072,0.22706437347293376,0.23063217864511604
2024-09-26,226.24668884277344,227.52000427246094,228.5,225.41000366210938,227.3000030517578,36636700,0.005080219022305155,0.005067358248290247,0.08707260344077172,0.22652045583579816,0.22858703228431732
2024-09-27,226.51516723632812,227.7899932861328,229.52000427246094,227.3000030517578,228.4600067138672,34026000,0.0011866605511687833,0.001185957026045604,0.08676982969319157,0.22026805042022177,0.22832953642313245
2024-09-30,231.69602966308594,233.0,233.0,229.64999389648438,230.0399932861328,54541900,0.02287197360475246,0.02261433114638181,0.16111737806671242,0.2345110274900661,0.22882208991530814
2024-10-01,224.9440460205078,226.2100067138672,229.64999389648438,223.74000549316406,229.52000427246094,63285000,-0.029141602086406926,-0.029574652516158477,0.2998716418879564,0.23780041622824036,0.23658029713458922
2024-10-02,225.51084899902344,226.77999877929688,227.3699951171875,223.02000427246094,225.88999938964844,32880600,0.002519747352073054,0.0025165781113880795,0.2989754965771437,0.23522200877449756,0.2365064041874528
2024-10-03,224.40704345703125,225.6699981689453,226.80999755859375,223.32000732421875,225.13999938964844,34044200,-0.004894614235498862,-0.004906632090970836,0.2974671837836471,0.2352426125086764,0.23342761531347114
2024-10-04,225.53073120117188,226.8000030517578,228.0,224.1300048828125,227.89999389648438,37245100,0.005007333238716605,0.004994838239359782,0.3009497010491796,0.23384231630489702,0.2287112643848164
2024-10-07,220.4493408203125,221.69000244140625,225.69000244140625,221.3300018310547,224.5,39505400,-0.022530866585506182,-0.022788564690753913,0.2451770120023881,0.24906441865609086,0.23173385889774045
2024-10-08,224.50650024414062,225.77000427246094,225.97999572753906,223.25,224.3000030517578,31855700,0.01840408582309916,0.018236780255269272,0.2389755824342638,0.25661318943844524,0.232276490217128
2024-10-09,228.25537109375,229.5399932861328,229.75,224.8300018310547,225.22999572753906,33591100,0.016698360908574017,0.016560476129461984,0.2686856785499084,0.25988725956195635,0.23489019228578323
2024-10-10,227.7581787109375,229.0399932861328,229.5,227.1699981689453,227.77999877929688,28183500,-0.0021782696463562568,-0.0021806455265144815,0.26467002024731234,0.2602007431114252,0.2289686524112351
2024-10-11,226.2765350341797,227.5500030517578,229.41000366210938,227.33999633789062,229.3000030517578,31759200,-0.006505371454991304,-0.0065266236027587245,0.27164900602689446,0.26158514377903047,0.22528649407216872
2024-10-14,230.00555419921875,231.3000030517578,231.72999572753906,228.60000610351562,228.6999969482422,39882100,0.01647989430765695,0.01634557455730779,0.18803151538675772,0.24250295136113928,0.22768958998376954
2024-10-15,232.54129028320312,233.85000610351562,237.49000549316406,232.3699951171875,233.61000061035156,64751400,0.011024656368842312,0.010964327840694609,0.17055066971030583,0.24394141283155826,0.228647563439048
2024-10-16,230.48284912109375,231.77999877929688,232.1199951171875,229.83999633789062,231.60000610351562,34082200,-0.008851859184055066,-0.008891269632426495,0.17658184950066982,0.24197241983617315,0.2293344609411337
2024-10-17,230.8507843017578,232.14999389648438,233.85000610351562,230.52000427246094,233.42999267578125,32993800,0.001596320300009113,0.001595047535072642,0.17302664163851547,0.20609668393049546,0.2208441624499079
2024-10-18,233.68484497070312,235.0,236.17999267578125,234.00999450683594,236.17999267578125,46431500,0.01227657195109133,0.012201825969486848,0.16077787715671396,0.2095209633795136,0.2216799316709782
2024-10-21,235.15655517578125,236.47999572753906,236.85000610351562,234.4499969482422,234.4499969482422,36254500,0.006297854159740712,0.00627810554877605,0.13563357157665407,0.20732809335902164,0.22190947264909508
2024-10-22,234.54002380371094,235.86000061035156,236.22000122070312,232.60000610351562,233.88999938964844,38846600,-0.002621765597043635,-0.0026252084433404338,0.1285100364180091,0.2078870139103869,0.22205969760034222
2024-10-23,229.46856689453125,230.75999450683594,235.13999938964844,227.75999450683594,234.0800018310547,52287000,-0.021623022514703605,-0.021860225665569295,0.20571336528603282,0.22348147716246114,0.22704855095864554
2024-10-24,229.27964782714844,230.57000732421875,230.82000732421875,228.41000366210938,229.97999572753906,31109500,-0.0008233107433687215,-0.0008236498497982146,0.20459206004662725,0.2230234402470473,0.22518819165739828
2024-10-25,230.1149444580078,231.41000366210938,233.22000122070312,229.57000732421875,229.74000549316406,38802300,0.0036431292501519774,0.0036365091285524955,0.1758205582535154,0.22326874307832822,0.22227848156352709
2024-10-28,232.09376525878906,233.39999389648438,234.72999572753906,232.5500030517578,233.32000732421875,36087100,0.008599413175243154,0.008562648839223188,0.1840362695462316,0.21024127822728084,0.22250013464790633
2024-10-29,232.36228942871094,233.6699981689453,234.3300018310547,232.32000732421875,233.10000610351562,35417200,0.0011568306749001334,0.0011561620618932833,0.18597975813174192,0.17866780167790092,0.1961930053635779
2024-10-30,228.81227111816406,230.10000610351562,233.47000122070312,229.5500030517578,232.61000061035156,47070900,-0.015277922255336196,-0.015395832197084486,0.1428593761416627,0.1885206465310876,0.19793918687826909
2024-10-31,224.6457061767578,225.91000366210938,229.8300018310547,225.3699951171875,229.33999633789062,64370100,-0.01820948426885871,-0.01837731748720145,0.19103236572444993,0.19959799888577875,0.20088546828832554
2024-11-01,221.66249084472656,222.91000366210938,225.35000610351562,220.27000427246094,220.97000122070312,65276700,-0.013279624414008095,-0.013368587098123715,0.18581265008085407,0.20415951717995803,0.2005159756392015
2024-11-04,220.7675323486328,222.00999450683594,222.7899932861328,219.7100067138672,220.99000549316406,44944500,-0.004037544930633463,-0.004045717821527494,0.13055638276810114,0.18763661555548083,0.19892264498167922
2024-11-05,222.199462890625,223.4499969482422,223.9499969482422,221.13999938964844,221.8000030517578,28111300,0.006486205472888695,0.006465260562048703,0.16103611773529883,0.17686564854937947,0.1989866646822366
2024-11-06,221.4735565185547,222.72000122070312,226.07000732421875,221.19000244140625,222.61000061035156,54561100,-0.0032669310248778505,-0.00327227909506605,0.15324982975676463,0.16508639012029291,0.1960829336591511
2024-11-07,226.2069091796875,227.47999572753906,227.8800048828125,224.57000732421875,224.6300048828125,42137700,0.02137210165565251,0.02114692102995776,0.20776720713418095,0.18355913239505392,0.2007414801127053
2024-11-08,225.93812561035156,226.9600067138672,228.66000366210938,226.41000366210938,227.1699981689453,38328800,-0.0022858669924307184,-0.0022884835745839356,0.16957950161106133,0.18227713248617844,0.19896690190271163
2024-11-11,223.22039794921875,224.22999572753906,225.6999969482422,221.5,225.0,42005600,-0.01202859933719469,-0.012101528350798448,0.19947374901146078,0.1760371409951469,0.2001673032927696
2024-11-12,223.22039794921875,224.22999572753906,225.58999633789062,223.36000061035156,224.5500030517578,40398300,0.0,0.0,0.19557813996664897,0.16989251231590077,0.20016390063898973
2024-11-13,224.10643005371094,225.1199951171875,226.64999389648438,222.75999450683594,224.00999450683594,48566200,0.003969136184303723,0.0039612799447406415,0.1930552019418879,0.16920287197360365,0.20025408145379694
2024-11-14,227.1924591064453,228.22000122070312,228.8699951171875,225.0,225.02000427246094,44923900,0.013770460957508002,0.013676509679075834,0.1489823174947089,0.1773332489269395,0.20223188477938425
2024-11-15,223.98695373535156,225.0,226.9199981689453,224.27000427246094,226.39999389648438,47923700,-0.014109198157391867,-0.014209679150913371,0.18377014008414091,0.1763228465726235,0.20364328519929076
2024-11-18,226.9933624267578,228.02000427246094,229.74000549316406,225.1699981689453,225.25,44633700,0.013422241210937491,0.013332960938373547,0.1820790796676799,0.1824791214424757,0.20440347845290016
2024-11-19,227.252197265625,228.27999877929688,230.16000366210938,226.66000366210938,226.97999572753906,36211800,0.0011402267431117608,0.00113957717831945,0.18093343816401114,0.1827483391946754,0.2043942348143535
2024-11-20,227.9689483642578,229.0,229.92999267578125,225.88999938964844,228.05999755859375,35169600,0.0031540267415159917,0.003149063233126492,0.18091752561321864,0.16691063974841472,0.20435304447809477
2024-11-21,227.49111938476562,228.52000427246094,230.16000366210938,225.7100067138672,228.8800048828125,42108300,-0.002096051211960992,-0.002098251001754807,0.15774093076403714,0.16701657629502237,0.20390796082713633
2024-11-22,228.83502197265625,229.8699951171875,230.72000122070312,228.05999755859375,228.05999755859375,38168300,0.005907539031537068,0.0058901579422149415,0.0926900107320519,0.16793635706103585,0.20208565747094473
2024-11-25,231.821533203125,232.8699951171875,233.25,229.74000549316406,231.4600067138672,90152800,0.013050855108212911,0.012966426482468794,0.09044466810917867,0.17171554743032308,0.20368132146623089
2024-11-26,234.00167846679688,235.05999755859375,235.57000732421875,233.3300018310547,233.3300018310547,45986200,0.009404399395912533,0.009360453341228578,0.0916875181560203,0.17495911754218355,0.19602451619823516
2024-11-27,233.8722381591797,234.92999267578125,235.69000244140625,233.80999755859375,234.47000122070312,33498400,-0.000553071063399857,-0.0005532240636163712,0.1017794223364684,0.1649488160859771,0.19503912780663044
2024-11-29,236.26145935058594,237.3300018310547,237.80999755859375,233.97000122070312,234.80999755859375,28481400,0.01021584825308186,0.010164019161860305,0.08243464629299485,0.15090523414537182,0.19557219282412414
2024-12-02,238.51126098632812,239.58999633789062,240.7899932861328,237.16000366210938,237.27000427246094,48137100,0.009522582435425697,0.009477528441726718,0.08177273816389662,0.14054509403537785,0.19557105905240932
2024-12-03,241.5574951171875,242.64999389648438,242.75999450683594,238.89999389648438,239.80999755859375,38861000,0.01277180852859261,0.012690936839279401,0.08079627176932677,0.14101205554761304,0.19693103886205837
2024-12-04,241.91586303710938,243.00999450683594,244.11000061035156,241.25,242.8699951171875,44383900,0.0014836209330593153,0.0014825214548610463,0.09236774754757571,0.1411743171474361,0.19663379359750763
2024-12-05,241.9457550048828,243.0399932861328,244.5399932861328,242.1300048828125,243.99000549316406,40033900,0.00012344668933361724,0.000123439070418077,0.08910966841958395,0.13929389148037227,0.1955749375255442
2024-12-06,241.74664306640625,242.83999633789062,244.6300048828125,242.0800018310547,242.91000366210938,36870600,-0.0008228972752098995,-0.0008232360410317379,0.0966986970394353,0.12531828821253216,0.19562134062765507
2024-12-09,245.63902282714844,246.75,247.24000549316406,241.75,241.8300018310547,44649200,0.01610115187396466,0.015972903131696265,0.12440599356542928,0.13120735864608302,0.19778538787440603
2024-12-10,246.65444946289062,247.77000427246094,248.2100067138672,245.33999633789062,246.88999938964844,36914800,0.004133755916761572,0.004125235420801308,0.10878380441625363,0.11629638802089222,0.18775755326872
2024-12-11,245.38021850585938,246.49000549316406,250.8000030517578,246.25999450683594,247.9600067138672,45205800,-0.005166076430661581,-0.005179466740322567,0.12779613596761885,0.12061779326794646,0.18837611143122954
2024-12-12,246.8435821533203,247.9600067138672,248.74000549316406,245.67999267578125,246.88999938964844,32777500,0.005963735599591624,0.005946022916060721,0.12666797198861282,0.12065523247831414,0.18570383366773394
2024-12-13,247.0128173828125,248.1300048828125,249.2899932861328,246.24000549316406,247.82000732421875,33155300,0.0006855870476785153,0.0006853521402387432,0.12345481108222219,0.11677413838510967,0.17126543809907527
2024-12-16,249.9097137451172,251.0399932861328,251.3800048828125,247.64999389648438,247.99000549316406,51694800,0.011727676403724852,0.011659440190139871,0.09919723246997864,0.09719860784587635,0.17231590191343701
2024-12-17,252.33872985839844,253.47999572753906,253.8300018310547,249.77999877929688,250.0800018310547,51356400,0.009719576588042456,0.009672645359587626,0.1089262849293649,0.09409290278752758,0.1720147017498731
2024-12-18,246.93319702148438,248.0500030517578,254.27999877929688,247.74000549316406,252.16000366210938,56774100,-0.021421779893107784,-0.02165455655004452,0.21390669259299835,0.13383264340129541,0.1785748608578721
2024-12-19,248.66534423828125,249.7899932861328,252.0,247.08999633789062,247.5,60882300,0.007014675319362729,0.006990186936454841,0.2154699606052045,0.13414470158921782,0.1785054217981469
2024-12-20,253.3441925048828,254.49000549316406,255.0,245.69000244140625,248.0399932861328,147495300,0.018815854651340613,0.01864102608623535,0.2467792342999623,0.14095976351790923,0.18175621856117866
2024-12-23,254.12066650390625,255.27000427246094,255.64999389648438,253.4499969482422,254.77000427246094,40858800,0.0030649485734630666,0.003060261193860088,0.23974629609842346,0.14118217216093357,0.18176680820180588
2024-12-24,257.0374755859375,258.20001220703125,258.2099914550781,255.2899932861328,255.49000549316406,23234700,0.011478073747524853,0.011412700423363637,0.24293801876760615,0.14015847269119217,0.17771856244703219
2024-12-26,257.8537902832031,259.0199890136719,260.1000061035156,257.6300048828125,258.19000244140625,27237100,0.003175742710589624,0.003170710690493793,0.10393735156175334,0.13941989861077464,0.16533567820175848
2024-12-27,254.43922424316406,255.58999633789062,258.70001220703125,253.05999755859375,257.8299865722656,42355300,-0.013242192962953925,-0.01333065260116474,0.18941368800127345,0.15273332504704976,0.16839109484395723
2024-12-30,251.0644989013672,252.1999969482422,253.5,250.75,252.22999572753906,35557500,-0.013263427513676485,-0.013352172349022858,0.1755755528259944,0.1630460664404161,0.17074227822643043
2024-12-31,249.29251098632812,250.4199981689453,253.27999877929688,249.42999267578125,252.44000244140625,39480700,-0.007057885808230857,-0.007082910501405731,0.17259927799317665,0.16495751025016164,0.1715849131708891
2025-01-02,242.75209045410156,243.85000610351562,249.10000610351562,241.82000732421875,248.92999267578125,55740700,-0.026235892155055618,-0.026586193743010078,0.17190984954447505,0.18902274976258854,0.17405401118365885
2025-01-03,242.26429748535156,243.36000061035156,244.17999267578125,241.88999938964844,243.36000061035156,40244100,-0.0020094545044057055,-0.002011476166854823,0.14618070862714494,0.1891266190401845,0.17069574264212542
2025-01-06,243.89691162109375,245.0,247.3300018310547,243.1999969482422,244.30999755859375,45045600,0.006738984983297502,0.006716379525724993,0.19863674180570814,0.19059266247590587,0.16809696647108194
2025-01-07,241.11947631835938,242.2100067138672,245.5500030517578,241.35000610351562,242.97999572753906,40856000,-0.011387727698501271,-0.011453064367293209,0.19613382107711994,0.1951785029030864,0.16993078086663532
2025-01-08,241.60726928710938,242.6999969482422,243.7100067138672,240.0500030517578,241.9199981689453,37628900,0.0020229974847978394,0.0020209539809241065,0.20926861831428872,0.18597791230561492,0.169229836350169
2025-01-10,235.78359985351562,236.85000610351562,240.16000366210938,233.0,240.00999450683594,61710900,-0.024103794471716178,-0.02439904501905706,0.19604509720388863,0.20271195715967066,0.17405744075512888
2025-01-13,233.34461975097656,234.39999389648438,234.6699981689453,229.72000122070312,233.52999877929688,49630700,-0.010344150913639716,-0.010398023475332765,0.19480371771148755,0.20454899114209535,0.17402284967076626
2025-01-14,232.22967529296875,233.27999877929688,236.1199951171875,232.47000122070312,234.75,39435300,-0.004778136289893098,-0.004789588076455652,0.1549415154597584,0.20219567721381165,0.17332543721304708
2025-01-15,236.7990264892578,237.8699951171875,238.9600067138672,234.42999267578125,234.63999938964844,39832000,0.019675910330543056,0.019484841837673374,0.25655044744452793,0.21725478780798524,0.17780107420237645
2025-01-16,227.23228454589844,228.25999450683594,238.00999450683594,228.02999877929688,237.35000610351562,71759100,-0.040400222002010655,-0.04123897936511394,0.35973770748060424,0.25126523613209534,0.19550705693094336
2025-01-17,228.9445343017578,229.97999572753906,232.2899932861328,228.47999572753906,232.1199951171875,68488300,0.007535272330218223,0.007507023982914174,0.36324938902662934,0.24972870182517581,0.1957047537069883
2025-01-21,221.63758850097656,222.63999938964844,224.4199981689453,219.3800048828125,224.0,98070400,-0.031915803436166845,-0.032436215566778816,0.41104124444308243,0.2619751546077582,0.20635674916898672
2025-01-22,222.82223510742188,223.8300018310547,224.1199951171875,219.7899932861328,219.7899932861328,64126500,0.00534496247156202,0.005330728855885256,0.42560153103369974,0.2609982924568272,0.2020744480131318
2025-01-23,222.6529998779297,223.66000366210938,227.02999877929688,222.3000030517578,224.74000549316406,60234800,-0.0007594967946863429,-0.000759785358495022,0.3619306998380137,0.24585717005848798,0.20207406456355895
2025-01-24,221.77696228027344,222.77999877929688,225.6300048828125,221.41000366210938,224.77999877929688,54697900,-0.003934565270516388,-0.003942326035964482,0.25533984139243965,0.24350728381002176,0.20200719372485182
2025-01-27,228.82508850097656,229.86000061035156,232.14999389648438,223.97999572753906,224.02000427246094,94863400,0.03178024001189028,0.03128569865829834,0.36159261425271655,0.27180243816002503,0.21156692286167283
2025-01-28,237.187255859375,238.25999450683594,240.19000244140625,230.80999755859375,230.85000610351562,75707600,0.036543956643956044,0.03589206071994881,0.29613828409284615,0.3084883290586562,0.22415810740289135
2025-01-29,238.2823028564453,239.36000061035156,239.86000061035156,234.00999450683594,234.1199951171875,45486100,0.004616830894303092,0.004606206020163771,0.29744866032135614,0.30799939459509024,0.22190357478644346
2025-01-30,236.520263671875,237.58999633789062,240.7899932861328,237.2100067138672,238.6699981689453,55658300,-0.0073947370820001135,-0.007422213688913956,0.32033304379394173,0.30614113193503556,0.21900667092427575
2025-01-31,234.9374237060547,236.0,247.19000244140625,233.44000244140625,247.19000244140625,100959800,-0.006692185539787565,-0.006714678621519663,0.3295433948203182,0.306078522090456,0.21758273614934842
2025-02-03,226.9833984375,228.00999450683594,231.8300018310547,225.6999969482422,229.99000549316406,73063300,-0.033855955479508704,-0.03444234147562121,0.4033849421397222,0.3152525529674175,0.22917311601962825
2025-02-04,231.75184631347656,232.8000030517578,233.1300048828125,226.64999389648438,227.25,45067300,0.021007888515072404,0.020790265416219186,0.3206901297515119,0.3267257456886297,0.23263478881008529
2025-02-05,231.42332458496094,232.47000122070312,232.6699981689453,228.27000427246094,228.52999877929688,39620300,-0.0014175336199687694,-0.0014185392712259676,0.3124983402458348,0.3250470344182349,0.23253116195231516
2025-02-06,232.1699676513672,233.22000122070312,233.8000030517578,230.42999267578125,231.2899932861328,29925300,0.00322622272147699,0.003221029631331898,0.3181896346584864,0.32393261870719114,0.2286733214202477
2025-02-07,226.60513305664062,227.6300048828125,234.0,227.25999450683594,232.60000610351562,39707200,-0.023968769010513147,-0.024260694116362343,0.35127959219535926,0.3330287304971375,0.2341509082467108
2025-02-10,226.8741912841797,227.64999389648438,230.58999633789062,227.1999969482422,229.57000732421875,33115600,8.781361526644105e-05,8.780975987663012e-05,0.25507030235821765,0.3235688677366342,0.23277776087194577
2025-02-11,231.82725524902344,232.6199951171875,235.22999572753906,228.1300048828125,228.1999969482422,53718400,0.021831765227118938,0.021596864950554004,0.2593042892551635,0.33234231016615134,0.236850006701426
2025-02-12,236.06277465820312,236.8699951171875,236.9600067138672,230.67999267578125,231.1999969482422,45243300,0.018270140526221557,0.0181052469002164,0.28868853534935324,0.3381991697313629,0.23946353671575418
2025-02-13,240.70689392089844,241.52999877929688,242.33999633789062,235.57000732421875,236.91000366210938,53614100,0.01967325435120615,0.0194822371053569,0.30916705102369313,0.33819725748133483,0.24108210280422088
2025-02-14,243.76644897460938,244.60000610351562,245.5500030517578,240.99000549316406,241.25,40896200,0.012710666748373622,0.012630564280164371,0.13732152476104265,0.3015324731433908,0.240149249641754
2025-02-18,243.6368865966797,244.47000122070312,245.17999267578125,241.83999633789062,244.14999389648438,48822500,-0.0005314999164697243,-0.0005316412126184736,0.14139342395014165,0.301450531950284,0.238882349858198
2025-02-19,244.03550720214844,244.8699951171875,246.00999450683594,243.16000366210938,244.66000366210938,32204200,0.001636167605379324,0.0016348305414047041,0.14701502263308497,0.2709662702913092,0.23888431646640534
2025-02-20,244.9922332763672,245.8300018310547,246.77999877929688,244.2899932861328,244.94000244140625,32316900,0.003920475080696484,0.003912810045455582,0.13320512836616213,0.27097330418423615,0.23891647771619556
2025-02-21,244.71319580078125,245.5500030517578,248.69000244140625,245.22000122070312,245.9499969482422,53197400,-0.001138993520771736,-0.001139642666854185,0.0885989715840785,0.27107792124672275,0.23886833566554336
2025-02-24,246.25791931152344,247.10000610351562,248.86000061035156,244.4199981689453,244.92999267578125,51326400,0.00631237235794746,0.006292532781645794,0.04923585987120247,0.26919377933274474,0.23890351613339447
2025-02-25,246.1981201171875,247.0399932861328,250.0,244.91000366210938,248.0,48013300,-0.0002428685386501872,-0.00024289803598980076,0.04832222803460794,0.2513116145759366,0.237656360964872
2025-02-26,239.5408935546875,240.36000061035156,244.97999572753906,239.1300048828125,244.3300018310547,44433600,-0.027040126527384523,-0.02741243765411392,0.21571094515483963,0.24378731739391907,0.243985362671958
2025-02-27,236.49131774902344,237.3000030517578,242.4600067138672,237.05999755859375,239.41000366210938,41153600,-0.012730893454915293,-0.01281262570299563,0.2110664944807316,0.24764833348909407,0.24547289237444123
2025-02-28,241.01583862304688,241.83999633789062,242.08999633789062,230.1999969482422,236.9499969482422,56833400,0.019131872009047424,0.018951159026453217,0.2826432426729954,0.25534983468873107,0.24765222275426427
2025-03-03,237.2188262939453,238.02999877929688,244.02999877929688,236.11000061035156,241.7899932861328,47184000,-0.01575420780800274,-0.015879624308909664,0.2803181966252566,0.2609785974973115,0.24909273770617063
2025-03-04,235.1259765625,235.92999267578125,240.07000732421875,234.67999267578125,237.7100067138672,53798100,-0.00882244302938795,-0.008861591205009525,0.2728803845651056,0.22954968650723193,0.24827720498221031
2025-03-05,234.93663024902344,235.74000549316406,236.5500030517578,229.22999572753906,235.4199981689453,47227600,-0.0008052693108767661,-0.0008055937143747655,0.2215777687679191,0.2182604190771427,0.24824470412109
2025-03-06,234.5280303955078,235.3300018310547,237.86000061035156,233.16000366210938,234.44000244140625,45170400,-0.0017392197020257294,-0.0017407339005489856,0.2069199279395406,0.21830347042843282,0.2482539058616863
2025-03-07,238.2552947998047,239.07000732421875,241.3699951171875,234.75999450683594,235.11000061035156,46273600,0.015892599600832114,0.015767634514395192,0.187232744572048,0.22474072647684956,0.250490628308897
2025-03-10,226.70477294921875,227.47999572753906,236.16000366210938,224.22000122070312,235.5399932861328,72071200,-0.04847957184759566,-0.0496941230571602,0.3879758140054387,0.27543080151572,0.26786247109270883
2025-03-11,220.08740234375,220.83999633789062,225.83999633789062,217.4499969482422,223.80999755859375,76137400,-0.029189377151217277,-0.029623862823691977,0.41438413137027896,0.29477112120220517,0.2737774798783393
2025-03-12,216.24057006835938,216.97999572753906,221.75,214.91000366210938,220.13999938964844,62547500,-0.017478720677234882,-0.017633277129478004,0.3995814227644619,0.2867522447241407,0.27559484765996617
2025-03-13,208.96543884277344,209.67999267578125,216.83999633789062,208.4199981689453,215.9499969482422,61368300,-0.03364366852013578,-0.034222639619038715,0.38998480537090674,0.2945614482816017,0.2827715703132797
2025-03-14,212.762451171875,213.49000549316406,213.9499969482422,209.5800018310547,211.25,60107600,0.01817060735629683,0.01800749480985239,0.4041101709395111,0.29290480591367035,0.2858932616414202
2025-03-17,213.27073669433594,214.0,215.22000122070312,209.97000122070312,213.30999755859375,48073400,0.00238884488132296,0.0023859961273084147,0.3499015481111594,0.2863677614391776,0.2845592961274315
2025-03-18,211.96519470214844,212.69000244140625,215.14999389648438,211.49000549316406,214.16000366210938,42432400,-0.006121483918662407,-0.006140297016690643,0.31419844680879816,0.28546061063085393,0.2834752607728499
2025-03-19,214.50650024414062,215.24000549316406,218.75999450683594,213.75,214.22000122070312,54385400,0.011989294383784266,0.01191799213716932,0.32415967714474875,0.2918310346494751,0.28234807033328413
2025-03-20,213.37037658691406,214.10000610351562,217.49000549316406,212.22000122070312,213.99000549316406,48862900,-0.0052964103352275416,-0.005310486038913763,0.16853766434591322,0.28931329075089157,0.28173204803689395
2025-03-21,217.5261688232422,218.27000427246094,218.83999633789062,211.27999877929688,211.55999755859375,94127800,0.019476870855058115,0.019289624021771094,0.1752794123476294,0.3034597246017425,0.28194366942122945
2025-03-24,219.97779846191406,220.72999572753906,221.47999572753906,218.5800018310547,221.0,44299500,0.011270405492856295,0.011207367671882662,0.1799292284812297,0.3065619377150732,0.2831290731406734
2025-03-25,222.9875030517578,223.75,224.10000610351562,220.0800018310547,220.77000427246094,34493600,0.013681893403326706,0.013589141357894689,0.1460606206064249,0.3136433621357489,0.28361805380343263
2025-03-26,220.77505493164062,221.52999877929688,225.02000427246094,220.47000122070312,223.50999450683594,34466100,-0.009921793165153625,-0.00997134217070943,0.20143286494525103,0.30300702384470896,0.2837969212822481
2025-03-27,223.087158203125,223.85000610351562,224.99000549316406,220.55999755859375,221.38999938964844,37094800,0.010472655337889991,0.010418196968815085,0.17635866288547605,0.30533784594657915,0.28413686077484895
2025-03-28,217.15740966796875,217.89999389648438,223.80999755859375,217.67999267578125,221.6699981689453,39818600,-0.026580353115021937,-0.026939998013123585,0.27988519054480476,0.30519766222073225,0.2877542317726337
2025-03-31,221.37301635742188,222.1300048828125,225.6199951171875,216.22999572753906,217.00999450683594,65299300,0.019412625538381745,0.01922660411136273,0.30535865084307284,0.31422976878037345,0.29097323468191266
2025-04-01,222.4293975830078,223.19000244140625,223.67999267578125,218.89999389648438,219.80999755859375,36412700,0.0047719692760685994,0.004760619523474436,0.28889858319265793,0.3148418942342122,0.28671988343601185
2025-04-02,223.12701416015625,223.88999938964844,225.19000244140625,221.02000427246094,221.32000732421875,35905900,0.003136327526256366,0.0031314195104993705,0.2765509789106499,0.31547813579089656,0.28687250138461445
2025-04-03,202.49755859375,203.19000244140625,207.49000549316406,201.25,205.5399932861328,103419000,-0.09245610346452682,-0.0970133431749755,0.7388083659980352,0.4601925666883487,0.34684920432481414
2025-04-04,187.738037109375,188.3800048828125,199.8800048828125,187.33999633789062,193.88999938964844,125910900,-0.07288743235713335,-0.07568028859562168,0.8438466038411816,0.5109675262841346,0.37709768601491256
2025-04-07,180.84161376953125,181.4600067138672,194.14999389648438,174.6199951171875,177.1999969482422,160466300,-0.036734249865053914,-0.03742594457404607,0.7271612029346466,0.5006892191540667,0.3829432290103825
2025-04-08,171.83242797851562,172.4199981689453,190.33999633789062,169.2100067138672,186.6999969482422,120859500,-0.049818186985832624,-0.05110193057859606,0.6065075175212787,0.5166634546385807,0.3925561764623731
2025-04-09,198.17234802246094,198.85000610351562,200.61000061035156,171.88999938964844,171.9499969482422,184395900,0.15328852926139658,0.1426174521857242,1.5200941014081222,0.7537650379901226,0.4957452047276594
2025-04-10,189.77105712890625,190.4199981689453,194.77999877929688,183.0,189.07000732421875,121880000,-0.04239380274487847,-0.04331865310609675,1.4000472909941482,0.7592160019683211,0.502665208910404
2025-04-11,197.4747314453125,198.14999389648438,199.5399932861328,186.05999755859375,186.10000610351562,87435900,0.0405944533235465,0.039792139592270785,1.3114601890516884,0.7717372199966244,0.5083024254445762
2025-04-14,201.829833984375,202.52000427246094,212.94000244140625,201.16000366210938,211.44000244140625,101352900,0.022054052538903912,0.021814379364254816,1.2417573240190258,0.7768432509445139,0.5044771168464045
2025-04-15,201.45114135742188,202.13999938964844,203.50999450683594,199.8000030517578,201.86000061035156,51343900,-0.0018763819612667154,-0.001878144571130347,1.1004230133727282,0.7767443592119515,0.5040886648219587
2025-04-16,193.6079559326172,194.27000427246094,200.6999969482422,192.3699951171875,198.36000061035156,59732400,-0.038933388448355366,-0.03971155758399116,0.5836838379962048,0.7855650946058766,0.5061718147369807
2025-04-17,196.3087158203125,196.97999572753906,198.8300018310547,194.4199981689453,197.1999969482422,52164700,0.013949613401343264,0.013853213008659493,0.4763868451552187,0.788445093072254,0.5070191747893339
2025-04-21,192.50172424316406,193.16000366210938,193.8000030517578,189.80999755859375,193.27000427246094,46742500,-0.019392791899099593,-0.019583299087451427,0.3969987430594886,0.7851739284310456,0.508267962064567
2025-04-22,199.059326171875,199.74000549316406,201.58999633789062,195.97000122070312,196.1199951171875,52976400,0.03406503264808869,0.03349766835227687,0.45178497509043375,0.7956119159784285,0.5135604256365099
2025-04-23,203.9027557373047,204.60000610351562,208.0,202.8000030517578,206.0,52929200,0.024331633507028716,0.024040335032419813,0.4907760159685343,0.7997043373675851,0.511777125460513
2025-04-24,207.65989685058594,208.3699951171875,208.8300018310547,202.94000244140625,204.88999938964844,47311000,0.018426143212158408,0.01825843879975244,0.32015387178340315,0.8033998742454906,0.5074672440059385
2025-04-25,208.56678771972656,209.27999877929688,209.75,206.1999969482422,206.3699951171875,38222300,0.0043672490446504675,0.004357740287230528,0.32746643447251444,0.8023384731693667,0.5074531944183258
2025-04-28,209.42388916015625,210.13999938964844,211.5,207.4600067138672,210.0,38743100,0.0041093301575299,0.0041009099201662,0.20227158835718914,0.7977944963188821,0.507499900520054
2025-04-29,210.490234375,211.2100067138672,212.24000549316406,208.3699951171875,208.69000244140625,36827600,0.005091878401668248,0.005078958627559431,0.14835896555244255,0.7944193692998036,0.5076120550984397
2025-04-30,211.7758331298828,212.5,213.5800018310547,206.6699981689453,209.3000030517578,52286500,0.006107633374967891,0.006089057380782453,0.0955752672443931,0.7945948314180302,0.5032743042682749
2025-05-01,212.59304809570312,213.32000732421875,214.55999755859375,208.89999389648438,209.0800018310547,57365700,0.0038588579963234615,0.00385143170235058,0.014351101442840094,0.7946660663454903,0.5013101902528554
2025-05-02,204.65020751953125,205.35000610351562,206.99000549316406,202.16000366210938,206.08999633789062,101010600,-0.0373617145464924,-0.03807754994175382,0.30458256229277375,0.7262051223546327,0.5068967817933688
2025-05-05,198.21221923828125,198.88999938964844,204.10000610351562,198.2100067138672,203.10000610351562,69018500,-0.03145851727226512,-0.03196396511870287,0.349943369113041,0.6804994300521663,0.5104452613903716
2025-05-06,197.83351135253906,198.50999450683594,200.64999389648438,197.02000427246094,198.2100067138672,51216500,-0.0019106284075551816,-0.0019124559862646142,0.33279989721999603,0.6641962633571818,0.5084556313031088
2025-05-07,195.58120727539062,196.25,199.44000244140625,193.25,199.1699981689453,68536700,-0.011384789528862349,-0.011450092357583123,0.29222315880699684,0.6344245341422431,0.5087757243735149
2025-05-08,196.81698608398438,197.49000549316406,200.0500030517578,194.67999267578125,197.72000122070312,50478900,0.006318499328224592,0.006298621300274167,0.302968192079757,0.37991322264722477,0.5066459054416093
2025-05-09,197.8534393310547,198.52999877929688,200.5399932861328,197.5399932861328,199.0,36453900,0.0052660552797889615,0.0052522380974870265,0.25043977539082385,0.34451294840738156,0.5050707400791347
2025-05-12,210.3471221923828,210.7899932861328,211.27000427246094,206.75,210.97000122070312,63775800,0.06175386381009962,0.059922129300548174,0.4431602562693288,0.3793801966531646,0.5193379206442319
2025-05-13,212.48263549804688,212.92999267578125,213.39999389648438,209.0,210.42999267578125,51909300,0.010152281691776288,0.01010109344017187,0.4279926099973401,0.3739529386926926,0.5190537606167194
2025-05-14,211.8839111328125,212.3300018310547,213.94000244140625,210.5800018310547,212.42999267578125,49325800,-0.0028177845553216674,-0.002821761983669661,0.3990417656026261,0.37411463981045834,0.5190414472631592
2025-05-15,211.00575256347656,211.4499969482422,212.9600067138672,209.5399932861328,210.9499969482422,45029500,-0.004144515024837148,-0.004153127331358633,0.42093622155045457,0.3407586594994369,0.5189872298756567
2025-05-16,210.81614685058594,211.25999450683594,212.57000732421875,209.77000427246094,212.36000061035156,54737900,-0.0008985691376138805,-0.0008989730928673613,0.43082578140939093,0.33925731901048706,0.518829095268474
2025-05-19,208.3413543701172,208.77999877929688,209.47999572753906,204.25999450683594,207.91000366210938,46140500,-0.011739069355408915,-0.011808516259790175,0.1252809230199786,0.33331168380534354,0.5191679492788075
2025-05-20,206.42539978027344,206.86000061035156,208.47000122070312,205.02999877929688,207.6699981689453,42496600,-0.009196274452396014,-0.009238821233101603,0.07254175634817231,0.3170848227438538,0.5189941518622538
2025-05-21,201.66542053222656,202.08999633789062,207.0399932861328,200.7100067138672,205.1699981689453,59211800,-0.02305909435553888,-0.023329114291235003,0.13712504100172182,0.3175034872014394,0.5206314236637878
2025-05-22,200.93695068359375,201.36000061035156,202.75,199.6999969482422,200.7100067138672,46742400,-0.003612230891026025,-0.003618770750769896,0.13857718648598533,0.3096530998311038,0.5182118426408993
2025-05-23,194.8597412109375,195.27000427246094,197.6999969482422,193.4600067138672,193.6699981689453,78432900,-0.03024432021966106,-0.030711115726039975,0.17504750112123846,0.32516973592587695,0.5209576277790945
2025-05-27,199.78936767578125,200.2100067138672,200.74000549316406,197.42999267578125,198.3000030517578,56288500,0.025298316860348224,0.024983611085566255,0.3421952719988393,0.33973643137491294,0.5222008216251074
2025-05-28,199.99893188476562,200.4199981689453,202.72999572753906,199.89999389648438,200.58999633789062,45339700,0.0010488559414427723,0.001048306276362571,0.3483126218290189,0.3388565035272721,0.5215901138058057
2025-05-29,199.5299072265625,199.9499969482422,203.80999755859375,198.50999450683594,203.5800018310547,51396800,-0.0023450814539321962,-0.002347835463872541,0.3139375683306246,0.33729972667329683,0.5214411341697497
2025-05-30,200.4280242919922,200.85000610351562,201.9600067138672,196.77999877929688,199.3699951171875,70819900,0.0045011711378339925,0.00449107116349544,0.31677979478282,0.3374807445566454,0.5216387787680566
2025-06-02,201.27622985839844,201.6999969482422,202.1300048828125,200.1199951171875,200.27999877929688,35423300,0.0042319682295079986,0.004223038636265427,0.1700254115633471,0.31159644779601975,0.521827281675181
2025-06-03,202.8429412841797,203.27000427246094,203.77000427246094,200.9600067138672,201.35000610351562,46381600,0.0077838738124602624,0.007753735759536577,0.0608223160659579,0.290236895324625,0.5208820267744806
2025-06-04,202.3938751220703,202.82000732421875,206.24000549316406,202.10000610351562,202.91000366210938,43604000,-0.00221378923984783,-0.002216243293754774,0.07108533307299976,0.2902805648699418,0.5115930264276933
2025-06-05,200.20848083496094,200.6300048828125,204.75,200.14999389648438,203.5,55126100,-0.010797763348392997,-0.010856482266256429,0.11735163970386754,0.28994833795094,0.5086885874274236
2025-06-06,203.49156188964844,203.9199981689453,205.6999969482422,202.0500030517578,203.0,46607700,0.0163983113495636,0.016265311059071526,0.162523460982411,0.294440319257508,0.5088687619047717
2025-06-09,201.02674865722656,201.4499969482422,206.0,200.02000427246094,204.38999938964844,72862600,-0.012112599268742419,-0.012186554600183343,0.19371781383202397,0.29805762653234413,0.5047173105549245
2025-06-10,202.24420166015625,202.6699981689453,204.35000610351562,200.57000732421875,200.60000610351562,54672600,0.0060560994747325125,0.0060378350081640355,0.18959159149848295,0.20203058732907886,0.5034201215992056
2025-06-11,198.36236572265625,198.77999877929688,204.5,198.41000366210938,203.5,60989900,-0.019193760422328232,-0.01938035209767723,0.23303976630407117,0.205748085497925,0.5047938661085747
2025-06-12,198.78147888183594,199.1999969482422,199.67999267578125,197.36000061035156,199.0800018310547,43904600,0.002112879422097258,0.0021106504315444113,0.22719790151700717,0.20668690123695427,0.5047342448811925
2025-06-13,196.03726196289062,196.4499969482422,200.3699951171875,195.6999969482422,199.72999572753906,51447300,-0.013805221095031128,-0.013901399360486715,0.17384498909508564,0.2101558252594718,0.5046652924627777
2025-06-16,198.0031280517578,198.4199981689453,198.69000244140625,196.55999755859375,197.3000030517578,43020700,0.010028003315378786,0.00997805652363861,0.20443364567536468,0.21554186887896964,0.5051475444471636
2025-06-17,195.2289581298828,195.63999938964844,198.38999938964844,195.2100067138672,197.1999969482422,38856200,-0.014010678383989505,-0.014109754442192705,0.1980644757777434,0.21692042950668006,0.5039782068204905
2025-06-18,196.1669921875,196.5800018310547,197.57000732421875,195.07000732421875,195.94000244140625,45394700,0.004804755900321256,0.004793249901647917,0.17651317289577134,0.21750019836763554,0.5034409574918564
2025-06-20,200.5777130126953,201.0,201.6999969482422,196.86000061035156,198.24000549316406,96813500,0.022484475164182616,0.022235425606040273,0.2501306915314388,0.21988411160760726,0.5048892054244771
2025-06-23,201.07664489746094,201.5,202.3000030517578,198.9600067138672,201.6300048828125,55814300,0.0024875621890547706,0.0024844733276619658,0.20900240697010877,0.21971863673891376,0.5046720759962752
2025-06-24,199.87918090820312,200.3000030517578,203.44000244140625,200.1999969482422,202.58999633789062,54064000,-0.005955319842392948,-0.0059731234790300165,0.2159953257370159,0.18923900701276775,0.5041253984052376
2025-06-25,201.1365203857422,201.55999755859375,203.6699981689453,200.6199951171875,201.4499969482422,39525700,0.0062905366332437485,0.006270833792136221,0.16282519555661318,0.16868121293092694,0.5016548492733071
2025-06-26,200.5777130126953,201.0,202.63999938964844,199.4600067138672,201.42999267578125,50799100,-0.002778316954637594,-0.002782183640768199,0.17470002931116685,0.16901435347395816,0.49983299279698173
2025-06-27,200.6575469970703,201.0800018310547,203.22000122070312,200.0,201.88999938964844,73188600,0.00039801905997349785,0.00039793987139912456,0.0748973172817375,0.1687581628445775,0.49967334885595416
2025-06-30,204.7389373779297,205.1699981689453,207.38999938964844,199.25999450683594,202.00999450683594,91912800,0.020340144721736175,0.020136046923066173,0.1632845468411752,0.18251090989431099,0.5015928089042635
2025-07-01,207.3833770751953,207.82000732421875,210.19000244140625,206.13999938964844,206.6699981689453,78788900,0.012916163079025322,0.012833460814047843,0.14757871203071835,0.18699175313684002,0.461092988722161
2025-07-02,211.99366760253906,212.44000244140625,213.33999633789062,208.13999938964844,208.91000366210938,67941800,0.022230752354752248,0.0219872513788248,0.179023764510996,0.19970434093336145,0.4349896747515483
2025-07-03,213.10133361816406,213.5500030517578,214.64999389648438,211.80999755859375,212.14999389648438,34955800,0.005225007520218483,0.005211404531662551,0.14791085793159672,0.19926267863424224,0.42718882850305834
2025-07-07,209.50889587402344,209.9499969482422,216.22999572753906,208.8000030517578,212.67999267578125,50229000,-0.016857907057220234,-0.01700161898351503,0.2506389488530795,0.20584286872441798,0.4143642805500311
2025-07-08,209.5687713623047,210.00999450683594,211.42999267578125,208.4499969482422,210.10000610351562,42848900,0.00028577070476720756,0.00028572988009683404,0.23218374956083684,0.19913935335800453,0.29558742062970444
2025-07-09,210.69639587402344,211.13999938964844,211.3300018310547,207.22000122070312,209.52999877929688,48749400,0.005380719548448543,0.0053662951961474135,0.22143277290128596,0.19281928099092044,0.2809498216537456
2025-07-10,211.9637451171875,212.41000366210938,213.47999572753906,210.02999877929688,210.50999450683594,44443600,0.0060149866256142825,0.005996968808745969,0.1549396283175183,0.1928089659991967,0.2697017364183062
2025-07-11,210.7163543701172,211.16000366210938,212.1300048828125,209.86000061035156,210.57000732421875,39765800,-0.005884845244805148,-0.005902229181318377,0.1513081715115825,0.1780341315280056,0.26659866040759894
2025-07-14,208.1816864013672,208.6199951171875,210.91000366210938,207.5399932861328,209.92999267578125,38840100,-0.012028833590031152,-0.012101765455702573,0.12246393958342103,0.18596886254917963,0.2678407654998496
2025-07-15,208.67066955566406,209.11000061035156,211.88999938964844,208.9199981689453,209.22000122070312,42296300,0.0023487944810314243,0.0023460403749840327,0.12496193086879107,0.17585102371302747,0.2543848104538758
2025-07-16,209.7184600830078,210.16000366210938,212.39999389648438,208.63999938964844,210.3000030517578,47490500,0.005021295245053015,0.005008730585109271,0.12386065403826424,0.17415814889502237,0.2531525605347073
2025-07-17,209.57875061035156,210.02000427246094,211.8000030517578,209.58999633789062,210.57000732421875,48068100,-0.0006661562010320532,-0.00066637818166213,0.10845780898683322,0.16294682959523907,0.2494998666793411
2025-07-18,210.73631286621094,211.17999267578125,211.7899932861328,209.6999969482422,210.8699951171875,48974600,0.005523228167424676,0.005508031075055581,0.11442445278790586,0.16303910283129508,0.24055103677386167
2025-07-21,212.03358459472656,212.47999572753906,215.77999877929688,211.6300048828125,212.10000610351562,51377400,0.006155900638530998,0.006137030484460472,0.044769058506728944,0.1479242350929521,0.23595832736525427
2025-07-22,213.9495391845703,214.39999389648438,214.9499969482422,212.22999572753906,213.13999938964844,46404100,0.00903613614246912,0.008995554548278597,0.055913010533152716,0.14954998115303458,0.23375585332472135
2025-07-23,213.7000732421875,214.14999389648438,215.14999389648438,212.41000366210938,215.0,46989300,-0.0011660448093142595,-0.0011667251685005464,0.0709851261741227,0.14662586281830126,0.23363811636004236
2025-07-24,213.31089782714844,213.75999450683594,215.69000244140625,213.52999877929688,213.89999389648438,46022600,-0.0018211505989440546,-0.0018228109097863463,0.07583850424460623,0.14729544244021264,0.23355092222140844
2025-07-25,213.43064880371094,213.8800048828125,215.24000549316406,213.39999389648438,214.6999969482422,40268800,0.0005614258002459849,0.0005612682597435046,0.0758421617014621,0.14604604950259056,0.2333382370630199
2025-07-28,213.6002960205078,214.0500030517578,214.85000610351562,213.05999755859375,214.02999877929688,37858000,0.0007948296477664485,0.0007945139379612304,0.06906366131945223,0.14595529277669422,0.23302047503417953
2025-07-29,210.8261260986328,211.27000427246094,214.80999755859375,210.82000732421875,214.17999267578125,51411700,-0.012987613826964783,-0.013072690313278693,0.09162956997420052,0.14217474414587045,0.23444025352160053
2025-07-30,208.6107940673828,209.0500030517578,212.38999938964844,207.72000122070312,211.89999389648438,45512500,-0.010507886476113892,-0.01056348413410209,0.10365897523249015,0.141617055825377,0.2218783153080591
2025-07-31,207.1339111328125,207.57000732421875,209.83999633789062,207.16000366210938,208.49000549316406,80698400,-0.007079625476841711,-0.007104804936428562,0.10077780817802237,0.11823449028576623,0.2120720259669121
2025-08-01,201.95480346679688,202.3800048828125,213.5800018310547,201.5,210.8699951171875,104434500,-0.025003624118486445,-0.025321525035799586,0.15140432245042026,0.14340804687783482,0.2186341194682511
2025-08-04,202.9227752685547,203.35000610351562,207.8800048828125,201.67999267578125,204.50999450683594,75109300,0.004792969647692269,0.0047815199394974995,0.17226865183040171,0.1351769269501092,0.2174285714668642
2025-08-05,202.49366760253906,202.9199981689453,205.33999633789062,202.16000366210938,203.39999389648438,44155100,-0.002114619727876521,-0.0021168586931034814,0.1784321365226949,0.1350020077118006,0.21716908975396754
2025-08-06,212.8019561767578,213.25,215.3800048828125,205.58999633789062,205.6300048828125,108483100,0.05090677076812433,0.0496533826968293,0.4423069393380103,0.22640663413439413,0.23929733806442885
2025-08-07,219.56771850585938,220.02999877929688,220.85000610351562,216.5800018310547,218.8800048828125,90224800,0.03179366367782821,0.03129870877236706,0.46512067788874245,0.25103276805676394,0.21527675158020904
2025-08-08,228.86813354492188,229.35000610351562,231.0,219.25,220.8300018310547,113854000,0.04235789381413979,0.041485352511258046,0.36054173164603337,0.2857925387995706,0.23021148662786586
2025-08-11,226.95997619628906,227.17999267578125,229.55999755859375,224.75999450683594,227.9199981689453,61806100,-0.009461579986856261,-0.009506625091854914,0.4203757554311459,0.2839801619928668,0.23112086063162599
2025-08-12,229.42758178710938,229.64999389648438,230.8000030517578,227.07000732421875,228.00999450683594,55626200,0.010872441677679756,0.010813761630775043,0.38155587288374915,0.28481214097081475,0.23169515889349182
2025-08-13,233.10403442382812,233.3300018310547,235.0,230.42999267578125,231.07000732421875,69878500,0.01602441991019199,0.015897384212123035,0.31159103899532586,0.28758548313318155,0.23354037569270336
2025-08-14,232.5545654296875,232.77999877929688,235.1199951171875,230.85000610351562,234.05999755859375,51916300,-0.0023571895917441354,-0.002359972136647118,0.31269482286435685,0.2881083290528887,0.23201141147350404
2025-08-15,231.36570739746094,231.58999633789062,234.27999877929688,229.33999633789062,234.0,56038700,-0.005112133549474374,-0.00512524520897985,0.17262109876160703,0.29039373973492777,0.23132658413676097
2025-08-18,230.66639709472656,230.88999938964844,233.1199951171875,230.11000061035156,231.6999969482422,37476200,-0.0030225698834628334,-0.0030271470733909058,0.15021877190361949,0.29157536286236135,0.22554555300848675
2025-08-19,230.3367156982422,230.55999755859375,232.8699951171875,229.35000610351562,231.27999877929688,39402600,-0.001429259958971918,-0.0014302823252546539,0.1357817493082864,0.2916281875260538,0.2253480604538777
2025-08-20,225.79110717773438,226.00999450683594,230.47000122070312,225.77000427246094,229.97999572753906,42263900,-0.019734572779050663,-0.019931899886152606,0.12222603654277227,0.3031059486992559,0.21962251892079002
2025-08-21,224.68218994140625,224.89999389648438,226.52000427246094,223.77999877929688,226.27000427246094,30621200,-0.004911289931109564,-0.004923389949559607,0.11820998624200921,0.30391764339001937,0.2150125905967501
2025-08-22,227.53941345214844,227.75999450683594,229.08999633789062,225.41000366210938,226.1699981689453,42477800,0.012716766064777785,0.012636587025097483,0.18389683558602019,0.3058910515349781,0.21611649152086673
2025-08-25,226.94000244140625,227.16000366210938,229.3000030517578,226.22999572753906,226.47999572753906,30983100,-0.0026343118159346535,-0.0026377877210603654,0.1839586936396344,0.306482743170458,0.21614297412354855
2025-08-26,229.08792114257812,229.30999755859375,229.49000549316406,224.69000244140625,226.8699951171875,54575100,0.009464667467088184,0.009420158125637604,0.20560250132739621,0.3012193816515551,0.21660884744108133
2025-08-27,230.26678466796875,230.49000549316406,230.89999389648438,228.25999450683594,228.61000061035156,31259500,0.00514590705653295,0.005132712124054768,0.12008917395968752,0.29619817349923977,0.21665299906158073
2025-08-28,232.33477783203125,232.55999755859375,233.41000366210938,229.33999633789062,230.82000732421875,38074700,0.008980832210059075,0.0089407443724563,0.09300955318564695,0.29304528863196994,0.21679601683308647
2025-08-29,231.91517639160156,232.13999938964844,233.3800048828125,231.3699951171875,232.50999450683594,39418400,-0.00180597769760249,-0.0018076104414200234,0.09142651702422672,0.2711140674848396,0.21676172737560234
2025-09-02,229.49752807617188,229.72000122070312,230.85000610351562,226.97000122070312,229.25,44075600,-0.010424735828844955,-0.010479454001267798,0.13352293850925698,0.277990318364568,0.2166657104000531
2025-09-03,238.2390594482422,238.47000122070312,238.85000610351562,234.36000061035156,237.2100067138672,66427800,0.038089848308826335,0.03738234006205715,0.28727700533053147,0.29720555407857024,0.22659203019152566
2025-09-04,239.5477752685547,239.77999877929688,239.89999389648438,236.74000549316406,238.4499969482422,47549400,0.005493343195739575,0.005478309816550939,0.2870827059945877,0.25336459596633826,0.2245483493842132
2025-09-05,239.45787048339844,239.69000244140625,241.32000732421875,238.49000549316406,240.0,54870400,-0.00037532879451496193,-0.0003753992479963229,0.29252764967698675,0.23550668837593888,0.22455058773362763
2025-09-08,237.64962768554688,237.8800048828125,240.14999389648438,236.33999633789062,239.3000030517578,48999500,-0.007551410322323426,-0.0075800665758205465,0.3048923602437539,0.19331841148087245,0.22084465114512813
2025-09-09,234.123046875,234.35000610351562,238.77999877929688,233.36000061035156,237.0,66313900,-0.014839409394815983,-0.014950614951601542,0.32034795052842713,0.19844885214935076,0.22388276256040712
2025-09-10,226.5703582763672,226.7899932861328,232.4199981689453,225.9499969482422,232.19000244140625,83440800,-0.03225949486019408,-0.0327913008462837,0.2357256816957262,0.22940926662503097,0.23302877591357765
2025-09-11,229.80722045898438,230.02999877929688,230.4499969482422,226.64999389648438,226.8800048828125,50208600,0.014286368839370622,0.014185280326338959,0.27643529745387235,0.22784884471581274,0.23377197451069434
2025-09-12,233.84332275390625,234.07000732421875,234.50999450683594,229.02000427246094,229.22000122070312,55824200,0.017562963814985233,0.017410517319317524,0.3318502775985924,0.23659233442777597,0.2331514745751727
2025-09-15,236.47076416015625,236.6999969482422,238.19000244140625,235.02999877929688,237.0,42699500,0.011235910376080627,0.01117325641447065,0.3480677603786968,0.23872097054410044,0.23372825590964638
2025-09-16,237.9193572998047,238.14999389648438,241.22000122070312,236.32000732421875,237.17999267578125,63421100,0.0061258849469238985,0.006107197990995256,0.32629857822128583,0.2388328065103552,0.23040055417450672
2025-09-17,238.75856018066406,238.99000549316406,240.10000610351562,237.72999572753906,238.97000122070312,46508000,0.0035272375318422533,0.0035210314188807313,0.09042563935600195,0.23866051525598062,0.23040377314251342
2025-09-18,237.64962768554688,237.8800048828125,241.1999969482422,236.64999389648438,239.97000122070312,44249600,-0.0046445482440198305,-0.004655367672117789,0.13141518240322422,0.22604142328766746,0.23020412914395377
2025-09-19,245.26223754882812,245.5,246.3000030517578,240.2100067138672,241.22999572753906,163741300,0.03203293660995743,0.0315305818698142,0.2152991921356337,0.24617681978605374,0.23750472833290387
2025-09-22,255.8319854736328,256.0799865722656,256.6400146484375,248.1199951171875,248.3000030517578,105517400,0.04309566831880085,0.042192895991329665,0.31820007226240576,0.27943119745029116,0.2501447587113607
2025-09-23,254.18359375,254.42999267578125,257.3399963378906,253.5800018310547,255.8800048828125,60275200,-0.006443275472520216,-0.006464122970960471,0.3528079859306827,0.28129836295692134,0.25096503895395533
2025-09-24,252.06564331054688,252.30999755859375,255.74000549316406,251.0399932861328,255.22000122070312,42303700,-0.008332331793480807,-0.008367239714872807,0.3822726148297741,0.2852107422888624,0.24989559957997212
2025-09-25,256.6212158203125,256.8699951171875,257.1700134277344,251.7100067138672,253.2100067138672,55202100,0.018072995928489766,0.017911620791906432,0.35737718654591055,0.28900275386789137,0.25092488852511213
2025-09-26,255.2126007080078,255.4600067138672,257.6000061035156,253.77999877929688,254.10000610351562,46076300,-0.005489112898051984,-0.005504233435866624,0.34841248511146167,0.2912076706299622,0.24860293288076146
2025-09-29,254.18359375,254.42999267578125,255.0,253.00999450683594,254.55999755859375,40127700,-0.004031997224675621,-0.004040147641167021,0.17223733994154822,0.2919757726632282,0.2489858176384917
2025-09-30,254.38340759277344,254.6300048828125,255.9199981689453,253.11000061035156,254.86000061035156,37704300,0.0007861188255666729,0.0007858099960032751,0.16610498154201422,0.28696244121775105,0.24555218153685365
2025-10-01,255.20260620117188,255.4499969482422,258.7900085449219,254.92999267578125,255.0399932861328,48713900,0.003220327729275496,0.0032151535792634424,0.14802622307683497,0.2604635618433729,0.24547626352189947
2025-10-02,256.8809814453125,257.1300048828125,258.17999267578125,254.14999389648438,256.5799865722656,42630200,0.00657666061710982,0.0065551287383542895,0.07950699738603709,0.2606033837989171,0.24553182349750452
2025-10-03,257.7701110839844,258.0199890136719,259.239990234375,253.9499969482422,254.6699981689453,49155600,0.0034612223931820285,0.003455246149057607,0.06264953132109322,0.2602036411655679,0.2454671308116963
2025-10-06,256.44140625,256.69000244140625,259.07000732421875,255.0500030517578,257.989990234375,44664100,-0.005154587353288997,-0.005167918067967592,0.06961714201081987,0.258956516671707,0.24535488092257454
2025-10-07,256.23162841796875,256.4800109863281,257.3999938964844,255.42999267578125,256.80999755859375,31955800,-0.0008180741481198517,-0.0008184089533852378,0.07193692855429991,0.2500877248516298,0.24342067595581215
2025-10-08,257.8100891113281,258.05999755859375,258.5199890136719,256.1099853515625,256.5199890136719,36496900,0.006160271773966164,0.006141374866814596,0.07910815773760244,0.20764872345673313,0.24347193583013196
2025-10-09,253.79396057128906,254.0399932861328,258.0,253.13999938964844,257.80999755859375,38322000,-0.015577789314472068,-0.015700398056697453,0.13616514870029156,0.21965012694766053,0.2466047545292619
2025-10-10,245.032470703125,245.27000427246094,256.3800048828125,244.0,254.94000244140625,61999100,-0.034522080166306646,-0.03513204652712342,0.2550091759419595,0.25628877266254213,0.2587077078402715
2025-10-13,247.42015075683594,247.66000366210938,249.69000244140625,245.55999755859375,249.3800048828125,38142900,0.009744360696440912,0.009697190594530546,0.29235406921868456,0.25566659221148164,0.25905202555001194
2025-10-14,247.53004455566406,247.77000427246094,248.85000610351562,244.6999969482422,246.60000610351562,35478000,0.0004441597703503941,0.0004440611605975049,0.2942114656364633,0.2553273270014535,0.2589879815447582
2025-10-15,249.09852600097656,249.33999633789062,251.82000732421875,247.47000122070312,249.49000549316406,33893600,0.0063364896410271765,0.006316498495224781,0.2947031006107684,0.25574358316032264,0.2587617800276903
2025-10-16,247.21035766601562,247.4499969482422,249.0399932861328,245.1300048828125,248.25,39777000,-0.007580008893106838,-0.007608883164548134,0.2848717414463601,0.2569931877954675,0.259489195814424
2025-10-17,252.045654296875,252.2899932861328,253.3800048828125,247.27000427246094,248.02000427246094,49147000,0.019559492412937862,0.01937066382999947,0.16032077720535115,0.24160766339149595,0.2616390941525957
2025-10-20,261.98602294921875,262.239990234375,264.3800048828125,255.6300048828125,255.88999938964844,90483000,0.03943873008454002,0.038680884861185046,0.2878261172300596,0.23393596447158607,0.27173774075902485
2025-10-21,262.5155029296875,262.7699890136719,265.2900085449219,261.8299865722656,261.8800048828125,46695900,0.002021044840732289,0.0020190052771787686,0.28423000149180416,0.23218684780388296,0.27169922824972365
2025-10-22,258.19970703125,258.45001220703125,262.8500061035156,255.42999267578125,262.6499938964844,45015300,-0.016440145325788524,-0.016576784159691115,0.35055802917060763,0.2386068815926173,0.27270067139533566
2025-10-23,259.3285827636719,259.5799865722656,260.6199951171875,258.010009765625,259.94000244140625,32754900,0.004372119604812541,0.004362589657176772,0.3283458419857529,0.23073976099179777,0.2711570337173543
2025-10-24,262.56549072265625,262.82000732421875,264.1300048828125,259.17999267578125,261.19000244140625,38253700,0.012481781799657865,0.012404526552387543,0.318834602281785,0.23327638449282906,0.27081235392399655
2025-10-27,268.5496520996094,268.80999755859375,269.1199951171875,264.6499938964844,264.8800048828125,44888200,0.02279122619072771,0.02253538617237557,0.2296534367931459,0.2438595361036845,0.2664559882019154
2025-10-28,268.7394714355469,269.0,269.8900146484375,268.1499938964844,268.989990234375,41534800,0.0007068280314419528,0.0007065783461583808,0.23089396916361518,0.2438681578920462,0.266583524122751
2025-10-29,269.4388122558594,269.70001220703125,271.4100036621094,267.1099853515625,269.2799987792969,51086700,0.0026022758625696696,0.002598895805361544,0.14307187581132322,0.24386221075673536,0.26624623287424903
2025-10-30,271.13714599609375,271.3999938964844,274.1400146484375,268.4800109863281,271.989990234375,69886500,0.006303231785351748,0.006283449504564014,0.14017462473732084,0.24380735727866662,0.24929511227896312
2025-10-31,270.108154296875,270.3699951171875,277.32000732421875,269.1600036621094,276.989990234375,86167100,-0.0037951319176879883,-0.003802351703305637,0.16044449523439097,0.24486816965629615,0.24319339912478877
2025-11-03,268.7894287109375,269.04998779296875,270.8500061035156,266.25,270.4200134277344,50194600,-0.0048822256465500535,-0.0048941826438965354,0.07317221790867076,0.24475878899878023,0.23043825613221247
2025-11-04,269.7784729003906,270.0400085449219,271.489990234375,267.6199951171875,268.3299865722656,49274800,0.003679690752169673,0.0036729372522777033,0.07742764963632419,0.24450641432969508,0.22904468402953673
2025-11-05,269.8783874511719,270.1400146484375,271.70001220703125,266.92999267578125,268.6099853515625,43683100,0.00037033809935982376,0.00037026954113186534,0.07571189551726464,0.24424828299222495,0.22849901363991812
2025-11-06,269.50872802734375,269.7699890136719,273.3999938964844,267.8900146484375,267.8900146484375,51204000,-0.001369754996301431,-0.001370693968215303,0.054217605969136905,0.2353871046349594,0.22697659747527485
2025-11-07,268.2099914550781,268.4700012207031,272.2900085449219,266.7699890136719,269.79998779296875,48227400,-0.004818874767062664,-0.004830522979991833,0.05770043012840366,0.1905858827139956,0.2272550543477522
2025-11-10,269.42999267578125,269.42999267578125,273.7300109863281,267.4599914550781,268.9599914550781,41312400,0.003575786682732396,0.0035694087570780166,0.05678470976581935,0.18961645317097692,0.22672697602101846
2025-11-11,275.25,275.25,275.9100036621094,269.79998779296875,269.80999755859375,46208300,0.021601185771556786,0.02137118643594642,0.16301009821463258,0.19844525369017318,0.22967078860288875
2025-11-12,273.4700012207031,273.4700012207031,275.7300109863281,271.70001220703125,275.0,48398000,-0.006466843884820661,-0.006487844507194079,0.1786769393628458,0.20269953865940726,0.23031378183774834
2025-11-13,272.95001220703125,272.95001220703125,276.70001220703125,272.0899963378906,274.1099853515625,49602800,-0.0019014480979659965,-0.0019032581452385258,0.17943284058624004,0.19911465631094213,0.2256142964364925
2025-11-14,272.4100036621094,272.4100036621094,275.9599914550781,269.6000061035156,271.04998779296875,47431300,-0.0019784155368063328,-0.0019803751859178826,0.17328915125812244,0.19286567742478164,0.22524507192233453
2025-11-17,267.4599914550781,267.4599914550781,270.489990234375,265.7300109863281,268.82000732421875,45018300,-0.018171183658773127,-0.01833830726819936,0.2289297945077742,0.159560725072326,0.22861881488801425
2025-11-18,267.44000244140625,267.44000244140625,270.7099914550781,265.32000732421875,269.989990234375,45677300,-7.473646268785217e-05,-7.473925559643532e-05,0.11778888438097965,0.15955394074654433,0.22842453353879763
2025-11-19,268.55999755859375,268.55999755859375,272.2099914550781,265.5,265.5299987792969,40424500,0.004187836924032684,0.004179092340407183,0.13647895088101192,0.14585565797492472,0.2280201591160453
2025-11-20,266.25,266.25,275.42999267578125,265.9200134277344,270.8299865722656,45823600,-0.008601420835542606,-0.008638626557415352,0.13947401314649682,0.1502025392558058,0.22911938901671816
2025-11-21,271.489990234375,271.489990234375,273.3299865722656,265.6700134277344,265.95001220703125,59030800,0.019680714495305063,0.019489553289023798,0.22533184437248055,0.15901630679979473,0.23141329966682586
2025-11-24,275.9200134277344,275.9200134277344,277.0,270.8999938964844,270.8999938964844,65585800,0.0163174457722548,0.016185746981243,0.18443907657589917,0.14923749691539578,0.23288960482545273
2025-11-25,276.9700012207031,276.9700012207031,280.3800048828125,275.25,275.2699890136719,46914200,0.003805406428931457,0.003798184186466807,0.17803928222662255,0.14947628649345526,0.23122373936507495
2025-11-26,277.54998779296875,277.54998779296875,279.5299987792969,276.6300048828125,276.9599914550781,33431400,0.0020940411225383038,0.002091851674423675,0.18072124431630232,0.14943587245791048,0.21992165069024164
2025-11-28,278.8500061035156,278.8500061035156,279.0,275.989990234375,277.260009765625,20135600,0.004683906927485104,0.004672971568938359,0.12671387341201332,0.1488509796571909,0.21988171517766855
2025-12-01,283.1000061035156,283.1000061035156,283.4200134277344,276.1400146484375,278.010009765625,46587700,0.015241168753721723,0.015126188953698135,0.10670117833171498,0.15518385581538297,0.2213015196559976
2025-12-02,286.19000244140625,286.19000244140625,287.3999938964844,282.6300048828125,283.0,53669500,0.010914857899228636,0.010855720764224917,0.08701373016120269,0.1555691429868541,0.22084202746506298
2025-12-03,284.1499938964844,284.1499938964844,288.6199951171875,283.29998779296875,286.20001220703125,43538700,-0.00712816145749029,-0.007153688178430315,0.13587207229991338,0.15972060326904947,0.21869044939772195
2025-12-04,280.70001220703125,280.70001220703125,284.7300109863281,278.5899963378906,284.1000061035156,43989100,-0.012141410394363561,-0.012215719407566574,0.18502683817688056,0.1680273557416346,0.20802789560576027
2025-12-05,278.7799987792969,278.7799987792969,281.1400146484375,278.04998779296875,280.5400085449219,47265800,-0.00684009028940924,-0.006863590932648934,0.1934710477182476,0.1705650634670252,0.2079060377833545
2025-12-08,277.8900146484375,277.8900146484375,279.6700134277344,276.1499938964844,278.1300048828125,38211800,-0.00319242461710445,-0.00319753127588418,0.13897542544259991,0.16984004308806475,0.2061737335124884
2025-12-09,277.17999267578125,277.17999267578125,280.0299987792969,276.9200134277344,278.1600036621094,32193300,-0.002555046727945598,-0.002558316430519311,0.06128663562161442,0.1703491845032958,0.20572896561785886
2025-12-10,278.7799987792969,278.7799987792969,279.75,276.44000244140625,277.75,33038300,0.00577244442526248,0.005755847706403448,0.104527226612915,0.15435745970923578,0.20570486895488635
2025-12-11,278.0299987792969,278.0299987792969,279.5899963378906,273.80999755859375,279.1000061035156,33248000,-0.0026902934331158868,-0.002693918776111477,0.07360528995719104,0.15261237152894475,0.2059834207995632
2025-12-12,278.2799987792969,278.2799987792969,279.2200012207031,276.82000732421875,277.8999938964844,39532900,0.0008991835452922814,0.0008987795219441775,0.06009265024298529,0.15227127337910246,0.20547070137701526
2025-12-15,274.1099853515625,274.1099853515625,280.1499938964844,272.8399963378906,280.1499938964844,50409100,-0.014984955605960026,-0.015098364430199547,0.12249742873966679,0.1624203126306862,0.1995798872089219
2025-12-16,274.6099853515625,274.6099853515625,275.5,271.7900085449219,272.82000732421875,37648600,0.0018240853187405648,0.0018224236954371396,0.12677807559208437,0.14672491291655856,0.180997621556575
2025-12-17,271.8399963378906,271.8399963378906,276.1600036621094,271.6400146484375,275.010009765625,50138700,-0.010086993049891024,-0.010138211482018081,0.11639070096169317,0.15223772536772304,0.18181380026035934
2025-12-18,272.19000244140625,272.19000244140625,273.6300048828125,266.95001220703125,273.6099853515625,51630700,0.001287544541755281,0.0012867163670800797,0.12459148795363442,0.1517356196452369,0.1807392970590101
2025-12-19,273.6700134277344,273.6700134277344,274.6000061035156,269.8999938964844,272.1499938964844,144632000,0.005437418615868328,0.005422689224387653,0.13959566329006218,0.14846690666599752,0.1776111818347576
2025-12-22,270.9700012207031,270.9700012207031,273.8800048828125,270.510009765625,272.8599853515625,36571800,-0.009865941003960987,-0.009914931893719238,0.1147265456354315,0.13713850300324143,0.17853462058247913
2025-12-23,272.3599853515625,272.3599853515625,272.5,269.55999755859375,270.8399963378906,29642000,0.005129660569795913,0.005116548681590436,0.12418496371834788,0.12478030354535627,0.17842056817810803
2025-12-24,273.80999755859375,273.80999755859375,275.42999267578125,272.20001220703125,272.3399963378906,17910600,0.005323881205087977,0.005309759449072081,0.10449229746236159,0.12560749475860766,0.17862352304849893
2025-12-26,273.3999938964844,273.3999938964844,275.3699951171875,272.8599853515625,274.1600036621094,21521800,-0.0014974020881820538,-0.0014985243151121033,0.10660616109090812,0.12524295372048028,0.178658774311203
2025-12-29,273.760009765625,273.760009765625,274.3599853515625,272.3500061035156,272.69000244140625,23715200,0.0013168100847762432,0.0013159438507369832,0.09933756386140924,0.12387328787240025,0.17830177545271705
2025-12-30,273.0799865722656,273.0799865722656,274.0799865722656,272.2799987792969,272.80999755859375,22139600,-0.0024840121606569676,-0.0024871024374482713,0.0575122546458748,0.10842469588192667,0.17837448745475393
2025-12-31,271.8599853515625,271.8599853515625,273.67999267578125,271.75,273.05999755859375,27293600,-0.004467559984957958,-0.004477569353830084,0.060307388388183,0.09782659779668565,0.1782790158608278
2026-01-02,271.010009765625,271.010009765625,277.8399963378906,269.0,272.260009765625,37838100,-0.0031265196488491354,-0.0031314174227282093,0.03449479257028801,0.09635697388380177,0.17844034421713229
2026-01-05,267.260009765625,267.260009765625,271.510009765625,266.1400146484375,270.6400146484375,45647200,-0.013837127282653072,-0.013933752709382118,0.09005793855425484,0.09884674444249478,0.18065968171601876
2026-01-06,262.3599853515625,262.3599853515625,267.54998779296875,262.1199951171875,267.0,52352100,-0.01833429707033085,-0.01850445330052291,0.11523271347413677,0.11331360813132008,0.18182685403519835
2026-01-07,260.3299865722656,260.3299865722656,263.67999267578125,259.80999755859375,263.20001220703125,48309800,-0.007737455757884204,-0.007767545179558986,0.10333792029828086,0.11455477049678515,0.16693738971765743
2026-01-08,259.0400085449219,259.0400085449219,259.2900085449219,255.6999969482422,257.0199890136719,50419300,-0.004955164959399183,-0.0049674824964186315,0.1018671042287224,0.1146771291101679,0.16637593328334413
2026-01-09,259.3699951171875,259.3699951171875,260.2099914550781,256.2200012207031,259.0799865722656,39997000,0.00127388264893602,0.0012730719488525312,0.12238585886912938,0.11098280981442006,0.16637812315109995
2026-01-12,260.25,260.25,261.29998779296875,256.79998779296875,259.1600036621094,45263800,0.0033928553779511983,0.003387112630019483,0.13730001187958493,0.11371291040365605,0.1660684814881251
2026-01-13,261.04998779296875,261.04998779296875,261.80999755859375,258.3900146484375,258.7200012207031,45730800,0.003073920434077726,0.0030692056002053552,0.08036352068129106,0.11503029138486541,0.165222491283704
2026-01-14,259.9599914550781,259.9599914550781,261.82000732421875,256.7099914550781,259.489990234375,40019400,-0.004175431483854575,-0.004184172939277149,0.06364266458998946,0.10623992808058007,0.16096749290740345
2026-01-15,258.2099914550781,258.2099914550781,261.0400085449219,257.04998779296875,260.6499938964844,39388600,-0.006731805114335909,-0.006754565919430446,0.07256610146383699,0.10581243439000719,0.14057589454280547
2026-01-16,255.52999877929688,255.52999877929688,258.8999938964844,254.92999267578125,257.8999938964844,72018600,-0.010379120733008063,-0.010433359433029877,0.09668569319344227,0.10607844877649296,0.1420232953286706
