Date,adj close,close,high,low,open,volume,daily_return,log_return,realized_vol_5d,realized_vol_20d,realized_vol_60d
2021-01-18,36630.07421875,36630.07421875,37299.28515625,34883.84375,35792.23828125,49511702429,,,,,
2021-01-19,36069.8046875,36069.8046875,37755.890625,36069.8046875,36642.234375,57244195486,-0.015295342507474663,-0.015413522880192659,,,
2021-01-20,35547.75,35547.75,36378.328125,33570.4765625,36050.11328125,66834573161,-0.014473454791977813,-0.014579216975338103,,,
2021-01-21,30825.69921875,30825.69921875,35552.6796875,30250.75,35549.3984375,75643067688,-0.1328368400602007,-0.14252813081835994,,,
2021-01-22,33005.76171875,33005.76171875,33811.8515625,28953.373046875,30817.625,77207272511,0.07072224005462169,0.06833341147530216,,,
2021-01-23,32067.642578125,32067.642578125,33360.9765625,31493.16015625,32985.7578125,48354737975,-0.02842289017956734,-0.028834641394269323,1.1965608180823741,,
2021-01-24,32289.37890625,32289.37890625,32944.0078125,31106.685546875,32064.376953125,48643830599,0.006914643868341619,0.006890847351743181,1.2199513831435977,,
2021-01-25,32366.392578125,32366.392578125,34802.7421875,32087.787109375,32285.798828125,59897054838,0.0023851084933719235,0.0023822686367903426,1.232455734861096,,
2021-01-26,32569.849609375,32569.849609375,32794.55078125,31030.265625,32358.61328125,60255421470,0.006286058316783416,0.006266383460683916,0.5605452588929783,,
2021-01-27,30432.546875,30432.546875,32564.029296875,29367.138671875,32564.029296875,62576762015,-0.06562212475675022,-0.06787434522440919,0.5151939828140621,,
2021-01-28,33466.09765625,33466.09765625,33858.3125,30023.20703125,30441.041015625,76517157706,0.09968113394222766,0.0950202595471698,0.9175614574039538,,
2021-01-29,34316.38671875,34316.38671875,38406.26171875,32064.814453125,34318.671875,117894572511,0.02540747568580648,0.025090070847817985,0.9245740173950883,,
2021-01-30,34269.5234375,34269.5234375,34834.70703125,32940.1875,34295.93359375,65141828798,-0.0013656239986477026,-0.0013665573129015413,0.9274545526786192,,
2021-01-31,33114.359375,33114.359375,34288.33203125,32270.17578125,34270.87890625,52754542671,-0.03370820328466961,-0.034289423389572346,0.9846015809582395,,
2021-02-01,33537.17578125,33537.17578125,34638.21484375,32384.228515625,33114.578125,61400400660,0.012768370405776608,0.0126875420679964,0.757567446390778,,
2021-02-02,35510.2890625,35510.2890625,35896.8828125,33489.21875,33533.19921875,63088585433,0.05883361479570781,0.057167938879420434,0.5344100673767154,,
2021-02-03,37472.08984375,37472.08984375,37480.1875,35443.984375,35510.8203125,61166818159,0.055245981743407446,0.053773897801538996,0.6122781080390658,,
2021-02-04,36926.06640625,36926.06640625,38592.17578125,36317.5,37475.10546875,68838074392,-0.014571470120209207,-0.01467867670382311,0.6446861160208631,,
2021-02-05,38144.30859375,38144.30859375,38225.90625,36658.76171875,36931.546875,58598066402,0.032991388091470286,0.03245885330843299,0.47560561269935503,,
2021-02-06,39266.01171875,39266.01171875,40846.546875,38138.38671875,38138.38671875,71326033653,0.029406828078771152,0.02898274128113115,0.4555933560430528,,
2021-02-07,38903.44140625,38903.44140625,39621.8359375,37446.15234375,39250.19140625,65500641143,-0.009233693380855112,-0.009276588183404773,0.46424735319064814,0.8154455653634316,
2021-02-08,46196.46484375,46196.46484375,46203.9296875,38076.32421875,38886.828125,101467222687,0.18746473766529936,0.17182056188812328,1.2025797740504904,1.007550780650979,
2021-02-09,46481.10546875,46481.10546875,48003.72265625,45166.9609375,46184.9921875,91809846886,0.006161523959955284,0.0061426193854515,1.148788906416063,1.002873055756757,
2021-02-10,44918.18359375,44918.18359375,47145.56640625,43881.15234375,46469.76171875,87301089896,-0.03362488605290981,-0.03420320342962812,1.2874929440918619,0.8399575550575114,
2021-02-11,47909.33203125,47909.33203125,48463.46875,44187.76171875,44898.7109375,81388911810,0.0665910372634968,0.06446761605839371,1.3055690869847674,0.837042476247975,
2021-02-12,47504.8515625,47504.8515625,48745.734375,46424.9765625,47877.03515625,76555041196,-0.008442623839676311,-0.008478464657924508,1.3036903062191156,0.8247610370377305,
2021-02-13,47105.515625,47105.515625,48047.74609375,46392.28125,47491.203125,70250456155,-0.008406213773231364,-0.008441745251820123,0.5849311665430881,0.8296878511412408,
2021-02-14,48717.2890625,48717.2890625,49487.640625,47114.5078125,47114.5078125,71248675228,0.03421623595697554,0.033643879906238475,0.6229310787666326,0.8288623440467081,
2021-02-15,47945.05859375,47945.05859375,48875.5703125,46347.4765625,48696.53515625,77069903166,-0.01585126109458379,-0.015978235928812496,0.5519609554377553,0.837624197093378,
2021-02-16,49199.87109375,49199.87109375,50341.1015625,47201.3046875,47944.45703125,77049582886,0.026171883752032166,0.0258352607407487,0.35994515760340945,0.7716751463040745,
2021-02-17,52149.0078125,52149.0078125,52533.9140625,49072.37890625,49207.27734375,80820545404,0.05994196027730325,0.058214152169521576,0.4876629579974782,0.737041958682924,
2021-02-18,51679.796875,51679.796875,52474.10546875,51015.765625,52140.97265625,52054723579,-0.008997504596578998,-0.009038226589304248,0.4897648084527853,0.7451649774516894,
2021-02-19,55888.1328125,55888.1328125,56113.65234375,50937.27734375,51675.98046875,63495496918,0.08143096900475189,0.07828513543693166,0.6521434891848915,0.7675075400974294,
2021-02-20,56099.51953125,56099.51953125,57505.2265625,54626.55859375,55887.3359375,68145460026,0.0037823185014820293,0.0037751835203801024,0.5803734316288305,0.7402765096022528,
2021-02-21,57539.9453125,57539.9453125,58330.5703125,55672.609375,56068.56640625,51897585191,0.025676258785917394,0.02535215971053203,0.5806760569208356,0.7385375561063089,
2021-02-22,54207.3203125,54207.3203125,57533.390625,48967.56640625,57532.73828125,92052420332,-0.05791845963531039,-0.05966344725525414,0.7987598082473004,0.7898743901394291,
2021-02-23,48824.42578125,48824.42578125,54204.9296875,45290.58984375,54204.9296875,106102492824,-0.09930198541853996,-0.10458524450100902,1.1402404880892973,0.896010860364516,
2021-02-24,49705.33203125,49705.33203125,51290.13671875,47213.5,48835.0859375,63695521388,0.018042326886684945,0.017881495738120444,0.8953804902306203,0.8899928609612449,
2021-02-25,47093.8515625,47093.8515625,51948.96875,47093.8515625,49709.08203125,54506565949,-0.052539242009451814,-0.053969759252051705,0.8784600165508721,0.9197063445974455,
2021-02-26,46339.76171875,46339.76171875,48370.78515625,44454.84375,47180.46484375,350967941479,-0.016012490351298148,-0.016142075456887308,0.7368497677997631,0.9216499257772729,
2021-02-27,46188.453125,46188.453125,48253.26953125,45269.02734375,46344.7734375,45910946382,-0.003265200081699504,-0.0032705424799890207,0.7661117787244985,0.9203780135876686,
2021-02-28,45137.76953125,45137.76953125,46716.4296875,43241.6171875,46194.015625,53443887451,-0.022747754528746222,-0.02301047656676125,0.42003159001221424,0.6940758558022803,
2021-03-01,49631.2421875,49631.2421875,49784.015625,45115.09375,45159.50390625,53891300112,0.09955017057586457,0.09490116032713884,0.8951612744662948,0.7734317995977982,
2021-03-02,48378.98828125,48378.98828125,50127.51171875,47228.84375,49612.10546875,47530897720,-0.025231161886280384,-0.025554925208490772,0.806131924727675,0.7684663429374315,
2021-03-03,50538.2421875,50538.2421875,52535.13671875,48274.3203125,48415.81640625,53220811975,0.04463205996986197,0.043664727693901485,0.8172540901964253,0.7499776131794721,
2021-03-04,48561.16796875,48561.16796875,51735.08984375,47656.9296875,50522.3046875,52343816680,-0.039120359814156846,-0.0399061221991278,0.9114367885680499,0.7643338757552691,
2021-03-05,48927.3046875,48927.3046875,49396.4296875,46542.515625,48527.03125,48625928883,0.007539701660092213,0.007511420176535919,0.866398318201511,0.763790099402698,
2021-03-06,48912.3828125,48912.3828125,49147.21875,47257.52734375,48899.23046875,34363564661,-0.0003049805235605385,-0.0003050270395783075,0.5123128523652782,0.7545250849626625,
2021-03-07,51206.69140625,51206.69140625,51384.3671875,48918.6796875,48918.6796875,43137459378,0.046906498146797926,0.0458396233606819,0.5618958910756308,0.7687194226111842,
2021-03-08,52246.5234375,52246.5234375,52314.0703125,49506.0546875,51174.1171875,48597428048,0.020306565464276005,0.020103136515502152,0.4977993832168803,0.7667565500019985,
2021-03-09,54824.1171875,54824.1171875,54824.1171875,51981.83203125,52272.96875,50912227385,0.049335220420617,0.048156840253235314,0.34941718419030005,0.7579320341637467,
2021-03-10,56008.55078125,56008.55078125,57258.25390625,53290.890625,54824.01171875,57295577614,0.021604243798385436,0.021374179798027783,0.3201891269556162,0.7594772265593769,
2021-03-11,57805.12109375,57805.12109375,58091.0625,54484.59375,55963.1796875,56772343595,0.032076714848716215,0.031573000390297756,0.20959054836654342,0.715737020263039,
2021-03-12,57332.08984375,57332.08984375,57996.62109375,55376.6484375,57821.21875,55689944702,-0.008183206626845796,-0.008216872853115568,0.32640198404848875,0.7165381953224355,
2021-03-13,61243.0859375,61243.0859375,61683.86328125,56217.97265625,57343.37109375,60669829814,0.06821652767950437,0.06599046126171279,0.44523893016738925,0.7485942524492231,
2021-03-14,59302.31640625,59302.31640625,61597.91796875,59302.31640625,61221.1328125,43901225564,-0.031689610370558396,-0.03220259265928875,0.5981948735976858,0.7239905753206041,
2021-03-15,55907.19921875,55907.19921875,60540.9921875,55393.1640625,59267.4296875,66419369890,-0.05725100456855314,-0.05895520841682183,0.790989461235935,0.6468156872065068,
2021-03-16,56804.90234375,56804.90234375,56833.1796875,53555.02734375,55840.78515625,59749798599,0.01605702194966918,0.015929471547609108,0.758321270343098,0.6464080387349073,
2021-03-17,58870.89453125,58870.89453125,58969.81640625,54528.62890625,56825.828125,60258313191,0.036369962842253134,0.03572418708035779,0.8038649661785554,0.6123072132952613,
2021-03-18,57858.921875,57858.921875,60116.25,54253.578125,58893.078125,55746041000,-0.017189693893861602,-0.017339151916613386,0.5990972465352673,0.6130294747874931,
2021-03-19,58346.65234375,58346.65234375,59498.375,56643.703125,57850.44140625,49063873786,0.008429650137686817,0.008394319050580128,0.5791478669900224,0.6107969195289873,0.7812632309025603
2021-03-20,58313.64453125,58313.64453125,60031.28515625,58213.296875,58332.26171875,50361731222,-0.0005657190459794625,-0.0005658791253751102,0.31210580587011333,0.5989694061117689,0.7799737728717788
2021-03-21,57523.421875,57523.421875,58767.8984375,56005.6171875,58309.9140625,51943414539,-0.013551247955811196,-0.013643904139846409,0.33695543913299303,0.5204236956943475,0.7798604405534316
2021-03-22,54529.14453125,54529.14453125,58471.48046875,54288.15625,57517.890625,56521454974,-0.05205318540083803,-0.05345688104443306,0.37577352218345383,0.5522910854969939,0.7259154880387665
2021-03-23,54738.9453125,54738.9453125,55985.44140625,53470.6953125,54511.66015625,56435023914,0.0038474981233158623,0.0038401154329438564,0.39803402504925545,0.5340436007164452,0.7155511303603035
2021-03-24,52774.265625,52774.265625,57262.3828125,52514.33203125,54710.48828125,70567223787,-0.035891807492523076,-0.036551757777657644,0.38719898894892707,0.5305075955663097,0.7174400509932815
2021-03-25,51704.16015625,51704.16015625,53392.38671875,50856.5703125,52726.74609375,67999812841,-0.020277031922222966,-0.020485432915556448,0.3477848587656263,0.537424902504012,0.7198598409724428
2021-03-26,55137.3125,55137.3125,55137.3125,51579.85546875,51683.01171875,56652197978,0.06639992475218648,0.06428841931989358,0.7275523393233306,0.5797799160283679,0.7289749235968113
2021-03-27,55973.51171875,55973.51171875,56568.21484375,54242.91015625,55137.56640625,47266542233,0.015165759461888806,0.015051908974823298,0.6144735404269307,0.5617324504612871,0.7290628133133165
2021-03-28,55950.74609375,55950.74609375,56610.3125,55071.11328125,55974.94140625,47686580918,-0.0004067213991215679,-0.0004068041327035923,0.6158163560282439,0.558862882505616,0.7115693183399284
2021-03-29,57750.19921875,57750.19921875,58342.09765625,55139.33984375,55947.8984375,57625587027,0.03216137854506651,0.03165502939331705,0.5117963056347791,0.5442225839830556,0.6908362990692165
2021-03-30,58917.69140625,58917.69140625,59447.22265625,57251.55078125,57750.1328125,54414116432,0.020216245195582738,0.020014609919984168,0.3848475235887257,0.5436215833349252,0.6904124989742699
2021-03-31,58918.83203125,58918.83203125,59930.02734375,57726.41796875,58930.27734375,65520826225,1.9359634988669328e-05,1.935944759335448e-05,0.21727044401333298,0.5326930611900893,0.6903293806615233
2021-04-01,59095.80859375,59095.80859375,59586.0703125,58505.27734375,58926.5625,61669163792,0.0030037350775407035,0.0029992328786879927,0.2276334801587342,0.5316186638696587,0.6845401902427931
2021-04-02,59384.3125,59384.3125,60267.1875,58869.28125,59098.87890625,58727860620,0.004881969011259368,0.004870090844088338,0.21384975750968896,0.47450419078973066,0.68457966209155
2021-04-03,57603.890625,57603.890625,60110.26953125,57603.890625,59397.41015625,59641344484,-0.029981350293480258,-0.030439981167968613,0.29256115741679867,0.4730325294861744,0.6820765219608013
2021-04-04,58758.5546875,58758.5546875,58913.74609375,57168.67578125,57604.83984375,50749662970,0.0200448971410081,0.019846643132378484,0.29182037291852775,0.4263848441064035,0.6758808102049505
2021-04-05,59057.87890625,59057.87890625,59891.296875,57694.82421875,58760.875,60706272115,0.005094138552963257,0.005081207326213134,0.2946317080419518,0.4235783871721496,0.6743230255958673
2021-04-06,58192.359375,58192.359375,59479.578125,57646.80859375,59171.93359375,66058027988,-0.014655445594718208,-0.01476389754962159,0.31153314601887244,0.40779543209099944,0.6738998517258092
2021-04-07,56048.9375,56048.9375,58731.14453125,55604.0234375,58186.5078125,75645303584,-0.036833390122360865,-0.037528870853164246,0.3810219132811558,0.424745679935419,0.6784199237301805
2021-04-08,58323.953125,58323.953125,58338.73828125,55879.0859375,56099.9140625,53053855641,0.04058980823677527,0.03978767570422682,0.4761221752897992,0.44848683956437324,0.6811683610714501
2021-04-09,58245.00390625,58245.00390625,58937.046875,57807.86328125,58326.5625,46655208546,-0.0013536328475677317,-0.001354549836114697,0.4505179490374637,0.4485083209323135,0.5880066145344334
2021-04-10,59793.234375,59793.234375,61276.6640625,58038.70703125,58253.77734375,58238470525,0.026581343719059625,0.026234198096664975,0.4937003839733136,0.4547818594221636,0.589778366080508
2021-04-11,60204.96484375,60204.96484375,60790.5546875,59289.796875,59846.23046875,46280252580,0.006885903949730876,0.006862304387402612,0.46940145086421936,0.4050195822931015,0.5843376359623197
2021-04-12,59893.453125,59893.453125,61253.03515625,59589.875,60175.9453125,51828688519,-0.005174186540237491,-0.005187618998143358,0.30399550597438696,0.40661257022515535,0.5712910640512291
2021-04-13,63503.45703125,63503.45703125,63742.28515625,59869.95703125,59890.01953125,69983454362,0.06027376479221824,0.05852714345026763,0.4156064351538654,0.41916874802995496,0.5815906225538995
2021-04-14,63109.6953125,63109.6953125,64863.09765625,61554.796875,63523.75390625,77451779687,-0.00620063437737306,-0.006219938149170958,0.43032989808587296,0.4086722910624112,0.5813917335001637
2021-04-15,63314.01171875,63314.01171875,63821.671875,62208.96484375,63075.1953125,60954381579,0.003237480473297971,0.003232251116976691,0.4269824050081981,0.3549718331021243,0.5782965738492685
2021-04-16,61572.7890625,61572.7890625,63594.72265625,60222.53125,63258.50390625,84293007468,-0.027501379378466195,-0.027886621874568536,0.5130561057739519,0.37412131039989593,0.5805964640656294
2021-04-17,60683.8203125,60683.8203125,62572.17578125,60361.3515625,61529.921875,66138759198,-0.014437688523377457,-0.014542926101405163,0.5282508176700846,0.3800325101141582,0.5800575995541941
2021-04-18,56216.18359375,56216.18359375,61057.45703125,52829.53515625,60701.88671875,97468872758,-0.0736215468265391,-0.07647243109811933,0.4966279615227618,0.46107512774598874,0.5913558400591206
2021-04-19,55724.265625,55724.265625,57520.0546875,54368.59375,56191.5859375,65344865159,-0.008750468945115109,-0.008788979117796622,0.49101348549759005,0.45466812204656687,0.5913375361264003
2021-04-20,56473.03125,56473.03125,57062.1484375,53448.046875,55681.79296875,67849323955,0.013436976092944253,0.013347500558966063,0.531126835118625,0.45820659404341446,0.569790510563258
2021-04-21,53906.08984375,53906.08984375,56757.97265625,53695.46875,56471.12890625,54926612466,-0.045454287638402646,-0.04651974554182734,0.5580100550078123,0.4838655510123946,0.5777006572278034
2021-04-22,51762.2734375,51762.2734375,55410.23046875,50583.8125,53857.10546875,74798630778,-0.0397694659817468,-0.040581883746807136,0.5531771930346581,0.49874159501158233,0.5808124703785756
2021-04-23,51093.65234375,51093.65234375,52120.79296875,47714.6640625,51739.80859375,86668667320,-0.012917150838772984,-0.013001302685204313,0.3896266043433331,0.49160056087500703,0.5686904588945564
2021-04-24,50050.8671875,50050.8671875,51167.5625,48805.28515625,51143.2265625,49014494781,-0.02040928977310741,-0.020620437180110716,0.37878690214864286,0.4843176191972319,0.5279315306603094
2021-04-25,49004.25390625,49004.25390625,50506.01953125,47159.484375,50052.83203125,46117114240,-0.02091099195802515,-0.02113272327896639,0.22828046192839585,0.4838511804501438,0.5284722568208091
2021-04-26,54021.75390625,54021.75390625,54288.00390625,48852.796875,49077.79296875,58284039825,0.10238907033660749,0.09747970680195452,0.876306337656436,0.61374045006397,0.5532645423915057
2021-04-27,55033.1171875,55033.1171875,55416.96484375,53319.1875,54030.3046875,49448222757,0.018721407731506323,0.01854831914865377,0.7991152118922843,0.6049843765409713,0.5528966191887056
2021-04-28,54824.703125,54824.703125,56227.20703125,53887.91796875,55036.63671875,48000572955,-0.003787066282106566,-0.0037942553737364284,0.7832996339454402,0.5855628526005153,0.5529224854768995
2021-04-29,53555.109375,53555.109375,55115.84375,52418.02734375,54858.08984375,46088929780,-0.02315733013830157,-0.023429673825133245,0.7913560953249604,0.5899200250255527,0.5530069098350767
2021-04-30,57750.17578125,57750.17578125,57900.71875,53129.6015625,53568.6640625,52395931985,0.07833176806484676,0.07541518772096198,0.821171553069209,0.6466705880370759,0.5404524623289005
2021-05-01,57828.05078125,57828.05078125,58448.33984375,57052.2734375,57714.6640625,42836427360,0.0013484807439372304,0.0013475723603123622,0.5976431035744472,0.6459937300062176,0.5372852943900465
2021-05-02,56631.078125,56631.078125,57902.59375,56141.90625,57825.86328125,38177405335,-0.020698824187899145,-0.020916047590224387,0.6412122653624496,0.6494220520278783,0.5326763180575589
2021-05-03,57200.29296875,57200.29296875,58973.30859375,56590.87109375,56620.2734375,51713139031,0.010051280367532334,0.010001102205402288,0.6357665815097457,0.6103091371444862,0.5257217071160185
2021-05-04,53333.5390625,53333.5390625,57214.1796875,53191.42578125,57214.1796875,68564706967,-0.06760024652955021,-0.06999363622377694,0.8370864895572532,0.6522289771576352,0.5463025417962283
2021-05-05,57424.0078125,57424.0078125,57911.36328125,52969.0546875,53252.1640625,69241316747,0.07669599321369813,0.07389708647447689,0.8283995817506354,0.7142508916032729,0.566098193233883
2021-05-06,56396.515625,56396.515625,58363.31640625,55382.5078125,57441.30859375,69523285106,-0.01789307689659958,-0.018055093557641698,0.8361553725531902,0.7108957877213186,0.5604046753921639
2021-05-07,57356.40234375,57356.40234375,58606.6328125,55321.84765625,56413.953125,68434023376,0.017020319573156195,0.016877096781434925,0.8339157265661872,0.7136877898979579,0.559988792427688
2021-05-08,58803.77734375,58803.77734375,59464.61328125,56975.2109375,57352.765625,65382980634,0.02523475916996243,0.024921619702789645,0.8489124553041334,0.6639204814445215,0.5537194647042907
2021-05-09,58232.31640625,58232.31640625,59210.8828125,56482.00390625,58877.390625,65906690347,-0.009718099130935132,-0.009765628034028508,0.5747608214293678,0.6641448724766702,0.5525422273744797
2021-05-10,55859.796875,55859.796875,59519.35546875,54071.45703125,58250.87109375,71776546298,-0.04074231762821234,-0.041595541159714526,0.4277966847833238,0.6803525108841274,0.5553914130300651
2021-05-11,56704.57421875,56704.57421875,56872.54296875,54608.65234375,55847.2421875,61308396325,0.01512317249631967,0.015009957344289306,0.4311648878560947,0.6599586754812129,0.5560650460648394
2021-05-12,49150.53515625,49150.53515625,57939.36328125,49150.53515625,56714.53125,75215403907,-0.1332174549686006,-0.142967146773037,1.0750182544237212,0.8274764558072508,0.6119429215138701
2021-05-13,49716.19140625,49716.19140625,51330.84375,46980.01953125,49735.43359375,96721152926,0.011508648851976444,0.011442928110092723,1.0344336836164516,0.8279458588185222,0.6097830708304324
2021-05-14,49880.53515625,49880.53515625,51438.1171875,48868.578125,49682.98046875,55737497453,0.00330563837155351,0.003300186759766157,1.057286358547398,0.8249162873748863,0.5986011752993755
2021-05-15,46760.1875,46760.1875,50639.6640625,46664.140625,49855.49609375,59161047474,-0.06255641898138342,-0.06459870319528387,1.0841327579944404,0.8534994398563243,0.6109777688788877
2021-05-16,46456.05859375,46456.05859375,49720.04296875,43963.3515625,46716.63671875,64047871555,-0.0065040138312105755,-0.006525257090234029,1.030287478113335,0.7676953279749885,0.6055800269362377
2021-05-17,43537.51171875,43537.51171875,46623.55859375,42207.2890625,46415.8984375,74903638450,-0.06282381595309616,-0.0648839844864655,0.5953629850218738,0.7869674879384801,0.6177866504885748
2021-05-18,42909.40234375,42909.40234375,45812.45703125,42367.83203125,43488.05859375,56187365084,-0.014426855146374762,-0.014531934084628221,0.5211860967567822,0.7864568204402343,0.6174914450497113
2021-05-19,37002.44140625,37002.44140625,43546.1171875,30681.49609375,42944.9765625,126358098747,-0.13766122609163733,-0.14810707635188664,0.8956931799718433,0.9226808675822123,0.683359977063414
2021-05-20,40782.73828125,40782.73828125,42462.984375,35050.6171875,36753.66796875,88281943359,0.10216344466291027,0.0972750161239599,1.4225286081800343,0.954887816086838,0.7161764427241867
2021-05-21,37304.69140625,37304.69140625,42172.171875,33616.453125,40596.94921875,82051616861,-0.08528232829817228,-0.08913981683679192,1.4665448540746209,0.9848833912348407,0.729934054517895
2021-05-22,37536.6328125,37536.6328125,38831.0546875,35383.68359375,37371.03125,57377273240,0.006217486259949112,0.0061982374372439785,1.4890493237505025,0.9899389275893609,0.7300903257299334
2021-05-23,34770.58203125,34770.58203125,38289.21875,31227.33984375,37531.44921875,78469274361,-0.0736893688644572,-0.07654564579833298,1.5142245187367918,1.0020935832940587,0.7416800839856388
2021-05-24,38705.98046875,38705.98046875,39835.140625,34551.08203125,34700.36328125,67359584098,0.11318183957815453,0.10722243682664231,1.4720868740684157,1.0898950053170844,0.7770629335370539
2021-05-25,38402.22265625,38402.22265625,39776.3515625,36581.4296875,38795.78125,56211915803,-0.007847826326095597,-0.007878782581024249,1.246902863873931,1.0378165376869073,0.763605532041147
2021-05-26,39294.19921875,39294.19921875,40782.078125,37905.8359375,38392.625,51346735160,0.023227211885217036,0.022961565812768543,1.0483093652499762,1.049049458795931,0.7647094338946965
2021-05-27,38436.96875,38436.96875,40379.6171875,37247.90234375,39316.890625,43210968721,-0.021815700174415475,-0.02205718107153495,1.0742994505272452,1.0409205802584713,0.7653325357742102
2021-05-28,35697.60546875,35697.60546875,38856.96875,34779.0390625,38507.08203125,55200191952,-0.07126897282320166,-0.07393611150144239,1.0619489307902008,1.0434651362189153,0.7735403375153838
2021-05-29,34616.06640625,34616.06640625,37234.5,33693.9296875,35684.15625,45231013335,-0.03029724398312339,-0.030765691542153008,0.5609448649381692,1.0420720669676844,0.772680463421515
2021-05-30,35678.12890625,35678.12890625,36400.66796875,33520.73828125,34607.40625,31646080921,0.03068120125307594,0.030219944078986264,0.6761750855162936,1.058867508623114,0.7766321615083117
2021-05-31,37332.85546875,37332.85546875,37468.25,34241.9453125,35658.59375,39009847639,0.04637929771620186,0.04533591723246496,0.7672428202551784,1.0783758304597335,0.7840879048281237
2021-06-01,36684.92578125,36684.92578125,37896.734375,35787.0859375,37293.79296875,34639423297,-0.017355481635803582,-0.01750785357311659,0.7634993203994475,0.9772305614573737,0.7839023056262404
2021-06-02,37575.1796875,37575.1796875,38231.33984375,35966.30859375,36699.921875,33070867190,0.02426756732611457,0.02397778870231388,0.5187259793774878,0.9826634016523389,0.7851890038952696
2021-06-03,39208.765625,39208.765625,39478.953125,37243.97265625,37599.41015625,35460750427,0.043475133082156336,0.042556616951370016,0.40135827812164065,1.0015284849950525,0.7898857459614259
2021-06-04,36894.40625,36894.40625,39242.484375,35717.72265625,39242.484375,41831090187,-0.05902658087058821,-0.06084038726712561,0.7198296008314637,0.9989980642134545,0.7971907739227391
2021-06-05,35551.95703125,35551.95703125,37917.71484375,34900.4140625,36880.15625,35959473399,-0.03638625350557034,-0.03706474257477647,0.6776969328219553,1.0027144170431517,0.7993251774974001
2021-06-06,35862.37890625,35862.37890625,36436.421875,35304.578125,35538.609375,28913440585,0.008731498936251025,0.008693599850188834,0.6843586758888698,0.9864670340870899,0.797695813895738
2021-06-07,33560.70703125,33560.70703125,36790.5703125,33480.640625,35835.265625,33683936663,-0.06418068028941804,-0.06633285563534304,0.7449523094779674,1.0067627648255917,0.8005012468023549
2021-06-08,33472.6328125,33472.6328125,34017.38671875,31114.443359375,33589.51953125,49902050442,-0.0026243254847995168,-0.002627775063457771,0.5356436865067304,0.8695434616533574,0.8004521258039394
2021-06-09,37345.12109375,37345.12109375,37537.37109375,32475.865234375,33416.9765625,53972919008,0.11569117681725527,0.10947410238213756,1.0593013608578987,0.8894273110956739,0.8336928974263863
2021-06-10,36702.59765625,36702.59765625,38334.32421875,35847.59375,37389.515625,43576032854,-0.01720501684509279,-0.017354742993128305,1.0215768056079162,0.8334592625020038,0.833345378577404
2021-06-11,37334.3984375,37334.3984375,37608.6953125,36044.44921875,36697.03125,38699736985,0.01721406171757467,0.017067578415986145,1.02450211484816,0.8355624514938886,0.8349411094316398
2021-06-12,35552.515625,35552.515625,37408.92578125,34728.19140625,37340.14453125,37924228550,-0.047727642256857994,-0.048904195040405544,0.9495150427599869,0.8073812258391161,0.8274419130256424
2021-06-13,39097.859375,39097.859375,39322.78125,34864.109375,35555.7890625,40669112838,0.09972131894675185,0.09505680129465752,1.099199614497199,0.7870745964404499,0.854823107530816
2021-06-14,40218.4765625,40218.4765625,40978.36328125,38757.28515625,39016.96875,43148914673,0.028661855288592664,0.02825878796632069,0.8592635141092065,0.7924049866228405,0.857758804750251
2021-06-15,40406.26953125,40406.26953125,41295.26953125,39609.46875,40427.16796875,46420149185,0.004669320789865594,0.004658453327527578,0.8206712697247287,0.7887333872245583,0.857058059715188
2021-06-16,38347.0625,38347.0625,40516.77734375,38176.03515625,40168.69140625,39211635100,-0.05096256237308472,-0.052307031596144006,0.9669273355596828,0.8077430183184137,0.861954131140634
2021-06-17,38053.50390625,38053.50390625,39513.671875,37439.67578125,38341.421875,37096670047,-0.007655308506355651,-0.007684760787668957,0.8595287279963929,0.7602784777477158,0.8499397010220775
2021-06-18,35787.24609375,35787.24609375,38187.26171875,35255.85546875,38099.4765625,36200887275,-0.0595545108824469,-0.06140159139173661,0.6055189089370585,0.7857785946350057,0.8573509358320429
2021-06-19,35615.87109375,35615.87109375,36457.796875,34933.0625,35854.52734375,31207279719,-0.004788717174578294,-0.004800219817294286,0.4799132633940991,0.7786997375317116,0.8562829669229761
2021-06-20,35698.296875,35698.296875,36059.484375,33432.07421875,35563.140625,36664034054,0.002314299179515533,0.0023116253137915738,0.47119976710745126,0.7601687685813026,0.8526635786472765
2021-06-21,31676.693359375,31676.693359375,35721.640625,31295.935546875,35641.14453125,52809038594,-0.11265533282181261,-0.119521795848678,0.8263692835365108,0.8661999676711973,0.880875282400242
2021-06-22,32505.66015625,32505.66015625,33292.453125,28893.62109375,31622.376953125,58964353058,0.02616961270137308,0.025833047609393114,0.9319134907232032,0.8671141583197892,0.8835595366981684
2021-06-23,33723.02734375,33723.02734375,34753.41015625,31772.6328125,32515.71484375,46317108925,0.0374509295196066,0.03676667515561315,0.9922219732846792,0.8629370254562538,0.8877475182673622
2021-06-24,34662.4375,34662.4375,35228.8515625,32385.21484375,33682.80078125,33123368116,0.027856637741157764,0.027475699857643344,1.0323799556376965,0.8473845916657557,0.8899308900603523
2021-06-25,31637.779296875,31637.779296875,35487.24609375,31350.884765625,34659.10546875,40230904226,-0.0872604012088013,-0.09130465397426267,1.1900558109191894,0.8966428439825285,0.8804285006898082
2021-06-26,32186.27734375,32186.27734375,32637.587890625,30184.501953125,31594.6640625,38585385521,0.017336806155961115,0.01718823840092292,0.8457957391848971,0.8989720256616859,0.8802516744716138
2021-06-27,34649.64453125,34649.64453125,34656.12890625,32071.7578125,32287.5234375,35511640894,0.07653470332064805,0.0737472744793095,0.9837514737929505,0.9104977723903529,0.8963842539060508
2021-06-28,34434.3359375,34434.3359375,35219.890625,33902.07421875,34679.12109375,33892523752,-0.006213875976586625,-0.006233262455755746,0.9648666595209064,0.9108095332742902,0.8957836660199597
2021-06-29,35867.77734375,35867.77734375,36542.109375,34252.484375,34475.55859375,37901460044,0.04162825758718758,0.040785121124139886,0.9894296870801957,0.8319462859454274,0.8848605031784179
2021-06-30,35040.8359375,35040.8359375,36074.7578125,34086.15234375,35908.38671875,34059036099,-0.02305527321430456,-0.02332520296585249,0.6093112508362142,0.8336742108948259,0.8851992730382424
2021-07-01,33572.1171875,33572.1171875,35035.984375,32883.78125,35035.984375,37838957079,-0.04191448950075438,-0.04281824560087459,0.7597816691655285,0.8422632403107886,0.8876619351657066
2021-07-02,33897.046875,33897.046875,33939.58984375,32770.6796875,33549.6015625,38728974942,0.00967855812266083,0.00963202091343982,0.506747399736364,0.8275818524778955,0.8876290196788726
2021-07-03,34668.546875,34668.546875,34909.26171875,33402.6953125,33854.421875,24383958643,0.022760094790705843,0.022504948021345134,0.5401388412967779,0.7507908350927143,0.88057084863297
2021-07-04,35287.78125,35287.78125,35937.56640625,34396.4765625,34665.56640625,24924307911,0.017861561294527206,0.017703918010918158,0.45158648743115803,0.7453156774154361,0.8658804283477521
2021-07-05,33746.00390625,33746.00390625,35284.34375,33213.66015625,35284.34375,26721554282,-0.043691535402215154,-0.04467475626166748,0.5299790026565026,0.755980795683579,0.868898897597033
2021-07-06,34235.1953125,34235.1953125,35038.53515625,33599.91796875,33723.5078125,26501259870,0.014496276584600176,0.014392210079461632,0.4375681499021705,0.7422601241334293,0.8686030729019552
2021-07-07,33855.328125,33855.328125,34997.6640625,33839.2890625,34225.6796875,24796027477,-0.011095808977648836,-0.011157826650301255,0.44526966885185826,0.7424874284259396,0.8657984140812764
2021-07-08,32877.37109375,32877.37109375,33907.90625,32133.18359375,33889.60546875,29910396946,-0.028886355129662422,-0.029311778537964177,0.4301708045046906,0.7190071200092352,0.8667788934545057
2021-07-09,33798.01171875,33798.01171875,34042.29296875,32318.880859375,32861.671875,27436021028,0.02800225791699673,0.02761736344787324,0.4747276681790137,0.7278263052387292,0.8674476991854575
2021-07-10,33520.51953125,33520.51953125,34209.0703125,33116.01171875,33811.2421875,22971873468,-0.008210311003178261,-0.0082442012335933,0.3560731590154985,0.7278422560679932,0.8660782605387078
2021-07-11,34240.1875,34240.1875,34584.703125,33346.73828125,33509.078125,20108729370,0.021469475378479208,0.021242252673874872,0.3777992901283357,0.5872651742945836,0.8216375249885721
2021-07-12,33155.84765625,33155.84765625,34592.15625,32697.30859375,34254.015625,24321499537,-0.031668630428790756,-0.032180926347831006,0.44118132347931993,0.5945759594414047,0.822539740526067
2021-07-13,32702.025390625,32702.025390625,33327.1015625,32261.419921875,33125.46875,19120856669,-0.013687548281983153,-0.013782086425800635,0.39700216801501004,0.5811576164383704,0.8223930785083293
2021-07-14,32822.34765625,32822.34765625,33061.3984375,31639.125,32723.845703125,21376531210,0.003679352094793975,0.0036725998364308425,0.31616161623487066,0.5714579502708318,0.8138404481937358
2021-07-15,31780.73046875,31780.73046875,33159.640625,31175.708984375,32827.875,21300524237,-0.031734999531688124,-0.032249468356842406,0.3690763319518821,0.48140322841133726,0.8156305803792276
2021-07-16,31421.5390625,31421.5390625,32218.40625,31100.673828125,31841.55078125,23699476918,-0.011302175908234458,-0.01136653085848622,0.24235151874919278,0.4787214730769537,0.8065435371882449
2021-07-17,31533.068359375,31533.068359375,31935.9453125,31223.990234375,31397.30859375,18895018942,0.003549453661488622,0.003543169217346287,0.23566577060129262,0.38948613188844283,0.8065234817266563
2021-07-18,31796.810546875,31796.810546875,32398.99609375,31215.4921875,31533.884765625,18787986667,0.008363987433579023,0.008329203113175575,0.2640908653255169,0.39215307095158436,0.7498025914606846
2021-07-19,30817.83203125,30817.83203125,31885.859375,30563.734375,31800.01171875,20434789545,-0.030788575922789052,-0.031272502988710885,0.3006657378409256,0.36555916061028526,0.7225053897510914
2021-07-20,29807.34765625,29807.34765625,31006.1875,29360.955078125,30838.28515625,23148267245,-0.03278895069501786,-0.033338555734212405,0.30521405885085845,0.37293046183399814,0.7034393915212814
2021-07-21,32110.693359375,32110.693359375,32752.326171875,29526.18359375,29796.28515625,28203024559,0.07727442675168827,0.07443417235693212,0.6927574851314756,0.4519765844083853,0.721231860103402
2021-07-22,32313.10546875,32313.10546875,32576.400390625,31745.298828125,32138.873046875,19555230518,0.006303573302191001,0.006283788882169604,0.6928323311544753,0.4509666958840619,0.7047488469492843
2021-07-23,33581.55078125,33581.55078125,33581.55078125,32057.892578125,32305.958984375,22552046192,0.03925482537500802,0.038503942271904575,0.7341614697747231,0.4660070797924364,0.6729380147370418
2021-07-24,34292.4453125,34292.4453125,34490.390625,33424.859375,33593.73046875,21664706865,0.021169199000986128,0.020948244356669858,0.6315069981930375,0.4679272355247666,0.6745209165273339
2021-07-25,35350.1875,35350.1875,35364.92578125,33881.8359375,34290.29296875,20856685287,0.030844758309330533,0.030378619797658737,0.40525092757275066,0.45148360353727984,0.6758578807660102
2021-07-26,37337.53515625,37337.53515625,40499.67578125,35287.3125,35384.03125,51022126212,0.05621887171744144,0.05469542869161192,0.2890933022047582,0.48704041820648475,0.6842660140154884
2021-07-27,39406.94140625,39406.94140625,39406.94140625,36441.7265625,37276.03515625,35097370560,0.055424286615063156,0.0539428534880362,0.23380145655640228,0.5136635690676699,0.675769200108656
2021-07-28,39995.90625,39995.90625,40816.0703125,38862.4375,39503.1875,38702404695,0.014945713184850051,0.01483512651645551,0.2940176507919972,0.49516699234768685,0.6728828831418058
2021-07-29,40008.421875,40008.421875,40593.0703125,39352.05859375,39995.453125,27167146027,0.00031292265067750513,0.00031287370059631146,0.37991990412932397,0.4916085104216457,0.6703898732155726
2021-07-30,42235.546875,42235.546875,42235.546875,38397.35546875,40027.484375,33072782960,0.055666404612466414,0.0541722306526184,0.41413791528984095,0.5129831894366119,0.6730739204159343
2021-07-31,41626.1953125,41626.1953125,42231.44921875,41110.83203125,42196.3046875,25802845343,-0.014427457617713135,-0.014532545375150554,0.4964033576970412,0.5196969808764512,0.6727320655132315
2021-08-01,39974.89453125,39974.89453125,42541.6796875,39540.94140625,41460.84375,26688438115,-0.039669750474507826,-0.04047804375571393,0.5591976037156373,0.5293247115449025,0.6767383997733847
2021-08-02,39201.9453125,39201.9453125,40419.1796875,38746.34765625,39907.26171875,25595265436,-0.019335866368471732,-0.01952524946480863,0.5660116020166392,0.5330333498681874,0.6724140214166414
2021-08-03,38152.98046875,38152.98046875,39750.03125,37782.05078125,39178.40234375,26189830450,-0.02675797936526192,-0.0271224912051319,0.5859702349636129,0.5481588428772086,0.6628668861606098
2021-08-04,39747.50390625,39747.50390625,39952.296875,37589.1640625,38213.33203125,25372562724,0.041792893187100555,0.04094316463847637,0.4960376206659414,0.5392175347134749,0.6632337550461953
2021-08-05,40869.5546875,40869.5546875,41341.93359375,37458.00390625,39744.515625,35185031017,0.02822946527400849,0.027838357371246687,0.5690159385047961,0.5354157319055228,0.6652338796692323
2021-08-06,42816.5,42816.5,43271.66015625,39932.1796875,40865.8671875,38226483046,0.04763803587748594,0.04653814062641624,0.5493826215087806,0.5468194903836564,0.6557332157378591
2021-08-07,44555.80078125,44555.80078125,44689.859375,42618.56640625,42832.796875,40030862141,0.04062220829002827,0.03981881145877593,0.480231039400559,0.5528902761790242,0.6596426976128344
2021-08-08,43798.1171875,43798.1171875,45282.3515625,43331.91015625,44574.4375,36302664750,-0.017005273846830926,-0.017151523902089738,0.41157154785514216,0.5386719457294985,0.6238681468398398
2021-08-09,46365.40234375,46365.40234375,46456.83203125,42848.6875,43791.92578125,38734079049,0.058616336068955555,0.056962712090068326,0.45745276952540376,0.520534254344938,0.6322217549636371
2021-08-10,45585.03125,45585.03125,46637.98828125,44705.5546875,46280.84765625,33546019517,-0.016830892309838696,-0.01697414139260822,0.5720176436977331,0.49931405205489426,0.6330410349478564
2021-08-11,45593.63671875,45593.63671875,46735.6328125,45351.7109375,45599.703125,34319709073,0.00018877838873909702,0.0001887605723412682,0.5396591990583319,0.501596632385365,0.6236657161906322
2021-08-12,44428.2890625,44428.2890625,46228.91015625,43861.4453125,45576.87890625,33723620826,-0.02555943636254754,-0.025891753544200504,0.5321999859335143,0.5171877525646922,0.5970518258578577
2021-08-13,47793.3203125,47793.3203125,47831.9765625,44282.41796875,44439.69140625,31744259539,0.07574073458615982,0.07300947971891747,0.7103549292940046,0.5578855357279866,0.6122665164003608
2021-08-14,47096.9453125,47096.9453125,48098.68359375,46177.6328125,47810.6875,31211354442,-0.01457055076832292,-0.014677743757973101,0.6377200485173292,0.5659902506327259,0.6133075874901287
2021-08-15,47047.00390625,47047.00390625,47357.10546875,45579.58984375,47096.66796875,30988958446,-0.0010603958689597848,-0.0010609584864258955,0.6157416223366302,0.5475738348572229,0.6026276281820047
2021-08-16,46004.484375,46004.484375,47998.09765625,45700.3203125,47019.9609375,32776876610,-0.02215910567498447,-0.02240830692116523,0.6498554272792505,0.5361388928910893,0.6045375957414099
2021-08-17,44695.359375,44695.359375,47139.5703125,44512.41796875,45936.45703125,33451362600,-0.028456465011732934,-0.02886919903458737,0.6581378813702615,0.550714177860296,0.5932690907290947
2021-08-18,44801.1875,44801.1875,45952.0625,44364.02734375,44686.75,32194123075,0.002367765389513554,0.002364966650012081,0.21323918732618805,0.5505032545236245,0.5930120395259877
2021-08-19,46717.578125,46717.578125,46970.76171875,43998.31640625,44741.8828125,37204312299,0.04277544261522093,0.04188585333234935,0.44075881139790113,0.5377213326050668,0.5981050847517324
2021-08-20,49339.17578125,49339.17578125,49342.15234375,46650.70703125,46723.12109375,34706867452,0.056115872471717454,0.05459790698385328,0.5952362527283964,0.5598775437022824,0.5482871636591867
2021-08-21,48905.4921875,48905.4921875,49717.01953125,48312.19921875,49327.07421875,40585205312,-0.008789842693618932,-0.008828701235467067,0.5558595061871925,0.5338215680651728,0.5479075503134045
2021-08-22,49321.65234375,49321.65234375,49471.609375,48199.94140625,48869.10546875,25370975378,0.00850947690403503,0.008473475397263706,0.4311398431590471,0.5223539455512262,0.5443565403914463
2021-08-23,49546.1484375,49546.1484375,50482.078125,49074.60546875,49291.67578125,34305053719,0.004551674225862445,0.0045413466832814305,0.4258720074917363,0.503052328609095,0.542578742733207
2021-08-24,47706.1171875,47706.1171875,49878.76953125,47687.1171875,49562.34765625,35361168834,-0.037137725293038826,-0.03784489433094968,0.5322014640186135,0.5225062519001564,0.5118394120613668
2021-08-25,48960.7890625,48960.7890625,49202.87890625,47163.61328125,47727.2578125,32646349931,0.02630002081428562,0.02596012195042943,0.37772320632608963,0.5216559356148397,0.512911097446179
2021-08-26,46942.21875,46942.21875,49347.58203125,46405.78125,49002.640625,32666549568,-0.04122830434622349,-0.0421022974523753,0.4785740260958599,0.5319170112223572,0.5033714398240758
2021-08-27,49058.66796875,49058.66796875,49112.78515625,46394.28125,46894.5546875,34511076995,0.04508626296557394,0.04409943030226678,0.6064827851014933,0.5358784213348553,0.5090845991739881
2021-08-28,48902.40234375,48902.40234375,49283.50390625,48499.23828125,49072.5859375,28568103401,-0.003185280633781984,-0.0031903644385737097,0.6044571293753113,0.5305535117302895,0.5041669043617648
2021-08-29,48829.83203125,48829.83203125,49644.11328125,47925.85546875,48911.25,25889650240,-0.0014839825657210204,-0.0014850847584068098,0.5201939947833247,0.49473295291588887,0.5008712828332351
2021-08-30,47054.984375,47054.984375,48925.60546875,46950.2734375,48834.8515625,31847007016,-0.0363476092875793,-0.03702463994727715,0.5490667406060791,0.5101287631974043,0.4986182771335287
2021-08-31,47166.6875,47166.6875,48189.55078125,46750.09375,47024.33984375,34730363427,0.0023738850726162664,0.002371071858731938,0.45796223491578136,0.5101082508852652,0.4985912180153437
2021-09-01,48847.02734375,48847.02734375,49111.08984375,46562.4375,47099.7734375,39139399125,0.03562556399047523,0.03500565378801719,0.40553754823947097,0.5122232585040976,0.5010636399016815
2021-09-02,49327.72265625,49327.72265625,50343.421875,48652.3203125,48807.84765625,39508070319,0.009840830417728652,0.00979272478817146,0.41128047605528717,0.4452489237393068,0.5005171094235509
2021-09-03,50025.375,50025.375,50982.2734375,48386.0859375,49288.25,43206179619,0.014143210068944922,0.014044128006187486,0.41834341675804404,0.44300606160953954,0.48968318581815273
2021-09-04,49944.625,49944.625,50545.58203125,49548.78125,50009.32421875,37471327794,-0.0016141808032423821,-0.0016154849967335088,0.22678555682492482,0.44307811609970305,0.48968868413473565
2021-09-05,51753.41015625,51753.41015625,51868.6796875,49538.59765625,49937.859375,30322676319,0.03621581213694158,0.035575435016673145,0.25894102962796384,0.44678667268764627,0.4919356311522708
2021-09-06,52633.53515625,52633.53515625,52700.94140625,51053.6796875,51769.00390625,38884105426,0.017006125728580734,0.0168631403802205,0.21458501259130322,0.42872690354188825,0.4864193210671361
2021-09-07,46811.12890625,46811.12890625,52853.765625,43285.20703125,52660.48046875,65210059683,-0.1106216071695616,-0.11723249529729855,0.9703226517341065,0.6184344489527692,0.547957765315853
2021-09-08,46091.390625,46091.390625,47334.0546875,44561.39453125,46827.76171875,49007762488,-0.015375366885328479,-0.015494793572991005,0.9456489074717731,0.602936794958736,0.5489311160142117
2021-09-09,46391.421875,46391.421875,47261.94921875,45669.73828125,45774.7421875,38672657013,0.006509485739778498,0.006488390533953229,0.955321148320628,0.5675902004698558,0.5479337052183747
2021-09-10,44883.91015625,44883.91015625,47031.7421875,44344.484375,46396.6640625,39154666597,-0.032495484247323514,-0.03303518664446581,0.845425954043768,0.5772632191224304,0.5481844457370564
2021-09-11,45201.45703125,45201.45703125,45969.29296875,44818.265625,44869.83984375,34499835245,0.0070748487352050304,0.0070499394103558715,0.8145739208241274,0.5768677268567736,0.5467888313912431
2021-09-12,46063.26953125,46063.26953125,46364.87890625,44790.4609375,45206.62890625,27881980161,0.019066033632592516,0.01888655452823882,0.32994928430075454,0.5820284347527753,0.5474726884386663
2021-09-13,44963.07421875,44963.07421875,46598.6796875,43591.3203125,46057.21484375,40969943253,-0.023884438158555232,-0.024174296052118335,0.3550861361393517,0.5733321191822827,0.545331073206485
2021-09-14,47092.4921875,47092.4921875,47218.125,44752.33203125,44960.05078125,38652152880,0.0473592610325122,0.046272006777909304,0.5130578709271716,0.5911774413988821,0.5503592458200695
2021-09-15,48176.34765625,48176.34765625,48450.46875,46773.328125,47098.0,30484496466,0.023015462091804384,0.022754601314508963,0.4083992636180148,0.5774122929369233,0.5512895739307969
2021-09-16,47783.359375,47783.359375,48486.828125,47079.55859375,48158.90625,31764293754,-0.008157286726135138,-0.0081907394359386,0.43834474571435084,0.5554166209619811,0.55216650113138
2021-09-17,47267.51953125,47267.51953125,48160.921875,46832.5234375,47771.00390625,28727713711,-0.010795386730801604,-0.010854079709278335,0.45561227285460293,0.5564247432929851,0.547722742882785
2021-09-18,48278.36328125,48278.36328125,48791.78125,47087.28515625,47273.52734375,28575630451,0.021385589090024082,0.02116012615402399,0.37893935557560093,0.5623157816134681,0.5418811087124082
2021-09-19,47260.21875,47260.21875,48328.3671875,46919.8046875,48268.85546875,26967722648,-0.021089044077959085,-0.021314594702563614,0.31770894923908605,0.5514673002169336,0.5270981288472594
2021-09-20,42843.80078125,42843.80078125,47328.19921875,42598.9140625,47261.40625,43909845642,-0.09344895316951951,-0.09810793836995628,0.7081495304733131,0.6523698823491777,0.5689841672804935
2021-09-21,40693.67578125,40693.67578125,43607.609375,39787.609375,43012.234375,48701090088,-0.050185206746199196,-0.051488267863326775,0.7159959953034707,0.6546039287860094,0.5759961305611139
2021-09-22,43574.5078125,43574.5078125,43978.62109375,40625.6328125,40677.953125,38139709246,0.07079311406361999,0.06839960199678301,1.0205832816414817,0.7079574190468038,0.5902727737448901
2021-09-23,44895.09765625,44895.09765625,44942.17578125,43109.33984375,43560.296875,34244064430,0.0303064775724482,0.02985630902322461,1.0423122378045147,0.7161323135999097,0.5901740117340791
2021-09-24,42839.75,42839.75,45080.4921875,40936.55859375,44894.30078125,42839345714,-0.04578111561282838,-0.04686219528987527,1.068244501162938,0.7308123120930666,0.5896010433986077
2021-09-25,42716.59375,42716.59375,42996.2578125,41759.921875,42840.890625,31604717236,-0.002874812528084303,-0.002878952738409655,0.8103594917574208,0.713164525348156,0.5797573737789862
2021-09-26,43208.5390625,43208.5390625,43919.30078125,40848.4609375,42721.62890625,30661222077,0.011516492054097771,0.011450682044497961,0.6728528490192056,0.7107559844639593,0.5794624054795883
2021-09-27,42235.73046875,42235.73046875,44313.24609375,42190.6328125,43234.18359375,30980029059,-0.02251426719942695,-0.022771582829569807,0.47296020051773197,0.5904010024536727,0.5815557196270189
2021-09-28,41034.54296875,41034.54296875,42775.14453125,40931.6640625,42200.8984375,30214940550,-0.02844007873591181,-0.028852332947741827,0.36108440538128456,0.5953902048598653,0.5739146085370344
2021-09-29,41564.36328125,41564.36328125,42545.2578125,40829.66796875,41064.984375,30602359905,0.012911568502261384,0.012828924814572349,0.3045569731642043,0.5975488476133005,0.5737926168702392
2021-09-30,43790.89453125,43790.89453125,44092.6015625,41444.58203125,41551.26953125,31141681925,0.05356827518164842,0.05218276011816411,0.5172235416296632,0.621537402987185,0.5773030082173704
2021-10-01,48116.94140625,48116.94140625,48436.01171875,43320.0234375,43816.7421875,42850641582,0.09878873042688929,0.09420841893127979,0.8248048944644446,0.7079373253956501,0.6059381260116399
2021-10-02,47711.48828125,47711.48828125,48282.0625,47465.49609375,48137.46875,30614346492,-0.008426411013467638,-0.008462113921141138,0.7815158478446853,0.7065162672681923,0.6031216103351705
2021-10-03,48199.953125,48199.953125,49130.69140625,47157.2890625,47680.02734375,26638115879,0.010237887379882071,0.010185835179136425,0.6524801047323112,0.7002894159179861,0.5982896538945855
2021-10-04,49112.90234375,49112.90234375,49456.77734375,47045.00390625,48208.90625,33383173002,0.018940873580984396,0.018763728593427256,0.6426729083812929,0.6846252015158057,0.5969819810032123
2021-10-05,51514.8125,51514.8125,51839.984375,49072.83984375,49174.9609375,35873904236,0.048905889117254686,0.047747610534684515,0.6352243301819082,0.7001967032330949,0.5973632152763232
2021-10-06,55361.44921875,55361.44921875,55568.46484375,50488.19140625,51486.6640625,49034730168,0.0746704982911468,0.07201410137731079,0.5057055987036433,0.7394426352946416,0.6093436286222894
2021-10-07,53805.984375,53805.984375,55338.625,53525.46875,55338.625,36807860413,-0.02809653406297008,-0.028498794333346032,0.6067544982282969,0.7478124577891128,0.6114358470616319
2021-10-08,53967.84765625,53967.84765625,55922.98046875,53688.0546875,53802.14453125,34800873924,0.0030082765538104184,0.0030037607441677503,0.6191043770241439,0.7458591770625655,0.6011714412672802
2021-10-09,54968.22265625,54968.22265625,55397.9453125,53735.14453125,53929.78125,32491211414,0.01853649985027972,0.01836679291081593,0.619265970002627,0.7401668845330414,0.6006366935828458
2021-10-10,54771.578125,54771.578125,56401.3046875,54264.2578125,54952.8203125,39527792364,-0.003577422040362044,-0.003583836316874845,0.5942787971562815,0.6288803921148136,0.60076506722528
2021-10-11,57484.7890625,57484.7890625,57793.0390625,54519.765625,54734.125,42637331698,0.04953684064585273,0.04834896270757248,0.450798430508136,0.5934651869970824,0.6047386635178426
2021-10-12,56041.05859375,56041.05859375,57627.87890625,54477.97265625,57526.83203125,41083758949,-0.025114999851183484,-0.02543576350608531,0.4356467344110737,0.5795548214013775,0.5904459080044204
2021-10-13,57401.09765625,57401.09765625,57688.66015625,54370.97265625,56038.2578125,41684252783,0.02426861834211813,0.023978814816483514,0.44540700738866557,0.5776033533706558,0.5909141349556025
2021-10-14,57321.5234375,57321.5234375,58478.734375,56957.07421875,57372.83203125,36615791366,-0.001386283921372633,-0.0013872457018979745,0.45060114565504134,0.5369652875712724,0.5909247925663279
2021-10-15,61593.94921875,61593.94921875,62757.12890625,56868.14453125,57345.90234375,51780081801,0.07453440740995654,0.0718874583745788,0.6134387188461343,0.5693669065618993,0.6048431612745797
2021-10-16,60892.1796875,60892.1796875,62274.4765625,60206.12109375,61609.52734375,34250964237,-0.01139348166745524,-0.011458884632588321,0.6075918185963887,0.5787515985361299,0.6017403128230356
2021-10-17,61553.6171875,61553.6171875,61645.5234375,59164.46875,60887.65234375,29032367511,0.01086243756414218,0.010803865067540788,0.5163581950573018,0.5599991828047907,0.6018217814100673
2021-10-18,62026.078125,62026.078125,62614.66015625,60012.7578125,61548.8046875,38055562075,0.007675599893030238,0.007646292349290159,0.5189799072280332,0.533120376841229,0.5970015384255191
2021-10-19,64261.9921875,64261.9921875,64434.53515625,61622.93359375,62043.1640625,40471196346,0.036047967727284025,0.03541344366049976,0.5092151272128383,0.5347470454082452,0.5914247434348168
2021-10-20,65992.8359375,65992.8359375,66930.390625,63610.67578125,64284.5859375,40788955582,0.026934175102288238,0.026577834542035658,0.28785763602826964,0.5230388913385755,0.5924914218815232
2021-10-21,62210.171875,62210.171875,66600.546875,62117.41015625,66002.234375,45908121370,-0.057319313661295834,-0.059027668390729156,0.5901516873193825,0.5194702392431778,0.6067757469332244
2021-10-22,60692.265625,60692.265625,63715.0234375,60122.796875,62237.890625,38434082775,-0.024399647264276236,-0.02470225108270476,0.6185818816312881,0.5313671536311715,0.6095906018368984
2021-10-23,61393.6171875,61393.6171875,61743.87890625,59826.5234375,60694.62890625,26882546034,0.011555863919028075,0.011489604888576206,0.623262098606493,0.5313272197725543,0.603695873370475
2021-10-24,60930.8359375,60930.8359375,61505.8046875,59643.34375,61368.34375,27316183882,-0.007537937512081094,-0.007566491344887265,0.5278987732060444,0.535152209271551,0.6024440180382532
2021-10-25,63039.82421875,63039.82421875,63729.32421875,60691.80078125,60893.92578125,31064911614,0.0346128236844363,0.03402727333400422,0.5625061844383078,0.5246958796835486,0.5979380065076535
2021-10-26,60363.79296875,60363.79296875,63229.02734375,59991.16015625,63032.76171875,34878965587,-0.04244985266320056,-0.04337718610106227,0.48001344199723045,0.5035351986139933,0.600322761648006
2021-10-27,58482.38671875,58482.38671875,61435.18359375,58208.1875,60352.0,43657076893,-0.03116779376295975,-0.03166384386368273,0.4992371366502509,0.5063889148004476,0.6044908398674493
2021-10-28,60622.13671875,60622.13671875,62128.6328125,58206.91796875,58470.73046875,45257083247,0.03658793903693369,0.03593449158802419,0.5810260206805976,0.5187267325127225,0.6081630686413051
2021-10-29,62227.96484375,62227.96484375,62927.609375,60329.96484375,60624.87109375,36856881767,0.02648913766352501,0.026144375505153635,0.6111223136803644,0.52194776307118,0.6039016638066017
2021-10-30,61888.83203125,61888.83203125,62330.14453125,60918.38671875,62239.36328125,32157938616,-0.005449845794435637,-0.0054647503804892625,0.5511077592963404,0.5224579590523304,0.6042418287387573
2021-10-31,61318.95703125,61318.95703125,62406.171875,60074.328125,61850.48828125,32241199927,-0.009208042570786446,-0.009250698649359285,0.43788605324085716,0.5002259344630761,0.6015081273341135
2021-11-01,61004.40625,61004.40625,62419.00390625,59695.18359375,61320.44921875,36150572843,-0.005129747739996526,-0.005142950065019365,0.3330045852612738,0.48988252738397653,0.6016502853545908
2021-11-02,63226.40234375,63226.40234375,64242.79296875,60673.0546875,60963.25390625,37746665647,0.03642353446805324,0.0357758773484733,0.3321805463181384,0.49791003003088563,0.6049102445378991
2021-11-03,62970.046875,62970.046875,63516.9375,61184.23828125,63254.3359375,36124731509,-0.004054563588107407,-0.004062805617150114,0.29806496884295164,0.49844363713055856,0.6050263898466652
2021-11-04,61452.23046875,61452.23046875,63123.2890625,60799.6640625,62941.8046875,32615846901,-0.024103783966732184,-0.02439903425460908,0.35440828456226636,0.4400617860893795,0.6040833652597445
2021-11-05,61125.67578125,61125.67578125,62541.46875,60844.609375,61460.078125,30605102446,-0.005313959884109654,-0.005328129187967981,0.35001203559282407,0.438501054869697,0.6035983998014333
2021-11-06,61527.48046875,61527.48046875,61590.68359375,60163.78125,61068.875,29094934221,0.006573419146120196,0.006551908440948538,0.35036213641799163,0.43739456030417273,0.5496240941517487
2021-11-07,63326.98828125,63326.98828125,63326.98828125,61432.48828125,61554.921875,24726754302,0.029247220896912562,0.028827681539784322,0.30880565242304375,0.4486369540905575,0.5502234421337572
2021-11-08,67566.828125,67566.828125,67673.7421875,63344.06640625,63344.06640625,41125608330,0.06695154718111462,0.06480556096155835,0.5444146035508415,0.4888370470809007,0.563581594011127
2021-11-09,66971.828125,66971.828125,68530.3359375,66382.0625,67549.734375,42357991721,-0.008806096371717143,-0.008845099182201409,0.4828524579431696,0.481824071789041,0.5585342543328303
2021-11-10,64995.23046875,64995.23046875,68789.625,63208.11328125,66953.3359375,48730828378,-0.029513867421399387,-0.02995816542044536,0.5776174636629771,0.4435284563849994,0.563553618565449
2021-11-11,64949.9609375,64949.9609375,65579.015625,64180.48828125,64978.890625,35880633236,-0.0006965054346836919,-0.0006967481072823624,0.5843957870221945,0.43226633669398795,0.5630777209296718
2021-11-12,64155.94140625,64155.94140625,65460.81640625,62333.9140625,64863.98046875,36084893887,-0.01222509636324598,-0.012300437518712916,0.5774835175730988,0.43459640141235395,0.5609062194932568
2021-11-13,64469.52734375,64469.52734375,64915.67578125,63303.734375,64158.12109375,30474228777,0.0048878705639170406,0.00487596370827555,0.21162975758254146,0.4331293844488335,0.5545677328724856
2021-11-14,65466.83984375,65466.83984375,65495.1796875,63647.80859375,64455.37109375,25122092191,0.015469517787564335,0.015351084638069591,0.27557175992772204,0.42016288938815194,0.5537757274230694
2021-11-15,63557.87109375,63557.87109375,66281.5703125,63548.14453125,65521.2890625,30558763548,-0.02915932332393234,-0.029592905846716044,0.2734537743661481,0.40296349650466057,0.5576946471671127
2021-11-16,60161.24609375,60161.24609375,63721.1953125,59016.3359375,63721.1953125,46844335592,-0.05344145330150951,-0.05492245425158357,0.44404522447160827,0.43625884835169915,0.5701365256585837
2021-11-17,60368.01171875,60368.01171875,60823.609375,58515.41015625,60139.62109375,39178392930,0.003436857419438999,0.00343096492223367,0.46435954734187473,0.4169782677931977,0.5690166702732408
2021-11-18,56942.13671875,56942.13671875,60948.5,56550.79296875,60360.13671875,41388338699,-0.05674983989800575,-0.058423750403308876,0.5306683695387036,0.4526177208988413,0.5809485147745126
2021-11-19,58119.578125,58119.578125,58351.11328125,55705.1796875,56896.12890625,38702407772,0.020677857806173483,0.02046697304630566,0.5557244986956471,0.4611179425206441,0.5422475279470637
2021-11-20,59697.1953125,59697.1953125,59859.87890625,57469.7265625,58115.08203125,30624264863,0.027144333086984274,0.02678245961804076,0.6541558298103934,0.47238803721036704,0.5309790433709831
2021-11-21,58730.4765625,58730.4765625,60004.42578125,58618.9296875,59730.5078125,26123447605,-0.01619370466132397,-0.016326255638854346,0.5448438147009741,0.47524139793015374,0.516919720546456
2021-11-22,56289.2890625,56289.2890625,59266.359375,55679.83984375,58706.84765625,35036121783,-0.041565940596482776,-0.042454514477448545,0.5960725139290421,0.47411391308620726,0.5232568354918578
2021-11-23,57569.07421875,57569.07421875,57875.515625,55632.76171875,56304.5546875,37485803899,0.022735855747423095,0.022481248103212805,0.48192636930273103,0.4846572467155766,0.5138106150817098
2021-11-24,56280.42578125,56280.42578125,57803.06640625,55964.22265625,57565.8515625,36635566789,-0.02238438701660228,-0.02263871996463873,0.47606004550527437,0.48373727379485837,0.516680322588602
2021-11-25,57274.6796875,57274.6796875,59367.96875,57146.68359375,57165.41796875,34284016248,0.017666069374003168,0.01751183816078035,0.4383697037820234,0.48990792600194055,0.5171728596974882
2021-11-26,53569.765625,53569.765625,59183.48046875,53569.765625,58960.28515625,41810748221,-0.06468677053655503,-0.06687380102128215,0.610045597056519,0.5374403591635002,0.5347758796197786
2021-11-27,54815.078125,54815.078125,55329.2578125,53668.35546875,53736.4296875,30560857714,0.02324655494514305,0.02298046960742265,0.624169345940901,0.5326607926962521,0.5317327987433226
2021-11-28,57248.45703125,57248.45703125,57393.84375,53576.734375,54813.0234375,28116886357,0.044392510044424904,0.043435386277887976,0.6964811694883838,0.4986521748689741,0.537370040385169
2021-11-29,57806.56640625,57806.56640625,58872.87890625,56792.52734375,57291.90625,32370840356,0.009748898117819094,0.009701684218223901,0.6708954201856329,0.5027057072564127,0.5285317948544713
2021-11-30,57005.42578125,57005.42578125,59113.40234375,56057.28125,57830.11328125,36708594618,-0.013858989986877734,-0.013955922421075117,0.6721541795216216,0.49633296015010536,0.49569474474983055
2021-12-01,57229.828125,57229.828125,59041.68359375,56553.08203125,56907.96484375,36858195307,0.003936508510805847,0.003928780734843055,0.34097618650988415,0.4973280625081318,0.4951397662466992
2021-12-02,56477.81640625,56477.81640625,57349.234375,55895.1328125,57217.37109375,32379968686,-0.013140205787574133,-0.013227302108743101,0.3712162777751448,0.49748657121371725,0.4960190244854866
2021-12-03,53598.24609375,53598.24609375,57482.16796875,52496.5859375,56509.1640625,39789134215,-0.05098586481791345,-0.05233158566534184,0.38475078111726135,0.5212081398441565,0.5074175399933283
2021-12-04,49200.703125,49200.703125,53904.6796875,42874.6171875,53727.87890625,61385677469,-0.08204639683653359,-0.08560843085516442,0.5754280336718837,0.5781410514751463,0.5286123140807327
2021-12-05,49368.84765625,49368.84765625,49768.1484375,47857.49609375,49201.51953125,37198201161,0.003417522933012007,0.003411696472447897,0.621553515542692,0.5784181602392073,0.5065039526399984
2021-12-06,50582.625,50582.625,50929.51953125,47281.03515625,49413.48046875,37707308001,0.02458589579002135,0.024288526851428814,0.7007793944955525,0.5698808323347303,0.5062209300285457
2021-12-07,50700.0859375,50700.0859375,51934.78125,50175.80859375,50581.828125,33676814852,0.002322159783127109,0.002319467736866812,0.7250754715500988,0.5695813511910124,0.5061995848179859
2021-12-08,50504.796875,50504.796875,51171.375,48765.98828125,50667.6484375,28479699446,-0.00385184874717448,-0.0038592862213869153,0.6755454644690614,0.538521371432051,0.5046067582240514
2021-12-09,47672.12109375,47672.12109375,50797.1640625,47358.3515625,50450.08203125,29603577251,-0.05608726213196957,-0.057721555808476536,0.48634081471263996,0.5586986299355209,0.5176315117481294
2021-12-10,47243.3046875,47243.3046875,50015.25390625,47023.69921875,47642.14453125,30966005122,-0.00899511908452133,-0.009035819421615396,0.4786287880128542,0.5417092587773698,0.5068905866022214
2021-12-11,49362.5078125,49362.5078125,49458.2109375,46942.34765625,47264.6328125,25775869261,0.044857216044006165,0.04388024071672512,0.5745571965342586,0.5759611275561073,0.5138025627552879
2021-12-12,50098.3359375,50098.3359375,50724.8671875,48725.8515625,49354.85546875,21939223599,0.014906619570362878,0.014796607838164322,0.5910041878883053,0.5672308204798644,0.5121527643276218
2021-12-13,46737.48046875,46737.48046875,50205.0,45894.84765625,50114.7421875,32166727776,-0.0670851717099511,-0.06944137030817533,0.760404427251417,0.5993286309175649,0.5303208496995689
2021-12-14,46612.6328125,46612.6328125,48431.3984375,46424.49609375,46709.82421875,34638619079,-0.00267125345649466,-0.002674827620426481,0.6619066907970975,0.5981195631530317,0.5065919106000424
2021-12-15,48896.72265625,48896.72265625,49473.95703125,46671.96484375,48379.75390625,36541828520,0.04900151967252708,0.04783877809998121,0.7540624459822827,0.6253032785208918,0.5176406733127391
2021-12-16,47665.42578125,47665.42578125,49425.57421875,47529.87890625,48900.46484375,27268150947,-0.025181582897818466,-0.025504064198459072,0.6984069019928373,0.5897962315211431,0.5186555629344581
2021-12-17,46202.14453125,46202.14453125,48004.89453125,45618.21484375,47653.73046875,32902725329,-0.030699007215741814,-0.031180093256039692,0.6841483514795985,0.5860168582816124,0.5209467576763396
2021-12-18,46848.77734375,46848.77734375,47313.828125,45598.44140625,46219.25390625,26098292690,0.013995731563123393,0.01389869565630835,0.5088764835303844,0.5600714764111944,0.515673280685294
2021-12-19,46707.015625,46707.015625,48089.6640625,46502.953125,46853.8671875,25154053861,-0.0030259427628138713,-0.0030305301841360094,0.5090214673360194,0.5559321714028442,0.5114160819482257
2021-12-20,46880.27734375,46880.27734375,47401.71875,45579.80859375,46707.0625,30961902129,0.003709543768351198,0.003702680378992096,0.3057663666288249,0.5580733902428844,0.4995297223856339
2021-12-21,48936.61328125,48936.61328125,49300.91796875,46698.7734375,46886.078125,27055803928,0.04386356169401262,0.042928792887466996,0.4268887664899386,0.587188216739787,0.5071425319822526
2021-12-22,48628.51171875,48628.51171875,49544.796875,48450.94140625,48937.09765625,24447979559,-0.006295931447672265,-0.006315834406489169,0.3149882351778672,0.5868576496417612,0.5061933903791069
2021-12-23,50784.5390625,50784.5390625,51332.33984375,48065.8359375,48626.34375,28223878108,0.04433669194360079,0.043381939329586325,0.39576767935216367,0.588184832377051,0.5152975614087166
2021-12-24,50822.1953125,50822.1953125,51814.02734375,50514.49609375,50806.05078125,24367912228,0.0007414904357732066,0.0007412156675569818,0.385021531185246,0.49999672082593916,0.5095551325321565
2021-12-25,50429.859375,50429.859375,51176.59765625,50236.70703125,50854.91796875,19030650914,-0.007719775485643066,-0.0077497271989944395,0.41698685453201706,0.5010352278780814,0.5028605932866266
2021-12-26,50809.515625,50809.515625,51196.37890625,49623.10546875,50428.69140625,20964372926,0.0075284019171428795,0.007500204929835927,0.332667113251894,0.49421107709838025,0.4997200707493619
2021-12-27,50640.41796875,50640.41796875,51956.328125,50499.46875,50802.609375,24324345758,-0.003328070621613999,-0.003333620966693561,0.3254533441729113,0.4943005071113792,0.4933114908152261
2021-12-28,47588.85546875,47588.85546875,50679.859375,47414.2109375,50679.859375,33430376883,-0.06025942562091624,-0.062151426511976506,0.44519054548569736,0.5413168543591659,0.5041020445156319
2021-12-29,46444.7109375,46444.7109375,48119.7421875,46201.49609375,47623.87109375,30049226299,-0.02404227880624954,-0.024336011956341844,0.4318277377874565,0.508510751743945,0.5057419673161122
2021-12-30,47178.125,47178.125,47879.96484375,46060.3125,46490.60546875,26686491018,0.01579112126431248,0.01566773871313257,0.4943678241263073,0.5110832146759444,0.5073777449564071
2021-12-31,46306.4453125,46306.4453125,48472.52734375,45819.953125,47169.37109375,36974172400,-0.018476352917798256,-0.018649172756865187,0.4585070305795099,0.48741520618577244,0.5082200217864311
2022-01-01,47686.8125,47686.8125,47827.3125,46288.484375,46311.74609375,24582667004,0.029809396471367267,0.02937373314776973,0.5717491121805308,0.4972002939097746,0.5062133014635013
2022-01-02,47345.21875,47345.21875,47881.40625,46856.9375,47680.92578125,27951569547,-0.007163274962024402,-0.007189054400021723,0.36327492408608764,0.43062807851479473,0.5062370082148406
2022-01-03,46458.1171875,46458.1171875,47510.7265625,45835.96484375,47343.54296875,33071628362,-0.0187368774698079,-0.018914636695763702,0.3428227792134069,0.43611248412614023,0.5054521113988932
2022-01-04,45897.57421875,45897.57421875,47406.546875,45752.46484375,46458.8515625,42494677905,-0.012065555013512697,-0.012138934663861074,0.31906958965921645,0.3989302715920189,0.5056831310601319
2022-01-05,43569.00390625,43569.00390625,46929.046875,42798.22265625,45899.359375,36851084859,-0.050734060615097554,-0.05206628845481275,0.4619928444975072,0.4286903769092831,0.5142713640282971
2022-01-06,43160.9296875,43160.9296875,43748.71875,42645.5390625,43565.51171875,30208048289,-0.009366159015892994,-0.009410297303589778,0.29351398173143906,0.4175354229532607,0.5092354322671941
2022-01-07,41557.90234375,41557.90234375,43153.5703125,41077.4453125,43153.5703125,84196607520,-0.03714070469186992,-0.037847988650375176,0.2902634740577741,0.4293295285283425,0.49106811808958845
2022-01-08,41733.94140625,41733.94140625,42228.94140625,40672.27734375,41561.46484375,28066355845,0.004235994902819673,0.004227048332596754,0.3634891678302939,0.4307639990375197,0.49171378737981347
2022-01-09,41911.6015625,41911.6015625,42663.94921875,41338.16015625,41734.7265625,21294384372,0.004256970472081845,0.004247935206112907,0.4060512927336556,0.43092497993381257,0.49014914839830903
2022-01-10,41821.26171875,41821.26171875,42199.484375,39796.5703125,41910.23046875,32104232331,-0.0021554853640055605,-0.002157811766201214,0.277957829649111,0.3914946323246407,0.49007405799537845
2022-01-11,42735.85546875,42735.85546875,43001.15625,41407.75390625,41819.5078125,26327648900,0.021869109453241498,0.021633410637439378,0.3479245275088564,0.40528085046534645,0.49352820696993027
2022-01-12,43949.1015625,43949.1015625,44135.3671875,42528.98828125,42742.1796875,33499938689,0.028389418684672707,0.027993907251911834,0.20487882978847755,0.3832647208272214,0.49811129643227287
2022-01-13,42591.5703125,42591.5703125,44278.421875,42447.04296875,43946.7421875,47691135082,-0.030888714484173407,-0.03137582795207003,0.37025828339704514,0.39127926622902703,0.49860667066127384
2022-01-14,43099.69921875,43099.69921875,43346.6875,41982.6171875,42598.87109375,23577403399,0.011930269358978673,0.011859664695822615,0.374410944681423,0.3981311820680901,0.49787916947954663
2022-01-15,43177.3984375,43177.3984375,43724.671875,42669.03515625,43101.8984375,18371348298,0.001802778677309158,0.0018011556222094572,0.370281409744982,0.3957228854022853,0.48777198320686205
2022-01-16,43113.87890625,43113.87890625,43436.80859375,42691.0234375,43172.0390625,17902097845,-0.0014711291913973579,-0.0014722123644015362,0.34585422480865446,0.3960776408159066,0.4874907326859846
2022-01-17,42250.55078125,42250.55078125,43179.390625,41680.3203125,43118.12109375,21690904261,-0.020024366790964976,-0.02022757169904886,0.27825201430879937,0.34475018903213783,0.47596479617700543
2022-01-18,42375.6328125,42375.6328125,42534.40234375,41392.21484375,42250.07421875,22417209227,0.0029604828561313745,0.002956109256612036,0.18762657216858947,0.33900814251710676,0.47331260084990184
2022-01-19,41744.328125,41744.328125,42478.3046875,41242.9140625,42374.0390625,23091543258,-0.014897823244158781,-0.01500991044287061,0.16732564706204597,0.3321205852214037,0.4689554762067547
2022-01-20,40680.41796875,40680.41796875,43413.0234375,40672.82421875,41744.02734375,20382033940,-0.02548634039729203,-0.02581674309560386,0.19476822437112565,0.33665096839264835,0.47025288035453805
2022-01-21,36457.31640625,36457.31640625,41060.52734375,35791.42578125,40699.60546875,43011992031,-0.10381165615712484,-0.10960468291543993,0.6964023587752263,0.4738534970834277,0.5108016597939532
2022-01-22,35030.25,35030.25,36688.8125,34349.25,36471.58984375,39714385405,-0.039143484680769114,-0.039930188839646726,0.6866522333511619,0.4823148623975591,0.5113050175575845
2022-01-23,36276.8046875,36276.8046875,36433.3125,34784.96875,35047.359375,26017975951,0.03558509252717301,0.034966573781181565,0.8283904436470845,0.5135195110185525,0.5179807272664434
2022-01-24,36654.328125,36654.328125,37247.51953125,33184.05859375,36275.734375,41856658597,0.010406744495611076,0.010352967106698903,0.8774987956886696,0.5198206338965398,0.5167211567989679
2022-01-25,36954.00390625,36954.00390625,37444.5703125,35779.4296875,36654.8046875,26428189594,0.008175727030871549,0.008142486826951165,0.9104605824532458,0.5006913206274622,0.502542577086063
2022-01-26,36852.12109375,36852.12109375,38825.41015625,36374.90625,36950.515625,31324598034,-0.002757016878562668,-0.0027608244495656064,0.43292496171129685,0.5010402783777218,0.4989168299405851
2022-01-27,37138.234375,37138.234375,37148.32421875,35629.28125,36841.87890625,25041426629,0.007763821260712289,0.007733837890785913,0.22176762697320188,0.4909288418929482,0.48888279653261774
2022-01-28,37784.33203125,37784.33203125,37952.87890625,36211.109375,37128.4453125,22238830523,0.017397102127314046,0.017247505090414967,0.11415216353566696,0.49653696485974946,0.4902405667367288
2022-01-29,38138.1796875,38138.1796875,38576.26171875,37406.47265625,37780.71484375,17194183075,0.00936493083845824,0.00932135173920975,0.11312435452436459,0.4981103822289061,0.49116761607686155
2022-01-30,37917.6015625,37917.6015625,38266.33984375,37437.7109375,38151.91796875,14643548444,-0.005783656346668664,-0.005800446457155093,0.14911044245757343,0.49802994231055403,0.49067292670021023
2022-01-31,38483.125,38483.125,38647.26171875,36733.57421875,37920.28125,20734730465,0.01491453610450133,0.014804408066392667,0.14240651510158298,0.4937763075652019,0.49247916203548814
2022-02-01,38743.2734375,38743.2734375,39115.1328125,38113.6640625,38481.765625,20288500328,0.00676006528835682,0.006737318502634114,0.14298993920815456,0.48038370194636343,0.48374622635828385
2022-02-02,36952.984375,36952.984375,38834.6171875,36832.73046875,38743.71484375,19155189416,-0.046209029430310355,-0.04731073995912287,0.3987950938658048,0.4945358834540714,0.46252914976496395
2022-02-03,37154.6015625,37154.6015625,37154.6015625,36375.5390625,36944.8046875,18591534769,0.005456046132945147,0.005441215831991581,0.3912336035301379,0.4917892844356388,0.4627011747155545
2022-02-04,41500.875,41500.875,41527.78515625,37093.62890625,37149.265625,29412210792,0.116978066100073,0.11062688345744714,0.9098460461386403,0.6462988632294541,0.5165345676828881
2022-02-05,41441.1640625,41441.1640625,41847.1640625,41038.09765625,41501.48046875,19652846215,-0.001438787435204647,-0.0014398234837348135,0.9207508971912154,0.64629921105755,0.5164173821733293
2022-02-06,42412.43359375,42412.43359375,42500.78515625,41244.90625,41441.12109375,16142097334,0.023437312952531153,0.02316687651757865,0.919061065230419,0.648400384233757,0.5192683158250828
2022-02-07,43840.28515625,43840.28515625,44401.86328125,41748.15625,42406.78125,28641855926,0.033665872045371525,0.033111582709537346,0.7126419110213508,0.6588570272410961,0.5116275381465535
2022-02-08,44118.4453125,44118.4453125,45293.8671875,42807.8359375,43854.65234375,33079398868,0.0063448528050995545,0.006324808965338507,0.7104210899726533,0.6560271630540231,0.5116163880438782
2022-02-09,44338.796875,44338.796875,44727.80078125,43232.96875,44096.703125,23245887300,0.004994545046617338,0.00498211368199733,0.22797084652429134,0.6472807043731064,0.5031367472665826
2022-02-10,43565.11328125,43565.11328125,45661.171875,43402.80859375,44347.80078125,32142048537,-0.01744935921313273,-0.01760339378138894,0.30824204686421924,0.49762295146827107,0.5029564326815223
2022-02-11,42407.9375,42407.9375,43810.83203125,42114.5390625,43571.12890625,26954925781,-0.026561982607033352,-0.026921126055171853,0.3719368590758124,0.48260600078871296,0.4859853798166061
2022-02-12,42244.46875,42244.46875,42992.55078125,41852.57421875,42412.30078125,18152390304,-0.0038546734323026133,-0.00386212183286643,0.22995938862887613,0.4751135740155551,0.48600247586809164
2022-02-13,42197.515625,42197.515625,42693.0546875,41950.94140625,42236.56640625,14741589015,-0.001111462077505676,-0.001112080209543203,0.20686484471808037,0.475979391305536,0.47494476609352193
2022-02-14,42586.91796875,42586.91796875,42775.77734375,41681.95703125,42157.3984375,20827783012,0.009228086961576842,0.009185768314632001,0.22591643204412326,0.4760258024949735,0.47307164179983735
2022-02-15,44575.203125,44575.203125,44667.21875,42491.03515625,42586.46484375,22721659051,0.04668769779745485,0.045630604487240684,0.4201766090823861,0.49341331593717747,0.478904604645328
2022-02-16,43961.859375,43961.859375,44578.27734375,43456.69140625,44578.27734375,19792547657,-0.013759752216496501,-0.01385529504989858,0.3650827302861362,0.5003483422677864,0.47869404577118446
2022-02-17,40538.01171875,40538.01171875,44132.97265625,40249.37109375,43937.0703125,26246662813,-0.07788223029977337,-0.08108233071910446,0.7358156815580797,0.5909193547506223,0.5060124099834956
2022-02-18,40030.9765625,40030.9765625,40929.15234375,39637.6171875,40552.1328125,23310007704,-0.012507647384577658,-0.012586526423760572,0.7333113146786068,0.5931780227959124,0.506279805142382
2022-02-19,40122.15625,40122.15625,40418.87890625,39713.05859375,40026.0234375,13736557863,0.0022777282826873524,0.002275138191892225,0.7231701522131677,0.5923854536529158,0.4974316392353174
2022-02-20,38431.37890625,38431.37890625,40119.890625,38112.8125,40118.1015625,18340576452,-0.04214073972532317,-0.043054421746525254,0.5255883829710197,0.6121405775461172,0.5040341513898465
2022-02-21,37075.28125,37075.28125,39394.4375,36950.4765625,38423.2109375,29280402798,-0.03528620868790788,-0.03592381094835431,0.506793775483676,0.6244576549882631,0.4984167367201396
2022-02-22,38286.02734375,38286.02734375,38359.85546875,36488.93359375,37068.76953125,25493150450,0.03265642371222732,0.03213453434150656,0.4819611331407703,0.6118886131822485,0.5041464031815768
2022-02-23,37296.5703125,37296.5703125,39122.39453125,37201.81640625,38285.28125,21849073843,-0.025843815613622922,-0.026183634615420347,0.4935425142097517,0.6196218180939247,0.5060313785148757
2022-02-24,38332.609375,38332.609375,38968.83984375,34459.21875,37278.56640625,46383802093,0.027778400368163814,0.027399579951549815,0.572185898599205,0.4768617927055543,0.509765183651279
2022-02-25,39214.21875,39214.21875,39630.32421875,38111.34375,38333.74609375,26545599159,0.022998939789759643,0.022738450595305906,0.5140975316614753,0.4861956191525962,0.512853794392729
2022-02-26,39105.1484375,39105.1484375,40005.34765625,38702.53515625,39213.08203125,17467554129,-0.002781397053842838,-0.0027852723260769346,0.3909036632395619,0.4764690906820008,0.4984614582050733
2022-02-27,37709.78515625,37709.78515625,39778.94140625,37268.9765625,39098.69921875,23450127612,-0.03568234201898368,-0.036334517924426976,0.4514695759352307,0.46831094157635855,0.5012259009901948
2022-02-28,43193.234375,43193.234375,43760.45703125,37518.21484375,37706.0,35690014104,0.1454118392886461,0.13576425730332167,1.0262916078919355,0.6913752160847791,0.5757089207760449
2022-03-01,44354.63671875,44354.63671875,44793.6015625,42952.5859375,43194.50390625,32479047645,0.026888524570001016,0.026533380332524757,1.0264140782818527,0.6980729255040413,0.5773946874187214
2022-03-02,43924.1171875,43924.1171875,45077.578125,43432.8515625,44357.6171875,29183112630,-0.009706302725009275,-0.009753715935407227,1.0644812504050967,0.6959978723880562,0.574244578943341
2022-03-03,42451.7890625,42451.7890625,44021.578125,41914.75,43925.1953125,24967782593,-0.03351981142193561,-0.03409447865241336,1.1326977881264713,0.7001871891477279,0.5780438447897424
2022-03-04,39137.60546875,39137.60546875,42479.61328125,38805.84765625,42458.140625,28516271427,-0.07806935036049167,-0.0812852755652355,1.2975549097917578,0.7575148899423034,0.5996514953518524
2022-03-05,39400.5859375,39400.5859375,39566.3359375,38777.03515625,39148.44921875,16975917450,0.00671938064683042,0.0066969062286334315,0.6604870466661404,0.7583917068421574,0.5996487866862232
2022-03-06,38419.984375,38419.984375,39640.17578125,38211.6484375,39404.19921875,19745229902,-0.024887994408395286,-0.025202937052357023,0.5275999509739536,0.7606255546455455,0.592659520436218
2022-03-07,38062.0390625,38062.0390625,39430.2265625,37260.203125,38429.3046875,28546143503,-0.009316643885282638,-0.0093603152707349,0.5284978996378643,0.7366015792434824,0.5926568946401922
2022-03-08,38737.26953125,38737.26953125,39304.44140625,37957.38671875,38059.90234375,25776583476,0.017740259990833174,0.01758473821596099,0.6151895278398856,0.7416659477675583,0.5892521011945617
2022-03-09,41982.92578125,41982.92578125,42465.671875,38706.09375,38742.81640625,32284121034,0.08378639716414904,0.08046083301385845,0.6431525090617394,0.7473545065055465,0.6124886092840252
2022-03-10,39437.4609375,39437.4609375,42004.7265625,38832.94140625,41974.0703125,31078064711,-0.060630954045771346,-0.06254685680053026,0.848132129117485,0.7803781057242688,0.6257104254300757
2022-03-11,38794.97265625,38794.97265625,40081.6796875,38347.43359375,39439.96875,26364890465,-0.016291319622939393,-0.016425482290646415,0.8337450283557394,0.7822386341690967,0.6265045169149032
2022-03-12,38904.01171875,38904.01171875,39308.59765625,38772.53515625,38794.46484375,14616450657,0.002810649293818468,0.002806706804667275,0.8278067156076059,0.7668555051532517,0.6247527938953115
2022-03-13,37849.6640625,37849.6640625,39209.3515625,37728.14453125,38884.7265625,17300745310,-0.027101257933814904,-0.027475269974984843,0.844158071892046,0.7620885278429222,0.6238848208715861
2022-03-14,39666.75390625,39666.75390625,39742.5,37680.734375,37846.31640625,24322159070,0.0480080837903738,0.04689129940953424,0.6398905774309734,0.7718140741626794,0.62900541722381
2022-03-15,39338.78515625,39338.78515625,39794.62890625,38310.2109375,39664.25,23934000868,-0.008268101563720931,-0.00830247189817811,0.45589380498451226,0.7658106546396792,0.6285764280489627
2022-03-16,41143.9296875,41143.9296875,41465.453125,39022.34765625,39335.5703125,39616916192,0.04588714481344902,0.044865467674200424,0.523633268703668,0.7757377966894778,0.6357041570535992
2022-03-17,40951.37890625,40951.37890625,41287.53515625,40662.87109375,41140.84375,22009601093,-0.00467993171076464,-0.004690916877794194,0.5343037426383893,0.7728384737973557,0.6357528292788079
2022-03-18,41801.15625,41801.15625,42195.74609375,40302.3984375,40944.83984375,34421564942,0.020750884742987363,0.020538517974936225,0.4164069275191178,0.7752867637807171,0.6359372366402195
2022-03-19,42190.65234375,42190.65234375,42316.5546875,41602.66796875,41794.6484375,19664853187,0.009317830622209256,0.009274687432012266,0.3414570865194321,0.7611096953645464,0.6362020348790168
2022-03-20,41247.82421875,41247.82421875,42241.1640625,41004.7578125,42191.40625,20127946682,-0.022346848712323064,-0.022600322885966202,0.4050664818690491,0.5903799654623104,0.637152671165981
2022-03-21,41077.99609375,41077.99609375,41454.41015625,40668.04296875,41246.1328125,24615543271,-0.004117262624553253,-0.004125761887466681,0.2580690823841614,0.5804647890616931,0.6349747430358107
2022-03-22,42358.80859375,42358.80859375,43124.70703125,40948.28125,41074.10546875,32004652376,0.031180014163224357,0.03070379130997368,0.3320396009652767,0.5926328317293421,0.5952421501174755
2022-03-23,42892.95703125,42892.95703125,42893.5078125,41877.5078125,42364.37890625,25242943069,0.012610091153007819,0.012531246090632069,0.3155607052789668,0.5819632389446306,0.5889459463894843
2022-03-24,43960.93359375,43960.93359375,44131.85546875,42726.1640625,42886.65234375,31042992291,0.024898646221148013,0.024593725965785046,0.3454772865639212,0.5001837287771265,0.5869496870233007
2022-03-25,44348.73046875,44348.73046875,44999.4921875,43706.28515625,43964.546875,30574413034,0.008821397620525806,0.008782716407665668,0.21707024683506299,0.5002875203388412,0.5868767936475487
2022-03-26,44500.828125,44500.828125,44735.99609375,44166.2734375,44349.859375,16950455995,0.003429583093865096,0.0034237154855725296,0.17965877853036438,0.48680928816308683,0.5867858978191034
2022-03-27,46820.4921875,46820.4921875,46827.546875,44437.29296875,44505.35546875,28160889722,0.052126312256127294,0.050813175792382204,0.29982790350560656,0.5059040179858244,0.5947196695432841
2022-03-28,47128.00390625,47128.00390625,48086.8359375,46690.203125,46821.8515625,36362175703,0.0065678873583499,0.0065464127633699815,0.31201910337341393,0.505328861286137,0.5946927216793498
2022-03-29,47465.73046875,47465.73046875,48022.2890625,47100.4375,47100.4375,31397059069,0.0071661546110000085,0.00714059973919024,0.3162873033927527,0.4308944560456897,0.5940893461713214
2022-03-30,47062.6640625,47062.6640625,47655.1484375,46746.2109375,47456.8984375,29333883962,-0.008491735032190584,-0.0085279952347302,0.35978585896128157,0.35216243387751284,0.5945070931204098
2022-03-31,45538.67578125,45538.67578125,47512.02734375,45390.5390625,47062.1484375,33327427106,-0.03238210822970233,-0.03291800954258311,0.4844876328551611,0.37215336471298893,0.5989012087004808
2022-04-01,46281.64453125,46281.64453125,46616.2421875,44403.140625,45554.1640625,38162644287,0.016315115388267687,0.016183454010017757,0.3058955578086236,0.3726998224008163,0.5990234445961975
2022-04-02,45868.94921875,45868.94921875,47028.28125,45782.51171875,46285.5,29336594194,-0.008917040798352427,-0.008957035540670266,0.29728047519844314,0.35420985476599015,0.5994769902045544
2022-04-03,46453.56640625,46453.56640625,47313.4765625,45634.10546875,45859.12890625,25414397610,0.012745379989237415,0.012664841243046981,0.3140918429832633,0.3261527349377022,0.5905927823197372
2022-04-04,46622.67578125,46622.67578125,46791.08984375,45235.81640625,46445.2734375,32499785455,0.003640395949819908,0.0036337857461326666,0.3156677990660125,0.32100097782813275,0.5905831209703152
2022-04-05,45555.9921875,45555.9921875,47106.140625,45544.80859375,46624.5078125,29640604055,-0.02287907280900814,-0.02314486060589607,0.25736672082165635,0.30936215056082417,0.5494122097703591
2022-04-06,43206.73828125,43206.73828125,45544.35546875,43193.953125,45544.35546875,39393395788,-0.05156849392240015,-0.05294570510057487,0.4084007597823065,0.3709020699843186,0.5606361654723944
2022-04-07,43503.84765625,43503.84765625,43860.69921875,42899.90625,43207.5,26101973106,0.006876459247305178,0.0068529242315328075,0.4346680845676887,0.36530168207976094,0.5588372680195354
2022-04-08,42287.6640625,42287.6640625,43903.01953125,42183.2890625,43505.13671875,27215995394,-0.02795577079433975,-0.028353972258937266,0.39186507112965424,0.379500869479291,0.5576768542782183
2022-04-09,42782.13671875,42782.13671875,42786.81640625,42183.25390625,42282.078125,16050772496,0.011693070951357853,0.011625235289932529,0.42350624151565935,0.371695865940829,0.5580636678342947
2022-04-10,42207.671875,42207.671875,43376.37890625,42021.20703125,42781.08984375,17654475582,-0.013427680050824398,-0.013518646577317169,0.420486750111869,0.37516986710608247,0.558573392986628
2022-04-11,39521.90234375,39521.90234375,42424.58984375,39373.05859375,42201.0390625,33949912166,-0.06363225953812457,-0.06574699455484899,0.49582353524150247,0.4276476102306265,0.5732721624182006
2022-04-12,40127.18359375,40127.18359375,40617.5859375,39388.328125,39533.71484375,30991500854,0.015315083892861292,0.015198991801760953,0.5246966362940498,0.4290736632910079,0.5718303323864479
2022-04-13,41166.73046875,41166.73046875,41430.0546875,39712.74609375,40123.5703125,27691105228,0.025906300465151855,0.02557641749549052,0.5822604197330054,0.4299352730339652,0.5743607200321131
2022-04-14,39935.515625,39935.515625,41451.48046875,39695.74609375,41160.21875,24342001973,-0.029908006531745968,-0.030364373354540806,0.5813401822183384,0.4377485857990593,0.5776282753320993
2022-04-15,40553.46484375,40553.46484375,40617.72265625,39866.83203125,39939.40234375,21756855753,0.015473675726454417,0.015355179227128868,0.617164951735012,0.4428994133345855,0.5782272732903366
2022-04-16,40424.484375,40424.484375,40633.6796875,40078.42578125,40552.31640625,16833150693,-0.0031805042860567623,-0.0031855728397045674,0.35059938449312555,0.39174370613078446,0.5700764728309801
2022-04-17,39716.953125,39716.953125,40570.7265625,39620.89453125,40417.77734375,19087633042,-0.017502542356175654,-0.017657522881942136,0.36483293138773937,0.3897771245856728,0.5704778817246157
2022-04-18,40826.21484375,40826.21484375,40986.3203125,38696.19140625,39721.203125,33705182072,0.027929174608607443,0.027546268364385663,0.3743752530792133,0.40702367755764984,0.5489409569749315
2022-04-19,41502.75,41502.75,41672.9609375,40618.6328125,40828.17578125,25303206547,0.016571096753378534,0.016435294339235306,0.2851100015933894,0.4157668512041429,0.5492941184975315
2022-04-20,41374.37890625,41374.37890625,42126.30078125,40961.09765625,41501.74609375,27819532341,-0.003093074404708074,-0.003097867846210707,0.283985523346621,0.40373271985800324,0.5493345743234652
2022-04-21,40527.36328125,40527.36328125,42893.58203125,40063.828125,41371.515625,35372786395,-0.020471984048854197,-0.020684439708319406,0.3345771121065488,0.39951252717601915,0.5436404639126611
2022-04-22,39740.3203125,39740.3203125,40777.7578125,39315.41796875,40525.86328125,28011716745,-0.019420038833716236,-0.019611085251918917,0.34147576606150204,0.40211409450900987,0.539938239709676
2022-04-23,39486.73046875,39486.73046875,39935.859375,39352.203125,39738.72265625,16138021249,-0.0063811726165236005,-0.006401619327578674,0.23951089165405495,0.39527703592215296,0.536258265046408
2022-04-24,39469.29296875,39469.29296875,39845.92578125,39233.5390625,39478.375,17964398167,-0.0004416040475622163,-0.00044170158334548267,0.15027798991362373,0.3939315460951921,0.5333715070028203
2022-04-25,40458.30859375,40458.30859375,40491.75390625,38338.37890625,39472.60546875,35445730570,0.025057850055308917,0.024749050076096804,0.29334263254195986,0.40652241118222493,0.532837368717382
2022-04-26,38117.4609375,38117.4609375,40713.890625,37884.984375,40448.421875,34569088416,-0.057858267871623625,-0.05959955698854747,0.4917725955716633,0.41727218366149554,0.5450037489646246
2022-04-27,39241.12109375,39241.12109375,39397.91796875,37997.3125,38120.30078125,30981015184,0.029478882606909007,0.029052734994520196,0.5622523717174748,0.4336488584408267,0.5483224599765268
2022-04-28,39773.828125,39773.828125,40269.46484375,38941.421875,39241.4296875,33903704907,0.013575224570606004,0.013483906721524785,0.5712727101767711,0.42937336435690043,0.5436855572984646
2022-04-29,38609.82421875,38609.82421875,39887.26953125,38235.53515625,39768.6171875,30882994649,-0.02926557389929385,-0.02970235366082905,0.6135752375088026,0.4356354084619781,0.46898005557166716
2022-04-30,37714.875,37714.875,38771.2109375,37697.94140625,38605.859375,23895713731,-0.023179313474195662,-0.023452178557919624,0.5626007585777538,0.43958132380231413,0.46723471787777865
2022-05-01,38469.09375,38469.09375,38627.859375,37585.7890625,37713.265625,27002760110,0.019997911964443782,0.019800580200401846,0.4224908833032545,0.38602622651672963,0.4692511853819378
2022-05-02,38529.328125,38529.328125,39074.97265625,38156.5625,38472.1875,32922642426,0.001565786170879102,0.0015645616058173508,0.34973876488037925,0.38127846438862,0.46456956275670386
2022-05-03,37750.453125,37750.453125,38629.99609375,37585.62109375,38528.109375,27326943244,-0.020215120218891713,-0.02042224184090012,0.32712680967103125,0.371949677451094,0.435845905924454
2022-05-04,39698.37109375,39698.37109375,39902.94921875,37732.05859375,37748.01171875,36754404490,0.051599856624237495,0.050312677532991644,0.4852995169068665,0.4057653855440611,0.4479628288104785
2022-05-05,36575.140625,36575.140625,39789.28125,35856.515625,39695.74609375,43106256317,-0.07867402068901796,-0.08194136472907673,0.7885096750424522,0.4934834075764018,0.475886273728968
2022-05-06,36040.921875,36040.921875,36624.359375,35482.1328125,36573.18359375,37795577489,-0.014606061408683924,-0.014713780107637159,0.7543127866972147,0.4945662997315427,0.47642278347501676
2022-05-07,35501.953125,35501.953125,36129.92578125,34940.82421875,36042.50390625,24375896406,-0.014954355270636377,-0.015067299056939674,0.743184886193667,0.4938233011621971,0.4757079308430911
2022-05-08,34059.265625,34059.265625,35502.94140625,33878.96484375,35502.94140625,36763041910,-0.040636848764922684,-0.04148559878699712,0.7651461443433462,0.4931448921638228,0.4510263169169884
2022-05-09,30296.953125,30296.953125,34222.07421875,30296.953125,34060.015625,63355494961,-0.11046369999353145,-0.1170549632581505,0.7087041955802592,0.6143586555508056,0.49335982340979007
2022-05-10,31022.90625,31022.90625,32596.30859375,29944.802734375,30273.654296875,59811038817,0.02396125848050934,0.023678692386482958,0.8326803024637757,0.6288457282875402,0.4960214975985947
2022-05-11,28936.35546875,28936.35546875,32013.40234375,28170.4140625,31016.18359375,70388855818,-0.06725839173272163,-0.06962706368652095,0.8481193891518989,0.6586287142041559,0.513839525180804
2022-05-12,29047.751953125,29047.751953125,30032.439453125,26350.490234375,28936.734375,66989173272,0.003849706798608521,0.0038423156405122537,0.8978040563037613,0.6625715266552566,0.5119763754348955
2022-05-13,29283.103515625,29283.103515625,30924.802734375,28782.330078125,29030.91015625,42841124537,0.008102229834508146,0.008069582993285078,0.9598706648471635,0.6672315799194135,0.5014342038560358
2022-05-14,30101.265625,30101.265625,30192.802734375,28702.91015625,29285.642578125,28579868620,0.027939733537411415,0.02755654035085545,0.6269654437140534,0.6825310276914818,0.5058094261274438
2022-05-15,31305.11328125,31305.11328125,31308.19140625,29527.740234375,30098.5859375,25835372065,0.03999325713567892,0.039214229608877514,0.6738970479837156,0.6951113908538016,0.5035832478843896
2022-05-16,29862.91796875,29862.91796875,31305.341796875,29251.884765625,31304.375,32613897286,-0.046069001557128786,-0.047163938825930986,0.5266624482384342,0.6853456325648234,0.5110988685018355
2022-05-17,30425.857421875,30425.857421875,30694.490234375,29570.302734375,29862.408203125,29101473475,0.018850785235190015,0.018675310971867837,0.5327869373236345,0.6780110219213956,0.5107112439446846
2022-05-18,28720.271484375,28720.271484375,30618.716796875,28720.271484375,30424.478515625,31285268319,-0.05605711989808215,-0.05768962303395388,0.7153701101975823,0.6885137020345463,0.5208896158581809
2022-05-19,30314.333984375,30314.333984375,30430.751953125,28708.955078125,28720.359375,33773447707,0.05550304428240649,0.054017472510896065,0.8073786981535088,0.7297651791161633,0.5342140170166347
2022-05-20,29200.740234375,29200.740234375,30664.9765625,28793.60546875,30311.119140625,30749382605,-0.036734890846488066,-0.03742660999960213,0.7634406556724652,0.7343214941227978,0.5382895827189257
2022-05-21,29432.2265625,29432.2265625,29588.869140625,29027.39453125,29199.859375,17274840442,0.007927413013061102,0.007896156156526583,0.7106231535946047,0.7285061729527182,0.5337136022597484
2022-05-22,30323.72265625,30323.72265625,30425.861328125,29275.18359375,29432.47265625,21631532270,0.030289794482822652,0.02984011653578575,0.7359530242976637,0.7429739774746511,0.537455667501734
2022-05-23,29098.91015625,29098.91015625,30590.5859375,28975.560546875,30309.396484375,31483454557,-0.04039123144227663,-0.04122961033666706,0.6610828230449888,0.7497520560482557,0.5384955245753441
2022-05-24,29655.5859375,29655.5859375,29774.35546875,28786.58984375,29101.125,26616506245,0.019130468401079792,0.01894978176706928,0.5214461918215701,0.7223829139468653,0.5401588771623279
2022-05-25,29562.361328125,29562.361328125,30157.78515625,29384.94921875,29653.134765625,27525063551,-0.003143576713387941,-0.0031485281301596416,0.4341157744094542,0.6776998893907844,0.539800196401285
2022-05-26,29267.224609375,29267.224609375,29834.16015625,28261.90625,29564.77734375,36774325352,-0.009983529917456657,-0.010033699544872113,0.43861315989038613,0.6775306590370244,0.5262883143131524
2022-05-27,28627.57421875,28627.57421875,29346.943359375,28326.61328125,29251.140625,36582005748,-0.02185551924250806,-0.022097889022563728,0.35454306840287564,0.6786304528201739,0.5262200008779028
2022-05-28,28814.900390625,28814.900390625,28814.900390625,28554.56640625,28622.625,35519577634,0.006543557286537771,0.006522241153916333,0.24863999660219294,0.671157295922406,0.5261439825847727
2022-05-29,29445.95703125,29445.95703125,29498.009765625,28841.107421875,29019.8671875,18093886409,0.02190035821988534,0.02166399017895866,0.26333369770294,0.5412484176603809,0.5297188097546107
2022-05-30,31726.390625,31726.390625,31949.630859375,29303.572265625,29443.365234375,39277993274,0.07744470968730455,0.07459222816391974,0.5974946479269958,0.5995953097476646,0.5532571315323391
2022-05-31,31792.310546875,31792.310546875,32249.86328125,31286.154296875,31723.865234375,33538210634,0.0020777630413166825,0.0020756074770069063,0.5722961788946336,0.538266596149288,0.5515914423329621
2022-06-01,29799.080078125,29799.080078125,31957.28515625,29501.587890625,31792.5546875,41135817341,-0.06269536357891181,-0.06474693067083527,0.7917634710821246,0.5920974216290716,0.5644569487604406
2022-06-02,30467.48828125,30467.48828125,30604.734375,29652.705078125,29794.890625,29083562061,0.02243049790035867,0.02218263391098452,0.7976789329778988,0.59634888239905,0.5662210575694135
2022-06-03,29704.390625,29704.390625,30633.03515625,29375.689453125,30467.806640625,26175547452,-0.02504629358369581,-0.02536528971019155,0.8279385093918901,0.5958352513887157,0.5670067429937161
2022-06-04,29832.9140625,29832.9140625,29930.564453125,29500.005859375,29706.138671875,16588370958,0.004326748833952898,0.00431741536890466,0.537934506669789,0.5774508545821531,0.5665660692037742
2022-06-05,29906.662109375,29906.662109375,30117.744140625,29574.44921875,29835.1171875,17264085441,0.00247203631266113,0.002468985857085947,0.5386039656865331,0.5527789457589568,0.5587228628178074
2022-06-06,31370.671875,31370.671875,31693.291015625,29894.1875,29910.283203125,31947336829,0.048952630028413324,0.04779217112896654,0.4286107356270149,0.5749907202512414,0.5689917111361905
2022-06-07,31155.478515625,31155.478515625,31489.68359375,29311.68359375,31371.7421875,40770974039,-0.006859698773187373,-0.006883334658869973,0.42742539805739516,0.532286808829511,0.5669980799146047
2022-06-08,30214.35546875,30214.35546875,31253.69140625,29944.404296875,31151.48046875,30242059107,-0.03020730515832104,-0.030672946983430784,0.45173267616050716,0.5113634970851404,0.5682964871888303
2022-06-09,30111.998046875,30111.998046875,30609.310546875,30020.265625,30215.279296875,21692004719,-0.003387708269364409,-0.0033934595457949636,0.4540617483058514,0.49239007454738015,0.5680876567543749
2022-06-10,29083.8046875,29083.8046875,30245.80859375,28978.146484375,30110.330078125,29867476527,-0.03414563715680452,-0.03474221923780006,0.5226040916095815,0.5080965825566647,0.5575286938991998
2022-06-11,28360.810546875,28360.810546875,29401.916015625,28236.212890625,29084.666015625,27246574439,-0.024858994495164377,-0.02517319741030233,0.2252951733651754,0.5018774483661981,0.5573862305883048
2022-06-12,26762.6484375,26762.6484375,28502.685546875,26762.6484375,28373.513671875,34163220274,-0.056351073137826724,-0.05800108151881945,0.31121948412303707,0.5218035518887139,0.563584421292627
2022-06-13,22487.388671875,22487.388671875,26795.58984375,22141.2578125,26737.578125,68204556440,-0.15974726027617203,-0.17405255177667042,1.0667516052427728,0.789422308347701,0.6578775161516948
2022-06-14,22206.79296875,22206.79296875,23018.951171875,20950.818359375,22487.986328125,50913575242,-0.012477914053041661,-0.012556416941057361,1.0382231404239017,0.788438937535726,0.655844098767954
2022-06-15,22572.83984375,22572.83984375,22642.671875,20178.376953125,22196.73046875,54912007015,0.01648355417709846,0.01634917508386348,1.1738363867467942,0.7958615612309493,0.6579343097039186
2022-06-16,20381.650390625,20381.650390625,22868.921875,20265.2265625,22576.3046875,31183975654,-0.09707194434960298,-0.10211240133010355,1.195367769045041,0.8563904992579916,0.6845197055311021
2022-06-17,20471.482421875,20471.482421875,21243.3125,20326.51953125,20385.71875,27132421514,0.004407495444594733,0.004397810882562394,1.2994688070014455,0.855649895161267,0.6805674212133577
2022-06-18,19017.642578125,19017.642578125,20736.041015625,17708.623046875,20473.42578125,42009436760,-0.07101780974085614,-0.07366571122488891,0.8202975275320747,0.8652374627749694,0.6897561461163637
2022-06-19,20553.271484375,20553.271484375,20683.822265625,18067.15234375,19010.90234375,35329942625,0.0807475952890373,0.07765301952407,1.1494703888161215,0.8698189292290993,0.7141327266078108
2022-06-20,20599.537109375,20599.537109375,20913.322265625,19689.169921875,20553.37109375,30818458597,0.002251010260589048,0.002248480532576946,1.1290529072576627,0.8698818328739539,0.7144414914218119
2022-06-21,20710.59765625,20710.59765625,21620.62890625,20415.0625,20594.294921875,28970212744,0.0053914098304885805,0.005376928208097346,0.8496447111633342,0.8594045568068737,0.7150318004752931
2022-06-22,19987.029296875,19987.029296875,20835.75,19848.078125,20719.4140625,28574793478,-0.034937106663198714,-0.03556200532463169,0.8923866285867288,0.8477893867097077,0.7167501480366697
2022-06-23,21085.876953125,21085.876953125,21135.76171875,19950.1171875,19986.607421875,26188097173,0.05497803800296652,0.053519949652552336,0.712650930107876,0.8877981649786303,0.7286892122141083
2022-06-24,21231.65625,21231.65625,21472.91796875,20777.51171875,21084.6484375,24957784918,0.006913598955313738,0.006889809613761697,0.5019694390945547,0.8886690943758734,0.7259185875304502
2022-06-25,21502.337890625,21502.337890625,21520.9140625,20964.5859375,21233.609375,18372538715,0.012748964915301864,0.01266838104662478,0.5018671728547928,0.8923634337995731,0.7202318376928668
2022-06-26,21027.294921875,21027.294921875,21783.724609375,21016.26953125,21496.494140625,18027170497,-0.02209261947079333,-0.02234031636729734,0.5493375241735189,0.8594693400993986,0.7161587760756444
2022-06-27,20735.478515625,20735.478515625,21478.08984375,20620.19921875,21028.23828125,20965695707,-0.013877981325425726,-0.013975180844796839,0.46933536186245767,0.8584015670255203,0.7144565961898518
2022-06-28,20280.634765625,20280.634765625,21164.423828125,20228.8125,20731.544921875,21381535161,-0.02193553187871977,-0.022179692795419582,0.2621786303302721,0.8575768604541016,0.7137750473328286
2022-06-29,20104.0234375,20104.0234375,20364.15625,19937.791015625,20281.169921875,23552740328,-0.008708372798288844,-0.00874651225988825,0.22834943853866257,0.8564173233155805,0.7132916681962203
2022-06-30,19784.7265625,19784.7265625,20141.16015625,18729.65625,20108.3125,26267239923,-0.01588223750298734,-0.016009711756282033,0.09153238598884696,0.8547783675867694,0.7105675932024618
2022-07-01,19269.3671875,19269.3671875,20632.671875,19073.708984375,19820.470703125,30767551159,-0.02604834458398897,-0.02639361166796203,0.11005542321674647,0.8549012442845502,0.7107522828880427
2022-07-02,19242.255859375,19242.255859375,19371.748046875,19027.08203125,19274.8359375,18100418740,-0.0014069651515379311,-0.0014079558563739067,0.1599741436915653,0.8444819432352036,0.710806537289364
2022-07-03,19297.076171875,19297.076171875,19558.26953125,18966.951171875,19242.095703125,16390821947,0.002848954556089245,0.0028449039765122944,0.18533728675131422,0.6067194906712788,0.6998242263358773
2022-07-04,20231.26171875,20231.26171875,20258.748046875,19063.06640625,19297.314453125,21594638208,0.04841073013105235,0.04727542718300751,0.4482978035617581,0.6367320192526876,0.6947687952890175
2022-07-05,20190.115234375,20190.115234375,20635.466796875,19341.232421875,20225.353515625,26715546990,-0.0020338071321012174,-0.002035878126304793,0.4247380460079947,0.6320137866259141,0.6948770067565582
2022-07-06,20548.24609375,20548.24609375,20595.529296875,19823.51171875,20194.619140625,24598943708,0.017737930428710857,0.017582449257883936,0.3303735205853631,0.5229302752671304,0.6970096900372074
2022-07-07,21637.587890625,21637.587890625,21771.81640625,20296.103515625,20547.814453125,25814972520,0.053013857820514154,0.05165639338861742,0.39461633906602306,0.5537141940725053,0.7046292410084434
2022-07-08,21731.1171875,21731.1171875,22314.94140625,21257.453125,21637.154296875,49899834488,0.004322538045727464,0.0043132227124235666,0.38989215491043605,0.4744572649874358,0.66697018505164
2022-07-09,21592.20703125,21592.20703125,21877.138671875,21445.95703125,21716.828125,29641127858,-0.006392223420980114,-0.0064127411638449485,0.37175725838358104,0.3947951088177389,0.6641852103894959
2022-07-10,20860.44921875,20860.44921875,21591.080078125,20727.123046875,21591.080078125,28688807249,-0.03388990349346599,-0.03447747972502637,0.5027854133987083,0.4160162794892144,0.6536347039869107
2022-07-11,19970.556640625,19970.556640625,20856.353515625,19924.5390625,20856.353515625,24150249025,-0.04265931997884009,-0.04359596339476734,0.5968675535759154,0.44398333529589473,0.657968649053605
2022-07-12,19323.9140625,19323.9140625,20043.4453125,19308.53125,19970.474609375,25810220018,-0.03237979740682695,-0.03291562138901987,0.3248135714545171,0.4414076891508496,0.6595197203533076
2022-07-13,20212.07421875,20212.07421875,20223.052734375,18999.953125,19325.97265625,33042430345,0.04596171114078618,0.044936759944821686,0.5714239544623717,0.42801806339913673,0.6643453877667909
2022-07-14,20569.919921875,20569.919921875,20789.89453125,19689.2578125,20211.466796875,31158743333,0.017704551212910147,0.017549651263241726,0.6163288638091539,0.4326405150101115,0.6594242403742764
2022-07-15,20836.328125,20836.328125,21138.244140625,20397.0,20573.15625,25905575359,0.012951348577769028,0.012868197042892807,0.5873928071584777,0.43272838708511496,0.6552704556719003
2022-07-16,21190.31640625,21190.31640625,21514.404296875,20518.8984375,20834.103515625,24302954056,0.01698899533192111,0.016846296291970084,0.4459846872051881,0.4301341097911393,0.6549869549260517
2022-07-17,20779.34375,20779.34375,21600.640625,20778.1796875,21195.041015625,22927802083,-0.01939436147960416,-0.01958489970974724,0.3642189804266003,0.4330691643402437,0.6467537805195813
2022-07-18,22485.689453125,22485.689453125,22633.033203125,20781.912109375,20781.912109375,39974475562,0.08211740099467768,0.07891967823012867,0.5666441260932757,0.506527213790428,0.6584323892110254
2022-07-19,23389.43359375,23389.43359375,23666.962890625,21683.40625,22467.849609375,48765202697,0.0401919693193753,0.03940528200341783,0.5785998909981706,0.5177071267925281,0.6610825841900109
2022-07-20,23231.732421875,23231.732421875,24196.818359375,23009.94921875,23393.19140625,42932549127,-0.006742410894342465,-0.006765243636369361,0.6212299292232278,0.5131429113831717,0.6606669739513178
2022-07-21,23164.62890625,23164.62890625,23388.322265625,22431.1484375,23233.201171875,33631012204,-0.0028884421706671937,-0.0028926217700481673,0.6463707232830678,0.4988134029904216,0.656912956372902
2022-07-22,22714.978515625,22714.978515625,23671.927734375,22603.416015625,23163.751953125,31421555646,-0.01941107679491816,-0.019601945764881813,0.6464328714318714,0.5080432427631473,0.6532313601791864
2022-07-23,22465.478515625,22465.478515625,22977.2109375,22002.91015625,22706.984375,24021799169,-0.010983941711781742,-0.011044710597189035,0.3648523668186286,0.5123934751644108,0.6515955446004785
2022-07-24,22609.1640625,22609.1640625,22974.001953125,22306.83984375,22465.509765625,23565495303,0.006395837363315726,0.006375470790258249,0.1528345440354957,0.49049055992350304,0.6519801184232485
2022-07-25,21361.701171875,21361.701171875,22649.12109375,21361.642578125,22607.15625,35574561406,-0.05517510011323534,-0.056755659782032404,0.3862389873717573,0.5378929001279312,0.6606567550366466
2022-07-26,21239.75390625,21239.75390625,21361.12109375,20776.81640625,21361.12109375,28624673855,-0.005708686992848544,-0.0057250438268413185,0.3802989694622269,0.5357674191976839,0.6597245944625508
2022-07-27,22930.548828125,22930.548828125,22986.529296875,21070.806640625,21244.169921875,31758955233,0.0796052030234431,0.07659542154936112,0.7640252582104217,0.5726790925540808,0.6802512026920585
2022-07-28,23843.88671875,23843.88671875,24110.470703125,22722.265625,22933.640625,40212386158,0.0398306162434614,0.03905783089201425,0.7928441507015155,0.5869179223726284,0.6839568669616729
2022-07-29,23804.6328125,23804.6328125,24294.787109375,23481.173828125,23845.212890625,35887249746,-0.0016462880701044735,-0.001647644691440151,0.7983987970924825,0.585970803990554,0.6643337455013691
2022-07-30,23656.20703125,23656.20703125,24572.580078125,23580.5078125,23796.818359375,28148218301,-0.006235163651508224,-0.006254683466181995,0.5824629630833359,0.5691529827926427,0.6641854976059055
2022-07-31,23336.896484375,23336.896484375,24121.642578125,23275.703125,23652.0703125,23553591896,-0.013497960448739299,-0.013589886059606543,0.6068565728664169,0.5436672862649862,0.6526808875024805
2022-08-01,23314.19921875,23314.19921875,23464.787109375,22890.796875,23336.71875,25849159141,-0.0009725914343493569,-0.0009730647082914476,0.3270610233772661,0.5233933586419947,0.6504234268829371
2022-08-02,22978.1171875,22978.1171875,23415.041015625,22710.083984375,23308.43359375,28389250717,-0.014415336683737068,-0.01452024708261338,0.10186914403116622,0.5122630877701612,0.6493134043815226
2022-08-03,22846.5078125,22846.5078125,23578.650390625,22747.8359375,22981.302734375,26288169966,-0.0057275961266136655,-0.005744061707541017,0.09085973093619143,0.5122196450598093,0.6490718040074493
2022-08-04,22630.95703125,22630.95703125,23198.009765625,22485.701171875,22848.21484375,25120229769,-0.009434736504108754,-0.009479525568520927,0.08934501118090374,0.5139500392186154,0.6489899327157197
2022-08-05,23289.314453125,23289.314453125,23422.828125,22612.177734375,22626.833984375,28881249043,0.029091011085651708,0.028675899088160428,0.26987995543883103,0.5195169633616418,0.6435523865663043
2022-08-06,22961.279296875,22961.279296875,23326.5625,22961.279296875,23291.423828125,15978259885,-0.014085221654344782,-0.014185359813054537,0.28735624477294747,0.5165110644580778,0.6438193051925796
2022-08-07,23175.890625,23175.890625,23359.009765625,22894.556640625,22963.505859375,15886817043,0.009346662498644243,0.009303252730044901,0.277037236417749,0.4374128436188114,0.6422442635981805
2022-08-08,23809.486328125,23809.486328125,24203.689453125,23176.546875,23179.52734375,28575544847,0.02733856978257987,0.02697154534457858,0.3161483214463828,0.42518209224750975,0.645458386248317
2022-08-09,23164.318359375,23164.318359375,23898.615234375,22982.0,23811.484375,23555719219,-0.02709709734425869,-0.02747099349637511,0.3955649438153369,0.4363328996218668,0.644145741083046
2022-08-10,23947.642578125,23947.642578125,24127.4140625,22771.51953125,23162.8984375,32837431722,0.033815983988709775,0.03325679505388167,0.4139948166218356,0.45190418921611153,0.646986238917376
2022-08-11,23957.529296875,23957.529296875,24822.62890625,23900.99609375,23948.345703125,37127036580,0.00041284726535173455,0.00041276206736784357,0.3818188554716394,0.44494420203435436,0.6366999769894801
2022-08-12,24402.818359375,24402.818359375,24412.56640625,23657.265625,23957.203125,27265804688,0.018586602023192844,0.018415982056898608,0.3884576708867329,0.4451954785839256,0.5271052359854844
2022-08-13,24424.068359375,24424.068359375,24860.05078125,24346.115234375,24402.1875,22987346289,0.0008708010561344626,0.0008704221288590054,0.3611973476413089,0.4452570363969391,0.5263085201677575
2022-08-14,24319.333984375,24319.333984375,24974.9140625,24206.259765625,24429.056640625,22994133555,-0.004288162539464846,-0.0042973830773317305,0.24986935196466475,0.3854584929237696,0.5255352297582635
2022-08-15,24136.97265625,24136.97265625,25135.58984375,23839.775390625,24318.31640625,35123501685,-0.007498615226969818,-0.00752687118445491,0.15929869829558543,0.38626762632247946,0.47984727003588645
2022-08-16,23883.291015625,23883.291015625,24228.416015625,23733.5,24126.13671875,27753685646,-0.010510085263709001,-0.010565706274135412,0.18181943963579844,0.28742716874023333,0.48061620564727353
2022-08-17,23335.998046875,23335.998046875,24407.05859375,23243.353515625,23881.31640625,30931623076,-0.02291530796119967,-0.023181944883864696,0.14315055247571876,0.2651423765382757,0.45696799605208643
2022-08-18,23212.73828125,23212.73828125,23563.83203125,23177.6015625,23341.0390625,23747613147,-0.005281958173694035,-0.005295957030778942,0.12159740485858876,0.26556253114864586,0.43024544398717485
2022-08-19,20877.552734375,20877.552734375,23213.3125,20868.84765625,23213.3125,40509610260,-0.10059931398792521,-0.10602664190168617,0.67900459582646,0.4573522336974488,0.4838862874926723
2022-08-20,21166.060546875,21166.060546875,21350.806640625,20856.73046875,20872.841796875,27595671000,0.013819043648011897,0.013724431302661714,0.7384951695158374,0.46179183083002967,0.48456793273586796
2022-08-21,21534.12109375,21534.12109375,21668.845703125,21103.197265625,21160.392578125,23102307723,0.01738918520335342,0.017239723512555944,0.7995988262197666,0.46831568779027255,0.47990824987374825
2022-08-22,21398.908203125,21398.908203125,21531.462890625,20939.18359375,21531.462890625,31666498758,-0.006279006699941081,-0.006298802571622582,0.805271212637184,0.4667661707226778,0.46757597653632077
2022-08-23,21528.087890625,21528.087890625,21646.203125,20955.138671875,21401.044921875,31878280659,0.006036741981122917,0.0060185938546632,0.81980002840407,0.4679022998308626,0.46752650608212876
2022-08-24,21395.01953125,21395.01953125,21783.076171875,21195.005859375,21526.455078125,31962253368,-0.006181150878381003,-0.00620033327852915,0.1739003503703777,0.46744196849804404,0.4669814400035636
2022-08-25,21600.904296875,21600.904296875,21789.63671875,21362.44140625,21395.458984375,31028679593,0.009623023027591993,0.009577016652955654,0.1627732516577839,0.45513468356105136,0.465061208844831
2022-08-26,20260.01953125,20260.01953125,21804.908203125,20199.482421875,21596.0859375,42326789564,-0.06207539958496022,-0.06408571655966329,0.474187208180206,0.5023126339952677,0.4827035052467013
2022-08-27,20041.73828125,20041.73828125,20340.775390625,19890.5234375,20262.48046875,30116729776,-0.010773990107132536,-0.010832449813926528,0.47171989523695457,0.4991141585855158,0.4810727704115764
2022-08-28,19616.814453125,19616.814453125,20139.0546875,19616.814453125,20041.03515625,24366810591,-0.021201944769558057,-0.0214299343072556,0.4408563776052922,0.4844342553182876,0.4827348317117446
2022-08-29,20297.994140625,20297.994140625,20357.462890625,19600.78515625,19615.154296875,32637854078,0.03472427641744291,0.034134991629983055,0.5825300058974636,0.5034198436054664,0.486735134629602
2022-08-30,19796.80859375,19796.80859375,20542.64453125,19617.640625,20298.611328125,34483360283,-0.024691382971281484,-0.02500132778356697,0.558579448855101,0.4843504806904459,0.48641571308265075
2022-08-31,20049.763671875,20049.763671875,20420.990234375,19799.58203125,19799.58203125,33225232872,0.012777568511970205,0.012696624168793951,0.39736136972962954,0.4896247151179932,0.48704406730435645
2022-09-01,20127.140625,20127.140625,20198.390625,19653.96875,20050.498046875,30182031010,0.0038592451457939436,0.0038518173635346637,0.390616991521963,0.4815087389601486,0.48706750947609406
2022-09-02,19969.771484375,19969.771484375,20401.568359375,19814.765625,20126.072265625,29123998928,-0.007818752974256604,-0.007849479691159277,0.3517841294289011,0.47997871579323853,0.47756275591086145
2022-09-03,19832.087890625,19832.087890625,20037.009765625,19698.35546875,19969.71875,23613051457,-0.006894600364241943,-0.006918477935497839,0.22488431275056184,0.47965086154973213,0.47774698733530396
2022-09-04,19986.712890625,19986.712890625,19999.689453125,19636.81640625,19832.470703125,25245861652,0.007796708085036963,0.007766470822269511,0.14366421523281894,0.4838344151179085,0.47659998400199466
2022-09-05,19812.37109375,19812.37109375,20031.16015625,19673.046875,19988.7890625,28813460025,-0.008722884940063236,-0.008761151996171085,0.12116172898292335,0.4838208268002556,0.46430597846738986
2022-09-06,18837.66796875,18837.66796875,20155.26953125,18800.171875,19817.724609375,43403978910,-0.04919669232863699,-0.0504480646723607,0.3473209638081615,0.503446907281099,0.4748370621530014
2022-09-07,19290.32421875,19290.32421875,19427.171875,18644.466796875,18837.68359375,35239757134,0.024029314602578067,0.02374515374913594,0.438645592663821,0.5179322533370455,0.47775682881042236
2022-09-08,19329.833984375,19329.833984375,19417.3515625,19076.71484375,19289.94140625,32194477850,0.0020481649337233954,0.00204607030353663,0.44324441002547443,0.37147772867077167,0.47295195183497896
2022-09-09,21381.15234375,21381.15234375,21439.41015625,19310.962890625,19328.140625,48469528171,0.10612188190716765,0.10086009766789074,0.8857369242211134,0.5237241394809793,0.5090159601698436
2022-09-10,21680.5390625,21680.5390625,21760.275390625,21168.72265625,21376.912109375,36913738894,0.014002365912589188,0.01390523841339878,0.8642219979296019,0.5224432081555821,0.5046627824306327
2022-09-11,21769.255859375,21769.255859375,21770.552734375,21406.9453125,21678.54296875,34493951963,0.004092001431295067,0.004083651963045384,0.6529158121029232,0.5219933639984722,0.4966702958297012
2022-09-12,22370.44921875,22370.44921875,22439.181640625,21603.896484375,21770.1484375,50212088965,0.027616624254801714,0.027242163871664303,0.6516377075750497,0.5301490133734522,0.49842410902813333
2022-09-13,20296.70703125,20296.70703125,22673.8203125,20062.669921875,22371.48046875,51091116622,-0.09270006906083372,-0.09728219892342403,1.1256439388328754,0.6365559897211642,0.5372088113455665
2022-09-14,20241.08984375,20241.08984375,20467.201171875,19793.396484375,20184.5546875,37872380889,-0.0027402074343571003,-0.0027439686753737906,0.7866704455984741,0.6349212885473433,0.5360156796562405
2022-09-15,19701.2109375,19701.2109375,20318.166015625,19636.734375,20242.2890625,36389011503,-0.026672422800232853,-0.02703458624126178,0.7583297634987249,0.6005264275165345,0.5373487090847627
2022-09-16,19772.583984375,19772.583984375,19870.62890625,19400.076171875,19704.005859375,30123362273,0.003622774615297697,0.0036162281734326176,0.7574343959056011,0.599705474563981,0.5110991154421236
2022-09-17,20127.576171875,20127.576171875,20162.53125,19777.033203125,19777.033203125,24957448100,0.017953757980268437,0.017794492715736767,0.7230990642041859,0.5978615636073498,0.505483616229028
2022-09-18,19419.505859375,19419.505859375,20127.234375,19387.4921875,20127.234375,31254779144,-0.035179114785287124,-0.03581280604750071,0.35142325839807736,0.5984438044061517,0.5100147431907905
2022-09-19,19544.12890625,19544.12890625,19639.48046875,18390.318359375,19418.572265625,40177002624,0.006417415961943007,0.006396912022913548,0.36705062898275354,0.5929385231832042,0.5103773078568651
2022-09-20,18890.7890625,18890.7890625,19602.45703125,18813.455078125,19545.591796875,36791346508,-0.033428956945789956,-0.03400047754708742,0.3933817216299853,0.6021037736265007,0.5132429537885002
2022-09-21,18547.400390625,18547.400390625,19674.630859375,18290.314453125,18891.283203125,46363793975,-0.018177571658806957,-0.018344813515223775,0.38184202806279455,0.6039172089799897,0.5139448438072568
2022-09-22,19413.55078125,19413.55078125,19456.91015625,18415.591796875,18534.650390625,41135767926,0.04669928789927913,0.045641677549128984,0.5405661055064216,0.6288320300592496,0.5232828311259238
2022-09-23,19297.638671875,19297.638671875,19464.671875,18617.552734375,19412.400390625,38896078052,-0.005970680514919002,-0.00598857629671097,0.47917516951861816,0.6287326938085719,0.5110163141641086
2022-09-24,18937.01171875,18937.01171875,19310.197265625,18861.974609375,19296.990234375,26149643168,-0.01868762076318642,-0.018864440709329067,0.487239655879349,0.6307055435131365,0.5121672297215535
2022-09-25,18802.09765625,18802.09765625,19134.732421875,18696.46875,18936.310546875,23359966112,-0.007124358610731463,-0.007149858037088313,0.42433633282760175,0.6305259896017976,0.4853943484209725
2022-09-26,19222.671875,19222.671875,19274.873046875,18721.28515625,18803.900390625,44148798321,0.022368473265013344,0.022121968157295297,0.41696112878288427,0.6097901744415055,0.48029481691089154
2022-09-27,19110.546875,19110.546875,20338.455078125,18915.66796875,19221.83984375,58571439619,-0.005832956039052206,-0.005850034170169328,0.24035107304658915,0.6041796710988712,0.48029942084376814
2022-09-28,19426.720703125,19426.720703125,19688.34375,18553.296875,19104.62109375,53071298734,0.016544467837213528,0.016409099157190264,0.27391708659800845,0.6071164060956119,0.4820193384543992
2022-09-29,19573.05078125,19573.05078125,19589.265625,18924.353515625,19427.779296875,41037843771,0.007532412719634118,0.007504185755091534,0.20728684892486662,0.47880448457257807,0.48203135699497107
2022-09-30,19431.7890625,19431.7890625,20109.849609375,19265.662109375,19573.431640625,43975248085,-0.0072171538473359,-0.007243323491751529,0.2076783294807508,0.4739305047225502,0.48209383385103544
2022-10-01,19312.095703125,19312.095703125,19471.154296875,19231.08203125,19431.10546875,18719537670,-0.0061596674907298254,-0.006178716506548767,0.16764869724072357,0.4725832838998237,0.48154788893739314
2022-10-02,19044.107421875,19044.107421875,19370.30859375,18970.62109375,19311.849609375,20765955327,-0.013876706359042923,-0.013973887936277964,0.19588419005354676,0.4565173773299476,0.4820508284533863
2022-10-03,19623.580078125,19623.580078125,19653.54296875,19025.2265625,19044.068359375,30484729489,0.030427924155919772,0.0299741763073446,0.27727553181089604,0.3335205684304381,0.4865576815271074
2022-10-04,20336.84375,20336.84375,20380.34375,19523.83984375,19623.583984375,35887278685,0.036347275524413414,0.035702295702777984,0.3693968449967185,0.3588615463053659,0.4886814499652156
2022-10-05,20160.716796875,20160.716796875,20343.748046875,19801.80078125,20335.900390625,33223790572,-0.008660486125090072,-0.00869820607502516,0.3732184379535276,0.3460544873922309,0.4882386759643786
2022-10-06,19955.443359375,19955.443359375,20408.392578125,19900.087890625,20161.0390625,34711412966,-0.01018185214187517,-0.010234041758595132,0.3834597469869523,0.34823226273982694,0.48791976286368444
2022-10-07,19546.849609375,19546.849609375,20041.0859375,19395.79296875,19957.55859375,29227315390,-0.02047530303595302,-0.02068782806747579,0.40826341274715316,0.34961442758779127,0.4853964425900824
2022-10-08,19416.568359375,19416.568359375,19601.6953125,19299.4140625,19546.328125,16437423167,-0.006665076603316944,-0.0066873874171619555,0.3464556137639114,0.32616104703678495,0.482835811774763
2022-10-09,19446.42578125,19446.42578125,19542.5390625,19349.259765625,19417.478515625,16837262532,0.0015377290838616275,0.0015365479891413887,0.12664230987393146,0.3253505290597386,0.4770197637872639
2022-10-10,19141.484375,19141.484375,19515.466796875,19102.978515625,19446.416015625,27425022774,-0.01568110303046133,-0.01580535214708789,0.1354799912380115,0.30616168993612497,0.47761347524052844
2022-10-11,19051.41796875,19051.41796875,19241.9609375,18925.603515625,19139.0,28711532910,-0.00470529894576166,-0.004716403712704758,0.14137766879854388,0.2986721664425684,0.47537759491253223
2022-10-12,19157.4453125,19157.4453125,19203.19921875,19029.7578125,19052.646484375,24950173846,0.005565325579645286,0.005549896374470987,0.13016914911610267,0.24968790099653573,0.47568429790493855
2022-10-13,19382.904296875,19382.904296875,19453.328125,18319.822265625,19156.966796875,44219840004,0.011768739552548313,0.011700026522297709,0.16677761435923688,0.25256297115466275,0.47677701086474816
2022-10-14,19185.65625,19185.65625,19889.146484375,19115.408203125,19382.533203125,38452356727,-0.010176392755898878,-0.010228526229371489,0.1788818973556505,0.2456741860963036,0.4768997956774933
2022-10-15,19067.634765625,19067.634765625,19212.541015625,19019.25,19185.4375,16192235532,-0.0061515479500473536,-0.006170546675591737,0.14411009224389276,0.24528597757910786,0.4767195392541424
2022-10-16,19268.09375,19268.09375,19389.603515625,19068.9140625,19068.9140625,17988916650,0.010513049302600663,0.010458171486817167,0.15758696058866017,0.23505708445627574,0.47584796538249374
2022-10-17,19550.7578125,19550.7578125,19635.802734375,19173.333984375,19268.5625,27472552998,0.014670058500208416,0.014563494131467007,0.18072831907102183,0.23931305256990845,0.4772115908689782
2022-10-18,19334.416015625,19334.416015625,19666.994140625,19144.76953125,19550.466796875,30580012344,-0.011065647631146036,-0.011127327349328565,0.19226017858978148,0.23594623533012413,0.426524507545873
2022-10-19,19139.53515625,19139.53515625,19348.416015625,19127.6875,19335.02734375,22425387184,-0.010079479991405349,-0.010130621895940859,0.1919491090766033,0.23657409184591374,0.42574132926129676
2022-10-20,19053.740234375,19053.740234375,19315.19921875,18971.458984375,19138.0859375,24493974420,-0.004482602172654282,-0.004492679159130498,0.18916551332414863,0.2358301066405917,0.42394272953298934
2022-10-21,19172.46875,19172.46875,19237.384765625,18770.970703125,19053.203125,32459287866,0.006231244583192241,0.00621191065339352,0.17612187095810633,0.2363098736245191,0.42418112408135844
2022-10-22,19208.189453125,19208.189453125,19248.068359375,19132.244140625,19172.380859375,16104440957,0.0018631248583989013,0.0018613913940529582,0.1193722139396062,0.23083441989594602,0.4239380277913006
2022-10-23,19567.0078125,19567.0078125,19646.65234375,19124.197265625,19207.734375,22128794335,0.018680488353712166,0.01850815095417208,0.17368236051420374,0.2143707669611265,0.42588730810171477
2022-10-24,19345.572265625,19345.572265625,19589.125,19206.32421875,19567.76953125,30202235805,-0.011316781236911488,-0.011381303255268389,0.17949297483387527,0.17063557599382584,0.42572731061100905
2022-10-25,20095.857421875,20095.857421875,20348.412109375,19261.447265625,19344.96484375,47761524910,0.03878330120960949,0.038050125599863024,0.29643619432137264,0.2212795684918942,0.41321525614831595
2022-10-26,20770.44140625,20770.44140625,20938.134765625,20076.1171875,20092.236328125,58895950537,0.03356831063305088,0.033017194358947406,0.33030032936706155,0.24693815884284695,0.4181097269539304
2022-10-27,20285.8359375,20285.8359375,20854.044921875,20255.373046875,20772.802734375,49625110402,-0.0233314959115013,-0.023607984321621485,0.4326669515076289,0.2506859231105767,0.4186232938136021
2022-10-28,20595.3515625,20595.3515625,20724.98046875,20086.068359375,20287.95703125,43994715910,0.015257721000682789,0.015142492579417856,0.4295957441010304,0.2527865096184797,0.41389980812836286
2022-10-29,20818.4765625,20818.4765625,20988.39453125,20566.484375,20595.103515625,40369840645,0.01083375534148523,0.010775490653264773,0.3859043724055267,0.254226042708301,0.41106448737138346
2022-10-30,20635.603515625,20635.603515625,20917.005859375,20547.462890625,20817.982421875,31486345556,-0.008784170461560437,-0.008822978719624204,0.34871822722005574,0.24836742904899678,0.4107787420387189
2022-10-31,20495.7734375,20495.7734375,20795.3203125,20287.458984375,20633.6953125,45668466815,-0.006776156462742766,-0.006799218852899474,0.24991318552471325,0.2494178138395586,0.4109852281065051
2022-11-01,20485.2734375,20485.2734375,20647.2890625,20359.845703125,20494.8984375,39819303159,-0.0005123007449325812,-0.0005124320157945651,0.16848686871369833,0.24973468836128143,0.4106385538887065
2022-11-02,20159.50390625,20159.50390625,20742.810546875,20087.134765625,20482.958984375,55552169483,-0.015902620594443806,-0.01603042401585493,0.15991546376188367,0.2567389978677963,0.41175759768940146
2022-11-03,20209.98828125,20209.98828125,20382.095703125,20086.240234375,20162.689453125,43228750179,0.0025042468919260763,0.002501116490787244,0.11545285270881513,0.2526648656041389,0.41148962301924447
2022-11-04,21147.23046875,21147.23046875,21209.560546875,20188.01953125,20208.76953125,64072727950,0.0463751969796804,0.04533199824767065,0.3760575005160435,0.292024223851035,0.4212828687849638
2022-11-05,21282.69140625,21282.69140625,21446.88671875,21097.634765625,21144.83203125,37846047609,0.006405611254872046,0.006385182519711849,0.36159096669283763,0.29140428964834814,0.4074624819664212
2022-11-06,20926.486328125,20926.486328125,21345.376953125,20920.19140625,21285.056640625,35082693210,-0.01673684363155281,-0.01687848726805324,0.40105178074845427,0.298953604112996,0.40672173738563616
2022-11-07,20602.81640625,20602.81640625,21053.24609375,20489.97265625,20924.62109375,53510852236,-0.015466997985227438,-0.015587859865227252,0.3996508989879029,0.30222980652010517,0.40819696979784237
2022-11-08,18541.271484375,18541.271484375,20664.607421875,17603.544921875,20600.671875,118992465607,-0.10006131594948431,-0.10542864681146098,0.8786185824443457,0.4892984690679677,0.41169639212263537
2022-11-09,15880.7802734375,15880.7802734375,18590.458984375,15682.6923828125,18543.76171875,102905151606,-0.14349022466876316,-0.15488954817014716,1.1018123092098195,0.7321228666814417,0.515445547840025
2022-11-10,17586.771484375,17586.771484375,18054.3125,15834.0185546875,15883.158203125,83202283721,0.10742489862358795,0.1020374090112842,1.562824448168311,0.8310502864148117,0.5601261768447277
2022-11-11,17034.29296875,17034.29296875,17650.943359375,16543.482421875,17583.251953125,55871616488,-0.03141443647663533,-0.03191845360130116,1.5535480599947478,0.8363530987196218,0.5593538977931818
2022-11-12,16799.185546875,16799.185546875,17066.67578125,16651.775390625,17036.875,29717699419,-0.013802006476365758,-0.013898139747380939,1.5553454133650244,0.8316527427064664,0.5253762884556529
2022-11-13,16353.365234375,16353.365234375,16920.765625,16320.634765625,16799.72265625,27209183682,-0.026538209918333333,-0.026896704984698754,1.4458977194594689,0.8344010570616646,0.5276230851724812
2022-11-14,16618.19921875,16618.19921875,17109.32421875,15872.94140625,16352.0283203125,49630243054,0.016194463988263186,0.016064732404599078,0.8764488796959178,0.821720901595301,0.5268237170249421
2022-11-15,16884.61328125,16884.61328125,17051.962890625,16542.55078125,16617.484375,36599436183,0.016031463998783302,0.01590431717951544,0.364974137932182,0.8121665397422156,0.5280669857599003
2022-11-16,16669.439453125,16669.439453125,16960.294921875,16430.111328125,16884.341796875,33925512989,-0.0127437818409466,-0.012825680370738035,0.307239889607877,0.8107337373172535,0.5267350564131408
2022-11-17,16687.517578125,16687.517578125,16726.439453125,16460.68359375,16670.42578125,27868914022,0.0010845070736082985,0.0010839194206494296,0.2960534438509204,0.8065180991101264,0.5223697605422787
2022-11-18,16697.77734375,16697.77734375,16947.05859375,16564.611328125,16687.912109375,26862218609,0.0006148167681003791,0.0006146278457023498,0.19282734081145325,0.8037614504437516,0.5220821811295943
2022-11-19,16711.546875,16711.546875,16797.876953125,16570.41015625,16696.220703125,16106223492,0.0008246325823211276,0.0008242927596795972,0.1613825807806262,0.8048412863240588,0.5180049664913114
2022-11-20,16291.83203125,16291.83203125,16746.779296875,16248.6923828125,16712.919921875,21313378652,-0.025115259939095247,-0.02543603029442077,0.18753909492813747,0.8064078570679045,0.5191607121113161
2022-11-21,15787.2841796875,15787.2841796875,16291.2236328125,15599.046875,16291.2236328125,37429485518,-0.030969374751391165,-0.03145906258707414,0.2569057476768436,0.8083063483615875,0.5128458123531132
2022-11-22,16189.76953125,16189.76953125,16253.0478515625,15656.6064453125,15782.30078125,30726828760,0.025494274188105903,0.02517471508039186,0.3626981516003434,0.8194310961828439,0.5161519484008243
2022-11-23,16610.70703125,16610.70703125,16638.193359375,16170.5029296875,16195.5888671875,32958875628,0.02600021570334854,0.025667956985737504,0.42923502040827877,0.8285559753670213,0.5183426403651316
2022-11-24,16604.46484375,16604.46484375,16771.474609375,16501.767578125,16611.63671875,26129037414,-0.0003757930043709612,-0.00037586363225689277,0.42899012711036816,0.803726182973079,0.5182513807635649
2022-11-25,16521.841796875,16521.841796875,16603.31640625,16388.404296875,16602.26953125,18678255976,-0.004975953615638518,-0.004988374895103048,0.3779999599371604,0.801268485776199,0.5158182430196965
2022-11-26,16464.28125,16464.28125,16666.86328125,16416.228515625,16521.576171875,18000008764,-0.0034839061881034583,-0.0034899891216231276,0.24812134891404403,0.8017429562609275,0.5157759085893808
2022-11-27,16444.626953125,16444.626953125,16594.40625,16437.025390625,16463.8828125,20443898509,-0.0011937537130568554,-0.0011944668045808346,0.20215605750884016,0.8025140859011443,0.5142812619357319
2022-11-28,16217.322265625,16217.322265625,16482.93359375,16054.5302734375,16440.22265625,27743025156,-0.013822428939733733,-0.013918848240971523,0.08602959867095347,0.7217914828581672,0.5143259707496394
2022-11-29,16444.982421875,16444.982421875,16522.2578125,16139.396484375,16217.6396484375,23581685468,0.014038085481754337,0.01394046411034608,0.1603113774479828,0.4652441659778727,0.5154342300017317
2022-11-30,17168.56640625,17168.56640625,17190.9375,16445.4765625,16445.4765625,29523576583,0.044000289316970864,0.043059766583943886,0.35148293048423546,0.32152282441348123,0.5238569732115171
2022-12-01,16967.1328125,16967.1328125,17197.498046875,16888.388671875,17168.001953125,22895392882,-0.011732697360023692,-0.011802068595367332,0.37245181119624077,0.3034563463716474,0.5236631238708424
2022-12-02,17088.66015625,17088.66015625,17088.66015625,16877.880859375,16968.68359375,19539705127,0.007162515027905547,0.007136986045805121,0.3669447818047404,0.3000270443705546,0.5197985933787792
2022-12-03,16908.236328125,16908.236328125,17116.041015625,16888.140625,17090.09765625,16217776704,-0.010558102652595158,-0.010614234867796273,0.35525223571196796,0.2852555116874445,0.5139675978282894
2022-12-04,17130.486328125,17130.486328125,17157.767578125,16903.439453125,16908.169921875,16824520830,0.013144481522908036,0.01305884246336571,0.35443146806601417,0.2834372153981177,0.5148845928316383
2022-12-05,16974.826171875,16974.826171875,17378.15234375,16922.431640625,17128.89453125,22209086834,-0.00908673304822849,-0.009128269217154126,0.18289941553324113,0.2804984932448486,0.5148206011850837
2022-12-06,17089.50390625,17089.50390625,17091.86328125,16939.921875,16975.23828125,19889922369,0.006755753090715411,0.006733035250819497,0.1688345946231005,0.276960270486933,0.5137936318189997
2022-12-07,16848.126953125,16848.126953125,17109.376953125,16750.55859375,17089.505859375,19675404389,-0.01412428087141393,-0.014224977832437721,0.19016554846439016,0.2823563598961985,0.5143043230134204
2022-12-08,17233.474609375,17233.474609375,17267.916015625,16788.783203125,16847.349609375,20496603770,0.022871839541696026,0.022614200081039638,0.243395914099019,0.2930912291031188,0.5167952279407737
2022-12-09,17133.15234375,17133.15234375,17280.546875,17100.8359375,17232.1484375,20328426366,-0.005821360340788395,-0.005838370505888547,0.23498733631383686,0.2942705609679189,0.5160622798788876
2022-12-10,17128.724609375,17128.724609375,17216.826171875,17120.68359375,17134.220703125,12706781969,-0.00025843080632004245,-0.00025846420531521353,0.22124125775710976,0.27706047027973735,0.5160372929877525
2022-12-11,17104.193359375,17104.193359375,17245.634765625,17091.8203125,17129.7109375,14122486832,-0.0014321702613265819,-0.00143319679738864,0.21734338031406672,0.24712506919479818,0.5158124304518809
2022-12-12,17206.4375,17206.4375,17212.564453125,16899.39453125,17102.5,19617581341,0.005977723618808328,0.0059599279123048595,0.17651414407416485,0.23437822056388313,0.5153003980301829
2022-12-13,17781.318359375,17781.318359375,17930.0859375,17111.763671875,17206.44140625,26634741631,0.033410801008343594,0.03286478873072886,0.24540765203175854,0.24475409335888662,0.5199033472002484
2022-12-14,17815.650390625,17815.650390625,18318.53125,17739.513671875,17782.06640625,25534481470,0.0019307922256450727,0.0019289306421712124,0.22677346439159085,0.24441837566463095,0.5198420339834467
2022-12-15,17364.865234375,17364.865234375,17846.744140625,17322.58984375,17813.64453125,20964448341,-0.02530276169357326,-0.02562838102102438,0.3311565849552856,0.264133650877983,0.5216630414198027
2022-12-16,16647.484375,16647.484375,17505.525390625,16584.701171875,17364.546875,24031608960,-0.04131220425223303,-0.04218980898149945,0.46347255234541934,0.3078544808870941,0.5270288629941823
2022-12-17,16795.091796875,16795.091796875,16800.58984375,16614.029296875,16646.982421875,14463581825,0.008866650272798315,0.008827572352892032,0.4683273801723124,0.3091525568446883,0.5272492542699292
2022-12-18,16757.9765625,16757.9765625,16815.38671875,16697.8203125,16795.609375,10924354698,-0.0022098857704312413,-0.002212331171359141,0.3386755907065615,0.3043885457673072,0.5269996194393626
2022-12-19,16439.6796875,16439.6796875,16807.52734375,16398.13671875,16759.041015625,17221074814,-0.01899375344110854,-0.01917645189485355,0.31701167980954537,0.3092981651855469,0.5281286883208247
2022-12-20,16906.3046875,16906.3046875,17012.984375,16427.8671875,16441.787109375,22722096615,0.028384068842582266,0.027988705082472278,0.4252664846834459,0.285142790837542,0.5315305841287778
2022-12-21,16817.53515625,16817.53515625,16916.80078125,16755.912109375,16904.52734375,14882945045,-0.005250676176186131,-0.005264509420176635,0.2796102227320495,0.2827219891490965,0.5315045696294329
2022-12-22,16830.341796875,16830.341796875,16866.673828125,16592.408203125,16818.380859375,16441573050,0.0007615052090579333,0.0007612154110786702,0.27304772666100485,0.28135739213763405,0.5297907389155078
2022-12-23,16796.953125,16796.953125,16905.21875,16794.458984375,16829.64453125,15329265213,-0.001983838015767403,-0.0019858084288219657,0.27291488562114025,0.2790071175965391,0.529468654912325
2022-12-24,16847.755859375,16847.755859375,16864.703125,16793.52734375,16796.9765625,9744636213,0.003024520816182319,0.0030199561547248985,0.21067151705701542,0.27486245302576584,0.5228768866200555
2022-12-25,16841.986328125,16841.986328125,16860.5546875,16755.25390625,16847.505859375,11656379938,-0.000342451024228807,-0.0003425096739709631,0.04929389189943606,0.27310896253827516,0.5175210392316096
2022-12-26,16919.8046875,16919.8046875,16920.123046875,16812.369140625,16842.25,11886957804,0.004620497716771643,0.004609855984671537,0.041744081632991134,0.272477477171118,0.5160657937929657
2022-12-27,16717.173828125,16717.173828125,16959.845703125,16642.072265625,16919.291015625,15748580239,-0.011975957353969946,-0.012048246868378581,0.10363761340638554,0.27112935739523003,0.5149849801402373
2022-12-28,16552.572265625,16552.572265625,16768.169921875,16497.556640625,16716.400390625,17005713920,-0.009846255365429935,-0.009895050300250239,0.12053154773950088,0.2588235744517795,0.5142833876995857
2022-12-29,16642.341796875,16642.341796875,16651.755859375,16508.68359375,16552.322265625,14472237479,0.0054232979508825885,0.00540864482551941,0.12886650287512505,0.2596978903457598,0.5145192388728356
2022-12-30,16602.5859375,16602.5859375,16643.427734375,16408.474609375,16641.330078125,15929162910,-0.002388838052975517,-0.002391695878759684,0.12756634002085326,0.2596781146923454,0.5144809030623203
2022-12-31,16547.49609375,16547.49609375,16628.986328125,16517.51953125,16603.673828125,11239186456,-0.0033181483870876605,-0.003323665649558149,0.10943054057626754,0.25975257313387645,0.5144431774655689
2023-01-01,16625.080078125,16625.080078125,16630.439453125,16521.234375,16547.9140625,9244361700,0.0046885633896178724,0.00467760631157723,0.10030790895275023,0.25929348849184464,0.5140491162019398
2023-01-02,16688.470703125,16688.470703125,16759.34375,16572.228515625,16625.509765625,12097775227,0.0038129515588565255,0.003805700684704715,0.06593772326515662,0.2263073965820948,0.5141180005119408
2023-01-03,16679.857421875,16679.857421875,16760.447265625,16622.37109375,16688.84765625,13903079207,-0.000516121662866742,-0.0005162548994983624,0.057446649498050464,0.22574221688855733,0.5041248019757885
2023-01-04,16863.23828125,16863.23828125,16964.5859375,16667.763671875,16680.205078125,18421743322,0.010994150293785143,0.010934153962035356,0.08647615423141755,0.21480646072208842,0.5046092954136039
2023-01-05,16836.736328125,16836.736328125,16884.021484375,16790.283203125,16863.47265625,13692758566,-0.0015715814888571655,-0.0015728177184386805,0.07881687063831426,0.1518273589146707,0.5038996395839258
2023-01-06,16951.96875,16951.96875,16991.994140625,16716.421875,16836.47265625,14413662913,0.006844106816741524,0.006820792235553174,0.08228529413222374,0.15054056861420878,0.5037199103957248
2023-01-07,16955.078125,16955.078125,16975.017578125,16914.19140625,16952.1171875,7714767174,0.00018342264818071996,0.00018340582830352,0.08644427891487427,0.15021532949891245,0.4565057841557395
2023-01-08,17091.14453125,17091.14453125,17091.14453125,16924.05078125,16954.146484375,9768827914,0.008025112314249405,0.00799308234902105,0.08467500560670135,0.13275458682200797,0.32616966839225897
2023-01-09,17196.5546875,17196.5546875,17389.95703125,17093.9921875,17093.9921875,18624736866,0.006167530562816603,0.006148589187306557,0.06832691470641082,0.09243741153368325,0.24985258425275508
2023-01-10,17446.29296875,17446.29296875,17484.720703125,17162.990234375,17192.94921875,15808338949,0.014522576515372032,0.014418133870887372,0.0806224491024515,0.10115817325069522,0.24281262083866145
2023-01-11,17934.896484375,17934.896484375,17934.896484375,17337.994140625,17446.359375,18372283782,0.02800615102017323,0.02762115049773119,0.16595323890342176,0.13622802766227082,0.24723991648044855
2023-01-12,18869.587890625,18869.587890625,19030.087890625,17995.203125,18117.59375,34971338710,0.052115795988246116,0.05080318049018759,0.2931789012652181,0.21549707893581446,0.2605916087901483
2023-01-13,19909.57421875,19909.57421875,19964.322265625,18753.1640625,18868.90625,29225029694,0.05511441660269112,0.053649212803668606,0.3374972880419289,0.2738237597450002,0.2797012803839165
2023-01-14,20976.298828125,20976.298828125,21075.142578125,19907.828125,19910.537109375,38967784639,0.05357847423830919,0.052192440560842025,0.28163126389190973,0.3124773583710306,0.29624317964506985
2023-01-15,20880.798828125,20880.798828125,20993.748046875,20606.986328125,20977.484375,19298407543,-0.004552757413617381,-0.0045631527773636734,0.39752734681662427,0.31662492402933473,0.2947647147298057
2023-01-16,21169.6328125,21169.6328125,21360.875,20715.74609375,20882.224609375,26792494050,0.013832516023570829,0.013737719952276949,0.42696115690013053,0.30527745904393905,0.2954151211700592
2023-01-17,21161.51953125,21161.51953125,21438.66015625,20978.533203125,21175.833984375,24999983362,-0.00038325091993141047,-0.00038332437933474676,0.4478639374685666,0.29809181510620775,0.2954705384840103
2023-01-18,20688.78125,20688.78125,21564.501953125,20541.544921875,21161.05078125,30005625418,-0.022339524368838015,-0.02259283115330066,0.44543552366606737,0.32224779707895135,0.300384609743445
2023-01-19,21086.79296875,21086.79296875,21163.01171875,20685.380859375,20686.74609375,21152848261,0.019238045679950355,0.019055334102897954,0.2605687749940355,0.3195117225809849,0.2958464772238853
2023-01-20,22676.552734375,22676.552734375,22692.357421875,20919.126953125,21085.373046875,28799154319,0.07539125404137925,0.0726845526110478,0.5603588830226718,0.3795749258893964,0.3182226815577141
2023-01-21,22777.625,22777.625,23282.34765625,22511.833984375,22677.427734375,32442278429,0.004457126566322689,0.004447222994453112,0.5670856564877222,0.379664968766036,0.3157234226774041
2023-01-22,22720.416015625,22720.416015625,23056.73046875,22387.900390625,22777.986328125,24746386230,-0.002511630794474806,-0.002514790230431855,0.5708331098761946,0.38294946582471173,0.3133808462022971
2023-01-23,22934.431640625,22934.431640625,23126.486328125,22654.3046875,22721.087890625,26518700512,0.009419529327844067,0.00937544219856928,0.478635668339966,0.37907745594707676,0.31327427274158703
2023-01-24,22636.46875,22636.46875,23134.01171875,22549.744140625,22929.626953125,26405069715,-0.012991945703908492,-0.013077079200906103,0.5361177460652456,0.3926078703541135,0.3148526288138362
2023-01-25,23117.859375,23117.859375,23722.099609375,22406.076171875,22639.267578125,30685366709,0.021266153759075257,0.021043184701323544,0.2029096890864523,0.38834323791832537,0.315957005698859
2023-01-26,23032.77734375,23032.77734375,23237.078125,22911.373046875,23108.955078125,26357839322,-0.003680359408276712,-0.003687148593844675,0.20952329844688294,0.3933434699250082,0.31622905363519627
2023-01-27,23078.728515625,23078.728515625,23417.720703125,22654.59375,23030.716796875,25383335641,0.0019950339114214177,0.001993046474165044,0.20550029109012838,0.3924709186277392,0.31370211427041056
2023-01-28,23031.08984375,23031.08984375,23165.896484375,22908.845703125,23079.96484375,14712928379,-0.0020641809553220147,-0.002066314313093378,0.19955920372099603,0.3965973727550313,0.313660715908776
2023-01-29,23774.56640625,23774.56640625,23919.890625,22985.0703125,23031.44921875,27423687259,0.03228143207915801,0.03177133538504421,0.250093955570171,0.39950455403937785,0.3087188455578123
2023-01-30,22840.138671875,22840.138671875,23789.34765625,22657.58203125,23774.6484375,27205595568,-0.03930367092328346,-0.040096914665951826,0.40548438913747714,0.44678824379059445,0.3206771820789287
2023-01-31,23139.283203125,23139.283203125,23225.021484375,22765.568359375,22840.796875,22837828665,0.013097316769725253,0.013012288539514132,0.4192857745908914,0.44364943222495284,0.32107381779418104
2023-02-01,23723.76953125,23723.76953125,23764.5390625,22877.75,23137.8359375,26683255504,0.025259482888651652,0.024945734590003956,0.4532638337987196,0.4232505913389072,0.32193242117312004
2023-02-02,23471.87109375,23471.87109375,24167.2109375,23468.595703125,23720.82421875,32066936882,-0.01061797692681965,-0.010674749877368259,0.46626628568974865,0.39907966379575405,0.32326939820644546
2023-02-03,23449.322265625,23449.322265625,23678.103515625,23279.955078125,23469.412109375,27083066007,-0.0009606745041729203,-0.000961136247671562,0.39497685354593404,0.3645241748154214,0.3221493355473875
2023-02-04,23331.84765625,23331.84765625,23556.94921875,23291.794921875,23446.3203125,15639298538,-0.005009723012217249,-0.0050223137428644544,0.2301763319348819,0.364697107506365,0.3228393318441868
2023-02-05,22955.666015625,22955.666015625,23423.435546875,22841.759765625,23332.248046875,19564262605,-0.01612309690031044,-0.016254488231275857,0.25273658542272365,0.3712460828974962,0.3233869428718966
2023-02-06,22760.109375,22760.109375,23119.279296875,22692.025390625,22954.021484375,23825006542,-0.008518883333286542,-0.008555376421285297,0.09173641771768475,0.3736657760054015,0.3225073356218743
2023-02-07,23264.291015625,23264.291015625,23310.974609375,22756.2578125,22757.267578125,27187964471,0.022151986720186922,0.02191019571493288,0.2283702568441555,0.36552877944042456,0.3236697338347612
2023-02-08,22939.3984375,22939.3984375,23367.958984375,22731.09765625,23263.416015625,25371367758,-0.013965290320121615,-0.014063722484005989,0.24384262168843,0.368571630709555,0.32587465078269107
2023-02-09,21819.0390625,21819.0390625,22996.4375,21773.974609375,22946.56640625,32572572185,-0.04883996317743455,-0.05007294792111713,0.40656825725808954,0.3205417631811401,0.34459980663983825
2023-02-10,21651.18359375,21651.18359375,21941.185546875,21539.392578125,21819.005859375,27078406594,-0.007693073387383564,-0.0077228177249046275,0.4073151100275762,0.3202425670701945,0.3454171343946724
2023-02-11,21870.875,21870.875,21891.41015625,21618.44921875,21651.841796875,16356226232,0.010146854341645195,0.010095720621826006,0.4368410412042082,0.3233668003470829,0.3403571769615011
2023-02-12,21788.203125,21788.203125,22060.994140625,21682.828125,21870.90234375,17821046406,-0.003779998514005456,-0.0037871607629455096,0.35687747656068575,0.3206404868678318,0.34066774987048654
2023-02-13,21808.1015625,21808.1015625,21898.4140625,21460.087890625,21787.0,23918742607,0.0009132665684197239,0.0009128497942385424,0.3699550896444573,0.3183940635908394,0.335323610604732
2023-02-14,22220.8046875,22220.8046875,22293.140625,21632.39453125,21801.822265625,26792596581,0.018924303145655852,0.018747466050136215,0.17053557690462573,0.3163008152264526,0.32264455162810995
2023-02-15,24307.841796875,24307.841796875,24307.841796875,22082.76953125,22220.5859375,32483312909,0.09392266116037784,0.08977000786319626,0.6069858114498378,0.4537208001388599,0.3665958375596812
2023-02-16,23623.474609375,23623.474609375,25134.1171875,23602.5234375,24307.349609375,39316664596,-0.028154173176657027,-0.028558101481565734,0.7122526337482671,0.4671093528896186,0.37308495825211957
2023-02-17,24565.6015625,24565.6015625,24924.041015625,23460.755859375,23621.283203125,41358451255,0.03988096453648349,0.03910624942610064,0.7044442437267797,0.48581858857453275,0.3755830286591291
2023-02-18,24641.27734375,24641.27734375,24798.8359375,24468.373046875,24565.296875,19625427158,0.0030805588480080637,0.0030758236488141917,0.7001332804938543,0.4739894018474494,0.37301145548204634
2023-02-19,24327.642578125,24327.642578125,25093.0546875,24327.642578125,24640.02734375,25555105670,-0.012728023845912761,-0.01280971909443967,0.7503105146711426,0.45136305487290235,0.3743269614983288
2023-02-20,24829.1484375,24829.1484375,25020.458984375,23927.91015625,24336.623046875,28987376573,0.020614650916729094,0.02040504474431612,0.42334128193168086,0.45425800343208333,0.3752819887445643
2023-02-21,24436.353515625,24436.353515625,25126.8515625,24200.36328125,24833.048828125,31252098714,-0.01581991113645098,-0.015946381537723795,0.3675723125103235,0.45186662497064223,0.37770995824443376
2023-02-22,24188.84375,24188.84375,24472.33984375,23644.318359375,24437.41796875,30199996781,-0.01012875204423358,-0.010180396881003117,0.23812657580110283,0.4516936351114031,0.3791578180299153
2023-02-23,23947.4921875,23947.4921875,24572.08984375,23693.919921875,24190.71875,30476264066,-0.00997780485063493,-0.010027916762018151,0.2348963105569012,0.45349303574182,0.38037048442422045
2023-02-24,23198.126953125,23198.126953125,24103.705078125,23007.072265625,23946.0078125,26811744928,-0.03129201289670536,-0.03179206740644356,0.3005217810364214,0.4679723189506003,0.38812096448378464
2023-02-25,23175.375,23175.375,23210.2109375,22861.55859375,23200.125,16100721565,-0.0009807668166905703,-0.000981248083164121,0.18099218107056025,0.46418569647618324,0.38667301306341473
2023-02-26,23561.212890625,23561.212890625,23654.3671875,23084.220703125,23174.150390625,16644534842,0.016648614774302573,0.016511545833869257,0.27752205651386797,0.46624042540591704,0.3859851761794287
2023-02-27,23522.87109375,23522.87109375,23857.890625,23205.87890625,23561.451171875,22660763494,-0.0016273269569350157,-0.001628652491694882,0.2785574080344219,0.4601747279494172,0.38629153705289104
2023-02-28,23147.353515625,23147.353515625,23585.384765625,23077.650390625,23521.837890625,20535363434,-0.01596393470118429,-0.016092730875103014,0.2878266620837777,0.46108495804130134,0.3885414560595448
2023-03-01,23646.55078125,23646.55078125,23880.6328125,23088.626953125,23150.9296875,24662841200,0.02156606219747892,0.021336804939163678,0.24037826714908797,0.42561295408988764,0.3894248446015837
2023-03-02,23475.466796875,23475.466796875,23739.138671875,23245.021484375,23647.01953125,20386398516,-0.007235050302163204,-0.007261350209481709,0.2521426187035656,0.425447181989058,0.3903589500577917
2023-03-03,22362.6796875,22362.6796875,23479.34765625,22213.23828125,23476.6328125,26062404610,-0.047402129167592566,-0.04856242572977136,0.4033797792522403,0.46362048468200034,0.4059167150880542
2023-03-04,22353.349609375,22353.349609375,22405.177734375,22198.98046875,22362.923828125,11166012913,-0.0004172164631153219,-0.0004173035221196778,0.40513495566921137,0.46330239984196836,0.40591114929663474
2023-03-05,22435.513671875,22435.513671875,22613.685546875,22307.142578125,22354.14453125,13317001733,0.0036756935285233716,0.00366895467532336,0.4112694060680184,0.46337668826781564,0.40572132126106536
2023-03-06,22429.7578125,22429.7578125,22584.29296875,22331.314453125,22436.81640625,17353192895,-0.00025655126328649747,-0.0002565841781915384,0.342919051344354,0.45883839505601,0.4056425511003299
2023-03-07,22219.76953125,22219.76953125,22527.41796875,22011.26171875,22428.322265625,22765452204,-0.00936203961743065,-0.009406138966041635,0.3419536983300873,0.3154858430600705,0.40665583266218774
2023-03-08,21718.080078125,21718.080078125,22268.896484375,21708.05078125,22216.44140625,22536575684,-0.022578517406286358,-0.022837315061132093,0.1688651448625044,0.310308621373468,0.4104212443017207
2023-03-09,20363.021484375,20363.021484375,21802.716796875,20210.306640625,21720.080078125,30364664171,-0.06239311158608585,-0.06442451332853331,0.43725136211931737,0.33526314297950094,0.4336814816638118
2023-03-10,20187.244140625,20187.244140625,20370.595703125,19628.25390625,20367.001953125,39578257695,-0.008632183779056501,-0.00866965688311379,0.4051684560678524,0.33205183385981013,0.4342730669711947
2023-03-11,20632.41015625,20632.41015625,20792.525390625,20068.66015625,20187.876953125,30180288176,0.022051846825845045,0.021812221244110887,0.4967081055262713,0.3503605463750146,0.43539019275559676
2023-03-12,22163.94921875,22163.94921875,22185.03125,20448.806640625,20628.029296875,29279035521,0.07422977009964415,0.07160391184533008,0.8074513308880577,0.44122685579753296,0.4549910274613563
2023-03-13,24197.533203125,24197.533203125,24550.837890625,21918.19921875,22156.40625,49466362688,0.09175187888693825,0.08778363436848541,0.9784794932344668,0.5495458616990087,0.477173581056847
2023-03-14,24746.07421875,24746.07421875,26514.716796875,24081.18359375,24201.765625,54622230164,0.022669294883089997,0.02241616479750579,0.6292844430579269,0.5540853363520295,0.4675294618081118
2023-03-15,24375.9609375,24375.9609375,25240.615234375,23964.91015625,24770.92578125,43655701450,-0.014956444322371198,-0.015069419825617957,0.6606768229731717,0.5557194972045423,0.45790747516470465
2023-03-16,25052.7890625,25052.7890625,25190.326171875,24225.111328125,24373.45703125,33866061747,0.027766213062754286,0.027387721969650478,0.6533702638064791,0.5492291417017298,0.46047599416200996
2023-03-17,27423.9296875,27423.9296875,27787.8125,24955.169921875,25055.123046875,50730261335,0.0946457745317153,0.09043081735478727,0.7228529090891195,0.628677881044119,0.49371350107332773
2023-03-18,26965.87890625,26965.87890625,27725.953125,26636.26171875,27448.1171875,35723036817,-0.01670259464889101,-0.016843655914946763,0.6916981230399677,0.6341069643027962,0.4955315238713075
2023-03-19,28038.67578125,28038.67578125,28440.560546875,26907.716796875,26969.50390625,37769448859,0.039783493752593824,0.03901251239696352,0.70278062530801,0.6433288536214377,0.49746942821949575
2023-03-20,27767.236328125,27767.236328125,28527.724609375,27242.880859375,28041.6015625,44774027664,-0.00968089417783835,-0.009728058677075274,0.6843846772112918,0.6404553333525235,0.4975097222075234
2023-03-21,28175.81640625,28175.81640625,28439.5625,27439.646484375,27768.392578125,36102192830,0.014714466837708162,0.014607259457310753,0.6888131501997709,0.6391940577707618,0.47738653913820545
2023-03-22,27307.4375,27307.4375,28803.3359375,26759.99609375,28158.720703125,33382021890,-0.030820008681536337,-0.031304934786025286,0.44121900014302184,0.6527424755635579,0.4827146509652334
2023-03-23,28333.97265625,28333.97265625,28729.84375,27183.36328125,27301.95703125,24220433689,0.03759177902540278,0.03690243092144147,0.4816242533263162,0.6251979530217195,0.4875185933167398
2023-03-24,27493.28515625,27493.28515625,28388.4375,27039.265625,28324.111328125,25980310960,-0.02967065403073854,-0.03011973318555565,0.46821887571343823,0.6415924840098295,0.4922441184678976
2023-03-25,27494.70703125,27494.70703125,27791.826171875,27196.234375,27487.337890625,13383005987,5.17171735541222e-05,5.171583626720892e-05,0.4657284502982105,0.6422201133821613,0.4911442865531094
2023-03-26,27994.330078125,27994.330078125,28178.14453125,27445.046875,27495.5234375,13878363192,0.018171608313816145,0.01800847790347154,0.4739107623958813,0.6415603727112422,0.49071364439812803
2023-03-27,27139.888671875,27139.888671875,28037.92578125,26606.689453125,27994.068359375,18188895178,-0.03052194511765327,-0.030997440056033318,0.47268738167056396,0.6551390709135406,0.4955167485577512
2023-03-28,27268.130859375,27268.130859375,27460.71875,26677.818359375,27132.888671875,17783600385,0.004725228944394866,0.004714100093914092,0.34784149657042446,0.6440279999158286,0.4955307302574574
2023-03-29,28348.44140625,28348.44140625,28619.54296875,27259.662109375,27267.03125,20684945906,0.0396180637553154,0.03885339931269162,0.40699744064228843,0.5843788926869172,0.5008884130479023
2023-03-30,28033.5625,28033.5625,29159.90234375,27720.16015625,28350.140625,22435349951,-0.0111074503792854,-0.011169598741333131,0.424948930570657,0.585874872841283,0.49824629096792394
2023-03-31,28478.484375,28478.484375,28639.896484375,27583.71484375,28032.26171875,19001327598,0.015871042968584437,0.015746414888453637,0.42049149626006566,0.5855296353635827,0.49082503414969475
2023-04-01,28411.03515625,28411.03515625,28802.45703125,28297.171875,28473.33203125,10876469901,-0.0023684272611504964,-0.0023712364214005313,0.3064958764883653,0.550372222474371,0.4905878204357289
2023-04-02,28199.30859375,28199.30859375,28518.958984375,27884.087890625,28462.845703125,12284641999,-0.00745226498561502,-0.007480171844976413,0.3290242722398266,0.4762373087016264,0.4890093696755126
2023-04-03,27790.220703125,27790.220703125,28475.623046875,27276.720703125,28183.080078125,19556501327,-0.014507018470504951,-0.014613274150394037,0.1892877122298774,0.47914193889719003,0.4895419959268679
2023-04-04,28168.08984375,28168.08984375,28433.7421875,27681.3046875,27795.2734375,15284538859,0.0135971982612757,0.01350558587463783,0.210133496966683,0.47333479400735395,0.4899630087565605
2023-04-05,28177.984375,28177.984375,28739.23828125,27843.763671875,28169.7265625,17052315986,0.000351267384649967,0.0003512057047058866,0.1655716193169995,0.46775967809437,0.48970829799161475
2023-04-06,28044.140625,28044.140625,28178.384765625,27738.759765625,28175.2265625,13837809380,-0.004749940528704033,-0.004761257346579407,0.1666644495662715,0.3456442978714652,0.4883281136288164
2023-04-07,27925.859375,27925.859375,28111.59375,27794.03125,28038.966796875,10861680497,-0.004217681389550476,-0.00422660089629551,0.16220284173644808,0.3398002860888715,0.487958291317959
2023-04-08,27947.794921875,27947.794921875,28159.86328125,27883.38671875,27920.513671875,9373255556,0.0007854922772632111,0.0007851839396583646,0.11699863042048107,0.30998498230032046,0.4864554853039362
2023-04-09,28333.05078125,28333.05078125,28532.830078125,27828.48046875,27952.3671875,12175322951,0.013784839213681899,0.01369069252890777,0.11823294151464155,0.3115423694480786,0.48560797830606595
2023-04-10,29652.98046875,29652.98046875,29771.46484375,28189.271484375,28336.02734375,19282400094,0.04658621825410658,0.045533646757390224,0.3349912573237857,0.3467933673752849,0.48003784972864527
2023-04-11,30235.05859375,30235.05859375,30509.083984375,29609.30078125,29653.6796875,20121259843,0.019629666758571807,0.019439489564332186,0.3100044096433359,0.3273119276026031,0.48016326215423616
2023-04-12,30139.052734375,30139.052734375,30462.48046875,29725.57421875,30231.58203125,18651929926,-0.003175315803583212,-0.0031803678161343176,0.3059697442170493,0.30586663505769357,0.4803990850156263
2023-04-13,30399.06640625,30399.06640625,30539.845703125,29878.623046875,29892.740234375,17487721001,0.00862713483952482,0.008590133768281546,0.28715675782574845,0.2798860528753992,0.4800637596862321
2023-04-14,30485.69921875,30485.69921875,31005.607421875,30044.498046875,30409.5625,22659995079,0.002849851088919886,0.002845797962018112,0.30439363013261284,0.2794030723604993,0.48000033898544187
2023-04-15,30318.49609375,30318.49609375,30601.740234375,30245.8828125,30490.75,11940685378,-0.005484641300179338,-0.0054997371675221595,0.15906584703336552,0.277523257608121,0.47973207826181835
2023-04-16,30315.35546875,30315.35546875,30555.537109375,30157.83203125,30315.9765625,12854816417,-0.00010358775680330279,-0.00010359312238552485,0.08725734670159611,0.24571237860350356,0.4462329640332747
2023-04-17,29445.044921875,29445.044921875,30319.197265625,29275.37109375,30317.146484375,17872186762,-0.028708571396173888,-0.02912872327682135,0.23169270672398856,0.27484633041074946,0.4464105439122879
2023-04-18,30397.552734375,30397.552734375,30470.302734375,29154.849609375,29449.091796875,19480529496,0.032348662229154,0.03183646099781629,0.3460131742997246,0.26390110762440505,0.4441889187338292
2023-04-19,28822.6796875,28822.6796875,30411.0546875,28669.8984375,30394.1875,24571565421,-0.0518092051895368,-0.05319953662867234,0.5078080266841501,0.3290065584109693,0.45916545134726383
2023-04-20,28245.98828125,28245.98828125,29076.400390625,28037.2578125,28823.68359375,21340360360,-0.020008250880993006,-0.020211126619281063,0.5081095717201388,0.33292801947790274,0.4604759049422028
2023-04-21,27276.91015625,27276.91015625,28349.96875,27177.365234375,28249.23046875,20759504330,-0.034308522518338824,-0.034910877271712444,0.5075274923588864,0.3547890462441679,0.46521346176004724
2023-04-22,27817.5,27817.5,27872.142578125,27169.5703125,27265.89453125,13125734602,0.01981858797984626,0.019624756556398195,0.572887309804333,0.362240923527092,0.4652055334588438
2023-04-23,27591.384765625,27591.384765625,27820.244140625,27400.314453125,27816.14453125,12785446832,-0.008128524647254443,-0.008161741227378502,0.43711719237589824,0.35966474104185236,0.46499516769777743
2023-04-24,27525.33984375,27525.33984375,27979.982421875,27070.849609375,27591.73046875,17703288330,-0.002393679129772508,-0.0023965485595713668,0.32343944817355014,0.3559445812570683,0.46440110719063943
2023-04-25,28307.59765625,28307.59765625,28371.078125,27207.931640625,27514.873046875,17733373139,0.02841955147295372,0.02802320777395386,0.3937236894466809,0.37074228426735223,0.46180624623396666
2023-04-26,28422.701171875,28422.701171875,29995.837890625,27324.548828125,28300.05859375,31854242019,0.004066170397882152,0.004057925868580612,0.24083130907081843,0.3704892882967525,0.46172135374158446
2023-04-27,29473.787109375,29473.787109375,29871.546875,28402.88671875,28428.46484375,27153445027,0.036980508331842854,0.03631313286229464,0.30983444396578963,0.39077349488880514,0.4658873424238584
2023-04-28,29340.26171875,29340.26171875,29572.791015625,28929.609375,29481.013671875,17544464887,-0.00453030993708059,-0.004540602889751968,0.29606868727874147,0.3915756089012537,0.46606862914674685
2023-04-29,29248.48828125,29248.48828125,29452.455078125,29088.04296875,29336.56640625,10662634333,-0.0031279011203009244,-0.0031328032278842735,0.29840670737169905,0.389708709401379,0.4644739410163599
2023-04-30,29268.806640625,29268.806640625,29952.029296875,29114.021484375,29245.515625,14652199272,0.000694680667924441,0.0006944394889976754,0.26834701610784495,0.3534662531160485,0.4630883529542078
2023-05-01,28091.568359375,28091.568359375,29329.935546875,27680.79296875,29227.103515625,18655599976,-0.04022160164248023,-0.041052856211014906,0.4352792415611631,0.3725671201577575,0.47156009958725875
2023-05-02,28680.537109375,28680.537109375,28881.298828125,27924.123046875,28087.17578125,16432924527,0.020966033026897257,0.020749270291120427,0.3547797544390533,0.38253938140726024,0.46045801787048324
2023-05-03,29006.30859375,29006.30859375,29259.533203125,28178.388671875,28680.494140625,19122972518,0.01135862564681589,0.011294600825028724,0.3746119472426422,0.38369612160695943,0.46058771049507863
2023-05-04,28847.7109375,28847.7109375,29353.185546875,28694.0390625,29031.3046875,15548678514,-0.005467695268338013,-0.005482697825375376,0.37531602668618774,0.3833405022554196,0.46102650628097974
2023-05-05,29534.384765625,29534.384765625,29668.908203125,28845.509765625,28851.48046875,17936566518,0.023803407820215394,0.02352452363535224,0.42079289960458593,0.39427905997187307,0.4626202011206328
2023-05-06,28904.623046875,28904.623046875,29820.126953125,28468.966796875,29538.859375,15913866714,-0.021323001096775096,-0.02155362050914689,0.3015431708303528,0.4007078367239875,0.46485391268165455
2023-05-07,28454.978515625,28454.978515625,29157.517578125,28441.3671875,28901.623046875,11301355486,-0.015556145829018653,-0.015678412319992844,0.29793096095959076,0.39154002035498864,0.4632922815856127
2023-05-08,27694.2734375,27694.2734375,28663.271484375,27310.134765625,28450.45703125,19122903752,-0.026733637409259936,-0.027097480312589104,0.31745025000061616,0.38029283039087636,0.44554832943769707
2023-05-09,27658.775390625,27658.775390625,27821.400390625,27375.6015625,27695.068359375,14128593256,-0.0012817829272578907,-0.0012826051136456092,0.3219649759069918,0.3342647866067264,0.4448280710770161
2023-05-10,27621.755859375,27621.755859375,28322.6875,26883.669921875,27654.63671875,20656025026,-0.0013384371045779275,-0.0013393336115541375,0.18641298089649658,0.32731394597140584,0.4436748095496276
2023-05-11,27000.7890625,27000.7890625,27621.94140625,26781.826171875,27621.0859375,16724343943,-0.022481076150133283,-0.0227376278728039,0.18983756131238344,0.3131920856904208,0.4247842218195627
2023-05-12,26804.990234375,26804.990234375,27055.646484375,25878.4296875,26987.662109375,19313599897,-0.007251596524522896,-0.007278017155925187,0.19345190244618027,0.304697823760115,0.3870175769013891
2023-05-13,26784.078125,26784.078125,27030.482421875,26710.873046875,26807.76953125,9999171605,-0.0007801573211611013,-0.0007804618022563855,0.14863323677103682,0.30379628402958475,0.3846279681982732
2023-05-14,26930.638671875,26930.638671875,27150.9765625,26661.35546875,26788.974609375,10014858959,0.005471927993601522,0.0054570113859458225,0.17019875800387113,0.3047611996144742,0.38319010685174826
2023-05-15,27192.693359375,27192.693359375,27646.34765625,26766.09765625,26931.384765625,14413231792,0.009730726801279843,0.009683688179724162,0.2015988766107382,0.2880160165022194,0.37981617534108564
2023-05-16,27036.650390625,27036.650390625,27299.3046875,26878.947265625,27171.513671875,12732238816,-0.005738415341494774,-0.005754943306692564,0.11499393236777856,0.28738000729939966,0.3315674782784231
2023-05-17,27398.802734375,27398.802734375,27465.927734375,26600.14453125,27035.470703125,15140006925,0.013394867282656264,0.013305949198470446,0.12252946580956907,0.25606541936033733,0.3308742478936287
2023-05-18,26832.208984375,26832.208984375,27466.52734375,26415.1015625,27401.650390625,15222938600,-0.02067950762275983,-0.020896322938492334,0.22021153691816966,0.2632992044023335,0.3236085895672979
2023-05-19,26890.12890625,26890.12890625,27128.619140625,26700.2109375,26826.75390625,11258983301,0.0021585968530852817,0.0021562704301694635,0.21661492612855815,0.264322262976038,0.3231138146769044
2023-05-20,27129.5859375,27129.5859375,27155.158203125,26843.27734375,26888.841796875,7044911360,0.008905016115201336,0.008865600285434393,0.21430477715378726,0.26789765063762555,0.3221774524066855
2023-05-21,26753.826171875,26753.826171875,27265.91796875,26706.921875,27118.423828125,8647416921,-0.013850552916312875,-0.01394736681453699,0.23402994290414483,0.23288978048491424,0.3170417716450688
2023-05-22,26851.27734375,26851.27734375,27045.734375,26549.734375,26749.892578125,11056770492,0.0036425134576618667,0.0036358955711424203,0.2017623033175431,0.21771789899578495,0.3075381392166516
2023-05-23,27225.7265625,27225.7265625,27434.68359375,26816.1796875,26855.9609375,13697203143,0.013945303754316907,0.013848962643426162,0.1665681311027285,0.22016328729763213,0.3028579213965452
2023-05-24,26334.818359375,26334.818359375,27224.603515625,26106.576171875,27224.603515625,16299104428,-0.03272302765106416,-0.03327040018789596,0.3072006474241453,0.24476019298259175,0.3103632238105503
2023-05-25,26476.20703125,26476.20703125,26591.51953125,25890.59375,26329.4609375,13851122697,0.005368887301425707,0.005354526205137628,0.29870575941940075,0.22479465977026955,0.30817782518110215
2023-05-26,26719.291015625,26719.291015625,26916.669921875,26343.94921875,26474.181640625,12711619225,0.009181223884829448,0.009139332662057487,0.2994983385247337,0.222045103339376,0.3023744877177941
2023-05-27,26868.353515625,26868.353515625,26888.8828125,26621.140625,26720.181640625,7892015141,0.005578834405180588,0.00556333034484893,0.30138386107743925,0.21993161797596855,0.30243916150625766
2023-05-28,28085.646484375,28085.646484375,28193.44921875,26802.751953125,26871.158203125,14545229578,0.0453058267244435,0.04430949975360071,0.43618835485037327,0.2583088957666756,0.3056416697271286
2023-05-29,27745.884765625,27745.884765625,28432.0390625,27563.876953125,28075.591796875,15181308984,-0.0120973437068298,-0.012171112107334788,0.3281976362686115,0.26227934067618125,0.3058026721387234
2023-05-30,27702.349609375,27702.349609375,28044.759765625,27588.501953125,27745.123046875,13251081851,-0.0015690671469931194,-0.0015702994220325468,0.3384774391277617,0.2622981006660937,0.3040065626937944
2023-05-31,27219.658203125,27219.658203125,27831.677734375,26866.453125,27700.529296875,15656371534,-0.01742420455507676,-0.017577792723265092,0.38762866724089823,0.25691182252650363,0.30600555013482583
2023-06-01,26819.97265625,26819.97265625,27346.10546875,26671.720703125,27218.412109375,14678970415,-0.014683709247646393,-0.014792581991188054,0.4079071490525103,0.26124013619611586,0.30706127958196305
2023-06-02,27249.58984375,27249.58984375,27303.861328125,26574.64453125,26824.556640625,14837415000,0.01601855426947596,0.01589161106579633,0.21712308356263105,0.26719125254115866,0.30757885435959087
2023-06-03,27075.12890625,27075.12890625,27317.052734375,26958.00390625,27252.32421875,8385597470,-0.0064023326039167605,-0.006422915434419119,0.2106420262493384,0.26780825941966696,0.3064602335609147
2023-06-04,27119.06640625,27119.06640625,27407.01953125,26968.224609375,27075.123046875,9360912318,0.001622799291266075,0.0016214839752998166,0.21498917760510497,0.2655682802579195,0.3064891841911563
2023-06-05,25760.09765625,25760.09765625,27129.982421875,25445.16796875,27123.109375,21513292646,-0.05011119223804861,-0.051410345698891795,0.4008735603081081,0.3218627194264259,0.3236021187020697
2023-06-06,27238.783203125,27238.783203125,27313.8203125,25434.8671875,25732.109375,21929670693,0.057402171630208665,0.05581511856233619,0.6151632313775525,0.37959855935357306,0.344118804832786
2023-06-07,26345.998046875,26345.998046875,27332.181640625,26146.98828125,27235.650390625,19530045082,-0.03277624957004588,-0.03332542412080894,0.6489831149805355,0.3909404908313214,0.35064914334828134
2023-06-08,26508.216796875,26508.216796875,26797.513671875,26246.6640625,26347.654296875,11904824295,0.0061572444403654725,0.006138366063704449,0.6554695524568597,0.3916102848658581,0.3496393349633569
2023-06-09,26480.375,26480.375,26770.2890625,26339.314453125,26505.923828125,11015551640,-0.0010503081775867784,-0.001050860137740086,0.6542394439422969,0.38997107858789865,0.33585837348856684
2023-06-10,25851.240234375,25851.240234375,26531.044921875,25501.8359375,26481.76171875,19872933189,-0.02375852931180167,-0.024045314677471934,0.552217152296891,0.39594673040802236,0.3358885441588164
2023-06-11,25940.16796875,25940.16796875,26203.439453125,25668.986328125,25854.03125,10732609603,0.0034399794195076883,0.0034340762243438776,0.2819781099921802,0.3959111962565383,0.3361140896281413
2023-06-12,25902.5,25902.5,26087.919921875,25675.197265625,25934.28515625,11677889997,-0.001452109670044499,-0.0014531650030546537,0.19003426360102277,0.39162992238889804,0.3353279321190302
2023-06-13,25918.728515625,25918.728515625,26376.3515625,25728.365234375,25902.94140625,14143474486,0.0006265231396582749,0.0006263269559741463,0.17613334564277325,0.3744007408294,0.3352028859546379
2023-06-14,25124.67578125,25124.67578125,26041.80078125,24902.15234375,25920.2578125,14265717766,-0.030636253390914137,-0.031115354032620144,0.25203332977797044,0.38856683451476165,0.34018879296898136
2023-06-15,25576.39453125,25576.39453125,25735.30859375,24797.16796875,25121.673828125,15837384409,0.017979087727655774,0.017819375410116443,0.2836546706541099,0.3932442545864962,0.3428428561116417
2023-06-16,26327.462890625,26327.462890625,26463.173828125,25245.357421875,25575.283203125,16324646965,0.029365685552642073,0.0289427732653721,0.36216475276554294,0.40784061127985527,0.34447124587152583
2023-06-17,26510.67578125,26510.67578125,26769.39453125,26174.4921875,26328.6796875,11090276850,0.006959002900740696,0.0069349007932065195,0.36061192196628655,0.37282357257153814,0.33778075742919805
2023-06-18,26336.212890625,26336.212890625,26675.92578125,26325.890625,26510.45703125,9565695129,-0.006580854145875503,-0.006602603438313832,0.36923167435568605,0.3715057638260108,0.3208533145737061
2023-06-19,26851.029296875,26851.029296875,26984.611328125,26312.83203125,26335.44140625,12826986222,0.019547852547670663,0.019359247201741925,0.21569234093434828,0.3796202620380727,0.32124705454665126
2023-06-20,28327.48828125,28327.48828125,28388.96875,26668.791015625,26841.6640625,22211859147,0.05498705349618893,0.05352849528514009,0.3621687760054459,0.4214346017218711,0.3321343717038393
2023-06-21,30027.296875,30027.296875,30737.330078125,28283.41015625,28311.310546875,33346760979,0.06000562340273241,0.05827421320682117,0.4538487990445912,0.4608020640587034,0.35051167551540474
2023-06-22,29912.28125,29912.28125,30495.998046875,29679.158203125,29995.935546875,20653160491,-0.0038303689299371557,-0.0038377235796951737,0.4879664888482882,0.4603065190642239,0.3501263060476707
2023-06-23,30695.46875,30695.46875,31389.5390625,29845.21484375,29896.3828125,24115570085,0.02618280743799839,0.02584590576815378,0.4067782568133987,0.4642350601308669,0.3536036789658517
2023-06-24,30548.6953125,30548.6953125,30804.1484375,30290.146484375,30708.73828125,12147822496,-0.0047815994828226405,-0.004793067902493928,0.47872739453861723,0.46564412236049885,0.3495885620812244
2023-06-25,30480.26171875,30480.26171875,31041.271484375,30327.943359375,30545.150390625,12703464114,-0.002240147837737516,-0.0022426607224285255,0.43716987324789686,0.41529195177581757,0.3496124035823571
2023-06-26,30271.130859375,30271.130859375,30636.029296875,29955.744140625,30480.5234375,16493186997,-0.006861189753050945,-0.006884835938176551,0.21665374690914896,0.3783673184125954,0.34219311184566575
2023-06-27,30688.1640625,30688.1640625,31006.787109375,30236.650390625,30274.3203125,16428827944,0.013776598074988877,0.013682563415242948,0.22442568635005994,0.3505262550503968,0.3430958920910499
2023-06-28,30086.24609375,30086.24609375,30703.279296875,29921.822265625,30696.560546875,14571500779,-0.01961401038928634,-0.01980891791303767,0.19026807444129407,0.36383659459213996,0.34559470712529483
2023-06-29,30445.3515625,30445.3515625,30796.25,30057.203125,30086.1875,13180860821,0.011935868224670187,0.011865197537731036,0.2203245847179146,0.36324926868749435,0.3463829603152449
2023-06-30,30477.251953125,30477.251953125,31256.86328125,29600.275390625,30441.353515625,26387306197,0.0010477918298796851,0.0010472432791648364,0.22009025031343019,0.34530413091255774,0.33529845320013474
2023-07-01,30590.078125,30590.078125,30641.2890625,30328.865234375,30471.84765625,9086606733,0.0037019798257575953,0.0036951443630783326,0.21196603503970018,0.3452572683785624,0.3328989291622015
2023-07-02,30620.76953125,30620.76953125,30766.140625,30264.01953125,30587.26953125,10533418042,0.0010033124506771962,0.001002809469143997,0.18580056592852529,0.3444514795400023,0.3322168453978517
2023-07-03,31156.439453125,31156.439453125,31375.61328125,30586.513671875,30624.515625,15271884873,0.01749367929268808,0.017342426317960315,0.11582930192920049,0.34457987948522706,0.3336332342441427
2023-07-04,30777.58203125,30777.58203125,31325.197265625,30659.35546875,31156.865234375,12810828427,-0.012159843310882601,-0.012234379050443955,0.16699152989408728,0.3209891759783013,0.3314931328790023
2023-07-05,30514.166015625,30514.166015625,30877.330078125,30225.61328125,30778.724609375,12481622280,-0.0085586975402272,-0.008595533521292817,0.18422119303381737,0.3262661087670905,0.32883282955559656
2023-07-06,29909.337890625,29909.337890625,31460.052734375,29892.2265625,30507.150390625,21129219509,-0.019821224171432172,-0.020020299639946313,0.2279590121143921,0.3324587285180634,0.3298866758742293
2023-07-07,30342.265625,30342.265625,30434.64453125,29777.28515625,29907.998046875,13384770155,0.014474667943441766,0.01437090998029806,0.2650332083360437,0.3336695680357451,0.3258134213592758
2023-07-08,30292.541015625,30292.541015625,30374.4375,30080.16015625,30346.921875,7509378699,-0.0016387902600796256,-0.0016401345457067653,0.2062843547746239,0.3314936266920406,0.32582738972075087
2023-07-09,30171.234375,30171.234375,30427.58984375,30085.591796875,30291.611328125,7903327692,-0.004004505286051452,-0.004012544787339061,0.19776768220404597,0.33031345659325323,0.3259734711759604
2023-07-10,30414.470703125,30414.470703125,31026.083984375,29985.39453125,30172.423828125,14828209155,0.008061862007427312,0.008029538805166095,0.20826144504556351,0.2786068260005642,0.3222914333601451
2023-07-11,30620.951171875,30620.951171875,30788.314453125,30358.09765625,30417.6328125,12151839152,0.006788889103658935,0.006765948365584515,0.1190551515198758,0.19048798527442168,0.3218524019863609
2023-07-12,30391.646484375,30391.646484375,30959.96484375,30228.8359375,30622.24609375,14805659717,-0.007488490028050299,-0.007516669538967959,0.10796228277178009,0.19216205647811865,0.32241604602420165
2023-07-13,31476.048828125,31476.048828125,31814.515625,30268.3515625,30387.48828125,23686079548,0.03568093437476372,0.03505911799946575,0.2654209912779186,0.21004298908800265,0.32936283874146227
2023-07-14,30334.068359375,30334.068359375,31582.25390625,29966.38671875,31474.720703125,20917902660,-0.036280934592069825,-0.036955452769762046,0.4166721831044401,0.24962401525344105,0.3388116057528979
2023-07-15,30295.806640625,30295.806640625,30407.78125,30263.462890625,30331.783203125,8011667756,-0.001261344778969442,-0.0012621409438578614,0.4121003788770381,0.24954979718992396,0.33850743472221734
2023-07-16,30249.1328125,30249.1328125,30437.560546875,30089.669921875,30297.47265625,8516564470,-0.001540603578530031,-0.0015417915284865274,0.4066994216486309,0.24839892614656212,0.33773678230238013
2023-07-17,30145.888671875,30145.888671875,30336.400390625,29685.783203125,30249.626953125,13240156074,-0.0034131272874816654,-0.003418965294113633,0.4045136647796279,0.24323568128669293,0.33463863145664186
2023-07-18,29856.5625,29856.5625,30233.65625,29556.427734375,30147.0703125,13138897269,-0.009597533349379406,-0.009643886494910275,0.2402683902427919,0.23529683187454675,0.33547893138979756
2023-07-19,29913.923828125,29913.923828125,30184.181640625,29794.26953125,29862.046875,12128602812,0.0019212301525000086,0.0019193869502834365,0.06802095066800243,0.23104013774349408,0.3351510000248622
2023-07-20,29792.015625,29792.015625,30195.53125,29638.095703125,29915.25,14655207121,-0.0040752996439197275,-0.004083626307646249,0.06697083881722705,0.23119014639984453,0.33379997236338443
2023-07-21,29908.744140625,29908.744140625,30045.998046875,29733.8515625,29805.111328125,10972789818,0.0039181140710413676,0.003910458253167224,0.08501846387042551,0.2312510901298987,0.33380692202378714
2023-07-22,29771.802734375,29771.802734375,29991.615234375,29664.12109375,29908.697265625,7873300598,-0.004578641136054662,-0.004589155219131938,0.08641496441131646,0.23142009085631185,0.3331016496178183
2023-07-23,30084.5390625,30084.5390625,30330.640625,29741.52734375,29790.111328125,9220145050,0.010504447141318263,0.010449658783391701,0.09860580702207239,0.22522424308856087,0.3255805634192824
2023-07-24,29176.916015625,29176.916015625,30093.39453125,28934.294921875,30081.662109375,15395817395,-0.03016908602087709,-0.030633538164858885,0.24798990058280668,0.24516977482423433,0.3323826933270693
2023-07-25,29227.390625,29227.390625,29353.16015625,29062.43359375,29178.970703125,10266772793,0.0017299501204297574,0.0017284554802405464,0.252714699097925,0.244598762386626,0.33201329578256683
2023-07-26,29354.97265625,29354.97265625,29675.552734375,29113.912109375,29225.759765625,13497554655,0.004365152978824893,0.004355653333464597,0.25359165593837135,0.23614199096896088,0.3319593154241417
2023-07-27,29210.689453125,29210.689453125,29560.966796875,29099.3515625,29353.798828125,10770779217,-0.004915119656712763,-0.004927238584293436,0.25367450756981846,0.22939062548378372,0.3199419073922753
2023-07-28,29319.24609375,29319.24609375,29521.513671875,29125.845703125,29212.1640625,11218474952,0.0037163327075591113,0.0037094442045335473,0.23352537234193832,0.2302554473178527,0.3188763473070923
2023-07-29,29356.91796875,29356.91796875,29396.84375,29264.166015625,29319.4453125,6481775959,0.001284885528077373,0.0012840607690722545,0.05837002777026,0.230297000585582,0.3188348168968683
2023-07-30,29275.30859375,29275.30859375,29443.169921875,29059.501953125,29357.09375,8678454527,-0.002779902682116475,-0.0027837737874393067,0.06441944751171473,0.22762781497525889,0.316593219785535
2023-07-31,29230.111328125,29230.111328125,29489.873046875,29131.578125,29278.314453125,11656781982,-0.0015438698273756435,-0.0015450628224417467,0.053943660739877934,0.22532714616342578,0.3148920932455443
2023-08-01,29675.732421875,29675.732421875,29675.732421875,28657.0234375,29230.873046875,18272392391,0.015245275282999904,0.01513023382608844,0.11352592802026847,0.23262706729622099,0.3147466197168235
2023-08-02,29151.958984375,29151.958984375,29987.998046875,28946.509765625,29704.146484375,19212655598,-0.01764989082843693,-0.01780750751690934,0.18635961606007395,0.19619879847244381,0.3168164684000516
2023-08-03,29178.6796875,29178.6796875,29375.70703125,28959.48828125,29161.8125,12780357746,0.0009166006009861949,0.0009161807791750279,0.18607568570335128,0.15262127839963757,0.3168160601584451
2023-08-04,29074.091796875,29074.091796875,29302.078125,28885.3359375,29174.3828125,12036639988,-0.0035843942133476636,-0.0035908335462961935,0.18659103101217567,0.1527075870890781,0.2974516614448362
2023-08-05,29042.126953125,29042.126953125,29102.46484375,28957.796875,29075.388671875,6598366353,-0.0010994270766331304,-0.0011000318899209226,0.18659288630974435,0.15273544516391868,0.27554776462210623
2023-08-06,29041.85546875,29041.85546875,29160.822265625,28963.833984375,29043.701171875,7269806994,-9.347950838400898e-06,-9.347994530765627e-06,0.12265870565819266,0.1528054843820259,0.2660826438900707
2023-08-07,29180.578125,29180.578125,29244.28125,28724.140625,29038.513671875,13618163710,0.004776645775930843,0.004765273802377892,0.04857891072573401,0.15163283363769167,0.26599800244219257
2023-08-08,29765.4921875,29765.4921875,30176.796875,29113.814453125,29180.01953125,17570561357,0.020044635853149417,0.01984638697905339,0.14878869046557322,0.16881685911287084,0.2685436666305424
2023-08-09,29561.494140625,29561.494140625,30093.435546875,29376.80078125,29766.6953125,18379521213,-0.006853508270246889,-0.006877101417061734,0.160680344865579,0.16994594806941044,0.2637069790786936
2023-08-10,29429.591796875,29429.591796875,29688.564453125,29354.447265625,29563.97265625,11865344789,-0.004461964714047806,-0.004471948989328098,0.16814057684198205,0.16973830903754292,0.26405099424083733
2023-08-11,29397.71484375,29397.71484375,29517.7734375,29253.517578125,29424.90234375,10195168197,-0.001083159880198692,-0.0010837469218066252,0.16937983225549724,0.1691575669939938,0.26403082593318034
2023-08-12,29415.96484375,29415.96484375,29465.11328125,29357.587890625,29399.787109375,6194358008,0.0006207965516027425,0.0006206039371356436,0.16834126546808337,0.16414080726340616,0.2640309635179124
2023-08-13,29282.9140625,29282.9140625,29441.43359375,29265.806640625,29416.59375,7329897180,-0.004523080645381872,-0.004533340724443713,0.047602610508307566,0.12286037668956133,0.2552167601631644
2023-08-14,29408.443359375,29408.443359375,29660.25390625,29124.10546875,29283.263671875,14013695304,0.004286776125049352,0.004277614074716283,0.05887400259267619,0.1236170162611009,0.2532582506224993
2023-08-15,29170.34765625,29170.34765625,29439.12109375,29088.853515625,29408.048828125,12640195779,-0.008096168172366025,-0.008129120118753778,0.07564749604028459,0.12611462425614284,0.24795792133160652
2023-08-16,28701.779296875,28701.779296875,29221.9765625,28701.779296875,29169.07421875,14949271904,-0.016063173634291772,-0.016193584838703763,0.12618825737245218,0.13741351519870013,0.2503943517027026
2023-08-17,26664.55078125,26664.55078125,28745.947265625,25409.111328125,28699.802734375,31120851211,-0.07097917151940503,-0.07362412009606191,0.49306428244815903,0.29124621489581115,0.29342994569637776
2023-08-18,26049.556640625,26049.556640625,26808.1953125,25668.921875,26636.078125,24026236529,-0.02306411031148714,-0.023334248653811243,0.47448908480243557,0.2975285751804343,0.29457009335968276
2023-08-19,26096.205078125,26096.205078125,26249.44921875,25802.408203125,26047.83203125,10631443812,0.0017907574452629138,0.0017891559507894222,0.4655894922292852,0.29862018047519423,0.2722741193678494
2023-08-20,26189.583984375,26189.583984375,26260.681640625,26004.314453125,26096.861328125,9036580420,0.00357825614760654,0.003571869420107809,0.4969134860719422,0.3001239072537623,0.24255156458992472
2023-08-21,26124.140625,26124.140625,26220.201171875,25846.087890625,26188.69140625,13371557893,-0.002498831574187843,-0.002501958864606914,0.515388922613163,0.29042436370003566,0.24253034944984436
2023-08-22,26031.65625,26031.65625,26135.5078125,25520.728515625,26130.748046875,14503820706,-0.0035401882238949023,-0.0035464695192522202,0.17095079539493196,0.28737337640070126,0.23535791689863844
2023-08-23,26431.640625,26431.640625,26786.8984375,25804.998046875,26040.474609375,16985265785,0.015365306423789304,0.015248455549160829,0.11903423294127435,0.2960945631152519,0.23818058013938825
2023-08-24,26162.373046875,26162.373046875,26554.91015625,25914.92578125,26431.51953125,12871532023,-0.01018731988472621,-0.01023956576112509,0.15219610613626938,0.2966316895302669,0.23871943170619295
2023-08-25,26047.66796875,26047.66796875,26248.103515625,25786.8125,26163.6796875,12406045118,-0.004384352975912553,-0.004393992436939317,0.15259437579435667,0.2962468000973837,0.23858060188314864
2023-08-26,26008.462890625,26008.462890625,26107.384765625,25983.87890625,26047.234375,6034817316,-0.0015051281432193475,-0.0015062619864454853,0.1521757411951882,0.29593026833107156,0.23619780798969556
2023-08-27,26089.693359375,26089.693359375,26165.373046875,25965.09765625,26008.2421875,6913768611,0.0031232321991347956,0.003118365040993392,0.15219514032728884,0.29522831038690334,0.2337896835380092
2023-08-28,26106.150390625,26106.150390625,26198.578125,25880.599609375,26089.615234375,11002805166,0.0006307866874213364,0.0006305878251208892,0.08165726515246911,0.28078918459318336,0.23199363318634547
2023-08-29,27727.392578125,27727.392578125,28089.337890625,25912.62890625,26102.486328125,29368391712,0.062101924766441385,0.060249892570851026,0.43377351525393787,0.36749429716619836,0.2652687603322671
2023-08-30,27297.265625,27297.265625,27760.16015625,27069.20703125,27726.083984375,16343655235,-0.015512708305083889,-0.015634289371322937,0.46605479366000774,0.3701321964864455,0.26658278649249245
2023-08-31,25931.47265625,25931.47265625,27456.078125,25752.9296875,27301.9296875,20181001451,-0.0500340578984273,-0.05132914544958933,0.640783993516031,0.40649708813502017,0.2850820921102529
2023-09-01,25800.724609375,25800.724609375,26125.869140625,25362.609375,25934.021484375,17202862221,-0.005042060225742162,-0.005054814300673318,0.6404287111989226,0.40571901467123606,0.28201167181835834
2023-09-02,25868.798828125,25868.798828125,25970.28515625,25753.09375,25800.91015625,10100387473,0.0026384615075991658,0.0026349868784771645,0.6411499495756596,0.4069890889172736,0.28161053265526026
2023-09-03,25969.56640625,25969.56640625,26087.1484375,25817.03125,25869.47265625,8962524523,0.0038953327054152,0.0038877655416867615,0.3610176153023148,0.40685832809368905,0.2816934308855073
2023-09-04,25812.416015625,25812.416015625,26081.525390625,25657.025390625,25968.169921875,10680635106,-0.006051329012069284,-0.006069712504034206,0.36316541277052705,0.40679568158033763,0.27946922979599864
2023-09-05,25779.982421875,25779.982421875,25858.375,25589.98828125,25814.95703125,11094740040,-0.0012565113521479931,-0.0012573014244295709,0.07062170839926632,0.405339923658978,0.2772770025409946
2023-09-06,25753.236328125,25753.236328125,25953.015625,25404.359375,25783.931640625,12752705327,-0.0010374752516241204,-0.001038013801593385,0.061930303902454395,0.31506109193122933,0.27728972424779774
2023-09-07,26240.1953125,26240.1953125,26409.302734375,25608.201171875,25748.3125,11088307100,0.018908652030005024,0.01873210550195057,0.1516132010809862,0.31218982965424247,0.2807283700271473
2023-09-08,25905.654296875,25905.654296875,26414.005859375,25677.48046875,26245.208984375,10817356400,-0.012749181613965876,-0.012831149860508746,0.1867896655955494,0.31559990476328814,0.28069674277082945
2023-09-09,25895.677734375,25895.677734375,25921.9765625,25810.494140625,25905.42578125,5481314132,-0.0003851113886439439,-0.00038518556307899995,0.1803456170365478,0.3152573649078582,0.2800513562995949
2023-09-10,25832.2265625,25832.2265625,25978.130859375,25640.26171875,25895.2109375,7899553047,-0.0024502611024840304,-0.0024532679048573473,0.1813371299751173,0.31525344299047225,0.2798788082416138
2023-09-11,25162.654296875,25162.654296875,25883.947265625,24930.296875,25831.71484375,14600006467,-0.02592003689674205,-0.026261881067480307,0.263696222655458,0.3281533283965681,0.2726559418614452
2023-09-12,25833.34375,25833.34375,26451.939453125,25133.078125,25160.658203125,18657279324,0.026654161568650414,0.0263051279529175,0.3077787118561195,0.33792768308949234,0.27054566573238736
2023-09-13,26228.32421875,26228.32421875,26376.11328125,25781.123046875,25837.5546875,13072077070,0.01528956036711282,0.015173852958685846,0.31623883211464027,0.3408837260084106,0.2729984773406525
2023-09-14,26539.673828125,26539.673828125,26774.623046875,26171.451171875,26228.27734375,13811359124,0.011870739692642074,0.011800835130971608,0.3210896985264193,0.3428770303604683,0.27454328427137004
2023-09-15,26608.693359375,26608.693359375,26840.498046875,26240.701171875,26533.818359375,11479735788,0.0026006171627044328,0.0025972414093191217,0.315747673244593,0.3427988107876884,0.27470417187895624
2023-09-16,26568.28125,26568.28125,26754.76953125,26473.890625,26606.19921875,7402031417,-0.001518755875352329,-0.0015199103541191222,0.17382063883842194,0.34283929707311706,0.27425293285091057
2023-09-17,26534.1875,26534.1875,26617.998046875,26445.07421875,26567.927734375,6774210670,-0.0012832501161511578,-0.0012840741866492755,0.1221681294266754,0.34292726462074324,0.274138703599963
2023-09-18,26754.28125,26754.28125,27414.734375,26415.515625,26532.994140625,15615339655,0.008294723552398242,0.008260511389751386,0.09369972475919836,0.26398328717087693,0.2749038147736367
2023-09-19,27211.1171875,27211.1171875,27488.763671875,26681.60546875,26760.8515625,13807690550,0.017075246134672373,0.016931102662432373,0.12315645564750481,0.26662165002340316,0.2773418108516909
2023-09-20,27132.0078125,27132.0078125,27379.505859375,26864.08203125,27210.228515625,13281116604,-0.00290724465500225,-0.0029114788993918343,0.13550868046035178,0.18682533010847188,0.2772852511781034
2023-09-21,26567.6328125,26567.6328125,27152.939453125,26389.30078125,27129.83984375,13371443708,-0.02080107760178318,-0.021020467716698094,0.22546325308405876,0.20301371511135854,0.2789650150929966
2023-09-22,26579.568359375,26579.568359375,26726.078125,26495.533203125,26564.056640625,10578746709,0.0004492514240630463,0.0004491505408555205,0.2251793181125501,0.2029948412638192,0.2725721430833334
2023-09-23,26579.390625,26579.390625,26634.185546875,26520.51953125,26578.556640625,7404700301,-6.686879658768241e-06,-6.686902016047694e-06,0.21424680668423635,0.2028210672541514,0.2725060845393271
2023-09-24,26256.826171875,26256.826171875,26716.05859375,26221.05078125,26579.373046875,8192867686,-0.01213588594546644,-0.012210127075315798,0.1473709587120357,0.2068553759551324,0.2730783576337093
2023-09-25,26298.48046875,26298.48046875,26421.5078125,26011.46875,26253.775390625,11997833257,0.0015864178176880905,0.001585160786217759,0.15853394817838715,0.20671669849552807,0.27309196816504755
2023-09-26,26217.25,26217.25,26389.884765625,26090.712890625,26294.7578125,9985498161,-0.0030887894396227633,-0.003093569595525136,0.08913824985887583,0.2071133026221814,0.27286683740577794
2023-09-27,26352.716796875,26352.716796875,26817.841796875,26111.46484375,26209.498046875,11718380997,0.005167086436411061,0.005153782852789497,0.10440965544120094,0.19696091913187266,0.2731725859558658
2023-09-28,27021.546875,27021.546875,27259.5,26327.322265625,26355.8125,14079002707,0.02537992888096885,0.02506320623495958,0.2190245066818202,0.2092225550924717,0.2786502813251724
2023-09-29,26911.720703125,26911.720703125,27225.9375,26721.763671875,27024.841796875,10396435377,-0.004064392478456136,-0.004072674570297436,0.188166461971706,0.21021261701410618,0.27870655610206796
2023-09-30,26967.916015625,26967.916015625,27091.794921875,26888.96875,26911.689453125,5331172801,0.0020881352448591795,0.002085958120685116,0.18763894743108808,0.20957543903762701,0.27668134997301486
2023-10-01,27983.75,27983.75,28047.23828125,26965.09375,26967.396484375,9503917434,0.037668241913332734,0.036976120856382695,0.2740965416778233,0.21598059149372303,0.2856054891728267
2023-10-02,27530.78515625,27530.78515625,28494.458984375,27347.787109375,27976.798828125,19793041322,-0.016186709920936293,-0.01631914578851585,0.34598844506064685,0.21402048393979792,0.2873723807938936
2023-10-03,27429.978515625,27429.978515625,27667.19140625,27216.001953125,27508.251953125,11407814187,-0.003661597010505724,-0.0036683170659445614,0.31975716166496354,0.21043857513376713,0.2873754441570127
2023-10-04,27799.39453125,27799.39453125,27826.658203125,27248.10546875,27429.07421875,11143355314,0.013467601347721292,0.013377719302482879,0.319437578992575,0.21146075560245134,0.2888752828100478
2023-10-05,27415.912109375,27415.912109375,28091.861328125,27375.6015625,27798.646484375,11877253670,-0.01379463216164356,-0.013890662255842758,0.35181188565918653,0.2191326964566105,0.29012567677469486
2023-10-06,27946.59765625,27946.59765625,28252.537109375,27215.552734375,27412.123046875,13492391599,0.01935684447622399,0.019171883788155934,0.25335797543187416,0.22750695173967803,0.29282971156667836
2023-10-07,27968.83984375,27968.83984375,28028.091796875,27870.423828125,27946.78125,6553044316,0.0007958817661306572,0.0007955652201821253,0.21055781732019954,0.22716418100335806,0.28970085041144344
2023-10-08,27935.08984375,27935.08984375,28102.169921875,27740.662109375,27971.677734375,7916875290,-0.001206700034343422,-0.0012074286830624696,0.20621203260821794,0.2265384484083226,0.2894456309965909
2023-10-09,27583.677734375,27583.677734375,27989.470703125,27302.5625,27934.47265625,12007668568,-0.012579594744121514,-0.012659387727925962,0.21160272684324888,0.2252943218891501,0.29035688633885054
2023-10-10,27391.01953125,27391.01953125,27715.84765625,27301.654296875,27589.201171875,9973350678,-0.006984500217130485,-0.0070090060125914885,0.190968609310716,0.22662621328636595,0.29061105873474846
2023-10-11,26873.3203125,26873.3203125,27474.115234375,26561.099609375,27392.076171875,13648094333,-0.018900326735168282,-0.019081220842271783,0.13014332329208503,0.2242790056314523,0.2928861567485385
2023-10-12,26756.798828125,26756.798828125,26921.439453125,26558.3203125,26873.29296875,9392909295,-0.0043359541366684295,-0.00434538164717781,0.11260793013426083,0.22495853295764906,0.2928781139187656
2023-10-13,26862.375,26862.375,27092.697265625,26686.322265625,26752.87890625,15165312851,0.003945769916393171,0.0039380057832304975,0.13775549599374304,0.22531519090424337,0.2928503071210734
2023-10-14,26861.70703125,26861.70703125,26969.0,26814.5859375,26866.203125,5388116782,-2.4866332556272575e-05,-2.4866641728645306e-05,0.13905419386386117,0.2202724498643437,0.292538652910329
2023-10-15,27159.65234375,27159.65234375,27289.169921875,26817.89453125,26858.01171875,7098201980,0.011091823470242623,0.011030760315870677,0.1785035755035903,0.22306043579223375,0.29196806096443984
2023-10-16,28519.466796875,28519.466796875,29448.138671875,27130.47265625,27162.62890625,27833876539,0.05006744695824206,0.04885439730476576,0.34008987435930965,0.2779843057584,0.26866848056613596
2023-10-17,28415.748046875,28415.748046875,28618.751953125,28110.185546875,28522.09765625,14872527508,-0.0036367703063566736,-0.0036433994327744555,0.3380087151869904,0.27933814134273793,0.26400323024638683
2023-10-18,28328.341796875,28328.341796875,28889.009765625,28174.251953125,28413.53125,12724128586,-0.0030759792019486865,-0.0030807197496875486,0.3519798565825853,0.2685375754133923,0.2641650294720889
2023-10-19,28719.806640625,28719.806640625,28892.474609375,28177.98828125,28332.416015625,14448058195,0.013818840741083749,0.013724231161473081,0.3390630692785838,0.27030682957024943,0.2653435511300958
2023-10-20,29682.94921875,29682.94921875,30104.0859375,28601.669921875,28732.8125,21536125230,0.033535830870205396,0.03298576898255148,0.36437215760903563,0.2900708456826167,0.27289587165596413
2023-10-21,29918.412109375,29918.412109375,30287.482421875,29481.751953125,29683.380859375,11541146996,0.007932597562652743,0.007901299916077796,0.23851082131681633,0.26452558431142575,0.27288753419814793
2023-10-22,29993.896484375,29993.896484375,30199.43359375,29720.3125,29918.654296875,10446520040,0.002523007395046406,0.002519829955235934,0.2203066329149704,0.254204884957103,0.2715552705139898
2023-10-23,33086.234375,33086.234375,34370.4375,30097.828125,30140.685546875,38363572311,0.10309890521346299,0.09812340552916099,0.6225865875427925,0.41677567782096714,0.3341134361380888
2023-10-24,33901.52734375,33901.52734375,35150.43359375,32880.76171875,33077.3046875,44934999645,0.02464145540134477,0.024342751787773464,0.6083706660312438,0.4199778636358695,0.33624527967085993
2023-10-25,34502.8203125,34502.8203125,35133.7578125,33709.109375,33916.04296875,25254318008,0.017736456610143003,0.017581001125127033,0.6184186903914395,0.4110736784884953,0.3370894546923403
2023-10-26,34156.6484375,34156.6484375,34832.91015625,33762.32421875,34504.2890625,19427195376,-0.010033147199696724,-0.010083818433932462,0.6701006948730247,0.4169039744318891,0.33843889822708756
2023-10-27,33909.80078125,33909.80078125,34238.2109375,33416.88671875,34156.5,16418032871,-0.007226928505637331,-0.007253169256571986,0.6952508235963125,0.4202349584861775,0.3392077062502941
2023-10-28,34089.57421875,34089.57421875,34399.390625,33874.8046875,33907.72265625,10160330825,0.005301518539129857,0.0052875149613998505,0.2388330543132263,0.4186426670837968,0.31860344434460436
2023-10-29,34538.48046875,34538.48046875,34743.26171875,33947.56640625,34089.37109375,11160323986,0.013168432293093613,0.013082482218137433,0.19331675867454673,0.41008387238117855,0.3166889595616414
2023-10-30,34502.36328125,34502.36328125,34843.93359375,34110.97265625,34531.7421875,17184860315,-0.0010457086417764438,-0.001046255776520464,0.1494430483129131,0.40709941264961247,0.29526084708061384
2023-10-31,34667.78125,34667.78125,34719.25390625,34083.30859375,34500.078125,15758270810,0.004794395311462418,0.004782938801692802,0.12078284343409246,0.3918177016226463,0.29455165267361477
2023-11-01,35437.25390625,35437.25390625,35527.9296875,34170.69140625,34657.2734375,22446272005,0.022195613001625203,0.021952875620689455,0.14126531944074228,0.38771233734833294,0.2965643079078073
2023-11-02,34938.2421875,34938.2421875,35919.84375,34401.57421875,35441.578125,20998158544,-0.014081557224217889,-0.014181643038139046,0.2184162556378872,0.3991458563463776,0.29921775914073906
2023-11-03,34732.32421875,34732.32421875,34942.47265625,34133.44140625,34942.47265625,17158456701,-0.005893770145759425,-0.005911206955145199,0.2152879196054289,0.40225616864624464,0.299193014314402
2023-11-04,35082.1953125,35082.1953125,35256.03125,34616.69140625,34736.32421875,9561294264,0.010073356782761111,0.010022958693683921,0.22249465254258577,0.4023324687621977,0.29908702052440067
2023-11-05,35049.35546875,35049.35546875,35340.33984375,34594.2421875,35090.01171875,12412743996,-0.0009360829177728069,-0.0009365213169939803,0.22384771227594927,0.38142680982033295,0.29907814573234187
2023-11-06,35037.37109375,35037.37109375,35286.02734375,34765.36328125,35044.7890625,12693436420,-0.0003419285416157436,-0.0003419870125084872,0.14014544303409657,0.38000251757810233,0.297927110820778
2023-11-07,35443.5625,35443.5625,35892.41796875,34545.81640625,35047.79296875,18834737789,0.011593090279608864,0.011526405303600254,0.11985364164054815,0.3766144191836305,0.29593910356936437
2023-11-08,35655.27734375,35655.27734375,35994.41796875,35147.80078125,35419.4765625,17295394918,0.005973294692089626,0.005955525293475274,0.09126648504760214,0.3769343406703803,0.29571093317249064
2023-11-09,36693.125,36693.125,37926.2578125,35592.1015625,35633.6328125,37762672382,0.029107827327892632,0.02869223982446583,0.19270385085023375,0.3738806841710906,0.2990790067121044
2023-11-10,37313.96875,37313.96875,37493.80078125,36362.75390625,36702.25,22711265155,0.01691989303173269,0.01677834605033404,0.17555244571435036,0.374358113958338,0.2922710343121372
2023-11-11,37138.05078125,37138.05078125,37407.09375,36773.66796875,37310.0703125,13924272142,-0.0047145338500075296,-0.004725682318407844,0.19721209993426045,0.3774174273689657,0.2902316444632806
2023-11-12,37054.51953125,37054.51953125,37227.69140625,36779.1171875,37133.9921875,11545715999,-0.002249209321512735,-0.002251742592082081,0.22060584315653853,0.19123848578560007,0.29008885551171076
2023-11-13,36502.35546875,36502.35546875,37405.1171875,36399.60546875,37070.3046875,19057712790,-0.014901395821212304,-0.015013537055029228,0.2803219297771346,0.19127979545929422,0.29289502444366045
2023-11-14,35537.640625,35537.640625,36753.3515625,34948.5,36491.7890625,23857403554,-0.026428838121854925,-0.02678435783979465,0.25682409659909916,0.21224420466164434,0.300157800269462
2023-11-15,37880.58203125,37880.58203125,37964.89453125,35383.78125,35548.11328125,27365821679,0.06592844558740318,0.06384619927627835,0.5613115439327862,0.3020626256291892,0.32326248879625347
2023-11-16,36154.76953125,36154.76953125,37934.625,35545.47265625,37879.98046875,26007385366,-0.04555929205565723,-0.046629756190665436,0.6666606187916236,0.3517936510968133,0.34047361027351164
2023-11-17,36596.68359375,36596.68359375,36704.484375,35901.234375,36164.82421875,22445028430,0.012222842746045792,0.01214874696667944,0.6786308976386439,0.3531726456958574,0.3407181882853995
2023-11-18,36585.703125,36585.703125,36839.28125,36233.3125,36625.37109375,11886022717,-0.000300039994658885,-0.000300085015663709,0.6694976013200269,0.35157211209241046,0.3400180264297813
2023-11-19,37386.546875,37386.546875,37509.35546875,36414.59765625,36585.765625,12915986553,0.021889527372586093,0.021653391391504333,0.6326319826704316,0.3573957921950049,0.34132153654568237
2023-11-20,37476.95703125,37476.95703125,37756.8203125,36882.53125,37374.07421875,20888209068,0.0024182537251242753,0.002415334454994771,0.4180280079005583,0.3574270550445861,0.33694099372615577
2023-11-21,35813.8125,35813.8125,37631.140625,35813.8125,37469.16015625,25172163756,-0.04437779006078835,-0.045392621921948366,0.4097437286808618,0.3906950641079724,0.35273911734743185
2023-11-22,37432.33984375,37432.33984375,37856.98046875,35670.97265625,35756.5546875,24397247860,0.045192824521265385,0.04420138946783627,0.5257253987939493,0.41570340128866273,0.3615989824868207
2023-11-23,37289.62109375,37289.62109375,37643.91796875,36923.86328125,37420.43359375,14214948217,-0.003812712499291715,-0.003819999415433914,0.5283440062354977,0.4151448718275042,0.3602295879069115
2023-11-24,37720.28125,37720.28125,38415.33984375,37261.60546875,37296.31640625,22922957823,0.011549062275727495,0.01148288092363248,0.511367405311248,0.41547889037274044,0.36030058769774936
2023-11-25,37796.79296875,37796.79296875,37892.4296875,37617.41796875,37721.4140625,9099571165,0.0020283973558654633,0.002026342935600158,0.511344289360178,0.4151804357780287,0.35990052989323584
2023-11-26,37479.12109375,37479.12109375,37820.30078125,37162.75,37796.828125,13744796068,-0.008404730932136117,-0.00844024984109134,0.3332142528962303,0.4172351503855538,0.3611288515549465
2023-11-27,37254.16796875,37254.16796875,37559.35546875,36750.12890625,37454.19140625,19002925720,-0.006002091789647501,-0.00602017674392167,0.12637007825784174,0.41733367498643664,0.35968841113362465
2023-11-28,37831.0859375,37831.0859375,38368.48046875,36891.08984375,37247.9921875,21696137014,0.01548599794884531,0.015367313611233842,0.16612057028709334,0.4197004321667137,0.35971915022891615
2023-11-29,37858.4921875,37858.4921875,38366.11328125,37612.6328125,37826.10546875,20728546658,0.0007244373065387055,0.0007241750284948421,0.14755392334533637,0.4085524547531514,0.3597880209050726
2023-11-30,37712.74609375,37712.74609375,38141.75390625,37531.140625,37861.1171875,18115982627,-0.0038497596002547985,-0.0038571889984724806,0.15018951534061153,0.40490989245636755,0.3542944611765586
2023-12-01,38688.75,38688.75,38954.109375,37629.359375,37718.0078125,23512784002,0.025879947957747618,0.02555073011462817,0.21574703455451483,0.4138596130480595,0.3539379073876183
2023-12-02,39476.33203125,39476.33203125,39678.9375,38652.59375,38689.27734375,15534035612,0.020356874575942596,0.020152443138720524,0.20066773269416452,0.4183904399922282,0.35461934255313887
2023-12-03,39978.390625,39978.390625,40135.60546875,39298.1640625,39472.20703125,15769696322,0.012717964611113297,0.012637770520489717,0.1983508881669271,0.41394483454817044,0.3545574311333959
2023-12-04,41980.09765625,41980.09765625,42371.75,39978.62890625,39978.62890625,39856129827,0.05006972516793251,0.04885656688656327,0.3058337997734116,0.42494002670208086,0.3627064559063979
2023-12-05,44080.6484375,44080.6484375,44408.6640625,41421.1484375,41986.265625,36312154535,0.05003682455553493,0.04882523455973004,0.265740668731776,0.4016174092232547,0.37189615035355394
2023-12-06,43746.4453125,43746.4453125,44265.76953125,43478.08203125,44080.0234375,29909761586,-0.007581629055975703,-0.007610515703398493,0.3868653888799684,0.3526639898489972,0.3729501458212995
2023-12-07,43292.6640625,43292.6640625,44042.58984375,42880.6484375,43769.1328125,27635760671,-0.010372985662227885,-0.010427160036986542,0.46241141974077316,0.35947954685393313,0.37434087406355104
2023-12-08,44166.6015625,44166.6015625,44705.515625,43125.296875,43293.13671875,24421116687,0.02018673414826888,0.01998568323480024,0.45951977720273146,0.36017820403256906,0.37288143941174107
2023-12-09,43725.984375,43725.984375,44361.2578125,43627.59765625,44180.01953125,17368210171,-0.009976252913108663,-0.010026349184727985,0.413837984766687,0.3634415459827878,0.3734457007144073
2023-12-10,43779.69921875,43779.69921875,44034.625,43593.28515625,43728.3828125,13000481418,0.0012284421841561866,0.001227688266422679,0.20371418858685642,0.3637006494809561,0.3695013592052193
2023-12-11,41243.83203125,41243.83203125,43808.375,40234.578125,43792.01953125,40632672038,-0.05792335792051162,-0.05966864669683699,0.4679942849367575,0.39367385957177187,0.394060487225182
2023-12-12,41450.22265625,41450.22265625,42048.3046875,40667.5625,41238.734375,24779520132,0.005004157345118276,0.004991678164292342,0.4833554081067063,0.3683997027290769,0.394029012665437
2023-12-13,42890.7421875,42890.7421875,43429.78125,40676.8671875,41468.46484375,26797884674,0.03475299863154757,0.03416274957103686,0.543139252851887,0.3806718433252356,0.39755404731219085
2023-12-14,43023.97265625,43023.97265625,43390.859375,41767.08984375,42884.26171875,25578530178,0.0031062756659134827,0.003101461159203954,0.5447924739032396,0.3805244441445807,0.3976108690024309
2023-12-15,41929.7578125,41929.7578125,43087.82421875,41692.96875,43028.25,19639442462,-0.025432678020983368,-0.025761678809584642,0.5642061427678398,0.3973453406604816,0.39398657844965324
2023-12-16,42240.1171875,42240.1171875,42664.9453125,41723.11328125,41937.7421875,14386729590,0.007401888090740938,0.007374628549158558,0.33728513482765804,0.3941031278300501,0.39343080113444806
2023-12-17,41364.6640625,41364.6640625,42359.49609375,41274.54296875,42236.109375,16678702876,-0.02072563201266564,-0.02094342240847231,0.3833401796972248,0.4035758195113483,0.39699644903189923
2023-12-18,42623.5390625,42623.5390625,42720.296875,40530.2578125,41348.203125,25224642008,0.030433584522719714,0.029979669511789556,0.36001068504742656,0.41169397126130675,0.39968188423632195
2023-12-19,42270.52734375,42270.52734375,43354.296875,41826.3359375,42641.51171875,23171001281,-0.008282083715112631,-0.008316570718615267,0.36044178233939017,0.4144615023390161,0.3969810458753392
2023-12-20,43652.25,43652.25,44275.5859375,42223.81640625,42261.30078125,27868908174,0.032687613405284255,0.032164737244750545,0.36985987292049116,0.42329133297868293,0.4006033234353436
2023-12-21,43869.15234375,43869.15234375,44240.66796875,43330.05078125,43648.125,22452766169,0.0049688697318006625,0.0049565656400486135,0.3705365518124411,0.4177993883752643,0.40053632909309117
2023-12-22,43997.90234375,43997.90234375,44367.95703125,43441.96875,43868.98828125,21028503216,0.002934864092908329,0.0029305657871948458,0.2832971020061831,0.414677513990498,0.3519235100059985
2023-12-23,43739.54296875,43739.54296875,44015.69921875,43351.35546875,44012.19921875,13507796558,-0.005872083923035065,-0.005889392398977758,0.2557193284400667,0.4156154902478489,0.3501843489485256
2023-12-24,43016.1171875,43016.1171875,43945.5234375,42786.91796875,43728.3671875,18830554085,-0.01653939964043194,-0.016677702596480784,0.2883106649113836,0.3869544635656826,0.35164770334971257
2023-12-25,43613.140625,43613.140625,43765.09375,42765.76953125,43010.57421875,21115795370,0.013879063861056418,0.013783631646973108,0.18372887616292172,0.34778480276666607,0.3510602970521053
2023-12-26,42520.40234375,42520.40234375,43603.17578125,41676.48828125,43599.84765625,30026850982,-0.025055253200995553,-0.025374479539831175,0.24595779036889417,0.3581414007310025,0.35549384025192077
2023-12-27,43442.85546875,43442.85546875,43683.16015625,42167.58203125,42518.46875,25260941032,0.021694364920222586,0.021462391204340153,0.31500822486448266,0.36532259366422387,0.3573292543285193
2023-12-28,42627.85546875,42627.85546875,43804.78125,42318.55078125,43468.19921875,22992093014,-0.01876027694786908,-0.018938483263033618,0.33663142585979294,0.3634474088546994,0.3598853256605573
2023-12-29,42099.40234375,42099.40234375,43124.32421875,41424.0625,42614.64453125,26000021055,-0.012396896798793966,-0.01247437935200907,0.3287937433790973,0.3642876272721834,0.36126237336737993
2023-12-30,42156.90234375,42156.90234375,42584.125,41556.2265625,42091.75390625,16013925945,0.0013658151137276864,0.001364883236683238,0.2959202010568053,0.3643035527004759,0.3612710361631774
2023-12-31,42265.1875,42265.1875,42860.9375,41998.25390625,42152.09765625,16397498810,0.002568622223877659,0.0025653289520551383,0.24798115912648494,0.29348290046798403,0.3591651124235798
2024-01-01,44167.33203125,44167.33203125,44175.4375,42214.9765625,42280.234375,18426978443,0.0450049945064126,0.044021664837326654,0.3893236633236336,0.3304965607176971,0.3670374302076932
2024-01-02,44957.96875,44957.96875,45899.70703125,44176.94921875,44187.140625,39335274536,0.017900939051301412,0.01774260401360504,0.3414205038600897,0.3148457143845486,0.3675358199436763
2024-01-03,42848.17578125,42848.17578125,45503.2421875,40813.53515625,44961.6015625,46342323118,-0.04692812036242189,-0.04806495357875531,0.5329929848267237,0.3620768028604129,0.3826420445699736
2024-01-04,44179.921875,44179.921875,44770.0234375,42675.17578125,42855.81640625,30448091210,0.03108057856532498,0.030607357718285957,0.5649931752527134,0.36458378937400954,0.3865793415076053
2024-01-05,44162.69140625,44162.69140625,44353.28515625,42784.71875,44192.98046875,32336029347,-0.0003900067727314882,-0.0003900828451526924,0.5676205419791629,0.36428066774635226,0.38658158621256616
2024-01-06,43989.1953125,43989.1953125,44227.6328125,43475.15625,44178.953125,16092503468,-0.003928567037593367,-0.00393630412750998,0.47452766345625913,0.3548133553388471,0.3865702840940378
2024-01-07,43943.09765625,43943.09765625,44495.5703125,43662.23046875,43998.46484375,19330573863,-0.0010479313368322307,-0.0010484808007761193,0.44615076285081784,0.34041092070950435,0.386654483390621
2024-01-08,46970.50390625,46970.50390625,47218.0,43244.08203125,43948.70703125,42746192015,0.06889378335779228,0.06662426635587362,0.48311844928913045,0.4087539889069871,0.40461494066911396
2024-01-09,46139.73046875,46139.73046875,47893.69921875,45244.71484375,46987.640625,39821290992,-0.017687130611972357,-0.01784541710643821,0.5263313094764025,0.4036290782093121,0.40620555714898376
2024-01-10,46627.77734375,46627.77734375,47647.22265625,44483.15234375,46121.5390625,50114613298,0.010577584004972662,0.01052203275194838,0.5201482458703361,0.4045112749640241,0.40608251403926177
2024-01-11,46368.5859375,46368.5859375,48969.37109375,45678.64453125,46656.07421875,45833734549,-0.005558733892443213,-0.005574241147522551,0.5232052554444097,0.4056692339626671,0.4063507375238756
2024-01-12,42853.16796875,42853.16796875,46498.13671875,41903.76953125,46354.79296875,43332698900,-0.07581464687080208,-0.07884262883299366,0.8320511907692952,0.498098287481213,0.4386983453521539
2024-01-13,42842.3828125,42842.3828125,43234.66015625,42464.14453125,42799.4453125,20601860469,-0.0002516769882185965,-0.0002517086641866489,0.5603478375292325,0.49465215056886963,0.43443792613899057
2024-01-14,41796.26953125,41796.26953125,43065.59765625,41724.61328125,42842.26171875,17521429522,-0.0244177193838242,-0.024720775355358247,0.5620436769633984,0.49907551862369515,0.41920697023606274
2024-01-15,42511.96875,42511.96875,43319.72265625,41705.41796875,41715.06640625,22320220558,0.01712351907901466,0.01697856404641987,0.5853547567368036,0.4955409116094687,0.4080439964003038
2024-01-16,43154.9453125,43154.9453125,43566.2734375,42085.99609375,42499.3359375,24062872740,0.015124600939588229,0.015011364505806485,0.630458907568631,0.49235228198304404,0.40836917742210915
2024-01-17,42742.65234375,42742.65234375,43189.890625,42189.30859375,43132.1015625,20851232595,-0.009553782672285682,-0.009599712825861542,0.27673752981342586,0.4887744960175882,0.40910964644287456
2024-01-18,41262.05859375,41262.05859375,42876.34765625,40631.171875,42742.3125,25218357242,-0.034639725632667706,-0.03525390600438047,0.37035633401182505,0.5030484250690508,0.4143743784712053
2024-01-19,41618.40625,41618.40625,42134.16015625,40297.45703125,41278.4609375,25752407154,0.00863620644230223,0.008599127738074015,0.34769455683446737,0.5041545507197249,0.41461727219083055
2024-01-20,41665.5859375,41665.5859375,41877.89453125,41446.82421875,41624.58984375,11586690904,0.0011336255217606617,0.0011329834535463317,0.31296125412800746,0.5040592913112837,0.4028198528993405
2024-01-21,41545.78515625,41545.78515625,41855.3671875,41497.0078125,41671.48828125,9344043642,-0.0028752933279206916,-0.002879434924556738,0.26677886738764117,0.4755369624863552,0.39346031430472966
2024-01-22,39507.3671875,39507.3671875,41651.20703125,39450.1171875,41553.65234375,31338708143,-0.049064374667218136,-0.05030891028125471,0.4061429246599127,0.4969256766191248,0.4075478333650335
2024-01-23,39845.55078125,39845.55078125,40127.3515625,38521.89453125,39518.71484375,29244553045,0.008560013431039293,0.008523584257922188,0.39232038336062214,0.47416675792871865,0.40726659322657305
2024-01-24,40077.07421875,40077.07421875,40483.78515625,39508.796875,39877.59375,22359526178,0.005810521700930993,0.005793705727985713,0.38574950842804795,0.45831746221891373,0.4073837268290266
2024-01-25,39933.80859375,39933.80859375,40254.48046875,39545.6640625,40075.55078125,18491782013,-0.0035747525934159974,-0.003581157289492955,0.3804820785723563,0.45804334799078755,0.4070255529962793
2024-01-26,41816.87109375,41816.87109375,42209.38671875,39825.69140625,39936.81640625,25598119893,0.04715459322091098,0.04607657449481696,0.5478787195970418,0.49272170818872896,0.41703621291292425
2024-01-27,42120.0546875,42120.0546875,42195.6328125,41431.28125,41815.625,11422941934,0.007250269707417489,0.007224112855396914,0.3047470234141177,0.49392566667770077,0.41624833477989154
2024-01-28,42035.59375,42035.59375,42797.17578125,41696.91015625,42126.125,16858971687,-0.002005242826170095,-0.002007256017307645,0.32271368797437006,0.4220935536722899,0.4163158382992079
2024-01-29,43288.24609375,43288.24609375,43305.8671875,41818.33203125,42030.9140625,20668476578,0.029799801358818767,0.029364415736914624,0.34288550948815344,0.43686159815873654,0.41995790519175824
2024-01-30,42952.609375,42952.609375,43838.9453125,42711.37109375,43300.2265625,23842814518,-0.007753530092744043,-0.007783744989935841,0.3584965321720449,0.4340646761555578,0.4176245917642295
2024-01-31,42582.60546875,42582.60546875,43717.40625,42298.9453125,42946.25,24673628793,-0.00861423582021903,-0.008651552809046921,0.24949587914094165,0.4343401902162697,0.4163713001084363
2024-02-01,43075.7734375,43075.7734375,43243.16796875,41879.19140625,42569.76171875,21423953779,0.011581441842771323,0.011514890294239742,0.25518551220319674,0.3357938378973987,0.41624661199622426
2024-02-02,43185.859375,43185.859375,43422.48828125,42584.3359375,43077.640625,18603843039,0.0025556346111748063,0.002552374530244358,0.24987243647483381,0.33588477493228786,0.4042687342015631
2024-02-03,42992.25,42992.25,43359.94140625,42890.80859375,43184.96484375,11169245236,-0.0044831659668692625,-0.004493245492150753,0.1340708139528878,0.3232575685208723,0.3915991993161257
2024-02-04,42583.58203125,42583.58203125,43097.64453125,42374.83203125,42994.94140625,14802225490,-0.009505619472114146,-0.009551086228745845,0.1398576053480028,0.32001240713424833,0.3917716197413001
2024-02-05,42658.66796875,42658.66796875,43494.25,42264.81640625,42577.62109375,18715487317,0.0017632602500394778,0.0017617075316479283,0.1262463697398255,0.3152356716182894,0.3912416745992074
2024-02-06,43084.671875,43084.671875,43344.1484375,42529.01953125,42657.390625,16798476726,0.009986338686479135,0.009936804708699247,0.11766488045771653,0.3154480474009457,0.3895605997413526
2024-02-07,44318.22265625,44318.22265625,44341.94921875,42775.95703125,43090.01953125,21126587775,0.028630850081180936,0.02822864621028068,0.23493849668953157,0.30041428587744934,0.3933986715112959
2024-02-08,45301.56640625,45301.56640625,45575.83984375,44332.125,44332.125,26154524080,0.022188248784866804,0.021945671282114807,0.2412746255706431,0.30703866095379734,0.39590768486860883
2024-02-09,47147.19921875,47147.19921875,48152.49609375,45260.82421875,45297.3828125,39316770844,0.040741037427910465,0.0399329954084116,0.2383915036844346,0.33172810307641015,0.3836094833649419
2024-02-10,47771.27734375,47771.27734375,48146.171875,46905.3203125,47153.52734375,16398681570,0.013236801662479536,0.013149960695064189,0.19151571683243196,0.33080045003482905,0.38422424862117655
2024-02-11,48293.91796875,48293.91796875,48535.9375,47617.40625,47768.96875,19315867136,0.010940478338881565,0.010881064258583886,0.18764851281309505,0.2522211816246287,0.3789207949200895
2024-02-12,49958.22265625,49958.22265625,50280.4765625,47745.76171875,48296.38671875,34511985805,0.034461993507690414,0.03388147853165121,0.20166644734074068,0.26588902082185817,0.384519984216632
2024-02-13,49742.44140625,49742.44140625,50358.390625,48406.49609375,49941.359375,35593051468,-0.004319233922406296,-0.004328588760117502,0.2865746516275109,0.27105133330436226,0.3802792768609362
2024-02-14,51826.6953125,51826.6953125,52021.37109375,49296.83203125,49733.4453125,39105608050,0.041900916949929146,0.041046849510408934,0.29183393215562903,0.28554487506416637,0.38817069851229763
2024-02-15,51938.5546875,51938.5546875,52820.06640625,51371.62890625,51836.78515625,38564360533,0.0021583350882306007,0.0021560092291083846,0.31505577186449457,0.2595097711345413,0.3848535346089353
2024-02-16,52160.203125,52160.203125,52537.96875,51641.3671875,51937.7265625,28180567298,0.004267512618200353,0.0042584326097615645,0.32611209495805676,0.2602699499439206,0.3809689506721885
2024-02-17,51662.99609375,51662.99609375,52191.9140625,50669.66796875,52161.67578125,20009091006,-0.009532306269177337,-0.00957802949778828,0.3167867914711358,0.2664817390016323,0.38114289443126287
2024-02-18,52122.546875,52122.546875,52356.96484375,51233.70703125,51661.96875,17595377311,0.008895163192163213,0.008855834280713763,0.30128986932155777,0.25680119672660545,0.3765809771182347
2024-02-19,51779.14453125,51779.14453125,52483.32421875,51711.8203125,52134.8125,21362184346,-0.006588364620277343,-0.006610163694046543,0.12205649466973327,0.2557983960305354,0.37706424946029765
2024-02-20,52284.875,52284.875,52945.05078125,50792.3125,51777.7265625,33353758256,0.009767068832988945,0.009719679337319471,0.14145957402535556,0.24681063415595203,0.3773337470918437
2024-02-21,51839.1796875,51839.1796875,52368.81640625,50671.7578125,52273.53515625,28624907020,-0.008524364120598982,-0.00856090431522995,0.15349863886233758,0.2555917026691705,0.3776384109534956
2024-02-22,51304.97265625,51304.97265625,52009.61328125,50926.29296875,51854.64453125,25413900611,-0.010305082651198116,-0.010358547640014263,0.15624679746960007,0.2640538018751861,0.3764642895725563
2024-02-23,50731.94921875,50731.94921875,51497.93359375,50561.77734375,51283.90625,21427078270,-0.011168964874795462,-0.011231806115512574,0.13716928020137206,0.2695170022899428,0.3768763045997353
2024-02-24,51571.1015625,51571.1015625,51684.1953125,50585.4453125,50736.37109375,15174077879,0.016540904827679226,0.016405594130217752,0.2050080735581766,0.26239956070593806,0.3733786428509407
2024-02-25,51733.23828125,51733.23828125,51950.02734375,51306.171875,51565.21484375,15413239245,0.003143945229742817,0.0031390133682369275,0.18837208643330852,0.2619007201034136,0.3714374398494005
2024-02-26,54522.40234375,54522.40234375,54938.17578125,50931.03125,51730.5390625,34074411896,0.053914352844811164,0.052511187656945416,0.4170286827761868,0.30292195792681526,0.3821926722914333
2024-02-27,57085.37109375,57085.37109375,57537.83984375,54484.19921875,54519.36328125,49756832031,0.04700762695380023,0.045936216440473146,0.4342456253906635,0.3216246275679357,0.3900383181988786
2024-02-28,62504.7890625,62504.7890625,63913.1328125,56738.42578125,57071.09765625,83239156760,0.09493531994124749,0.09069529297704289,0.5419532157726729,0.42418728616302886,0.42756778818040225
2024-02-29,61198.3828125,61198.3828125,63585.64453125,60498.73046875,62499.18359375,65496611844,-0.020900898468654838,-0.02112241427001975,0.6960435816604443,0.43393245087815374,0.43125400553799936
2024-03-01,62440.6328125,62440.6328125,63155.1015625,60802.52734375,61168.0625,40186368423,0.020298739001094468,0.0200954657884248,0.6576758095460249,0.43465507042004686,0.4250268763554985
2024-03-02,62029.84765625,62029.84765625,62458.69921875,61657.2890625,62431.65234375,23888473685,-0.006578811548619723,-0.006600547312091193,0.7055194774372616,0.44038498214687044,0.42502605086086387
2024-03-03,63167.37109375,63167.37109375,63230.2109375,61435.0234375,62031.578125,26253811450,0.01833832389535761,0.01817220465901261,0.6827657459747225,0.43375681992402626,0.41090425517374335
2024-03-04,68330.4140625,68330.4140625,68537.03125,62386.51953125,63137.00390625,70670471105,0.08173591649219114,0.0785670808490068,0.604920006674766,0.4893022724208799,0.4340417233975228
2024-03-05,63801.19921875,63801.19921875,69170.625,59323.91015625,68341.0546875,102802940877,-0.06628402455760396,-0.06858298181492034,0.8440056014368119,0.5636046280597496,0.46085188351645257
2024-03-06,66106.8046875,66106.8046875,67637.9296875,62848.671875,63776.05078125,68750229073,0.03613733749494208,0.03549970020086634,0.8643728396986027,0.5695376097004214,0.4642463468637635
2024-03-07,66925.484375,66925.484375,68029.921875,65655.53125,66099.7421875,46989543159,0.012384196927533564,0.012308140052515397,0.8498515825553876,0.5687913232873474,0.4640902243359876
2024-03-08,68300.09375,68300.09375,70083.0546875,66230.453125,66938.09375,59202881172,0.020539401213709896,0.020331312236987975,0.8504664580493663,0.5633010921514838,0.4481143694329677
2024-03-09,68498.8828125,68498.8828125,68673.0546875,68053.125,68299.2578125,21609650379,0.0029105240064184468,0.002906296632019191,0.6416885933215358,0.5644106809117279,0.4453600567473622
2024-03-10,69019.7890625,69019.7890625,70005.203125,68239.9765625,68500.2578125,35683977532,0.007604594828588107,0.007575825657206857,0.20308515580820713,0.5598812310808938,0.4452897585859259
2024-03-11,72123.90625,72123.90625,72850.7109375,67194.8828125,69020.546875,65716656765,0.04497430707429584,0.04399229858274628,0.2569819074656074,0.5692443382102024,0.45108067667451773
2024-03-12,71481.2890625,71481.2890625,72825.65625,68728.8515625,72125.125,62554434520,-0.008909905479502545,-0.008949836049347838,0.3201798135723383,0.5694692980336098,0.415357504507211
2024-03-13,73083.5,73083.5,73637.4765625,71334.09375,71482.1171875,48212536929,0.022414410239567806,0.02216689906407544,0.3230185032672832,0.5610950168766957,0.415874310309417
2024-03-14,71396.59375,71396.59375,73750.0703125,68563.0234375,73079.375,59594605698,-0.0230819028918976,-0.0233524614583823,0.4174565298628074,0.5709446214628063,0.4154110128622757
2024-03-15,69403.7734375,69403.7734375,72357.1328125,65630.6953125,71387.875,78320453976,-0.027911980219644583,-0.028308923292000562,0.4923254041985868,0.5932752840816957,0.42197670212210614
2024-03-16,65315.1171875,65315.1171875,70046.2734375,64801.39453125,69392.484375,46842198371,-0.05891115205258901,-0.060717725206296765,0.47875680180316826,0.6505303289915755,0.4446624526444388
2024-03-17,68390.625,68390.625,68845.71875,64545.31640625,65316.34375,44716864318,0.04708722796395115,0.046012240704610304,0.6758861842088584,0.6455065912586141,0.4504134700948859
2024-03-18,67548.59375,67548.59375,68897.1328125,66594.2265625,68371.3046875,49261579492,-0.0123120859035869,-0.012388507554368627,0.6180615989497829,0.6371831011051297,0.4434546597852315
2024-03-19,61912.7734375,61912.7734375,68106.9296875,61536.1796875,67556.1328125,74215844794,-0.08343356981432348,-0.08712073185700822,0.8049981026383599,0.6452098292000248,0.48458190282914987
2024-03-20,67913.671875,67913.671875,68115.2578125,60807.78515625,61930.15625,66792634382,0.09692504638897836,0.09251085296877404,1.1775876372972005,0.7188595542240841,0.5153701539801625
2024-03-21,65491.390625,65491.390625,68199.9921875,64580.91796875,67911.5859375,44480350565,-0.03566706353999505,-0.03631867422621332,1.1150775294023882,0.731148083842535,0.5229256545514848
2024-03-22,63778.76171875,63778.76171875,66623.75,62355.37109375,65489.9296875,41401116964,-0.02615044343853401,-0.02649844665215931,1.045433903263729,0.737772994480322,0.5138645799004237
2024-03-23,64062.203125,64062.203125,65976.3984375,63038.4921875,63802.72265625,24738964812,0.004444134671348854,0.0044342886654000135,1.0538183882655499,0.7352355866480742,0.5139145153975723
2024-03-24,67234.171875,67234.171875,67622.7578125,63825.8515625,64070.75390625,27206630673,0.04951388799118828,0.04832709315067971,0.8539420487890989,0.6997390178053638,0.5205150342197776
2024-03-25,69958.8125,69958.8125,71162.59375,66414.8359375,67234.09375,42700139523,0.04052464020923141,0.0397250476948794,0.6033571570795295,0.6653751833517707,0.5237346034186143
2024-03-26,69987.8359375,69987.8359375,71535.7421875,69335.609375,69931.328125,36010437368,0.00041486463910467286,0.0004147786065640333,0.48629687627590273,0.655349414671767,0.5183891433591151
2024-03-27,69455.34375,69455.34375,71727.6875,68381.9296875,69991.8984375,40827113309,-0.007608353371227561,-0.007637444542951766,0.39984943691978736,0.6553568828368003,0.5194492693398918
2024-03-28,70744.953125,70744.953125,71546.0234375,68895.5078125,69452.7734375,34374900617,0.018567460837021654,0.018397189971880865,0.38406471005085735,0.6546692747550342,0.5193970765135619
2024-03-29,69892.828125,69892.828125,70913.09375,69076.65625,70744.796875,25230851763,-0.01204502883045766,-0.012118158012204417,0.33871609307538725,0.6564896534651902,0.519297204866885
2024-03-30,69645.3046875,69645.3046875,70355.4921875,69601.0625,69893.4453125,17130241883,-0.0035414711944022903,-0.0035477570486820652,0.18654421433533488,0.6562008452555352,0.5188201642484114
2024-03-31,71333.6484375,71333.6484375,71377.78125,69624.8671875,69647.78125,20050941373,0.02424203264779501,0.023952858696302478,0.2581020776534089,0.6422726391438223,0.5186385898464497
2024-04-01,69702.1484375,69702.1484375,71342.09375,68110.6953125,71333.484375,34873527352,-0.022871394296192005,-0.023137002333257977,0.3179300547836133,0.6466923739755683,0.522652785334757
2024-04-02,65446.97265625,65446.97265625,69708.3828125,64586.59375,69705.0234375,50705240709,-0.061047985989492126,-0.06299090436988572,0.5035315058460174,0.6757693997119372,0.5424672872862801
2024-04-03,65980.8125,65980.8125,66914.3203125,64559.8984375,65446.671875,34488018367,0.008156830210526378,0.00812374307331999,0.5319716551030496,0.6739859094822579,0.5419486080336265
2024-04-04,68508.84375,68508.84375,69291.2578125,65113.796875,65975.6953125,34439527442,0.038314642609167615,0.03759886271186141,0.6400423344117446,0.6829296548557262,0.5443556315269211
2024-04-05,67837.640625,67837.640625,68725.7578125,66011.4765625,68515.7578125,33748230056,-0.009797320875087778,-0.009845630418288566,0.5926290896195244,0.646483976080437,0.5454356308377567
2024-04-06,68896.109375,68896.109375,69629.6015625,67491.71875,67840.5703125,19967785809,0.015602971156545964,0.015482496362565016,0.6022440679124244,0.6276601949373142,0.5456497708272154
2024-04-07,69362.5546875,69362.5546875,70284.4296875,68851.6328125,68897.109375,21204930369,0.006770270726916605,0.006747455363626304,0.2734103419194041,0.6261755860240004,0.5439921361569439
2024-04-08,71631.359375,71631.359375,72715.359375,69064.2421875,69362.5546875,37261432669,0.03270935878474601,0.03218579409702191,0.30549911037703464,0.539939930564201,0.5455588675498301
2024-04-09,69139.015625,69139.015625,71742.5078125,68212.921875,71632.5,36426900409,-0.03479403115822832,-0.035413761203788405,0.4090162023382399,0.45666809923618246,0.5483531114810858
2024-04-10,70587.8828125,70587.8828125,71093.4296875,67503.5625,69140.2421875,38318601774,0.0209558550176423,0.020739301242534747,0.4116321666557395,0.43959474612758065,0.5489734982971157
2024-04-11,70060.609375,70060.609375,71256.234375,69571.8125,70575.734375,30153382941,-0.007469744331340511,-0.00749778258451207,0.41742237031500845,0.4272566275700738,0.549639790392114
2024-04-12,67195.8671875,67195.8671875,71222.7421875,65254.8359375,70061.3828125,44129299406,-0.04088948430588779,-0.041748970181434676,0.5215654255903739,0.4579787676003103,0.555197578906805
2024-04-13,63821.47265625,63821.47265625,67931.4296875,60919.10546875,67188.375,52869738185,-0.05021729270691988,-0.05152204971523435,0.46772848029363673,0.4622647006100056,0.5668645605340672
2024-04-14,65738.7265625,65738.7265625,65824.4296875,62205.8515625,63836.23046875,49084320047,0.03004089104268326,0.02959850149495867,0.5751770163649708,0.4512318222190746,0.5641612464469904
2024-04-15,63426.2109375,63426.2109375,66878.6484375,62332.0703125,65739.6484375,43595917654,-0.03517737178558533,-0.03581099949650861,0.5218835969171874,0.46557195958950565,0.5700160167565388
2024-04-16,63811.86328125,63811.86328125,64355.66796875,61716.40234375,63419.296875,42847528078,0.006080330797783695,0.0060619201772289105,0.5526076131470221,0.46704949011065827,0.5700405420423789
2024-04-17,61276.69140625,61276.69140625,64486.36328125,59768.5859375,63831.84765625,41915247049,-0.03972884891052719,-0.04053958534994488,0.5494854328092683,0.47593671148166405,0.5765365701879008
2024-04-18,63512.75390625,63512.75390625,64125.6875,60833.48046875,61275.31640625,36006307335,0.03649124077498622,0.03584120208614769,0.5678656233782349,0.49921935031799686,0.5803780434835915
2024-04-19,63843.5703125,63843.5703125,65481.59765625,59651.390625,63510.75,49920425401,0.005208661031110617,0.005195142876912206,0.5084227307187267,0.5004700575996156,0.5800217354200968
2024-04-20,64994.44140625,64994.44140625,65442.45703125,63172.40234375,63851.1015625,23097485495,0.018026421268684478,0.017865871886504233,0.4484136675928746,0.4963540691957455,0.5806353253711666
2024-04-21,64926.64453125,64926.64453125,65723.2421875,64277.72265625,64992.81640625,20506644853,-0.0010431180502996629,-0.0010436624765665994,0.45007299110072757,0.49161485580415737,0.5801655784638592
2024-04-22,66837.6796875,66837.6796875,67233.9609375,64548.1796875,64935.6328125,28282686673,0.029433758205850147,0.029008901759275917,0.24646231490151518,0.450851749836627,0.5816837897798414
2024-04-23,66407.2734375,66407.2734375,67199.2421875,65864.8671875,66839.890625,24310975583,-0.006439574982440521,-0.006460398489914604,0.22912394817000165,0.4507895617772697,0.5812178466426615
2024-04-24,64276.8984375,64276.8984375,67075.3671875,63589.87109375,66408.71875,30276655120,-0.03208044676017341,-0.03260630131627199,0.37712825920456333,0.4425989083493783,0.5855881185186197
2024-04-25,64481.70703125,64481.70703125,65275.20703125,62783.6328125,64275.01953125,32155786816,0.0031863484195515657,0.0031812827691917772,0.35005791194600794,0.4424155054482639,0.5855879610199719
2024-04-26,63755.3203125,63755.3203125,64789.65625,63322.3984375,64485.37109375,24139372950,-0.011265004482557628,-0.011328935219016097,0.3566117002827606,0.43814787636616076,0.5774045389941617
2024-04-27,63419.140625,63419.140625,63898.36328125,62424.71875,63750.98828125,19530783039,-0.005272966802647994,-0.005286917956356649,0.21298594092071313,0.436356091754136,0.5704881368191571
2024-04-28,63113.23046875,63113.23046875,64321.484375,62793.59765625,63423.515625,17334827993,-0.004823625063903991,-0.004835296290154387,0.21522854763488264,0.41433029751509165,0.5396339122788492
2024-04-29,63841.12109375,63841.12109375,64174.87890625,61795.45703125,63106.36328125,26635912073,0.011533090916022948,0.011467091787556437,0.14020784889654833,0.40397318946998556,0.5382752321304394
2024-04-30,60636.85546875,60636.85546875,64703.33203125,59120.06640625,63839.41796875,37840840057,-0.050191249309274655,-0.051494629716542104,0.37287708941988046,0.42610040969826796,0.5471812847702666
2024-05-01,58254.01171875,58254.01171875,60780.5,56555.29296875,60609.49609375,48439780271,-0.03929695449375714,-0.040089923480657194,0.42098021822578646,0.4414288461364126,0.5530518331614684
2024-05-02,59123.43359375,59123.43359375,59602.296875,56937.203125,58253.703125,32711813559,0.014924669552331737,0.014814392549697799,0.47948906416972203,0.4317129686038894,0.5525960689656023
2024-05-03,62889.8359375,62889.8359375,63320.50390625,58848.3125,59122.30078125,33172023048,0.06370405294167747,0.06175720649824811,0.7283829512656433,0.460947860858208,0.5432393044124745
2024-05-04,63891.47265625,63891.47265625,64494.95703125,62599.3515625,62891.03125,20620477992,0.015926845790239064,0.015801344389047563,0.7335790181766568,0.45140857551734426,0.5259042049205919
2024-05-05,64031.1328125,64031.1328125,64610.890625,62955.3046875,63892.453125,18296164805,0.002185896653241981,0.002183511056964741,0.5779362180145197,0.43278502851311196,0.5207116445227007
2024-05-06,63161.94921875,63161.94921875,65494.90234375,62746.23828125,64038.3125,28697928697,-0.013574390387488533,-0.013667364763724113,0.44661122167764244,0.4350669743678764,0.5206970376031901
2024-05-07,62334.81640625,62334.81640625,64390.45703125,62285.98046875,63162.76171875,25930730982,-0.01309542885757653,-0.01318192999564668,0.49373508869075744,0.4119048377997301,0.5193707001954256
2024-05-08,61187.94140625,61187.94140625,62986.0859375,60877.12890625,62332.640625,26088172222,-0.018398626419713127,-0.018569986258493817,0.2258040899917752,0.3955676664990405,0.5204521763200652
2024-05-09,63049.9609375,63049.9609375,63404.9140625,60648.07421875,61191.19921875,25453338161,0.03043115176709965,0.02997730860417905,0.31486536320808384,0.4109172978839052,0.5242020960826368
2024-05-10,60792.77734375,60792.77734375,63446.7421875,60208.78125,63055.19140625,27804954694,-0.035799920573900024,-0.036456454635488925,0.38839273903149313,0.4235435460146321,0.5202898662803497
2024-05-11,60793.7109375,60793.7109375,61451.15234375,60492.625,60793.35546875,13842272968,1.5356984674586016e-05,1.5356866757304103e-05,0.39321319340038885,0.42363642217838127,0.5201652233812342
2024-05-12,61448.39453125,61448.39453125,61818.15625,60632.6015625,60793.50390625,13800459405,0.010768936188532141,0.01071136415279376,0.4083070138136757,0.4098904552690918,0.5183528661072513
2024-05-13,62901.44921875,62901.44921875,63422.66015625,60769.83984375,61451.21875,27889181179,0.023646747788683697,0.02337149423787631,0.41518058556417475,0.42123327484952355,0.5193184103813738
2024-05-14,61552.7890625,61552.7890625,63092.125,61123.765625,62900.7734375,28186271527,-0.02144084393922019,-0.021674038111579395,0.38430469186824956,0.4126429291563023,0.5180653291145315
2024-05-15,66267.4921875,66267.4921875,66454.453125,61330.41015625,61553.98828125,39815167074,0.07659609250545496,0.07380429766149847,0.5663178456858452,0.4930863139393087,0.5262335736814135
2024-05-16,65231.58203125,65231.58203125,66712.4296875,64613.0546875,66256.109375,31573077994,-0.01563225228621834,-0.015755724397151206,0.6062104561989398,0.49484516434825093,0.5184545600563956
2024-05-17,67051.875,67051.875,67459.4609375,65119.31640625,65231.296875,28031279310,0.02790508695432159,0.027522834905047706,0.6120257617500323,0.5028299231015229,0.5210857840565107
2024-05-18,66940.8046875,66940.8046875,67387.328125,66663.5,67066.2109375,16712277406,-0.0016564833198177142,-0.001657856805292211,0.622484404340379,0.5023174858667844,0.48856279139249215
2024-05-19,66278.3671875,66278.3671875,67694.296875,65937.1796875,66937.9296875,19249094538,-0.009895869986810912,-0.0099451595532183,0.5865095611962321,0.5032481474475038,0.4505039997588351
2024-05-20,71448.1953125,71448.1953125,71483.5625,66086.171875,66278.7421875,43850655717,0.07800174241430358,0.07510908882529838,0.5947947828699343,0.5253481503911687,0.47001929675650395
2024-05-21,70136.53125,70136.53125,71946.4609375,69191.125,71443.0625,46932005990,-0.018358253231772315,-0.01852885718229531,0.6040976883778995,0.5042097162163557,0.46827569910705985
2024-05-22,69122.3359375,69122.3359375,70623.6953125,68977.6953125,70135.3203125,32802561717,-0.01446030042296964,-0.014565869510184994,0.6206071305986358,0.5106777136744239,0.469399287286051
2024-05-23,67929.5625,67929.5625,70041.2734375,66356.953125,69121.3046875,41895680979,-0.017255976976508713,-0.017406596587757724,0.6426605720300048,0.4758939355956036,0.4604978990868258
2024-05-24,68526.1015625,68526.1015625,69220.296875,66622.671875,67928.1328125,29197308153,0.008781729788116976,0.008743394668047938,0.6326860192886378,0.47420034511610054,0.45345520277632584
2024-05-25,69265.9453125,69265.9453125,69579.3203125,68515.8203125,68526.921875,15473071741,0.010796524727518797,0.010738658385428567,0.2324679833243987,0.4748569066593447,0.4540223130875665
2024-05-26,68518.09375,68518.09375,69506.2265625,68183.890625,69264.2890625,15628433737,-0.010796814497022966,-0.010855523058038129,0.21235020805613278,0.47357809725057354,0.45429611416538324
2024-05-27,69394.5546875,69394.5546875,70597.8828125,68232.5,68512.1796875,25870990717,0.012791671360530277,0.01271054899375939,0.22040226937233615,0.4699728475030665,0.45344910518845827
2024-05-28,68296.21875,68296.21875,69514.640625,67227.15625,69392.1953125,32722265965,-0.015827408107827234,-0.015953999045957543,0.21296419188761515,0.4682946040146247,0.453943213519141
2024-05-29,67578.09375,67578.09375,68852.4609375,67101.4921875,68296.3515625,26707072906,-0.01051485738366742,-0.010570529093847765,0.2132998305149884,0.4622588776600137,0.45438013934272586
2024-05-30,68364.9921875,68364.9921875,69500.5390625,67118.078125,67576.0859375,29509712534,0.011644282841286824,0.011577009906272178,0.21670463534560602,0.4380463587571587,0.452238016713707
2024-05-31,67491.4140625,67491.4140625,68999.5625,66633.421875,68362.515625,27387283769,-0.012778150001159894,-0.012860492770805693,0.2219107708278238,0.442688388210391,0.4505484038171083
2024-06-01,67706.9375,67706.9375,67839.765625,67386.1953125,67489.609375,11641495604,0.0031933460054698326,0.0031882581048550507,0.1869259779817501,0.44225717921844665,0.4313719327906091
2024-06-02,67751.6015625,67751.6015625,68409.1640625,67315.5234375,67710.2734375,17110588415,0.0006596674454519835,0.0006594499605225849,0.16050831037727525,0.4369577769346945,0.4310844873502784
2024-06-03,68804.78125,68804.78125,70230.8203125,67589.8359375,67753.8984375,32401285324,0.015544720172089965,0.015425138658129584,0.17448076594194245,0.4281234255778924,0.4252771337308603
2024-06-04,70567.765625,70567.765625,71047.40625,68564.640625,68804.5703125,33149696545,0.025622992224831664,0.025300225248925362,0.23180191299196404,0.35374990277352886,0.42786808615294997
2024-06-05,71082.8203125,71082.8203125,71735.4140625,70390.7109375,70568.3515625,32810771409,0.007298724608017615,0.007272217816602819,0.15952389663961863,0.34680823554758156,0.42698298314811295
2024-06-06,70757.1640625,70757.1640625,71625.734375,70119.125,71082.84375,25223152007,-0.004581363662391591,-0.0045918902720176475,0.18851511888784045,0.33687336360562337,0.42690907620720153
2024-06-07,69342.5859375,69342.5859375,71907.8515625,68507.2578125,70759.1875,36188381096,-0.01999201273457618,-0.020194557079892095,0.28085720325670244,0.34633901270170026,0.4237000649964865
2024-06-08,69305.7734375,69305.7734375,69533.3203125,69210.7421875,69324.1796875,14262185861,-0.0005308786729295578,-0.0005310196389050046,0.2646389480656125,0.3437204210493561,0.4174218050214382
2024-06-09,69647.9921875,69647.9921875,69817.5234375,69160.84375,69297.4921875,13534028500,0.00493781012787653,0.004925659126589219,0.17242487420250158,0.21103120812974865,0.41532529009501634
2024-06-10,69512.28125,69512.28125,70146.0703125,69232.421875,69644.3125,20597699541,-0.0019485261992140401,-0.0019504270460231217,0.15005792948837288,0.2010223507263345,0.4150658127911951
2024-06-11,67332.03125,67332.03125,69549.4140625,66123.6015625,69508.078125,37116136345,-0.03136496113771259,-0.03186737491787959,0.24583898202139604,0.2250810415763549,0.41131091718781276
2024-06-12,68241.1875,68241.1875,69977.890625,66902.453125,67321.375,34497940694,0.013502581655740586,0.013412234174301008,0.2717852871886633,0.22242198798815846,0.3978544704875557
2024-06-13,66756.3984375,66756.3984375,68365.78125,66304.5625,68243.1015625,28955204146,-0.021757960505889518,-0.021998155421161833,0.2997804958477297,0.23331482898103825,0.39612571922833656
2024-06-14,66011.09375,66011.09375,67294.6484375,65056.89453125,66747.5703125,27403884779,-0.011164543099157487,-0.011227334405387725,0.2788152470318648,0.23129186802955184,0.3897174671071365
2024-06-15,66191.0,66191.0,66402.1875,65871.7734375,66006.7421875,14121265576,0.0027253941690672523,0.0027216870164859935,0.28983493690767137,0.22972959373085625,0.3895800210602974
2024-06-16,66639.046875,66639.046875,66894.84375,66018.25,66189.359375,13281140541,0.006768999939568809,0.00674619312119944,0.2274786025999495,0.22569804639375166,0.38018661164320355
2024-06-17,66490.296875,66490.296875,67188.3203125,65094.96484375,66636.515625,30006354476,-0.0022321747830370553,-0.0022346697987336212,0.18320526893393876,0.2196415614871428,0.3734006232835406
2024-06-18,65140.74609375,65140.74609375,66556.703125,64066.95703125,66490.9765625,39481285950,-0.02029695827328193,-0.020505771883152002,0.17469230351748688,0.22785704795892933,0.3758049325241632
2024-06-19,64960.296875,64960.296875,65695.3515625,64693.30078125,65146.66015625,21103423504,-0.0027701435671353414,-0.002773987515326679,0.16546762470262777,0.22227799455133332,0.3740690822625574
2024-06-20,64828.65625,64828.65625,66438.9609375,64547.84765625,64960.296875,25641109124,-0.00202647819256907,-0.002028534277712279,0.15800925228186494,0.21891679517619847,0.3740861651907343
2024-06-21,64096.19921875,64096.19921875,65007.546875,63378.89453125,64837.98828125,26188171739,-0.011298352821403679,-0.011362664075990998,0.12888471572846458,0.22041982819250178,0.3698282488857796
2024-06-22,64252.578125,64252.578125,64475.46875,63929.7578125,64113.86328125,9858198793,0.0024397531859308152,0.002436781820078235,0.14483018291207345,0.22087322617913205,0.36968560640777576
2024-06-23,63180.796875,63180.796875,64491.703125,63180.796875,64248.96484375,11170471802,-0.01668075089399379,-0.016821441362000096,0.12377034160579625,0.2154639225406794,0.36522789609005335
2024-06-24,60277.4140625,60277.4140625,63292.52734375,58601.69921875,63173.3515625,43152133651,-0.04595356431233677,-0.047042933993412646,0.309002015131379,0.2358690905042944,0.3774889812273101
2024-06-25,61804.640625,61804.640625,62258.26171875,60239.75,60266.28125,29201215431,0.025336630415439876,0.025020978589857558,0.42005363167783355,0.25833629535649527,0.3806292110325497
2024-06-26,60811.27734375,60811.27734375,62434.13671875,60695.1875,61789.67578125,22506003064,-0.016072632592061153,-0.016203198264060435,0.4227637280309789,0.26018597005841354,0.381868832370722
2024-06-27,61604.80078125,61604.80078125,62293.86328125,60585.33203125,60811.2265625,21231745045,0.013048951973404943,0.01296454786345771,0.44889302906581324,0.2654238185869127,0.38278675767326914
2024-06-28,60320.13671875,60320.13671875,62126.09765625,59985.40234375,61612.8046875,24952866877,-0.020853310881755127,-0.021073812008611803,0.4548842958439099,0.269875323685275,0.3842830590035529
2024-06-29,60887.37890625,60887.37890625,61097.62109375,60300.96484375,60319.875,12652903396,0.009403861104374522,0.009359920064692571,0.31431039308540765,0.27290382812510006,0.37006711442979245
2024-06-30,62678.29296875,62678.29296875,62892.828125,60632.94921875,60888.4453125,17333226409,0.029413551620566913,0.028989272731724976,0.3332993432263493,0.300755136542329,0.365094746205419
2024-07-01,62851.98046875,62851.98046875,63777.2265625,62495.51171875,62673.60546875,25468379421,0.002771094932125795,0.0027672625269042988,0.2894578304995872,0.28468311760536125,0.36401198328915507
2024-07-02,62029.015625,62029.015625,63203.359375,61752.74609375,62844.41015625,20151616992,-0.013093697885290578,-0.01318017605629068,0.31188940974205426,0.2794015240673494,0.3423584537196404
2024-07-03,60173.921875,60173.921875,62187.703125,59419.38671875,62034.33203125,29756701685,-0.02990687070088416,-0.030363202506616574,0.3576265292029228,0.2876963602924346,0.3461766668694667
2024-07-04,56977.703125,56977.703125,60399.67578125,56777.8046875,60147.13671875,41149609230,-0.05311634426354228,-0.05457904895434864,0.5046035783622509,0.3367363000835142,0.36308046196398897
2024-07-05,56662.375,56662.375,57497.15234375,53717.375,57022.80859375,55417544033,-0.005534237213954074,-0.005549607840752044,0.3616997947810703,0.33472641342378234,0.3623414383375266
2024-07-06,58303.5390625,58303.5390625,58472.546875,56038.9609375,56659.07421875,20610320577,0.02896391234041995,0.028552385625087485,0.48876719117055545,0.35557123225896775,0.36681388134227755
2024-07-07,55849.109375,55849.109375,58371.12109375,55793.32421875,58239.4296875,20553359505,-0.042097439142912196,-0.043009217189319104,0.5261256378934505,0.37758394120692046,0.37510690703628224
2024-07-08,56705.09765625,56705.09765625,58131.3359375,54321.01953125,55849.57421875,39766159899,0.015326802715911692,0.015210533790654032,0.5724177559023906,0.38402720677167584,0.3710089708421072
2024-07-09,58009.2265625,58009.2265625,58239.1953125,56316.875,56704.59765625,27849512607,0.02299844211812685,0.022737964112148894,0.46144203758332364,0.3981120120438306,0.3671833833552473
2024-07-10,57742.49609375,57742.49609375,59359.43359375,57178.4140625,58033.8828125,26175260526,-0.004598069730556098,-0.0046086733698468725,0.460315101969081,0.39790526369406376,0.3672628184979145
2024-07-11,57344.9140625,57344.9140625,59299.43359375,57120.37890625,57729.890625,28707803842,-0.006885432015347748,-0.006909245978268808,0.4056686467362596,0.397391381125359,0.3666668029646462
2024-07-12,57899.46484375,57899.46484375,58532.5546875,56590.17578125,57341.1953125,25604805221,0.009670444019596935,0.009623984558104185,0.20235914488589224,0.4001203848583279,0.3638109153986933
2024-07-13,59231.953125,59231.953125,59787.078125,57796.44140625,57908.73828125,17080061806,0.023013827240820017,0.022753003242582143,0.2267572942883945,0.40943355921750035,0.36461860984440775
2024-07-14,60787.79296875,60787.79296875,61329.52734375,59225.25,59225.25,22223416061,0.026266900915231206,0.025927850263005585,0.23992942147755475,0.38718896326598523,0.33485434416052695
2024-07-15,64870.15234375,64870.15234375,64870.15234375,60704.9296875,60815.45703125,38094526099,0.06715755212726138,0.06499862039498035,0.4234068908589228,0.44287631893773677,0.3600558881553094
2024-07-16,65097.1484375,65097.1484375,65354.33984375,62487.96875,64784.41796875,41617346768,0.003499237870556282,0.0034931297826731934,0.3809982181747602,0.43737538159102507,0.3555232689168821
2024-07-17,64118.79296875,64118.79296875,66066.734375,63896.0859375,65091.83203125,32525071311,-0.01502916014346345,-0.01514324245482322,0.47453195527191455,0.4405955861737934,0.356783919782272
2024-07-18,63974.06640625,63974.06640625,65104.66015625,63246.1640625,64104.73828125,27239305337,-0.0022571629283560934,-0.0022597141603525025,0.4993149396071802,0.432514896910177,0.3562822650242869
2024-07-19,66710.15625,66710.15625,67442.640625,63329.34375,63972.32421875,37003855410,0.042768734230136385,0.041879420109635544,0.5322527891778063,0.4537965625295954,0.33179337747140353
2024-07-20,67163.6484375,67163.6484375,67610.734375,66299.6171875,66709.921875,19029581250,0.0067979482134701286,0.006774946348331885,0.33721422875544477,0.4446995538918877,0.3301789328279427
2024-07-21,68154.5234375,68154.5234375,68372.90625,65842.296875,67164.9140625,26652190004,0.014753144342986024,0.014645375370143716,0.339301950607272,0.44645096065761064,0.33037468498920464
2024-07-22,67585.25,67585.25,68480.0625,66611.296875,68152.9765625,42649109453,-0.00835268752223095,-0.008387766690112852,0.3110027953990504,0.4443168830468061,0.3288861813686201
2024-07-23,65927.671875,65927.671875,67779.015625,65484.4609375,67584.8046875,35605668666,-0.02452573786440093,-0.024831503546284737,0.3984678549284706,0.43899690455853224,0.3322178391820742
2024-07-24,65372.1328125,65372.1328125,67113.984375,65146.99609375,65927.859375,27470942309,-0.008426492953570563,-0.008462196557576013,0.24294365286670505,0.3836180624325298,0.33173796907247677
2024-07-25,65777.2265625,65777.2265625,66112.421875,63473.47265625,65375.875,38315761670,0.00619673448871394,0.006177613679945953,0.24129796080191976,0.3808301657194583,0.3314052026682363
2024-07-26,67912.0625,67912.0625,68207.6015625,65743.765625,65771.8125,30488630457,0.032455548053117234,0.03193999219319689,0.33808907685555634,0.38349935230930077,0.33701945686298285
2024-07-27,67813.3359375,67813.3359375,69398.5078125,66705.21875,67911.8125,34691905492,-0.0014537411892032726,-0.001454798896138238,0.33169599141656564,0.33617388017751904,0.33546031228314194
2024-07-28,68255.8671875,68255.8671875,68301.8515625,67085.828125,67808.65625,18043166945,0.006525726007755361,0.006504525639670648,0.24250496757392667,0.3357030112636803,0.33501280414388906
2024-07-29,66819.9140625,66819.9140625,69987.5390625,66532.59375,68259.0546875,40780682628,-0.021037797689324123,-0.021262245664086656,0.30316443270746457,0.34838339083063985,0.33698953238089774
2024-07-30,66201.015625,66201.015625,66987.671875,65323.19140625,66819.0546875,31380492109,-0.009262185475442442,-0.009305346230673276,0.31699490419980836,0.35086167335167096,0.33650562302823334
2024-07-31,64619.25,64619.25,66810.2109375,64532.046875,66201.2734375,31292785994,-0.023893373992326827,-0.024183450577486682,0.2060467364154538,0.36491326050000156,0.3399441306878757
2024-08-01,65357.5,65357.5,65593.2421875,62248.94140625,64625.83984375,40975554494,0.011424614182306447,0.011359846111043197,0.2538359996004975,0.36519561977134885,0.34084350164652427
2024-08-02,61415.06640625,61415.06640625,65523.22265625,61184.89453125,65353.5,43060875727,-0.06032105869640059,-0.06221701386487153,0.42691034722230875,0.4320989762520026,0.3617523884326711
2024-08-03,60680.09375,60680.09375,62148.37109375,59836.52734375,61414.80859375,31753030589,-0.011967302150066583,-0.012039486792085179,0.4317129155191727,0.4249499546152146,0.3578360509607814
2024-08-04,58116.9765625,58116.9765625,61062.98828125,57210.8046875,60676.09375,31758917219,-0.04223983565450573,-0.04315788272420938,0.44899941872154303,0.375819251276088,0.3667579332315246
2024-08-05,53991.45703125,53991.45703125,58268.828125,49121.23828125,58110.296875,108991085584,-0.07098647891315102,-0.07363198582120066,0.5596622430870244,0.44474387131031423,0.3940297453167206
2024-08-06,56034.31640625,56034.31640625,57059.91796875,53973.2734375,53991.34765625,49300484106,0.03783671505322772,0.03713846509911699,0.7073476230075981,0.4735051866757628,0.4017238892301287
2024-08-07,55027.4609375,55027.4609375,57726.8828125,54620.5078125,56040.6328125,41637562185,-0.017968550940289485,-0.018131945621423673,0.6509053192167517,0.474863846110714,0.4027766867523552
2024-08-08,61710.13671875,61710.13671875,62673.765625,54766.7265625,55030.02734375,45298472567,0.12144256099404904,0.11461585743295792,1.179221480291102,0.622489746202131,0.47008656283900613
2024-08-09,60880.11328125,60880.11328125,61751.86328125,59587.859375,61728.20703125,33425553115,-0.013450358103773374,-0.013541633552667406,1.123012760990227,0.6220480450426047,0.47067940669927094
2024-08-10,60945.8125,60945.8125,61464.51171875,60287.56640625,60881.23046875,15745822278,0.001079157301276501,0.0010785754296191252,0.8728616185587935,0.6182434047282941,0.4666382414388337
2024-08-11,58719.484375,58719.484375,61778.66015625,58348.82421875,60944.890625,22759754812,-0.036529632368097475,-0.03721354652343721,0.95895577167527,0.6283582977206464,0.4711657360463839
2024-08-12,59354.515625,59354.515625,60680.33203125,57688.8984375,58719.39453125,37078637820,0.010814659848586317,0.01075659964060797,0.9282147285620638,0.6276846935902632,0.47015833828777326
2024-08-13,60609.56640625,60609.56640625,61572.3984375,58506.25390625,59356.20703125,30327698167,0.021144992390795814,0.02092453927711503,0.36008904424505794,0.6343235608134692,0.4720645319972364
2024-08-14,58737.26953125,58737.26953125,61687.7578125,58472.875,60611.05078125,29961696180,-0.0308911115194338,-0.0313783013916643,0.4099314333922825,0.6404809727946087,0.4759426891987355
2024-08-15,57560.09765625,57560.09765625,59838.6484375,56161.59375,58733.26171875,35682112440,-0.020041310813293967,-0.02024486209713598,0.41086228808995645,0.6264825451702927,0.4770394766065373
2024-08-16,58894.10546875,58894.10546875,59847.359375,57110.01953125,57560.2734375,29350938673,0.023175912946963972,0.022911430101342656,0.39456720595106554,0.6358974999494313,0.47986118629597696
2024-08-17,59478.97265625,59478.97265625,59694.66796875,58814.83203125,58893.53125,13589684021,0.00993082725079053,0.009881840637262366,0.39319424606350123,0.6369644796928083,0.478901853824578
2024-08-18,58483.96484375,58483.96484375,60262.71875,58445.40234375,59468.1328125,17740625837,-0.016728732324455264,-0.01687023792647201,0.3590887458637114,0.6358391692580008,0.47993029710149177
2024-08-19,59493.453125,59493.453125,59612.66015625,57864.7109375,58480.7109375,25911207712,0.01726094125025579,0.017113663556006083,0.3152194283934643,0.6412750122849816,0.4814837363551058
2024-08-20,59012.79296875,59012.79296875,61396.328125,58610.8828125,59493.453125,31613400008,-0.008079210921579816,-0.008112024604757306,0.2681833437195445,0.637538606557081,0.4812433834175565
2024-08-21,61175.19140625,61175.19140625,61834.3515625,58823.4453125,59014.98828125,32731154072,0.03664287570061453,0.035987487774751865,0.33177591504654946,0.6515238511367341,0.48725354298236645
2024-08-22,60381.9140625,60381.9140625,61408.109375,59815.25390625,61168.31640625,27625734377,-0.012967304646127387,-0.013052114105543453,0.36054208426167866,0.6149072843779397,0.48678577762158065
2024-08-23,64094.35546875,64094.35546875,64947.0625,60372.05078125,60380.953125,42530509233,0.061482671821355916,0.05966667778992524,0.48319591254464417,0.6493154234629993,0.49253608159212153
2024-08-24,64178.9921875,64178.9921875,64513.7890625,63619.91796875,64103.87109375,21430585163,0.0013205019089592707,0.0013196308130850045,0.4984503790752536,0.6264092219997123,0.48999229869502586
2024-08-25,64333.54296875,64333.54296875,64996.421875,63833.51953125,64176.3671875,18827683555,0.0024081210374646833,0.0024052261605437084,0.4724252548815625,0.5538199625800471,0.488744581594763
2024-08-26,62880.66015625,62880.66015625,64489.70703125,62849.55859375,64342.2265625,27682040631,-0.022583597070127692,-0.022842512079134417,0.5087625618506739,0.553985511417181,0.490487269856802
2024-08-27,59504.1328125,59504.1328125,63210.796875,58116.75,62879.70703125,39103882198,-0.05369739018896724,-0.05519287756090793,0.6684649788803985,0.589659048682466,0.5017058190024537
2024-08-28,59027.625,59027.625,60236.44921875,57890.67578125,59507.92578125,40289564698,-0.00800797843742207,-0.00804021450926693,0.37932073991865073,0.4207929817566414,0.5015529434882349
2024-08-29,59388.1796875,59388.1796875,61184.08203125,58786.2265625,59027.46875,32224990582,0.006108236397788236,0.006089656742738993,0.3946176050384518,0.4195569497949097,0.49798179867529385
2024-08-30,59119.4765625,59119.4765625,59896.88671875,57768.53125,59388.6015625,32292756405,-0.004524521990973862,-0.004534788620027655,0.3774643207894913,0.41961855714128016,0.49797705423347804
2024-08-31,58969.8984375,58969.8984375,59432.59375,58768.78515625,59117.48046875,12403470760,-0.002530098940268344,-0.0025333050495830443,0.3848005390420394,0.3979940267370653,0.49734425914275315
2024-09-01,57325.48828125,57325.48828125,59062.0703125,57217.82421875,58969.80078125,24592449997,-0.027885585694078285,-0.028281771257721453,0.20240856442878652,0.4082682691206056,0.4968346069652572
2024-09-02,59112.48046875,59112.48046875,59403.0703125,57136.02734375,57326.96875,27036454524,0.031172733823612075,0.030696731082648924,0.3372913646599554,0.41684662772486936,0.488074886834928
2024-09-03,57431.0234375,57431.0234375,59815.05859375,57425.16796875,59106.19140625,26666961053,-0.02844504270361159,-0.028857442236703133,0.38700035351895157,0.41451967834058323,0.4916561550309547
2024-09-04,57971.5390625,57971.5390625,58511.5703125,55673.1640625,57430.34765625,35627680312,0.00941156177702851,0.009367548966836616,0.40411239438448376,0.40970261300517113,0.48849681854628524
2024-09-05,56160.48828125,56160.48828125,58300.58203125,55712.453125,57971.703125,31030280656,-0.031240343288065575,-0.031738730145491646,0.4485386421424932,0.4156804208215339,0.48479997907171907
2024-09-06,53948.75390625,53948.75390625,56976.109375,52598.69921875,56160.19140625,49361693566,-0.03938239218868078,-0.04017885990554018,0.48588189793151604,0.4336919818024218,0.4906765054411855
2024-09-07,54139.6875,54139.6875,54838.14453125,53740.0703125,53949.0859375,19061486526,0.003539165966313096,0.003532917856170691,0.35587626476140516,0.4322548929687184,0.48830930016115287
2024-09-08,54841.56640625,54841.56640625,55300.859375,53653.7578125,54147.93359375,18268287531,0.012964221602682846,0.012880905395702242,0.39384521740082307,0.42978507275411815,0.489095126499697
2024-09-09,57019.53515625,57019.53515625,58041.125,54598.43359375,54851.88671875,34618096173,0.039713831911113884,0.03894551366544674,0.5181759432967923,0.4556011447529229,0.49565644405472026
2024-09-10,57648.7109375,57648.7109375,58029.9765625,56419.4140625,57020.09765625,28857630507,0.011034389872275785,0.010973955159393974,0.455484272285365,0.43639167420680225,0.4957772097292687
2024-09-11,57343.171875,57343.171875,57991.3203125,55567.33984375,57650.2890625,37049062672,-0.005300015516934153,-0.005314110423381013,0.26314739637953943,0.43488206366343235,0.4935899590880545
2024-09-12,58127.01171875,58127.01171875,58534.359375,57330.1015625,57343.171875,33835707949,0.013669279499548104,0.013576697629400721,0.25170933750770536,0.3738764507940577,0.4914053061206725
2024-09-13,60571.30078125,60571.30078125,60648.0234375,57650.11328125,58130.32421875,32490528356,0.04205082955798245,0.0411907229072504,0.31464310076051194,0.40789393220159753,0.48009262980154555
2024-09-14,60005.12109375,60005.12109375,60656.72265625,59517.8828125,60569.1171875,16428405496,-0.00934732588201681,-0.009391286288541528,0.31718560383143396,0.40801105250758063,0.4802873346656323
2024-09-15,59182.8359375,59182.8359375,60381.91796875,58696.30859375,60000.7265625,18120960867,-0.013703582981947293,-0.013798343779418605,0.3593636324412712,0.40355798236375334,0.48013033805583943
2024-09-16,58192.5078125,58192.5078125,59205.51171875,57501.33984375,59185.2265625,32032822113,-0.016733367188517922,-0.016874951656180977,0.3889353415645496,0.3582449346943181,0.48118366590243167
2024-09-17,60308.5390625,60308.5390625,61316.08984375,57628.0703125,58192.5078125,38075570118,0.0363626062794542,0.035717088660707746,0.4534844228838793,0.3800339569613722,0.4789671567506525
2024-09-18,61649.6796875,61649.6796875,61664.06640625,59218.25390625,60309.0,40990702891,0.02223798894564699,0.02199433056839477,0.37737726765708074,0.38694884014418895,0.4811255422459078
2024-09-19,62940.45703125,62940.45703125,63872.44140625,61609.8671875,61651.15625,42710252573,0.020937291974474137,0.020721119053916288,0.37294917242534625,0.39176076700964196,0.4821525109418946
2024-09-20,63192.9765625,63192.9765625,64119.53125,62364.60546875,62941.42578125,35177164222,0.004012038411551844,0.0040040116474054175,0.32044860170537937,0.3911938784070245,0.4820461649314999
2024-09-21,63394.83984375,63394.83984375,63543.359375,62783.10546875,63184.33984375,14408616220,0.003194394254405042,0.0031893030164782386,0.21717814928250959,0.37284724277953946,0.47957325042435994
2024-09-22,63648.7109375,63648.7109375,63993.421875,62440.7265625,63396.8046875,20183348802,0.004004601863112578,0.003996604788029707,0.1535267231304036,0.36030579258325296,0.4793863903914476
2024-09-23,63329.80078125,63329.80078125,64733.55859375,62628.078125,63643.1015625,31400285425,-0.005010473135318549,-0.005023067643079772,0.14895415419097063,0.34116854239674405,0.4792750170784739
2024-09-24,64301.96875,64301.96875,64695.21484375,62737.41796875,63326.83984375,29938335243,0.01535087678718594,0.015234244172186632,0.11444205524045017,0.34282162940814503,0.4756347858848181
2024-09-25,63143.14453125,63143.14453125,64804.50390625,62945.375,64302.58984375,25078377700,-0.018021597802944433,-0.01818596455888868,0.19668745036982782,0.32644732414931693,0.47695070239116244
2024-09-26,65181.01953125,65181.01953125,65790.796875,62669.26953125,63138.546875,36873129847,0.032273891570151925,0.03176403065562404,0.3031322946886908,0.28969625528060255,0.4814788499001498
2024-09-27,65790.6640625,65790.6640625,66480.6953125,64852.9921875,65180.6640625,32058813449,0.00935309904070647,0.009309629648678252,0.3037551396083599,0.2888540452172771,0.4799950334402079
2024-09-28,65887.6484375,65887.6484375,66255.53125,65458.03515625,65792.1796875,15243637984,0.0014741358273548943,0.0014730503557602514,0.2913146912205987,0.29004761584290967,0.47963549855071985
2024-09-29,65635.3046875,65635.3046875,66069.34375,65450.015625,65888.8984375,14788214575,-0.003829909793174213,-0.0038372626776130244,0.29260425214827734,0.27093307414479456,0.47707381079735567
2024-09-30,63329.5,63329.5,65635.0546875,62873.6171875,65634.65625,37112957475,-0.035130555094979754,-0.03576247704956806,0.38801200273447395,0.3099108941521837,0.4821384588627585
2024-10-01,60837.0078125,60837.0078125,64110.98046875,60189.27734375,63335.60546875,50220923500,-0.039357521968434894,-0.04015297041725014,0.3587960514496657,0.34726315907114663,0.47209590658541134
2024-10-02,60632.78515625,60632.78515625,62357.6875,59996.94921875,60836.32421875,40762722398,-0.0033568819965540397,-0.0033625289659382266,0.31613071703907314,0.3455942844128231,0.47149767283626104
2024-10-03,60759.40234375,60759.40234375,61469.0390625,59878.8046875,60632.484375,36106447279,0.0020882627636797935,0.0020860853737759526,0.31832782011698724,0.3133125412274773,0.4628524849484113
2024-10-04,62067.4765625,62067.4765625,62465.9921875,60459.94140625,60754.625,29585472513,0.021528753876634443,0.021300283559387175,0.41515722083636886,0.31978370248574245,0.43791643102919786
2024-10-05,62089.94921875,62089.94921875,62371.0234375,61689.58203125,62067.609375,13305410749,0.0003620681473552878,0.0003620026165009027,0.35528452337160354,0.3145957674150983,0.43187249796642463
2024-10-06,62818.953125,62818.953125,62959.5703125,61833.1484375,62084.98828125,14776233667,0.011741093613744757,0.011672701783517451,0.15878344913646789,0.30764373556375585,0.43034044031188623
2024-10-07,62236.66015625,62236.66015625,64443.70703125,62152.55078125,62819.109375,34253562610,-0.009269383518558882,-0.00931261159307203,0.18526836520148277,0.28652951604616933,0.36152014696678125
2024-10-08,62131.96875,62131.96875,63174.3046875,61843.5625,62221.64453125,28134475157,-0.001682150134457161,-0.0016835665376192953,0.1911279768403953,0.27629189864432385,0.3604182808522366
2024-10-09,60582.1015625,60582.1015625,62508.8359375,60314.61328125,62131.7265625,27670982363,-0.024944762232405493,-0.025261155468464205,0.21689495355760682,0.27960531759750534,0.3642099183950898
2024-10-10,60274.5,60274.5,61236.72265625,58895.20703125,60581.9296875,30452813570,-0.005077433013489285,-0.005090366975952731,0.21204917194823586,0.2789169722197131,0.3560877879989162
2024-10-11,62445.08984375,62445.08984375,63400.87109375,60046.125,60275.4609375,30327141594,0.036011743668549645,0.03537847936044716,0.35479679777563206,0.30917955489577614,0.3626506735810061
2024-10-12,63193.0234375,63193.0234375,63448.78515625,62443.26953125,62444.6171875,16744110886,0.011977460447594401,0.01190629833225701,0.35618362673858206,0.31205319788230723,0.3609851752027402
2024-10-13,62851.375,62851.375,63272.65234375,62035.63671875,63192.9453125,18177529690,-0.005406426515387475,-0.005421094129359057,0.3602776168260394,0.31213528442926375,0.35500450164747305
2024-10-14,66046.125,66046.125,66482.4921875,62442.15234375,62848.3984375,43706958056,0.050830232433260125,0.049580549288290116,0.3901004609513224,0.3556927545428031,0.36572819408396556
2024-10-15,67041.109375,67041.109375,67881.6796875,64809.1953125,66050.3671875,48863870879,0.015064992457922477,0.014952642422039789,0.3405200691503577,0.3509866949602353,0.36417207760480264
2024-10-16,67612.71875,67612.71875,68375.2890625,66758.7265625,67042.4609375,38195189534,0.008526251733136592,0.008490108547449185,0.32345863801176455,0.3350457384381622,0.3640571763108783
2024-10-17,67399.8359375,67399.8359375,67912.2109375,66647.390625,67617.078125,32790898511,-0.0031485616380424464,-0.0031535287872272158,0.3516213283560876,0.3342760689141465,0.3620784462308513
2024-10-18,68418.7890625,68418.7890625,68969.75,67177.8203125,67419.109375,36857165014,0.015118035686984221,0.01500489704966544,0.3123129527564495,0.3378501795905036,0.36173719006069127
2024-10-19,68362.734375,68362.734375,68668.0078125,68024.640625,68418.9765625,14443497908,-0.0008192879217548965,-0.000819623721527923,0.13603275863723335,0.33734173514813587,0.3611463508250516
2024-10-20,69001.703125,69001.703125,69359.0078125,68105.71875,68364.1796875,18975847518,0.009346740674458287,0.009303330181939204,0.1199074832930912,0.3069267832443918,0.3546446323761442
2024-10-21,67367.8515625,67367.8515625,69462.734375,66829.8515625,69002.0,37498611780,-0.023678423698328066,-0.023963262921302488,0.23731203085212482,0.28003722018481947,0.35731835595469164
2024-10-22,67361.40625,67361.40625,67801.578125,66581.3671875,67360.703125,31808472566,-9.567341618454961e-05,-9.56779931777652e-05,0.2363320175169698,0.27896613707098444,0.336374490457764
2024-10-23,66432.1953125,66432.1953125,67402.7421875,65188.03515625,67362.375,32263980353,-0.01379441121005398,-0.013890438213698968,0.2070954067469148,0.287026339853598,0.33772126387941453
2024-10-24,68161.0546875,68161.0546875,68798.9609375,66454.1015625,66653.703125,31414428647,0.02602442034118191,0.02569154796745315,0.30864113439911633,0.29084078733626884,0.34160966568179946
2024-10-25,66642.4140625,66642.4140625,68722.15625,65521.79296875,68165.296875,41469984306,-0.022280180844656217,-0.02253213347279499,0.32657491022434937,0.3062946439498126,0.3415178626941431
2024-10-26,67014.6953125,67014.6953125,67317.921875,66360.59375,66628.734375,19588098156,0.00558625096700216,0.00557070573324996,0.2955189796788445,0.30490789952643266,0.3209211643068267
2024-10-27,67929.296875,67929.296875,68221.3125,66847.2265625,67023.4765625,16721307878,0.01364777618155344,0.013555484057566741,0.31363555463244724,0.3032291145961833,0.3210925842641853
2024-10-28,69907.7578125,69907.7578125,70212.265625,67535.1328125,67922.671875,38799856657,0.029125296867722028,0.028709215102556977,0.3259749403232075,0.31416775738819164,0.3255359908429204
2024-10-29,72720.4921875,72720.4921875,73577.2109375,69729.9140625,69910.046875,58541874402,0.04023493905417541,0.03944659057776213,0.37768524924853536,0.3130161933027081,0.3337260557001945
2024-10-30,72339.5390625,72339.5390625,72905.296875,71411.734375,72715.3671875,40646637831,-0.005238593875544262,-0.00525236341818716,0.28362238080145274,0.3131143247180046,0.3339807356982884
2024-10-31,70215.1875,70215.1875,72662.3125,69590.5,72335.046875,40627912076,-0.029366396164960396,-0.029806220896924952,0.4379686406911646,0.32585286247782413,0.3346125225439755
2024-11-01,69482.46875,69482.46875,71559.015625,68779.703125,70216.8984375,49989795365,-0.010435331387529279,-0.010490161236778449,0.45624218770093494,0.3300158703514091,0.3308767393988557
2024-11-02,69289.2734375,69289.2734375,69867.3515625,69033.71875,69486.0234375,18184612091,-0.0027804900426771084,-0.00278436278553029,0.4026960720556199,0.32907004956115765,0.3245108663992426
2024-11-03,68741.1171875,68741.1171875,69361.65625,67482.5234375,69296.3828125,34868307655,-0.00791112711687536,-0.00794258611024876,0.17087936299213624,0.2859467331632314,0.3250280244319791
2024-11-04,67811.5078125,67811.5078125,69433.1796875,66803.6484375,68742.1328125,41184819348,-0.013523338185854272,-0.013615611362265724,0.16247889068958127,0.2867631302366314,0.31885642729542485
2024-11-05,69359.5625,69359.5625,70522.7890625,67458.8671875,67811.171875,46046889204,0.02282879023690776,0.022572112490931908,0.23082285864214866,0.296124519774748,0.3081978273702677
2024-11-06,75639.078125,75639.078125,76460.15625,69322.03125,69358.5,118592653963,0.09053568676993895,0.08666903126846402,0.6562380992625836,0.42284165601739954,0.3514961962176543
2024-11-07,75904.859375,75904.859375,76943.1171875,74480.421875,75637.0859375,63467654989,0.003513808689745934,0.0035076496874788744,0.6457359480277216,0.421477286313539,0.35118865366579644
2024-11-08,76545.4765625,76545.4765625,77252.75,75648.7421875,75902.8359375,55176858003,0.008439738809541852,0.008404323339316332,0.6136107883624415,0.4210039201944856,0.34424371893483263
2024-11-09,76778.8671875,76778.8671875,76932.765625,75773.7890625,76556.1875,29009480361,0.0030490452928257916,0.0030444063813357424,0.5628302767115891,0.42087031367798877,0.3440304441312788
2024-11-10,80474.1875,80474.1875,81474.421875,76565.4296875,76775.546875,82570594495,0.048129393514959595,0.04700704537184314,0.583000166019534,0.4306155037932609,0.3540405431612609
2024-11-11,88701.484375,88701.484375,89604.5,80283.25,80471.4140625,117966845037,0.10223522760015435,0.09734014312496264,0.6497622958068634,0.5308769975874006,0.4006076449518177
2024-11-12,87955.8125,87955.8125,89956.8828125,85155.109375,88705.5625,133673285375,-0.008406532091926988,-0.008442066269106777,0.6870794266111141,0.5274544499731045,0.39541785199216367
2024-11-13,90584.1640625,90584.1640625,93434.3515625,86256.9296875,87929.96875,123559027869,0.029882636380625716,0.02944485048776148,0.6622242943919665,0.5287215454906214,0.39687763036432894
2024-11-14,87250.4296875,87250.4296875,91765.21875,86682.8125,90574.8828125,87616705248,-0.03680261786927608,-0.03749692231881138,0.8233259660850907,0.5449380256154538,0.40503534254348117
2024-11-15,91066.0078125,91066.0078125,91868.7421875,87124.8984375,87284.1796875,78243109518,0.04373133907381366,0.04280211829142622,0.8169451144515915,0.5537326236885355,0.4087919387301583
2024-11-16,90558.4765625,90558.4765625,91763.9453125,90094.2265625,91064.3671875,44333192814,-0.005573223886622736,-0.00558881224411838,0.5095745618289206,0.5586955911356455,0.4053487510443122
2024-11-17,89845.8515625,89845.8515625,91433.0390625,88741.6640625,90558.4609375,46350159305,-0.007869224693816235,-0.007900350440318173,0.5087454752818176,0.5613459029014863,0.4051846822413984
2024-11-18,90542.640625,90542.640625,92596.7890625,89393.59375,89843.71875,75535775084,0.007755383808848215,0.007725465406075372,0.4622271017313526,0.5524059302945536,0.4040797823551994
2024-11-19,92343.7890625,92343.7890625,94002.8671875,90426.984375,90536.8125,74521048295,0.019892819836786257,0.019697543183651734,0.33009375717821166,0.5497872744710858,0.4050175044110372
2024-11-20,94339.4921875,94339.4921875,94902.0234375,91619.5,92341.890625,71730956426,0.02161166598491282,0.021381444998432572,0.21723418921727106,0.5274783065597777,0.40613093736418765
2024-11-21,98504.7265625,98504.7265625,99014.21875,94132.6015625,94334.640625,106024505582,0.044151545428309014,0.04320463738221239,0.2989977774052296,0.527813173531834,0.4129387930409102
2024-11-22,98997.6640625,98997.6640625,99655.5,97222.6640625,98496.4296875,78473580551,0.005004201495724558,0.004991722095061175,0.24003713206793564,0.5245708404959042,0.41217383233252314
2024-11-23,97777.28125,97777.28125,99014.6796875,97232.890625,99006.7421875,44414644677,-0.012327389984975179,-0.012404002529793906,0.32810114715052524,0.5277088544504434,0.4138317057429079
2024-11-24,98013.8203125,98013.8203125,98647.1796875,95788.078125,97778.09375,51712020623,0.002419161787646784,0.0024162403264788948,0.33658327868162113,0.5181050312789954,0.4106208556597282
2024-11-25,93102.296875,93102.296875,98935.03125,92642.9140625,98033.4453125,80909462490,-0.05011051933125821,-0.05140963729329047,0.5417926041347847,0.5737993799103637,0.4246209722658984
2024-11-26,91985.3203125,91985.3203125,94991.75,90770.8125,93087.28125,91656519855,-0.011997304040733403,-0.012069852534281012,0.35809836556422914,0.5134585664741921,0.4261545639455804
2024-11-27,95962.53125,95962.53125,97361.1796875,91778.6640625,91978.140625,71133452438,0.04323745271515378,0.04232881330495687,0.5351697573138144,0.5255158467553873,0.4326464328635088
2024-11-28,95652.46875,95652.46875,96650.203125,94677.3515625,95954.9453125,52260008261,-0.0032310787967048116,-0.003236310003132818,0.5324548574052682,0.5281091510459619,0.4325882371785243
2024-11-29,97461.5234375,97461.5234375,98693.171875,95407.8828125,95653.953125,54968682476,0.018912786163713058,0.018736162907207532,0.557616336395008,0.5278553622317245,0.42430616678710076
2024-11-30,96449.0546875,96449.0546875,97499.34375,96144.21875,97468.8125,31634227866,-0.010388394458550332,-0.010442730465097628,0.36876491612663725,0.5164850712755211,0.4144017906182111
2024-12-01,97279.7890625,97279.7890625,97888.125,95770.1875,96461.3359375,36590695296,0.008613193542348574,0.008576311620290235,0.32817402145414104,0.3976879577707886,0.41376476763125764
2024-12-02,95865.3046875,95865.3046875,98152.6015625,94482.8671875,97276.0078125,72680784305,-0.01454037255458307,-0.014647119798360832,0.21859229757271048,0.4009864370289838,0.4161794890642673
2024-12-03,96002.1640625,96002.1640625,96297.203125,93629.5625,95854.59375,67067810961,0.0014276215513644441,0.0014266034685602644,0.21701640839029612,0.38986830620639196,0.4153774192597861
2024-12-04,98768.53125,98768.53125,99207.328125,94660.5234375,95988.53125,77199817112,0.02881567529768403,0.028408310872006196,0.27157907595081454,0.3689099896723878,0.41735748987925336
2024-12-05,96593.5703125,96593.5703125,103900.46875,91998.78125,98741.5390625,149218945580,-0.022020788503929523,-0.022266865312221884,0.31674750357331605,0.35533871646592685,0.42176302911752317
2024-12-06,99920.7109375,99920.7109375,102039.8828125,96514.875,97074.2265625,94534772658,0.03444474217316973,0.03386480176780916,0.39866421041658706,0.3700621930997474,0.42383289166547866
2024-12-07,99923.3359375,99923.3359375,100563.3828125,99030.8828125,99916.7109375,44177510897,2.627082989481444e-05,2.62704848226063e-05,0.3644171571816369,0.3674809387515051,0.42368237964525723
2024-12-08,101236.015625,101236.015625,101399.9921875,98771.515625,99921.9140625,44125751925,0.013136868131795154,0.013051327819741106,0.35993754352573604,0.3684292625666826,0.41810586472721145
2024-12-09,97432.71875,97432.71875,101272.5078125,94355.9140625,101237.0625,110676473908,-0.03756861480096407,-0.03829250346621322,0.4519502911756223,0.3954719718010778,0.4281511633502976
2024-12-10,96675.4296875,96675.4296875,98270.15625,94321.2578125,97441.234375,104823780634,-0.007772430783165474,-0.007802793553987951,0.423303399416552,0.39070923788553985,0.42549650201004313
2024-12-11,101173.03125,101173.03125,101913.359375,95747.2265625,96656.0625,85391409936,0.04652269534294651,0.04547294957076326,0.48503699232661446,0.3940108806987818,0.43255605264930247
2024-12-12,100043.0,100043.0,102524.9140625,99339.953125,101167.8046875,72073983533,-0.011169293200355757,-0.011232138149604486,0.4951218127792052,0.39621705904511234,0.43348015472267015
2024-12-13,101459.2578125,101459.2578125,101888.8046875,99233.28125,100046.6484375,56894751583,0.014156490833941326,0.014057223472297039,0.49681025532611556,0.39589795199065553,0.42486533473936533
2024-12-14,101372.96875,101372.96875,102618.8828125,100634.0546875,101451.4375,40422968793,-0.0008504799301751742,-0.0008508417934171539,0.36707782359972396,0.3960056246551287,0.4248609609287798
2024-12-15,104298.6953125,104298.6953125,105047.5390625,101227.03125,101373.53125,51145914137,0.02886101293644905,0.02845237769652882,0.3593453864003808,0.35313546987336886,0.42714526394931424
2024-12-16,106029.71875,106029.71875,107780.578125,103322.984375,104293.578125,91020417816,0.016596788984881483,0.016460567443030164,0.24660433263692333,0.3486103435930016,0.4270012202734187
2024-12-17,106140.6015625,106140.6015625,108268.4453125,105291.734375,106030.6875,68589364868,0.001045771070669721,0.0010452246330361938,0.1911249223555339,0.32315571013213357,0.42691881212843713
2024-12-18,100041.5390625,100041.5390625,106470.609375,100041.5390625,106147.296875,93865656139,-0.057462106019896764,-0.059179154653770175,0.5350953522777775,0.395151611488451,0.4479077223118385
2024-12-19,97490.953125,97490.953125,102748.1484375,95587.6796875,100070.6875,97221662392,-0.025495268879325628,-0.025825905125142587,0.5581982597973051,0.4020818343748473,0.452677506371808
2024-12-20,97755.9296875,97755.9296875,98098.9140625,92175.1796875,97484.6953125,105634083408,0.002717960528709318,0.002714273553183173,0.4768394520921273,0.40025128819370054,0.4484777591540198
2024-12-21,97224.7265625,97224.7265625,99507.1015625,96426.5234375,97756.1953125,51765334294,-0.005433973434635808,-0.00544879117211963,0.41274610800634337,0.3996739105510105,0.44893293335293916
2024-12-22,95104.9375,95104.9375,97360.265625,94202.1875,97218.3203125,43147981314,-0.021802983021374844,-0.022044180382015402,0.3791364185273358,0.40410038168998735,0.45079207581653635
2024-12-23,94686.2421875,94686.2421875,96416.2109375,92403.1328125,95099.390625,65239002919,-0.004402456102765462,-0.0044121754491209825,0.195081809996266,0.4042821382385498,0.4493892611911492
2024-12-24,98676.09375,98676.09375,99404.0625,93448.015625,94684.34375,47114953674,0.04213760595334648,0.041273994068279446,0.3737099902282377,0.4188798807137964,0.4514228801921017
2024-12-25,99299.1953125,99299.1953125,99478.75,97593.46875,98675.9140625,33700394629,0.0063146152104343045,0.006294761562737073,0.37475266707573446,0.4109797224867428,0.4514186670298657
2024-12-26,95795.515625,95795.515625,99884.5703125,95137.8828125,99297.6953125,47054980873,-0.03528406928650052,-0.035921593296803764,0.46924399561073155,0.4124746839108937,0.4594573356709936
2024-12-27,94164.859375,94164.859375,97294.84375,93310.7421875,95704.9765625,52419934565,-0.017022260795415023,-0.01716880486495554,0.45789263827944243,0.41579718814921046,0.4592767327976155
2024-12-28,95163.9296875,95163.9296875,95525.8984375,94014.2890625,94160.1875,24107436185,0.010609799867287384,0.010553910906912645,0.46516747994567387,0.41461387451265297,0.4537958010117434
2024-12-29,93530.2265625,93530.2265625,95174.875,92881.7890625,95174.0546875,29635885267,-0.017167251608511402,-0.017316317368601404,0.30352082245640405,0.39731945711452604,0.4555712510367719
2024-12-30,92643.2109375,92643.2109375,94903.3203125,91317.1328125,93527.1953125,56188003691,-0.00948373223930199,-0.00952898919172895,0.2661530115801646,0.39769837151620924,0.45096282131512827
2024-12-31,93429.203125,93429.203125,96090.6015625,91914.03125,92643.25,43625106843,0.008484077565384274,0.00844829005287248,0.21636317280476908,0.35872557348428474,0.4499215171612078
2025-01-01,94419.7578125,94419.7578125,94929.8671875,92788.125,93425.1015625,24519888919,0.010602195613021781,0.010546386456946345,0.2074616354670588,0.3612083835103427,0.44977398876612035
2025-01-02,96886.875,96886.875,97739.8203125,94201.5703125,94416.2890625,46009564411,0.026129247147606893,0.02579371069354611,0.271980523818983,0.37078830434626664,0.45088965640008044
2025-01-03,98107.4296875,98107.4296875,98956.9140625,96034.6171875,96881.7265625,35611391163,0.012597729955682757,0.01251903875349227,0.20062381560546086,0.37450263143513357,0.4492810550005506
2025-01-04,98236.2265625,98236.2265625,98734.4296875,97562.9765625,98106.9921875,22342608078,0.0013128146911018934,0.001311953703357832,0.1417897950674118,0.35759038365601203,0.448074088827299
2025-01-05,98314.9609375,98314.9609375,98813.3046875,97291.765625,98233.90625,20525254825,0.0008014800420892421,0.0008011590284728617,0.1618882985579814,0.3505415463136878,0.4152353587887098
2025-01-06,102078.0859375,102078.0859375,102482.875,97926.1484375,98314.953125,51823432705,0.03827621924594227,0.03756185651681786,0.2533564906338519,0.3799371509760989,0.42076147729128943
2025-01-07,96922.703125,96922.703125,102712.484375,96132.875,102248.8515625,58685738547,-0.05050430525956884,-0.05182428297869528,0.5177932220659983,0.3658808693597853,0.43645395745315435
2025-01-08,95043.5234375,95043.5234375,97258.3203125,92525.84375,96924.1640625,63875859171,-0.019388436629511285,-0.019578857696565647,0.5193299057324006,0.3610308994606451,0.439105398635456
2025-01-09,92484.0390625,92484.0390625,95349.71875,91220.84375,95043.484375,62777261693,-0.026929603222076492,-0.027298849179035745,0.5323106019802489,0.372183048952872,0.43407750077102303
2025-01-10,94701.453125,94701.453125,95770.609375,92250.09375,92494.4921875,62058693684,0.023976181025154863,0.02369326562915915,0.5889702064879939,0.38360339136131,0.3891316754159034
2025-01-11,94566.59375,94566.59375,94977.6875,93840.046875,94700.8359375,18860894100,-0.001424047578467369,-0.0014250624978636736,0.44965030624036195,0.37572663025788183,0.38866288653633324
2025-01-12,94488.4375,94488.4375,95367.5390625,93712.5078125,94565.7265625,20885130965,-0.0008264678561502592,-0.0008268095689983134,0.3138220858046266,0.3754195507930789,0.38419493119635395
2025-01-13,94516.5234375,94516.5234375,95837.0,89260.1015625,94488.890625,72978998252,0.00029724205673309356,0.000297197889065057,0.28653568635418974,0.34222725533498183,0.3758616875506714
2025-01-14,96534.046875,96534.046875,97352.6640625,94322.15625,94519.0078125,53769675818,0.021345722040169157,0.02112109307155958,0.20125026554796313,0.3510153678726194,0.36819280127659576
2025-01-15,100504.4921875,100504.4921875,100697.234375,96501.640625,96534.046875,57805923627,0.041129999632577796,0.04030666140622702,0.2933694109462307,0.35587509516797955,0.3766173736617739
2025-01-16,99756.90625,99756.90625,100781.5859375,97364.4453125,100505.296875,54103781805,-0.0074383335632930425,-0.007466135920999606,0.3131190623150926,0.35042388762724197,0.3765709651210412
2025-01-17,104462.0390625,104462.0390625,105884.2265625,99948.90625,100025.765625,71888972663,0.04716598568833419,0.046087453886957834,0.3753857642040887,0.3820145242007871,0.3872295505841633
2025-01-18,104408.0703125,104408.0703125,104913.203125,102226.6171875,104124.953125,50445655726,-0.000516635042589142,-0.0005167685444558994,0.3781212525073094,0.373761037537871,0.3855815658101433
2025-01-19,101089.609375,101089.609375,106299.796875,99570.53125,104411.2890625,76789928525,-0.03178356737719257,-0.032299629277246486,0.5278543042410874,0.3940925535607734,0.38975606493981996
2025-01-20,102016.6640625,102016.6640625,109114.8828125,99471.359375,101083.75,126279678351,0.009170622908047932,0.009128828074566006,0.45333199217095,0.3941935211146842,0.38019149794598267
2025-01-21,106146.265625,106146.265625,107180.921875,100103.953125,102052.578125,88733878242,0.040479676535688514,0.03968183425876291,0.5054193780581671,0.4133246185740429,0.38846631627132633
2025-01-22,103653.0703125,103653.0703125,106294.34375,103360.265625,106136.3828125,53878181052,-0.023488299826845638,-0.023768546993042258,0.4527973805908044,0.4190136855375669,0.39085229139685224
2025-01-23,103960.171875,103960.171875,106820.328125,101257.8046875,103657.671875,104104515428,0.002962783076025932,0.002958402684215798,0.45396992032029077,0.4176185391351625,0.3908624235622792
2025-01-24,104819.484375,104819.484375,107098.546875,102772.125,103965.671875,52388229265,0.008265785680243276,0.00823181116278129,0.35822312448936816,0.41799233946562275,0.37552759491892573
2025-01-25,104714.6484375,104714.6484375,105243.7890625,104120.375,104824.03125,23888996502,-0.0010001569662844156,-0.0010006574570037008,0.36206723943861685,0.41818084900212255,0.3744428956937176
2025-01-26,102682.5,102682.5,105438.6484375,102507.7109375,104713.2109375,22543395879,-0.019406534499448846,-0.019597313563924395,0.22539303455537993,0.40480898486133193,0.3675115997817277
2025-01-27,102087.6875,102087.6875,103214.109375,97795.9375,102680.3046875,89006608428,-0.005792734886665207,-0.005809577851448121,0.16818900870667433,0.3562750528652097,0.36767992060752913
2025-01-28,101332.4765625,101332.4765625,103730.8203125,100238.1875,102095.4140625,47180685494,-0.007397669160641884,-0.007425167615395995,0.1608389609333452,0.3487751468580394,0.3662218295031985
2025-01-29,103703.2109375,103703.2109375,104750.8046875,101283.8203125,101317.5234375,47432049818,0.023395602825692086,0.023126120746530303,0.24921353768802712,0.3359793269474186,0.36833488858904456
2025-01-30,104735.3046875,104735.3046875,106418.765625,103321.6484375,103709.3359375,41915744521,0.009952379879751394,0.009903181107726793,0.2639446269119179,0.32970495335127414,0.36845826678391197
2025-01-31,102405.0234375,102405.0234375,106026.3515625,101543.8828125,104737.5625,45732764360,-0.022249243050878498,-0.022500491172309005,0.2779832629589235,0.3433855828312792,0.3702508889604814
2025-02-01,100655.90625,100655.90625,102755.7265625,100297.7109375,102402.796875,27757944848,-0.017080384621634526,-0.017227936971828707,0.3023664929965918,0.35127619201699906,0.3721494577155349
2025-02-02,97688.9765625,97688.9765625,101430.6640625,96216.078125,100661.5390625,63091816853,-0.02947596219670423,-0.029919108206548826,0.36050675232857776,0.3703983135440473,0.3728572326491366
2025-02-03,101405.421875,101405.421875,102514.171875,91242.890625,97681.1015625,115400897748,0.03804365081173988,0.03733783666464687,0.4412144892011428,0.38585499925822475,0.37775611882495935
2025-02-04,97871.8203125,97871.8203125,101745.6171875,96208.109375,101398.71875,73002130211,-0.034846278405663456,-0.03546789334061943,0.46495997468580236,0.3810001385775874,0.37856584075018496
2025-02-05,96615.4453125,96615.4453125,99113.2109375,96174.828125,97878.0078125,49125911241,-0.012836943218062724,-0.012920048753753386,0.4582749608434438,0.38265392965119804,0.37944031485567553
2025-02-06,96593.296875,96593.296875,99168.609375,95707.3515625,96610.640625,45302471947,-0.00022924323774897726,-0.00022926951799646017,0.46109609954559605,0.338917103540393,0.3783800032379732
2025-02-07,96529.0859375,96529.0859375,100154.140625,95653.8828125,96581.3203125,55741290456,-0.0006647556256734743,-0.0006649766736617645,0.4193225348182124,0.33889779749882903,0.37021765419939806
2025-02-08,96482.453125,96482.453125,96877.8046875,95702.4921875,96533.2578125,22447526395,-0.00048309597099249757,-0.00048321269944663663,0.24209383647195612,0.32195888014732305,0.36987560043150236
2025-02-09,96500.09375,96500.09375,97325.28125,94745.2578125,96481.3125,27732901800,0.00018283765004545316,0.00018282093727943363,0.08974520036128175,0.31929004199282446,0.3575154377210137
2025-02-10,97437.5546875,97437.5546875,98333.21875,95320.84375,96499.4609375,40078962391,0.009714611676219231,0.009667728227994938,0.07093436128676803,0.2819406661078436,0.3574734295377611
2025-02-11,95747.4296875,95747.4296875,98492.8984375,94875.0390625,97438.1328125,37488783272,-0.017345724709743937,-0.01749792436938306,0.15571570237168192,0.2770277522384793,0.35785688292683615
2025-02-12,97885.859375,97885.859375,98151.0234375,94101.203125,95745.6953125,49340445530,0.02233406885677658,0.022088315919347463,0.23125067901212717,0.29132378833210665,0.3609627702475557
2025-02-13,96623.8671875,96623.8671875,98111.0859375,95269.7109375,97888.75,37147280860,-0.012892487184132717,-0.012976316589520155,0.25787223328376546,0.2901936070073497,0.3566889267776661
2025-02-14,97508.96875,97508.96875,98819.46875,96342.8046875,96623.3671875,32697987277,0.009160278803397981,0.009118577917229297,0.265327060211482,0.29381394432205615,0.355444962146104
2025-02-15,97580.3515625,97580.3515625,97975.0390625,97240.1953125,97508.3828125,17047266288,0.0007320640697474623,0.0007317962415499838,0.2566705821280202,0.28790310591272195,0.3554363471156658
2025-02-16,96175.03125,96175.03125,97725.59375,96060.9765625,97580.4921875,16536755396,-0.014401672980240199,-0.014506383627455663,0.2441820389074365,0.2908497127317883,0.33566073469577506
2025-02-17,95773.3828125,95773.3828125,97032.234375,95243.546875,96179.0078125,27336550690,-0.004176223623530095,-0.004184968400662239,0.1557035629981435,0.29042046207169175,0.3316357245602067
2025-02-18,95539.546875,95539.546875,96695.375,93388.8359375,95773.8125,37325720482,-0.0024415545387781457,-0.0024445399934847232,0.13566350812643727,0.27382983416590145,0.3316042231067995
2025-02-19,96635.609375,96635.609375,96855.59375,95011.96875,95532.53125,28990872862,0.011472343504350446,0.01140703518992484,0.14815080822250248,0.274899746147805,0.3323027712231204
2025-02-20,98333.9375,98333.9375,98767.1953125,96442.671875,96632.6796875,31668022771,0.017574558032842136,0.01742191135803241,0.2032513200600132,0.2758363725227441,0.3310124497850182
2025-02-21,96125.546875,96125.546875,99497.96875,94852.9609375,98340.671875,49608706470,-0.02245807176184722,-0.02271409470424543,0.24758765996936025,0.2804940288115221,0.3342946041241402
2025-02-22,96577.7578125,96577.7578125,96950.15625,95765.34375,96134.203125,18353824477,0.0047043783073406065,0.00469334730219672,0.24638579562722107,0.2615648385500907,0.32334831319669943
2025-02-23,96273.921875,96273.921875,96671.875,95270.453125,96577.8046875,16999478976,-0.0031460239332733453,-0.0031509830703417255,0.2471792849183611,0.21989997435311226,0.32309757058489813
2025-02-24,91418.171875,91418.171875,96503.453125,91371.7421875,96277.9609375,44046480529,-0.05043681513571874,-0.05175320553649131,0.42844164731626805,0.25670561640746736,0.3320135674617454
2025-02-25,88736.171875,88736.171875,92511.078125,86008.234375,91437.1171875,92139104128,-0.029337712021491935,-0.029776669354997204,0.3552669706667527,0.2715327764377982,0.3356572307824982
2025-02-26,84347.0234375,84347.0234375,89286.25,82131.8984375,88638.890625,64597492134,-0.04946290046952739,-0.05072808622097089,0.4164620337497161,0.3169715712355636,0.34985114090385366
2025-02-27,84704.2265625,84704.2265625,87000.78125,83144.9609375,84076.859375,52659591954,0.004234922709094535,0.00422598066095089,0.4142894285257252,0.31869350351571385,0.34860923891002293
2025-02-28,84373.0078125,84373.0078125,85036.3203125,78248.9140625,84705.625,83610570576,-0.003910297790814532,-0.003917962993897036,0.41162409758595997,0.3180611702592218,0.34825719839304525
2025-03-01,86031.9140625,86031.9140625,86522.3046875,83794.234375,84373.8671875,29190628396,0.019661575342751147,0.019470783362415745,0.4443998382224739,0.3307186911117887,0.35033637497791925
2025-03-02,94248.3515625,94248.3515625,95043.4375,85040.2109375,86036.2578125,58398341092,0.09550452979612856,0.09121501495686515,0.8163976655904702,0.47591631262276124,0.3978462669175778
2025-03-03,86065.671875,86065.671875,94429.75,85081.3046875,94248.421875,70072228536,-0.08682040111941614,-0.09082270482945609,1.031839612710971,0.5701212568767218,0.4355154569778901
2025-03-04,87222.1953125,87222.1953125,88911.2734375,81529.2421875,86064.0703125,68095241474,0.013437685575495406,0.013348200634372372,1.0339765104997394,0.565370651821079,0.4356366081592757
2025-03-05,90623.5625,90623.5625,90998.2421875,86379.7734375,87222.953125,50498988027,0.03899657851208138,0.03825541905303624,1.0520442320397352,0.5855919363290775,0.4433329429558221
2025-03-06,89961.7265625,89961.7265625,92804.9375,87852.140625,90622.359375,47749810486,-0.007303133084179958,-0.007329931515325766,1.0609027501097594,0.5839089267077776,0.4434780214406086
2025-03-07,86742.671875,86742.671875,91191.046875,84717.6796875,89963.28125,65945677657,-0.0357824911826653,-0.0364383782693103,0.7895280694581231,0.5946973745382735,0.4415793942487453
2025-03-08,86154.59375,86154.59375,86847.265625,85247.484375,86742.65625,18206118081,-0.006779571257010009,-0.006802656950121629,0.43972657007948557,0.5938444752252742,0.4296717734841786
2025-03-09,80601.0390625,80601.0390625,86471.1328125,80052.484375,86154.3046875,30899345977,-0.0644603432710168,-0.06663174322153219,0.6191307776988916,0.632143730113229,0.44832707186653475
2025-03-10,78532.0,78532.0,83955.9296875,77420.59375,80597.1484375,54061099422,-0.02567012890361897,-0.026005355987276976,0.3922414833609852,0.6346166313314983,0.4480322593626397
2025-03-11,82862.2109375,82862.2109375,83577.7578125,76624.25,78523.875,54702837196,0.05513944554449135,0.05367293406512474,0.7107873674795113,0.6700935359455,0.4596450404006859
2025-03-12,83722.359375,83722.359375,84358.578125,80635.25,82857.375,40353484454,0.010380466895202334,0.010326959815815329,0.705415023471886,0.6670335630334259,0.46036291680740166
2025-03-13,81066.703125,81066.703125,84301.6953125,79931.8515625,83724.921875,31412940153,-0.0317197970748182,-0.032233767760911476,0.7275244872734467,0.6706566716995084,0.4644933657264641
2025-03-14,83969.1015625,83969.1015625,85263.2890625,80797.5625,81066.9921875,29588112414,0.03580259620308812,0.03517658147592443,0.594231770320415,0.687147990186776,0.4708641372917999
2025-03-15,84343.109375,84343.109375,84672.671875,83639.59375,83968.40625,13650491277,0.004454112352525463,0.00444422215127116,0.5183196975098524,0.6882395505910006,0.46860567066295844
2025-03-16,82579.6875,82579.6875,85051.6015625,82017.90625,84333.3203125,21330270174,-0.020907717157540473,-0.021129378542194648,0.42350456962613126,0.6699424786598356,0.46163788190900246
2025-03-17,84075.6875,84075.6875,84725.328125,82492.15625,82576.3359375,25092785558,0.018115835083536647,0.017953698574085318,0.4391674499932523,0.6680302929444426,0.4635872415180702
2025-03-18,82718.5,82718.5,84075.71875,81179.9921875,84075.71875,24095774594,-0.016142449028442418,-0.01627415768219446,0.37308500941336226,0.6460067574346926,0.4529645329354814
2025-03-19,86854.2265625,86854.2265625,87021.1875,82569.7265625,82718.8046875,34931960257,0.049997601050550955,0.048787879453061046,0.44937716008439826,0.6696962049940166,0.4656258660039036
2025-03-20,84167.1953125,84167.1953125,87443.265625,83647.1953125,86872.953125,29028988961,-0.030937253791171848,-0.0314259156183106,0.5265342171980757,0.6795591567749152,0.4653949719489877
2025-03-21,84043.2421875,84043.2421875,84782.2734375,83171.0703125,84164.5390625,19030452299,-0.0014727011460912154,-0.0014737866362900664,0.4953937679804918,0.675605273587405,0.4647163275499043
2025-03-22,83832.484375,83832.484375,84513.875,83674.78125,84046.2578125,9863214091,-0.0025077306278807887,-0.0025108802510379665,0.47884024623625715,0.5808971444838933,0.45603908375811375
2025-03-23,86054.375,86054.375,86094.78125,83794.9140625,83831.8984375,12594615537,0.026503933905394295,0.02615878981767563,0.48592486843635385,0.49619355560290057,0.45823733346233086
2025-03-24,87498.9140625,87498.9140625,88758.7265625,85541.1953125,86070.9296875,34582604933,0.016786352378946434,0.016647018673748026,0.35018786388127615,0.49750756326196355,0.4598662932305876
2025-03-25,87471.703125,87471.703125,88542.3984375,86346.078125,87512.8203125,30005840049,-0.0003109860024155253,-0.0003110343685901033,0.2059672513221887,0.47673933466260643,0.4593181208276213
2025-03-26,86900.8828125,86900.8828125,88292.15625,85861.453125,87460.234375,26704046038,-0.00652577110204744,-0.006547157036869115,0.22267767069863637,0.47662633733947485,0.4593548564935655
2025-03-27,87177.1015625,87177.1015625,87786.7265625,85837.9375,86896.2578125,24413471941,0.003178549412391707,0.0031735085032361422,0.21124821823612108,0.4587745706804242,0.45823263576278184
2025-03-28,84353.1484375,84353.1484375,87489.859375,83557.640625,87185.234375,34198619509,-0.032393289916566204,-0.032929565500329085,0.2899841399788293,0.47324704062283096,0.46236354864111967
2025-03-29,82597.5859375,82597.5859375,84567.3359375,81634.140625,84352.0703125,16969396135,-0.020812056603918605,-0.02103168000812764,0.2401082155245486,0.41333148379504325,0.463735929648837
2025-03-30,82334.5234375,82334.5234375,83505.0,81573.25,82596.984375,14763760943,-0.0031848691098436133,-0.0031899515997126566,0.23237978909638196,0.4011516517712814,0.46042909024611517
2025-03-31,82548.9140625,82548.9140625,83870.125,81293.890625,82336.0625,29004228247,0.0026038970780313253,0.002600512811616096,0.2542121187128755,0.35252975431275535,0.4597404092583997
2025-04-01,85169.171875,85169.171875,85487.3671875,82429.359375,82551.921875,28175650319,0.0317418810684309,0.03124852053156838,0.38977478751170624,0.3682779961855028,0.4636652998106773
2025-04-02,82485.7109375,82485.7109375,88466.953125,82343.5390625,85180.609375,47584398470,-0.031507420800550134,-0.03201445832298525,0.38562554497204277,0.3680173716006867,0.4665746647587747
2025-04-03,83102.828125,83102.828125,83909.296875,81282.1015625,82487.4765625,36852112080,0.007481504135517403,0.007453656492041082,0.3608137376606949,0.3462517812889052,0.4637517783095703
2025-04-04,83843.8046875,83843.8046875,84696.1484375,81670.75,83100.25,45157640207,0.008916382019940938,0.008876865806506007,0.3616915115300152,0.3474498399293808,0.45687507243843156
2025-04-05,83504.796875,83504.796875,84207.015625,82377.734375,83844.703125,14380803631,-0.004043325726492686,-0.004051522069073574,0.36594580171948354,0.33905579896562815,0.45189850181080676
2025-04-06,78214.484375,78214.484375,83704.71875,77097.7421875,83504.5078125,36294853736,-0.06335339642726368,-0.06544922522509501,0.5024984596820966,0.4051136873197142,0.46948016692365674
2025-04-07,79235.3359375,79235.3359375,81119.0625,74436.6796875,78221.3359375,91262424987,0.013051950296130821,0.012967507560798076,0.5192248079756976,0.40628834376642875,0.47065295616187497
2025-04-08,76271.953125,76271.953125,80823.890625,76198.0234375,79218.4765625,48314590749,-0.03739976334343409,-0.03811707626174969,0.5341285652543292,0.37789346028735704,0.4759851781625653
2025-04-09,82573.953125,82573.953125,83541.0,74589.671875,76273.5625,84213627038,0.0826253916648998,0.07938900944238107,0.8758757734895753,0.4735503055503777,0.505672682488034
2025-04-10,79626.140625,79626.140625,82700.9296875,78456.1328125,82565.9765625,44718000633,-0.0356990599146636,-0.0363518545774045,0.9076387510929581,0.4899561237265269,0.5103373225173861
2025-04-11,83404.8359375,83404.8359375,84247.4765625,78936.3203125,79625.046875,41656778779,0.04745546227457886,0.04636385379527456,0.8159982428223631,0.5199996133537459,0.5197447947912744
2025-04-12,85287.109375,85287.109375,85856.1875,82769.375,83404.515625,24258059104,0.022567917271733462,0.022317029488567466,0.8187776652061209,0.5175845054024701,0.5212703915215741
2025-04-13,83684.9765625,83684.9765625,86015.1875,83027.0078125,85279.46875,28796984817,-0.01878516957885823,-0.018963852136872177,0.7492485522572615,0.5174205364862484,0.5199796400582541
2025-04-14,84542.390625,84542.390625,85785.0,83690.640625,83694.5234375,34090769777,0.010245734631468162,0.010193602875445013,0.5217890659489636,0.5192770420044434,0.5201752413901289
2025-04-15,83668.9921875,83668.9921875,86429.3515625,83598.8203125,84539.6953125,28040322885,-0.01033089354397465,-0.010384627625774925,0.4146004971357858,0.5199300823742785,0.5198940021176143
2025-04-16,84033.8671875,84033.8671875,85428.28125,83100.6171875,83674.5078125,29617804112,0.004360934564412222,0.004351453244225117,0.26049092940805224,0.5200991700273744,0.5200445319968768
2025-04-17,84895.75,84895.75,85449.0703125,83749.75,84030.671875,21276866029,0.01025637449930672,0.010204134780153822,0.2085258064105448,0.5083002795300572,0.5200717047661331
2025-04-18,84450.8046875,84450.8046875,85095.046875,84298.8828125,84900.1875,12728372364,-0.005241078764249063,-0.005254861395886236,0.14760428163280676,0.5025629008757092,0.5200948299899738
2025-04-19,85063.4140625,85063.4140625,85597.703125,84353.4609375,84450.8671875,15259300427,0.007254038339443714,0.007227854353502602,0.1382098639045449,0.5027413224886802,0.5204448505845889
2025-04-20,85174.3046875,85174.3046875,85306.3828125,83976.84375,85066.0703125,14664050812,0.0013036230231544543,0.0013027740444132617,0.09425659806666524,0.5027292108062753,0.5197499154165441
2025-04-21,87518.90625,87518.90625,88460.09375,85143.8359375,85171.5390625,41396190190,0.027527099529631727,0.027155041278542923,0.19325764047726626,0.4997245812479468,0.5216908374394859
2025-04-22,93441.890625,93441.890625,93817.3828125,87084.53125,87521.875,55899038456,0.06767662701452015,0.06548491099549585,0.45369286973841055,0.5321499300998169,0.5377574139429997
2025-04-23,93699.109375,93699.109375,94535.734375,91962.9609375,93427.5859375,41719568821,0.0027527134594511615,0.0027489316822658697,0.42944230185029036,0.5322691484882173,0.5376924033966088
2025-04-24,93943.796875,93943.796875,94016.1953125,91696.7109375,93692.3984375,31483175315,0.0026114175645013393,0.0026080137382399186,0.4397582843403467,0.5322849778280988,0.5377008597944912
2025-04-25,94720.5,94720.5,95768.390625,92898.59375,93954.25,40915232364,0.008267742531563593,0.008233751969906927,0.42379530313219355,0.5310888368671492,0.5271858747227071
2025-04-26,94646.9296875,94646.9296875,95251.359375,93927.25,94714.6484375,17612825123,-0.0007767095032226168,-0.0007770112983303527,0.4451162387730828,0.4600713181656762,0.523387138882626
2025-04-27,93754.84375,93754.84375,95301.203125,93665.3984375,94660.90625,18090367764,-0.00942540809771053,-0.009470108357138424,0.10355115270552746,0.4647214414271778,0.5126655579786451
2025-04-28,94978.75,94978.75,95598.4921875,92860.8046875,93755.3046875,32363449569,0.013054325526514532,0.012969852186459676,0.13662710603391767,0.4310397063095794,0.5131579679121526
2025-04-29,94284.7890625,94284.7890625,95485.4140625,93796.6328125,94981.859375,25806129921,-0.007306486319308303,-0.0073333094254447225,0.15420562302646573,0.35093890343643525,0.5133712774090532
2025-04-30,94207.3125,94207.3125,95249.3203125,92979.640625,94286.46875,28344679831,-0.0008217291810309613,-0.0008220669855229902,0.13908421370714366,0.31393219263609823,0.5120793782916853
2025-05-01,96492.3359375,96492.3359375,97437.9609375,94153.6328125,94212.859375,32875889623,0.02425526614507767,0.023965778896188162,0.2261957850560285,0.286920446762778,0.47925846267038164
2025-05-02,96910.0703125,96910.0703125,97905.8984375,96375.9453125,96494.96875,26421924677,0.0043291974532626565,0.004319853436324106,0.19386513995498925,0.28147745384737544,0.43996960133821045
2025-05-03,95891.796875,95891.796875,96943.8828125,95821.2890625,96904.6328125,15775154889,-0.010507405827035687,-0.010562998380901132,0.21602507253375328,0.27289062266519076,0.44005919796789195
2025-05-04,94315.9765625,94315.9765625,96318.921875,94173.4296875,95877.1875,18198688416,-0.016433317174712747,-0.016569841900567834,0.24845128888478957,0.2847646735548013,0.43485596575211116
2025-05-05,94748.0546875,94748.0546875,95193.1875,93566.265625,94319.5625,25816260327,0.0045811763897039,0.004570714740087168,0.25018043270936535,0.27860262288826393,0.43460523830942516
2025-05-06,96802.4765625,96802.4765625,96889.1796875,93399.859375,94748.3828125,26551275827,0.02168299794413664,0.021451265529472022,0.2359630160145496,0.28364980528366485,0.42954655257240026
2025-05-07,97032.3203125,97032.3203125,97625.8046875,95829.3359375,96800.1953125,76983822462,0.0023743581586117557,0.002371543824223951,0.23445030206925843,0.2838654333767692,0.429170475635413
2025-05-08,103241.4609375,103241.4609375,103969.5390625,96913.875,97034.25,69895404397,0.06399043746457878,0.062026403533745514,0.47076279378553365,0.3410493242499564,0.42225614989206045
2025-05-09,102970.8515625,102970.8515625,104297.4921875,102343.09375,103239.125,58198593958,-0.002621130818400763,-0.002624571996284568,0.41994229595396354,0.34390987496611186,0.41782553693376434
2025-05-10,104696.328125,104696.328125,104961.765625,102830.484375,102973.7109375,42276713994,0.016756941758927724,0.016618093181868365,0.40490816587612316,0.3433335724020618,0.4059371593112116
2025-05-11,104106.359375,104106.359375,104937.9921875,103364.7421875,104701.0703125,46285517406,-0.005635047193781384,-0.005650983970075977,0.44261464094636915,0.34174070736851875,0.40617698156271087
2025-05-12,102812.953125,102812.953125,105747.453125,100814.40625,104106.9609375,63250475404,-0.01242389281274392,-0.012501714607270616,0.4794539908697981,0.27550373053864285,0.4007113442039733
2025-05-13,104169.8125,104169.8125,104997.421875,101515.09375,102812.4921875,52608876410,0.013197358248725033,0.013111031807523908,0.19877202486451057,0.2769428114859268,0.39589210017436877
2025-05-14,103539.4140625,103539.4140625,104303.5625,102618.296875,104167.328125,45956071155,-0.006051642240404331,-0.006070027639406428,0.20500066411141005,0.2797590557545108,0.39638163302607554
2025-05-15,103744.640625,103744.640625,104153.6171875,101440.8125,103538.828125,50408241840,0.00198211052629782,0.0019801487371228356,0.1555812812165995,0.2796402886459087,0.39308469250338174
2025-05-16,103489.2890625,103489.2890625,104533.484375,103137.4765625,103735.65625,44386499364,-0.0024613470244020386,-0.002464381118651062,0.15225526604967163,0.2801303375404607,0.3921713474409961
2025-05-17,103191.0859375,103191.0859375,103716.9453125,102659.1796875,103489.2890625,37898552742,-0.0028814878109744146,-0.0028856472892223486,0.11889203186305436,0.2767403576714998,0.3902485735246176
2025-05-18,106446.0078125,106446.0078125,106597.171875,103142.6015625,103186.953125,49887082058,0.03154266519659865,0.031055414958406476,0.24155335800116054,0.29090957464070794,0.38312221791962936
2025-05-19,105606.1796875,105606.1796875,107068.71875,102112.6875,106430.53125,61761126647,-0.007889709931436006,-0.007920998372646527,0.24686962034487278,0.29126602895710674,0.37697801279134924
2025-05-20,106791.0859375,106791.0859375,107307.1171875,104206.515625,105605.40625,36515726122,0.011220046530480143,0.011157568710076757,0.2508153547388044,0.2908284264162256,0.37711462894546605
2025-05-21,109678.078125,109678.078125,110724.4609375,106127.234375,106791.3125,78086364051,0.027034018449719976,0.026675054496876065,0.2745955162092629,0.29316460908354136,0.37969949590936186
2025-05-22,111673.28125,111673.28125,111970.171875,109285.0703125,109673.4921875,70157575642,0.018191448638679386,0.01802796394236439,0.24337699873936952,0.2958973233394307,0.37807876751240344
2025-05-23,107287.796875,107287.796875,111798.90625,106841.3046875,111679.359375,67548133399,-0.03927066820202352,-0.04006256233899459,0.4212281266449428,0.3351619759887358,0.38793080899812477
2025-05-24,107791.15625,107791.15625,109454.5234375,106895.2890625,107278.5078125,45903627163,0.004691674073487251,0.004680702474076876,0.41274480425597454,0.3248355267845624,0.3878618333598911
2025-05-25,109035.390625,109035.390625,109313.3046875,106683.375,107802.2734375,47518041841,0.011543009819045436,0.011476897551184374,0.4130950838455763,0.3251663772258423,0.38763020007518073
2025-05-26,109440.3671875,109440.3671875,110376.8828125,108735.640625,109023.78125,45950461571,0.003714175371671846,0.0037072948540294247,0.3634228448887952,0.32079421679794234,0.3876281662856805
2025-05-27,108994.640625,108994.640625,110744.2109375,107609.5546875,109440.40625,57450176272,-0.004072780217708405,-0.00408109657520394,0.3244720635212045,0.3226108852914052,0.3803969754557257
2025-05-28,107802.328125,107802.328125,109298.2890625,106812.9296875,108992.171875,49155377493,-0.010939184653144474,-0.010999457493792041,0.13757750546411016,0.24975760531754387,0.3780953821688494
2025-05-29,105641.7578125,105641.7578125,108910.046875,105374.3984375,107795.5703125,56022752042,-0.020041963379443528,-0.020245528009254558,0.19633257474588472,0.2617789312695472,0.38116835734384485
2025-05-30,103998.5703125,103998.5703125,106308.9453125,103685.7890625,105646.2109375,57655287183,-0.015554336978341854,-0.015676574887611795,0.15052633230196838,0.2617826337200454,0.38332093692603997
2025-05-31,104638.09375,104638.09375,104927.1015625,103136.1171875,103994.71875,38997843858,0.006149348357177731,0.006130518270315466,0.16423812694735127,0.2619494604796796,0.3790856134957308
2025-06-01,105652.1015625,105652.1015625,105884.546875,103826.953125,104637.296875,37397056873,0.009690618169351017,0.009643965283822335,0.21196862931145485,0.25942872637782005,0.3719959029562865
2025-06-02,105881.53125,105881.53125,105958.3125,103727.546875,105649.8125,45819706290,0.0021715582000447764,0.0021692037754339633,0.21390663513492542,0.25573750524977573,0.3719516060143211
2025-06-03,105432.46875,105432.46875,106813.578125,104920.84375,105888.4765625,46196508367,-0.004241178746647534,-0.004250198055930138,0.15841283941773024,0.2551686505406143,0.37219491828060447
2025-06-04,104731.984375,104731.984375,105997.6953125,104232.703125,105434.3671875,44544857105,-0.0066439151364365845,-0.006666084188030525,0.10880662120589432,0.25652797939021926,0.37246952024790275
2025-06-05,101575.953125,101575.953125,105936.6875,100436.8828125,104750.78125,57479298400,-0.030134359325224014,-0.030597731847037197,0.24074955511666388,0.279234421196135,0.3510354975562775
2025-06-06,104390.34375,104390.34375,105376.7734375,101169.5703125,101574.3671875,48856653697,0.027707252931573167,0.02733035306445883,0.3293249073146158,0.2964974093890167,0.3537639472426786
2025-06-07,105615.625,105615.625,105972.7578125,103987.3125,104390.6484375,38365033776,0.011737496074678777,0.011669145986995247,0.3442037244624959,0.2774402738246501,0.3426282329365521
2025-06-08,105793.6484375,105793.6484375,106497.0625,105075.328125,105617.5078125,36626232328,0.0016855786016509722,0.0016841596083658347,0.3427085630582262,0.27607454216643224,0.3060356018628532
2025-06-09,110294.1015625,110294.1015625,110561.421875,105400.234375,105793.0234375,55903193732,0.04253991795791734,0.041659964564867834,0.4363468765423975,0.3112814828722345,0.3037120736334683
2025-06-10,110257.234375,110257.234375,110380.125,108367.7109375,110295.6875,54700101509,-0.0003342625487465778,-0.00033431842692466013,0.2835847386639964,0.29687130957852575,0.29166940760327614
2025-06-11,108686.625,108686.625,110384.21875,108086.328125,110261.796875,50842662052,-0.014244955298426398,-0.01434738860972619,0.3325311887494738,0.2933993659570672,0.29186342216785965
2025-06-12,105929.0546875,105929.0546875,108780.6953125,105785.6875,108685.9140625,54843867968,-0.025371753999169577,-0.02569916684533185,0.40495861601493255,0.2719097913726136,0.2944458714966929
2025-06-13,106090.96875,106090.96875,106182.546875,102822.0234375,105924.59375,69550440846,0.0015285141831733462,0.0015273471943905203,0.4049335174868406,0.27132156748117847,0.2941938138789138
2025-06-14,105472.40625,105472.40625,106203.7578125,104379.3671875,106108.0859375,38007870453,-0.0058304915798971235,-0.005847555254663668,0.1780663883630872,0.26787599089276515,0.29340640089848374
2025-06-15,105552.0234375,105552.0234375,106157.1015625,104519.8828125,105464.84375,36744307742,0.0007548627203146641,0.0007545779547483326,0.18151621149191421,0.26729556234354424,0.2934732416239059
2025-06-16,106796.7578125,106796.7578125,108915.375,104997.625,105555.59375,50366626945,0.011792615001237072,0.011723623976989297,0.2207424475154368,0.2713698927965363,0.2936313506875055
2025-06-17,104601.1171875,104601.1171875,107750.1953125,103396.53125,106794.1171875,55964092176,-0.020559056941174436,-0.020773336361813687,0.19020309899520776,0.2782678179878845,0.29737939233082905
2025-06-18,104883.328125,104883.328125,105581.8515625,103602.265625,104602.0703125,47318089133,0.0026979724986506692,0.0026943395038619066,0.19194122659733737,0.26955730236665476,0.29728610495233665
2025-06-19,104684.2890625,104684.2890625,105250.890625,103940.7734375,104886.7734375,37333806920,-0.0018977187896134229,-0.0018995217392710328,0.18935981563198315,0.2635437220948824,0.29745916265064715
2025-06-20,103309.6015625,103309.6015625,106539.3828125,102372.2109375,104681.03125,50951862476,-0.013131746055793259,-0.013218729770939191,0.20427506745867505,0.2668234066971039,0.2952087941908486
2025-06-21,102257.40625,102257.40625,104015.78125,100973.0625,103315.078125,38360555118,-0.010184874363913243,-0.010237095073649533,0.1473475133887166,0.2659926545657268,0.26581934072249563
2025-06-22,100987.140625,100987.140625,103351.6328125,98286.203125,102212.03125,65536997201,-0.012422235919953284,-0.012500036871865046,0.11207888782702817,0.26829826246518557,0.26734658528924027
2025-06-23,105577.7734375,105577.7734375,106116.859375,99705.75,100987.4765625,65237759656,0.04545759771084712,0.0444546821160779,0.38940305722535246,0.3153401732597865,0.28162922064890744
2025-06-24,106045.6328125,106045.6328125,106316.828125,104740.2421875,105571.515625,48822986421,0.004431419225533917,0.004421629398587352,0.3886958277873835,0.3146546987636059,0.2813739340223068
2025-06-25,107361.2578125,107361.2578125,108168.3984375,105881.390625,106047.40625,51624120283,0.012406215749838134,0.012329889288552448,0.3648436215892241,0.29440605246757534,0.2821259702916192
2025-06-26,106960.0,106960.0,108305.546875,106666.3515625,107375.0703125,43891990613,-0.003737454466123835,-0.00374445620028651,0.3472271080200577,0.2803508957043769,0.2813659770793203
2025-06-27,107088.4296875,107088.4296875,107772.46875,106449.9921875,106954.921875,45353692675,0.0012007263229245613,0.00120000602760066,0.3048377273038387,0.2776232531920468,0.280473575148628
2025-06-28,107327.703125,107327.703125,107567.8828125,106883.9765625,107090.546875,30037708335,0.002234353778444831,0.002231861322037002,0.09323198115368424,0.27765600797908613,0.27979827495355625
2025-06-29,108385.5703125,108385.5703125,108526.3046875,107230.109375,107327.8203125,35534874438,0.009856422495764683,0.009808164803266642,0.10451837091935896,0.23512815430075928,0.2801623433610753
2025-06-30,107135.3359375,107135.3359375,108798.7890625,106759.6484375,108383.4375,42064804590,-0.011535062936840146,-0.011602107852204922,0.12559025370089003,0.23816809843359338,0.2779074926659775
2025-07-01,105698.28125,105698.28125,107550.6796875,105270.2265625,107144.3828125,44110692247,-0.013413452013053329,-0.013504224993731051,0.1570358153973144,0.23757994021652432,0.2795973509340141
2025-07-02,108859.3203125,108859.3203125,109763.65625,105157.3984375,105703.1015625,56248657737,0.02990624847553991,0.02946777720135706,0.2786759058304685,0.24335854032036733,0.28425023279199824
2025-07-03,109647.9765625,109647.9765625,110541.4609375,108605.796875,108845.015625,50494742270,0.007244728772290987,0.007218611789243165,0.27974064635433177,0.24424599896234156,0.28174138524563486
2025-07-04,108034.3359375,108034.3359375,109751.984375,107296.3828125,109635.65625,42616442656,-0.014716556343200904,-0.014825919147368482,0.30277601641942786,0.24991435665573064,0.2839313165691438
2025-07-05,108231.1796875,108231.1796875,108381.34375,107842.2734375,108015.8359375,30615537520,0.0018220480395592098,0.0018203901235928528,0.2867569867296852,0.24991779863329275,0.28107839995488737
2025-07-06,109232.0703125,109232.0703125,109731.625,107847.015625,108231.1875,36746020463,0.009247710575546852,0.009205212306969758,0.2525016421816025,0.24867520448823952,0.2814801370968721
2025-07-07,108299.8515625,108299.8515625,109710.25,107527.0546875,109235.328125,45415696597,-0.008534295352390808,-0.008570920982479692,0.16422958366167337,0.23796334888147425,0.2528793687239987
2025-07-08,108950.2734375,108950.2734375,109198.96875,107499.5546875,108298.2265625,44282204127,0.006005750382996888,0.005987787747688724,0.1605253897752181,0.2384257106177209,0.2529975481457001
2025-07-09,111326.5546875,111326.5546875,111925.375,108357.6796875,108950.2734375,57927418065,0.021810695604753683,0.021576245274881944,0.1743801789475715,0.24783750276025276,0.2545093571716197
2025-07-10,115987.203125,115987.203125,116608.78125,110660.75,111329.1953125,95911605728,0.041864660687494615,0.04101205071842649,0.2952357262248888,0.27393277884275835,0.266945239528468
2025-07-11,117516.9921875,117516.9921875,118856.4765625,115245.6875,115986.234375,86928361085,0.013189291760499877,0.013103070357299034,0.29266460892371193,0.26829445412667624,0.2662421961804157
2025-07-12,117435.2265625,117435.2265625,118219.8984375,116977.0234375,117530.7109375,45524560304,-0.0006957770402219454,-0.000696019205401959,0.25644793755100254,0.26008842600710697,0.26533367126522006
2025-07-13,119116.1171875,119116.1171875,119449.5703125,117265.4375,117432.203125,49021091807,0.014313342548076147,0.014211873752884076,0.24206532917499582,0.22262070660885935,0.2659546282225255
2025-07-14,119849.703125,119849.703125,123091.609375,118959.1953125,119115.7890625,181746419401,0.006158578325259345,0.00613969178492453,0.251676554484955,0.2225393340829632,0.26606746441218354
2025-07-15,117777.1875,117777.1875,119935.5625,115765.6875,119853.8515625,98321661181,-0.01729262210051885,-0.017443885857792257,0.20533248285183522,0.23619409335137692,0.2689933386817546
2025-07-16,118738.5078125,118738.5078125,120065.515625,117064.8203125,117777.1875,72162029070,0.00816219450392297,0.008129063950949825,0.1926550463878261,0.2343639355295163,0.2690588254113562
2025-07-17,119289.84375,119289.84375,120999.609375,117508.21875,118738.5078125,72363841798,0.004643278306736054,0.0046325315439855776,0.19154932619626222,0.23389862756373989,0.2623800000389112
2025-07-18,118003.2265625,118003.2265625,120851.9140625,116925.984375,119284.109375,77945799785,-0.01078563897020779,-0.010844225617985717,0.1826433936126486,0.2407491564772879,0.26291512617285845
2025-07-19,117939.9765625,117939.9765625,118541.3984375,117388.4140625,117998.125,47564562765,-0.0005360022928398989,-0.000536145993420385,0.16988579899957676,0.24066174443865787,0.2622382952698186
2025-07-20,117300.7890625,117300.7890625,118865.03125,116550.1328125,117944.109375,57515447231,-0.00541960002562214,-0.005434339336073631,0.12081147288709405,0.23623739932568535,0.25736437968427905
2025-07-21,117439.5390625,117439.5390625,119671.5625,116584.3984375,117306.46875,69820091744,0.0011828564931994912,0.0011821574696331473,0.09593066176679575,0.22693426177400075,0.2549415153448723
2025-07-22,119995.4140625,119995.4140625,120269.96875,116233.2265625,117426.5,79217583118,0.02176332622218302,0.021529885923986695,0.19529427475261282,0.21724927062165478,0.24373794814418537
2025-07-23,118754.9609375,118754.9609375,120113.3515625,117391.390625,119997.4453125,66608604537,-0.010337504434577038,-0.010391307548023082,0.1935562666737095,0.22362347062164878,0.24494865076985353
2025-07-24,118368.0,118368.0,119535.453125,117247.96875,118770.984375,72627318560,-0.0032584822936673197,-0.0032638027078905844,0.19611163152007813,0.21429233276168835,0.24427559518539263
2025-07-25,117635.8828125,117635.8828125,118486.9765625,114759.8203125,118368.0,104857024569,-0.006185093838706357,-0.0062043007703418435,0.1977047133204143,0.21752550842892465,0.24471447309133826
2025-07-26,117947.3671875,117947.3671875,118335.6875,117181.2265625,117644.84375,48508954046,0.002647868724685587,0.002644369296284202,0.1982614389117817,0.21675504721050975,0.24448217827018115
2025-07-27,119448.4921875,119448.4921875,119815.59375,117859.6875,117944.7265625,54683390892,0.012727075099638885,0.012646766556765231,0.14196030941401488,0.2137076617554591,0.24419735639728193
2025-07-28,117924.4765625,117924.4765625,119819.7890625,117441.4375,119457.5234375,64822943193,-0.012758768211219684,-0.012840860304521964,0.1529063839331115,0.222697390779161,0.24181373691331615
2025-07-29,117922.1484375,117922.1484375,119273.8671875,116987.3671875,117938.5859375,68463107433,-1.9742508661990676e-05,-1.9742703547879838e-05,0.1521525328630086,0.21302011968632206,0.23908489728689739
2025-07-30,117831.1875,117831.1875,118780.7265625,115800.828125,117921.9921875,68896148592,-0.0007713643170961237,-0.0007716619716275345,0.14459458424326144,0.15845790234809004,0.23900562068793305
2025-07-31,115758.203125,115758.203125,118919.984375,115505.21875,117833.6328125,69370346018,-0.017592832754910526,-0.01774942596736902,0.18954370020709463,0.16439098708342914,0.24182998514782994
2025-08-01,113320.0859375,113320.0859375,116060.7734375,112724.4453125,115738.953125,91294530181,-0.021062154747402473,-0.0212871264623786,0.15449463734789862,0.17981953385194252,0.24629860727773892
2025-08-02,112526.9140625,112526.9140625,114021.6015625,112005.765625,113320.390625,56870866000,-0.006999393518263508,-0.0070240041801152295,0.15454122983319402,0.1703139192346913,0.24662286933878494
2025-08-03,114217.671875,114217.671875,114747.421875,111943.8046875,112525.8046875,48099615826,0.015025363723748075,0.014913601071925728,0.22960101467379548,0.1790753037146588,0.24768890243796218
2025-08-04,115071.8828125,115071.8828125,115729.46875,114130.40625,114223.921875,35783028986,0.007478798363486527,0.007450970809323143,0.24887474995920547,0.17305121644230587,0.23877900390808346
2025-08-05,114141.4453125,114141.4453125,115117.4375,112701.109375,115072.1875,61039182286,-0.008085706753543476,-0.008118573366820805,0.22544546843481622,0.17108079986908728,0.23376640470096383
2025-08-06,115028.0,115028.0,115737.8359375,113372.25,114140.9140625,56379133510,0.007767158415357134,0.007737149330479471,0.16038136659514027,0.17301498033500645,0.23317312906915347
2025-08-07,117496.8984375,117496.8984375,117676.90625,114279.7109375,115030.0546875,64051649681,0.021463456180234486,0.021236359971131914,0.17409656619581482,0.18767363029507447,0.2366832679974931
2025-08-08,116688.7265625,116688.7265625,117689.203125,115917.4609375,117505.5,59713005166,-0.0068782400705657,-0.006902004196733544,0.1925151313074364,0.189172474599689,0.22218710692691512
2025-08-09,116500.359375,116500.359375,117906.609375,116363.8359375,116678.2734375,54004312429,-0.0016142706587778388,-0.0016155749975506003,0.19386462339747512,0.18834411496659745,0.22223398765674382
2025-08-10,119306.7578125,119306.7578125,119320.7109375,116485.1640625,116497.71875,64755458694,0.02408918266480664,0.02380361527108938,0.21532130589314333,0.20696887153018406,0.22478002450272977
2025-08-11,118731.4453125,118731.4453125,122321.09375,118159.03125,119306.8125,90528784177,-0.004822128356753663,-0.004833792329587668,0.23684090853824877,0.19258430450799813,0.2179381112280653
2025-08-12,120172.90625,120172.90625,120302.46875,118228.71875,118717.6640625,72803657984,0.012140515376580119,0.012067410412961721,0.20764997422303685,0.19382702776245878,0.21892902064018813
2025-08-13,123344.0625,123344.0625,123682.453125,118939.6328125,120168.9765625,90904808795,0.026388279596092357,0.02604611531030144,0.2246783351067743,0.21305925865614286,0.22370312767308634
2025-08-14,118359.578125,118359.578125,124457.1171875,117254.8828125,123339.3984375,104055627395,-0.040411222672351976,-0.04125044324166835,0.4394589541648039,0.261824131459748,0.24107882453058307
2025-08-15,117398.3515625,117398.3515625,119332.3125,116864.5703125,118365.78125,68665353159,-0.008121240187970669,-0.008154397097906272,0.40186948519224847,0.2633468493261819,0.2410641940227654
2025-08-16,117491.3515625,117491.3515625,117996.0625,117271.953125,117398.421875,48036922378,0.0007921746665282559,0.000791861061786004,0.4024348298461572,0.25898262929131133,0.23653282469654516
2025-08-17,117453.0625,117453.0625,118595.7734375,117279.5234375,117492.7890625,45852169525,-0.00032588834829794244,-0.000325941461445338,0.38415083630709157,0.25506241135981794,0.23657249680179535
2025-08-18,116252.3125,116252.3125,117614.171875,114723.6796875,117453.90625,72787808090,-0.01022323279139703,-0.01027584894774574,0.2718601384223367,0.2575520965813972,0.23776487209610372
2025-08-19,112831.1796875,112831.1796875,116764.5,112730.3984375,116241.859375,71657600353,-0.029428514056440758,-0.029870220205219213,0.1956209990804182,0.2775734948238456,0.24459238902326985
2025-08-20,114274.7421875,114274.7421875,114625.796875,112387.9609375,112828.0234375,67993811526,0.012794003430595335,0.012712851606869349,0.2528393487651814,0.2759504086737299,0.24442291006362918
2025-08-21,112419.03125,112419.03125,114802.6484375,111986.234375,114275.6875,57817883700,-0.01623902974513114,-0.016372327846506683,0.2557325390996205,0.27159128493996376,0.24552042040919192
2025-08-22,116874.0859375,116874.0859375,117377.3984375,111678.9453125,112433.734375,82528088240,0.03962900798880531,0.03886392642477823,0.4298602831835063,0.30369336952420245,0.24160677452770515
2025-08-23,115374.328125,115374.328125,116996.25,114536.109375,116866.3671875,55377142586,-0.012832252765613172,-0.012915297318543016,0.43384299113163616,0.30393678610944075,0.24337684474757293
2025-08-24,113458.4296875,113458.4296875,115615.0859375,111060.546875,115387.390625,73961489632,-0.016605933647771742,-0.01674535783150271,0.38731356730383454,0.3086995654282102,0.2450907209248249
2025-08-25,110124.3515625,110124.3515625,113637.84375,109324.28125,113456.8984375,85706860190,-0.029385900493979156,-0.029826315528831894,0.4231045804394659,0.3248095006226121,0.25291490843699777
2025-08-26,111802.65625,111802.65625,112397.015625,108762.0390625,110124.1015625,69396320317,0.015240086898922645,0.01512512333952803,0.4397804363977673,0.3287192017602999,0.2546866922227964
2025-08-27,111222.0625,111222.0625,112619.4140625,110398.265625,111795.7109375,62137056409,-0.005193022862549412,-0.00520655346926939,0.2634036400466296,0.3177628835790739,0.2549539258737409
2025-08-28,112544.8046875,112544.8046875,113450.078125,110900.921875,111219.0546875,58860155962,0.01189280397942638,0.011822640333317674,0.3014441253346793,0.32144327759664676,0.25529807846456765
2025-08-29,108410.8359375,108410.8359375,112619.0546875,107559.625,112550.5234375,77843379644,-0.036731759955323295,-0.03742335971466304,0.37829698764912606,0.34539653138857146,0.2658476461911639
2025-08-30,108808.0703125,108808.0703125,108929.3515625,107444.4453125,108409.40625,51486264208,0.003664157476186425,0.0036574608046354446,0.33493129637639124,0.33131407132431734,0.26439234482221036
2025-08-31,108236.7109375,108236.7109375,109491.0,108104.65625,108818.4609375,47986191770,-0.00525107534173741,-0.005264910692760397,0.29680918581493704,0.3313215433214229,0.25762440652561497
2025-09-01,109250.59375,109250.59375,109890.5859375,107271.1796875,108228.75,66870372995,0.009367272930950854,0.00932367209897638,0.31792034231091426,0.32962670661074756,0.2579156293171774
2025-09-02,111200.5859375,111200.5859375,111748.015625,108454.03125,109243.0703125,74776999491,0.017848801737061493,0.017691382281182146,0.33792986559611254,0.320476266969374,0.258572981658991
2025-09-03,111723.2109375,111723.2109375,112600.2265625,110582.9609375,111190.6953125,61119643565,0.004699840343410866,0.004688830576405435,0.13325092161235377,0.2921359650034879,0.2587032138497701
2025-09-04,110723.6015625,110723.6015625,112208.328125,109347.2265625,111718.1484375,60131132901,-0.008947195185422974,-0.00898746169776838,0.17198102445545443,0.2923501448250376,0.2587839288995605
2025-09-05,110650.984375,110650.984375,113357.4921875,110233.3984375,110723.015625,60241647677,-0.0006558419928113235,-0.0006560571512495267,0.15988670211816422,0.29215098299604086,0.25814231268256604
2025-09-06,110224.6953125,110224.6953125,111275.015625,110024.0859375,110650.5703125,21500719036,-0.0038525555367432407,-0.0038599957441809024,0.1617555938219102,0.2919913703725499,0.2580138826981873
2025-09-07,111167.6171875,111167.6171875,111591.078125,110211.625,110221.328125,24618007520,0.008554542812086785,0.008518160055379413,0.10958903111714915,0.29354707144709963,0.2547590528448058
2025-09-08,112071.4296875,112071.4296875,112869.234375,110630.609375,111163.015625,40212813407,0.008130177859939192,0.008097306013038336,0.12097297141404985,0.27658977170850296,0.24065393922239386
2025-09-09,111530.546875,111530.546875,113225.4375,110776.703125,112077.578125,45984480722,-0.004826232823193166,-0.004837916692699648,0.1023613345425631,0.2725935461455216,0.23910317505035592
2025-09-10,113955.359375,113955.359375,114275.25,110940.078125,111531.25,56377473784,0.02174124101370767,0.02150827089182057,0.17131608029971,0.27777195258503135,0.2434631871661676
2025-09-11,115507.5390625,115507.5390625,115522.546875,113453.8359375,113961.4296875,45685065332,0.013620945043858246,0.013529013824572132,0.15243765268664908,0.24409542977656837,0.2432908880614229
2025-09-12,116101.578125,116101.578125,116769.3828125,114794.484375,115507.7890625,54785725894,0.005142859655061782,0.005129680319349263,0.15548829330832203,0.24038463181547315,0.24318171077128117
2025-09-13,115950.5078125,115950.5078125,116334.6328125,115248.2734375,116093.5625,34549454947,-0.0013011908618274504,-0.0013020381457220277,0.1712473910630053,0.2319510892636239,0.24062290186867477
2025-09-14,115407.65625,115407.65625,116181.5,115222.3984375,115950.2890625,32798036057,-0.004681752350561785,-0.0046927460797969575,0.1706275398895013,0.20285753279030952,0.2401477793434689
2025-09-15,115444.875,115444.875,116747.8828125,114461.0625,115399.6328125,52937859416,0.0003224981011604733,0.00032244610982561805,0.1120924301525402,0.19721322525571516,0.2399186457530335
2025-09-16,116843.1875,116843.1875,117005.2734375,114813.09375,115423.7578125,45781744593,0.012112382641498831,0.012039614740681204,0.10307772817258959,0.19881024076682727,0.24030659654641517
2025-09-17,116468.5078125,116468.5078125,117328.609375,114794.9765625,116840.5078125,60528025996,-0.0032066883445814875,-0.003211840787451935,0.1056275337323839,0.19657498674314322,0.240386814750779
2025-09-18,117137.203125,117137.203125,117911.7890625,116188.796875,116461.265625,49457272032,0.005741425944741474,0.005725006775122414,0.1092441837461744,0.13155012325230617,0.240438676469574
2025-09-19,115688.859375,115688.859375,117479.7578125,115141.8203125,117137.671875,38828473971,-0.012364506846338497,-0.012441583362179643,0.1467332703386143,0.14374365855476723,0.241764386073848
2025-09-20,115721.9609375,115721.9609375,116191.1484375,115473.5234375,115691.125,22864449614,0.0002861257573012477,0.0002860848311332532,0.14673606211284623,0.14079699311363664,0.23747203299745484
2025-09-21,115306.09375,115306.09375,115901.0859375,115252.578125,115730.2265625,22495852193,-0.003593675600818802,-0.0036001483649767967,0.1052561494700999,0.14098998692374418,0.23668313171145752
2025-09-22,112748.5078125,112748.5078125,115431.3125,112037.6484375,115309.21875,70684158591,-0.02218083931492132,-0.02243053331974822,0.17623472269583473,0.1555739507865493,0.24086466827940678
2025-09-23,112014.5,112014.5,113351.9140625,111535.5703125,112757.4765625,47211853279,-0.00651013327573835,-0.006531416615244119,0.14057937607299506,0.15684290615720572,0.24089688579259724
2025-09-24,113328.6328125,113328.6328125,113986.2734375,111229.640625,112007.6640625,48044595085,0.011731809832655538,0.011663525697123141,0.1960186844389384,0.15804598322148838,0.2421560879346815
2025-09-25,109049.2890625,109049.2890625,113541.0859375,108713.3984375,113330.1640625,75528654284,-0.03776048156409062,-0.038491879643615556,0.30441896468323426,0.2117580797347619,0.25260190894167256
2025-09-26,109712.828125,109712.828125,110359.1953125,108728.9765625,109041.296875,57738288949,0.0060847628462732395,0.00606632543055882,0.3278149636870938,0.21274064064666184,0.2519531329551231
2025-09-27,109681.9453125,109681.9453125,109778.5,109144.296875,109707.140625,26308042910,-0.0002814877077529365,-0.00028152733285390487,0.31199827523244683,0.21021796437313855,0.25194845313039765
2025-09-28,112122.640625,112122.640625,112375.484375,109236.9453125,109681.9453125,33371048505,0.02225248016477188,0.022008506441889,0.36706948971748876,0.22330744566258534,0.25640268006867256
2025-09-29,114400.3828125,114400.3828125,114473.5703125,111589.953125,112117.875,60000147466,0.02031473906432546,0.020111147409077906,0.38800246488443446,0.23343580547768505,0.25746822848760587
2025-09-30,114056.0859375,114056.0859375,114836.6171875,112740.5625,114396.5234375,58986330258,-0.003009577997342028,-0.0030141158842399056,0.18303393756565964,0.2211440285573424,0.25377187805984147
2025-10-01,118648.9296875,118648.9296875,118648.9296875,113981.3984375,114057.59375,71328680132,0.04026829179914837,0.03947865276779501,0.27840413051699653,0.25820840829277064,0.2657998410124424
2025-10-02,120681.2578125,120681.2578125,121086.40625,118383.15625,118652.3828125,71415163912,0.017128920845327356,0.016983874858595087,0.24052400579112068,0.26388121350923827,0.26629999950377975
2025-10-03,122266.53125,122266.53125,123944.703125,119344.3125,120656.984375,83941392228,0.013136036748664148,0.013050507216426515,0.2421336288032436,0.2664520105542017,0.26713273877763416
2025-10-04,122425.4296875,122425.4296875,122857.640625,121577.5703125,122267.46875,36769171735,0.001299606980548873,0.0012987632223538373,0.2642996279418581,0.2651069062510778,0.2664544225187244
2025-10-05,123513.4765625,123513.4765625,125559.2109375,122191.9609375,122419.671875,73689317763,0.008887425412982486,0.008848164694084894,0.22841737733426182,0.2657121506310159,0.2665811171628378
2025-10-06,124752.53125,124752.53125,126198.0703125,123196.046875,123510.453125,72568881188,0.010031736794915869,0.009981752928713129,0.09226126974192433,0.2649216520946312,0.2639504704842139
2025-10-07,121451.3828125,121451.3828125,125184.0234375,120681.96875,124752.140625,76149412513,-0.026461574802715715,-0.02681798376519831,0.25854490873653535,0.28507326173693737,0.2695921072420616
2025-10-08,123354.8671875,123354.8671875,124167.09375,121119.1796875,121448.3515625,65354305286,0.01567280940669602,0.015551259305387295,0.26621782329011934,0.2888418719178821,0.2712617824466216
2025-10-09,121705.5859375,121705.5859375,123739.34375,119812.03125,123337.0703125,74653009425,-0.013370216251727518,-0.01346040236705057,0.28763083246665727,0.28956662964884766,0.26859109543645837
2025-10-10,113214.3671875,113214.3671875,122509.6640625,104582.4140625,121704.7421875,153125018868,-0.06976852117831744,-0.07232182184699049,0.5587832599526673,0.3932001844986309,0.30699940457992947
2025-10-11,110807.8828125,110807.8828125,113429.7265625,109760.5625,113236.4296875,110236934340,-0.02125599811033263,-0.021485160033407134,0.5035134765873832,0.3997813400179648,0.308692163251497
2025-10-12,115169.765625,115169.765625,115805.0625,109715.5390625,110811.515625,93710414091,0.03936437283871608,0.038609346343899696,0.6660532699843683,0.4167419665110638,0.31447439089807516
2025-10-13,115271.078125,115271.078125,116020.484375,113821.1875,115161.6796875,71582026739,0.000879679657679322,0.0008792929662890047,0.6372534231762451,0.4157800649618829,0.30317411279672296
2025-10-14,113118.6640625,113118.6640625,115502.8828125,110029.484375,115264.8828125,92212917403,-0.01867262888064536,-0.01884916344559421,0.6383500131797037,0.4199088214534243,0.30512234522028303
2025-10-15,110783.1640625,110783.1640625,113622.3828125,110235.8359375,113113.96875,72574132855,-0.02064646024028005,-0.020862578290898413,0.40854544797033826,0.40284290159260827,0.3079092722442536
2025-10-16,108186.0390625,108186.0390625,111990.8125,107537.03125,110782.171875,87306423067,-0.023443318504017374,-0.02372248478317967,0.414722161472799,0.4114523374882819,0.31141050832125267
2025-10-17,106467.7890625,106467.7890625,109235.8046875,103598.4296875,108179.1328125,99703051669,-0.01588236351834038,-0.016009839805348834,0.15388815064727646,0.4150122016561813,0.3123312846639695
2025-10-18,107198.265625,107198.265625,107490.984375,106387.453125,106483.734375,37779905278,0.006861009972426446,0.006837580349705927,0.19474947153335015,0.4070378261036234,0.30708827313382514
2025-10-19,108666.7109375,108666.7109375,109488.9921875,106157.7890625,107204.3125,47657008953,0.013698405510000455,0.013605430464268035,0.2707690129478602,0.4029328777735575,0.3072620931440227
2025-10-20,110588.9296875,110588.9296875,111711.03125,107485.015625,108667.4453125,63507793085,0.01768912239467313,0.01753449073833947,0.2924718121647366,0.4091865486044062,0.30779762121877086
2025-10-21,108476.890625,108476.890625,113996.34375,107534.75,110587.6328125,101194375480,-0.019098105646452646,-0.019282830173496076,0.27103362455417745,0.38340320100769987,0.2991650680694911
2025-10-22,107688.5859375,107688.5859375,109115.1328125,106778.0,108491.53125,80807013218,-0.007267028792566799,-0.007293562270818725,0.2431372942979948,0.3749677491575557,0.29844919185444124
2025-10-23,110069.7265625,110069.7265625,111288.59375,107548.4296875,107679.4375,54944076060,0.022111355667553845,0.021870444424777702,0.28131435771666863,0.38205601470763634,0.30031664580986317
2025-10-24,111033.921875,111033.921875,111842.53125,109770.1484375,110069.3515625,48160816980,0.008759859251149305,0.008721714285261932,0.27426444248782506,0.38464453044377644,0.2945775608974415
2025-10-25,111641.7265625,111641.7265625,111947.703125,110704.40625,111032.6171875,24707667305,0.005474045023684315,0.005459116892619,0.24989817284000332,0.3832253750269616,0.29313952529324455
2025-10-26,114472.4453125,114472.4453125,115260.90625,111268.484375,111639.0546875,41708524143,0.025355383127430242,0.025039267744803344,0.2078173383941016,0.3946182526999577,0.29737848274344986
2025-10-27,114119.328125,114119.328125,116273.3125,113882.2890625,114479.8515625,61761358733,-0.0030847352525406047,-0.0030895028553826285,0.18578471974099753,0.385544208747906,0.29651821637248965
2025-10-28,112956.1640625,112956.1640625,116078.984375,112291.6796875,114129.0859375,64528066504,-0.01019252462848308,-0.010244824086811922,0.2119888813047092,0.37981185596690425,0.2868504275221832
2025-10-29,110055.3046875,110055.3046875,113642.7265625,109368.71875,112921.328125,62192043469,-0.025681284408657135,-0.02601680546576632,0.300408890006149,0.3863422148293153,0.2919382197613126
2025-10-30,108305.546875,108305.546875,111612.3515625,106376.6875,110059.1953125,69673964814,-0.015898895718551742,-0.01602663895461955,0.30649608582862126,0.2978356393595337,0.29362529898585443
2025-10-31,109556.1640625,109556.1640625,111031.8203125,108288.2734375,108304.4140625,60090359560,0.011547120379193476,0.01148096119628519,0.22374825344928262,0.29248812754062764,0.2939506546293572
2025-11-01,110064.015625,110064.015625,110574.8984375,109372.953125,109558.625,25871668762,0.004635536182247879,0.004624825172493095,0.24206032629678664,0.2545267427147681,0.29181255707826737
2025-11-02,110639.625,110639.625,111167.3125,109523.453125,110064.4296875,34284209459,0.005229768982454308,0.005216141233319792,0.2545199849267124,0.2557006600778996,0.29185206586449663
2025-11-03,106547.5234375,106547.5234375,110764.9140625,105336.359375,110646.90625,72852006359,-0.03698585893164408,-0.03768718290100999,0.32219185590734534,0.2797294982235855,0.3013314374090151
2025-11-04,101590.5234375,101590.5234375,107264.8828125,98962.0625,106541.421875,110967184773,-0.046523840630681046,-0.04764085753760775,0.4384230547129877,0.3161922223852282,0.31635197642049034
2025-11-05,103891.8359375,103891.8359375,104534.703125,98989.9140625,101579.234375,77584934804,0.02265282648549194,0.022400061321748738,0.4812809907409638,0.32102478907264353,0.3200443225296477
2025-11-06,101301.2890625,101301.2890625,104147.3046875,100336.8671875,103893.6640625,63932752861,-0.02493503798083263,-0.025251182491850755,0.46823041674466814,0.32796522296554687,0.32322777853696844
2025-11-07,103372.40625,103372.40625,104052.9140625,99257.0546875,101286.2421875,92168030081,0.020445121741957006,0.02023892596873405,0.521435843321603,0.33636131903141997,0.3257235856678475
2025-11-08,102282.1171875,102282.1171875,103373.5625,101458.0390625,103371.703125,51446691095,-0.010547196317199026,-0.010603212214200236,0.4760520901670378,0.3325950180776856,0.32620147070211386
2025-11-09,104719.640625,104719.640625,105418.3671875,101468.875,102278.984375,59679243013,0.02383137448193029,0.023551839699680072,0.35779821292773345,0.3381682185855297,0.32684184756492923
2025-11-10,105996.59375,105996.59375,106564.6953125,104350.6484375,104723.7734375,69585887229,0.012194017448672767,0.01212026933646231,0.33494842653641965,0.3361426273455805,0.32657949736630465
2025-11-11,102997.46875,102997.46875,107428.2578125,102457.328125,105996.859375,71130078574,-0.028294541304540788,-0.028702546476841843,0.35428272795321625,0.34964589077712743,0.33100627320485787
2025-11-12,101663.1875,101663.1875,105297.234375,100836.6171875,103011.4375,64347179408,-0.012954505253314763,-0.013039146642676998,0.3322551261552537,0.3395480306329406,0.3317742657180089
2025-11-13,99697.4921875,99697.4921875,104005.4921875,97988.71875,101674.1484375,101546815416,-0.01933536967351135,-0.019524742976585432,0.350108237943764,0.34034471664694044,0.33363903440438114
2025-11-14,94397.7890625,94397.7890625,99804.4296875,94000.734375,99694.703125,114346441890,-0.053157837862490065,-0.05462287113659148,0.3849386040394651,0.37952088765147884,0.35028375578688464
2025-11-15,95549.1484375,95549.1484375,96728.46875,94420.46875,94420.46875,38500716654,0.012196889211437911,0.01212310649874722,0.38495386891293176,0.3669946086160258,0.3502994694067927
2025-11-16,94177.078125,94177.078125,96564.1875,92971.1640625,95556.8671875,71086235862,-0.01435983820826503,-0.014463938461922525,0.3796655174289622,0.36677161306098915,0.35103830506522093
2025-11-17,92093.875,92093.875,95928.3671875,91214.7578125,94180.875,94186165724,-0.02212006537551514,-0.02236838271634354,0.3779048957085962,0.36956684546501306,0.35258908344783674
2025-11-18,92948.875,92948.875,93745.078125,89300.4609375,92094.53125,101333569062,0.009284005043766586,0.009241173563305538,0.43059364222774194,0.37075475115232503,0.3531738220643551
2025-11-19,91465.9921875,91465.9921875,92946.1640625,88526.828125,92946.1640625,80350354656,-0.015953746750565823,-0.016082377699808928,0.25118319476947587,0.3707699178225847,0.35398730717040106
2025-11-20,86631.8984375,86631.8984375,93025.0703125,86040.796875,91459.3515625,97970645638,-0.05285126891851111,-0.05429914313161118,0.36219111824131894,0.39650239360500045,0.3687329001762408
2025-11-21,85090.6875,85090.6875,87380.8046875,80659.8125,86528.7734375,129157506112,-0.017790340109098413,-0.017950490472289502,0.35991828492280337,0.3922201976287008,0.3679296124052743
2025-11-22,84648.359375,84648.359375,85503.0078125,83490.8984375,85098.5625,40793099246,-0.0051983141515926645,-0.00521187239368071,0.3740151157135094,0.3875624952842118,0.36791135360294075
2025-11-23,86805.0078125,86805.0078125,88038.46875,84641.7734375,84648.609375,58083435576,0.025477734635657168,0.025158586579000386,0.4527762134580218,0.3993272086946802,0.3714921690547957
2025-11-24,88270.5625,88270.5625,89206.3359375,85272.1953125,86798.7734375,74433896110,0.01688329653360121,0.016742357810839485,0.4993618446375074,0.38448343481490715,0.3670898000901919
2025-11-25,87341.890625,87341.890625,88457.3359375,86131.4296875,88269.9609375,64837343545,-0.010520742688141405,-0.01057647695675446,0.29283870147979724,0.3684942941038189,0.3668172744518045
2025-11-26,90518.3671875,90518.3671875,90581.15625,86316.8984375,87345.5859375,66496301869,0.03636830551491177,0.03572258791333639,0.3138651376393499,0.3947448364927366,0.37560842098400016
2025-11-27,91285.375,91285.375,91897.578125,90089.515625,90517.765625,57040622845,0.008473504729832548,0.008437806108495432,0.27869029910013066,0.38662781591006545,0.3727368933217785
2025-11-28,90919.265625,90919.265625,92969.0859375,90257.1171875,91285.3828125,60895830289,-0.004010602738938163,-0.004018666774419681,0.289109943443398,0.3863435125881783,0.36949488671633823
2025-11-29,90851.7578125,90851.7578125,91187.6171875,90260.1875,90918.7421875,37921773455,-0.0007425028351905061,-0.00074277862694653,0.2872492255598669,0.37111411471433003,0.3695455959014409
2025-11-30,90394.3125,90394.3125,91965.046875,90394.3125,90838.2109375,38497902869,-0.005035073877646679,-0.005047792573132774,0.2695724550197425,0.3642596798152773,0.35837517808483077
2025-12-01,86321.5703125,86321.5703125,90398.15625,83862.25,90389.109375,87962894424,-0.045055292472078956,-0.04610183805407602,0.33562623446537965,0.3821943027323988,0.36544823156581674
2025-12-02,91350.203125,91350.203125,92316.6328125,86202.1953125,86322.5390625,78546798211,0.05825464938016567,0.05662099387030378,0.5818281754859371,0.4465858870251052,0.38530704662833887
2025-12-03,93527.8046875,93527.8046875,94060.7734375,91056.390625,91345.09375,77650204986,0.023837949867722363,0.023558262011831657,0.6019930131819076,0.4545602294170558,0.3895039573016389
2025-12-04,92141.625,92141.625,94038.2421875,90976.1015625,93454.2578125,64538402681,-0.014821043775501641,-0.014931972865932171,0.6196654045694677,0.4151236768459042,0.38907511242809373
2025-12-05,89387.7578125,89387.7578125,92702.640625,88152.140625,92133.6484375,63256398633,-0.029887330373216225,-0.030343059975675362,0.6643105016251728,0.4243010178588821,0.3912650232712894
2025-12-06,89272.375,89272.375,90267.4609375,88951.6640625,89389.359375,37994042405,-0.0012908122468182626,-0.0012916460625568118,0.5430091763669219,0.4222892740446614,0.388829883023409
2025-12-07,90405.640625,90405.640625,91740.84375,87799.5625,89277.8125,47394898960,0.012694471554050235,0.012614572226014349,0.3402709363063771,0.41889455178482576,0.38820880248099093
2025-12-08,90640.203125,90640.203125,92267.1171875,89644.890625,90424.5859375,57394099056,0.0025945560296725123,0.002591195979813834,0.26497519078309356,0.4174164858113365,0.388140087435113
2025-12-09,92691.7109375,92691.7109375,94601.5703125,89586.9765625,90639.703125,66861721440,0.022633530616329445,0.022381192698197744,0.3157035429576486,0.4216062846850318,0.36576927236236145
2025-12-10,92020.9453125,92020.9453125,94477.15625,91640.1328125,92695.234375,65420694513,-0.007236522211271801,-0.007262832846635849,0.18658449842330752,0.3702010022700003,0.363911270292929
2025-12-11,92511.3359375,92511.3359375,93554.265625,89335.296875,92011.3046875,64532834621,0.005329119618741718,0.0053149701081481185,0.17636572885715993,0.36184065176027486,0.3538721988894483
2025-12-12,90270.4140625,90270.4140625,92747.9296875,89532.6015625,92513.6640625,80275884583,-0.024223213861206738,-0.024521421452147512,0.27374686708535206,0.37475011259274044,0.3563036706539266
2025-12-13,90298.7109375,90298.7109375,90647.5703125,89800.9921875,90257.796875,64237748110,0.00031346787642294593,0.0003134187556330964,0.272707244410236,0.36572339301563284,0.3550719092926792
2025-12-14,88175.1796875,88175.1796875,90498.109375,87634.9375,90296.4375,50465972205,-0.023516739363752315,-0.02379767101791624,0.21732050156424168,0.3722619057388879,0.35572625612585385
2025-12-15,86419.78125,86419.78125,89983.921875,85304.078125,88171.078125,45559514323,-0.019908078936967,-0.020108914713088392,0.22611931649434203,0.37733878542837296,0.3549382540727806
2025-12-16,87843.984375,87843.984375,88170.09375,85381.6875,86424.40625,41262178223,0.01648005936140917,0.016345736935078115,0.28654215082647067,0.3584429286580906,0.35635355674361974
2025-12-17,86143.7578125,86143.7578125,90264.5703125,85316.265625,87847.6171875,44243392914,-0.01935507109105894,-0.019544833040854463,0.27289339447310257,0.36189949362759494,0.3572785815737543
2025-12-18,85462.5078125,85462.5078125,89412.6640625,84436.3125,86144.3671875,52667115348,-0.007908292107279613,-0.007939728497768105,0.2604726987470336,0.36232783360374343,0.35555987926299293
2025-12-19,88103.3828125,88103.3828125,89339.1171875,85107.6640625,85476.1328125,46733310561,0.03090097713717843,0.030433154968407768,0.3587283661097622,0.38140908826115844,0.35985381564574687
2025-12-20,88344.0,88344.0,88497.203125,87924.875,88101.671875,14688196659,0.002731077738661547,0.002727355122150639,0.3123737888164355,0.38145810745991404,0.35863103135796875
2025-12-21,88621.75,88621.75,89027.953125,87613.203125,88344.703125,19845522660,0.0031439599746445612,0.0031390280669266876,0.2941036862683998,0.34255245677383594,0.358787233293592
2025-12-22,88490.015625,88490.015625,90501.9296875,87908.0703125,88621.3984375,38047472118,-0.0014864790528285043,-0.0014875849588890807,0.23334686793118067,0.2732000079807869,0.3549758802317362
2025-12-23,87414.0,87414.0,88898.3828125,86606.9765625,88490.03125,43683011533,-0.01215974047919599,-0.012234274952953525,0.2501694722919312,0.25865574528646046,0.35445722729992113
2025-12-24,87611.9609375,87611.9609375,87956.8828125,86411.796875,87404.3203125,25550297986,0.0022646365284737513,0.002262076104062497,0.10289146434169127,0.25565422111294617,0.354153774684507
2025-12-25,87234.7421875,87234.7421875,88501.7890625,86949.2578125,87608.3203125,19953216347,-0.004305562231041726,-0.0043148578556266,0.0983537960961545,0.23384941560985878,0.34893014071254513
2025-12-26,87301.4296875,87301.4296875,89459.4296875,86628.140625,87235.5078125,42455674908,0.0007644603322913834,0.0007641682813230021,0.09089679654078076,0.23395478784916468,0.3490873804928148
2025-12-27,87802.15625,87802.15625,87874.78125,87182.9765625,87301.4296875,13741199310,0.005735605525503784,0.00571921956587603,0.11070305378799655,0.2298313235454732,0.3494912335735804
2025-12-28,87835.8359375,87835.8359375,87986.890625,87394.953125,87799.34375,15156557929,0.00038358610925337544,0.0003835125589097617,0.057532962937521887,0.2294483443270048,0.3466279634554707
2025-12-29,87138.140625,87138.140625,90299.15625,86717.9140625,87835.7890625,48411625849,-0.007943173820266769,-0.007974888882579774,0.08316178256543975,0.21206098260833667,0.3458025771247672
2025-12-30,88430.1328125,88430.1328125,89297.9375,86735.546875,87134.3515625,35586356225,0.014826942349620564,0.01471809780879094,0.13201033720495875,0.22050888990737985,0.346469535832719
2025-12-31,87508.828125,87508.828125,89080.2890625,87130.5625,88429.5859375,33830210616,-0.01041844740246467,-0.010473099349299821,0.16298210118612189,0.22069322055391963,0.3463258024336612
2026-01-01,88731.984375,88731.984375,88803.2265625,87399.40625,87508.046875,18849043990,0.013977518339667538,0.013880733660550057,0.18791930769643012,0.2124601677304939,0.34774394149736676
2026-01-02,89944.6953125,89944.6953125,90884.4609375,88298.6171875,88733.0625,46398906171,0.013667122921255048,0.013574570130194885,0.2030249234966179,0.21855827828555072,0.34215462984512623
2026-01-03,90603.1875,90603.1875,90679.5703125,89328.0703125,89945.0546875,20774828592,0.007321078638514056,0.007294409627148249,0.16881231772931793,0.201203936726606,0.32971656636888125
2026-01-04,91413.4921875,91413.4921875,91712.5859375,90595.1015625,90603.0,26770491368,0.008943445698309516,0.008903689947606831,0.15853204323320075,0.18592418922985465,0.3266122898581122
2026-01-05,93882.5546875,93882.5546875,94762.0703125,91414.625,91414.625,53376407252,0.027009825802690735,0.02665149838136465,0.12068133309588353,0.19901425168956643,0.32823740554146297
2026-01-06,93729.03125,93729.03125,94395.296875,91286.546875,93876.9453125,52430605257,-0.0016352711961346023,-0.00163660971149983,0.1644752634053665,0.18106325795825642,0.3251626674891859
2026-01-07,91308.0546875,91308.0546875,93738.7890625,90601.8046875,93727.46875,43461295053,-0.025829527204251357,-0.026168967250151644,0.305869193814147,0.20700388829221522,0.32854414607479954
2026-01-08,91027.125,91027.125,91485.8515625,89233.875,91309.640625,42386697030,-0.003076724046541912,-0.003081466892755565,0.3055800008556545,0.1813520631401643,0.32424030687750766
2026-01-09,90513.1015625,90513.1015625,91910.671875,89625.3828125,91026.2734375,38305906684,-0.005646925984974294,-0.005662930149506993,0.2990737856355275,0.1831170642469418,0.32289937996796786
2026-01-10,90386.6484375,90386.6484375,90713.03125,90283.3984375,90510.1015625,12385895282,-0.001397069847536736,-0.0013980466595052143,0.16706017767926284,0.18319226948407302,0.31829922951923106
2026-01-11,90827.4609375,90827.4609375,91155.2265625,90212.0234375,90385.359375,17165568977,0.004876964768804504,0.004865110901100388,0.18685936820028665,0.18344229653754784,0.31780406142453926
2026-01-12,91192.9921875,91192.9921875,92395.5234375,90055.0234375,90825.859375,41346275358,0.004024457429802286,0.004016380962680633,0.07231242187872278,0.17647311770162122,0.31587713971116926
2026-01-13,95321.78125,95321.78125,96011.625,90941.9296875,91185.3359375,54980674354,0.04527528885126264,0.044280285031478225,0.31843238173295557,0.23141112231066358,0.3097878037468453
2026-01-14,96929.328125,96929.328125,97860.6015625,94583.046875,95322.90625,60592490863,0.016864423365986925,0.016723797821879046,0.2909927531349114,0.23316671709448586,0.3106886702434581
2026-01-15,95551.1875,95551.1875,97150.171875,95103.2421875,96931.2890625,53086363027,-0.01421799419905967,-0.014320038274756287,0.3430314948707981,0.24297353337731625,0.31065972250467666
2026-01-16,95525.1171875,95525.1171875,95801.890625,94259.2734375,95554.1015625,33248170537,-0.00027284132392391136,-0.00027287855188963723,0.35077910771683185,0.24350995386237914,0.3070706670616469
