Date,adj close,close,high,low,open,volume,daily_return,log_return,realized_vol_5d,realized_vol_20d,realized_vol_60d
2021-01-19,353.4607238769531,378.6499938964844,379.2300109863281,376.75,378.3399963378906,51233300,,,,,
2021-01-20,358.3521728515625,383.8900146484375,384.7900085449219,380.69000244140625,381.1099853515625,61836100,0.013838692292137411,0.013743811934587761,,,
2021-01-21,358.6789245605469,384.239990234375,384.95001220703125,383.25,384.489990234375,47840100,0.0009116558716901757,0.0009112405658674767,,,
2021-01-22,357.4093933105469,382.8800048828125,384.1300048828125,381.8399963378906,382.25,52860500,-0.0035394164744094736,-0.0035456950282216223,,,
2021-01-25,358.81903076171875,384.3900146484375,384.7699890136719,378.4599914550781,383.6700134277344,70402000,0.003943819855746211,0.003936063384946354,,,
2021-01-26,358.25897216796875,383.7900085449219,385.8500061035156,383.5400085449219,385.4100036621094,42665300,-0.001560930514972858,-0.0015621500362329908,0.10762748584304989,,
2021-01-27,349.5029296875,374.4100036621094,380.32000732421875,372.010009765625,380.2200012207031,123351100,-0.024440461382450485,-0.024744086832159302,0.1807462378380442,,
2021-01-28,352.5086975097656,377.6300048828125,381.92999267578125,375.8900146484375,376.3599853515625,94198100,0.008600200820512827,0.008563429768650509,0.20327516483400282,,
2021-01-29,345.4516296386719,370.07000732421875,376.6700134277344,368.2699890136719,375.6300048828125,126765100,-0.02001958917681823,-0.02022269647323826,0.23557630116332512,,
2021-02-01,351.20184326171875,376.2300109863281,377.3399963378906,370.3800048828125,373.7200012207031,75817600,0.01664550906637663,0.016508490980280167,0.2836887732077497,,
2021-02-02,356.1678161621094,381.54998779296875,383.2200012207031,376.32000732421875,379.6499938964844,64450700,0.014140224467191542,0.014041184037211015,0.3132342136292821,,
2021-02-03,356.4479064941406,381.8500061035156,383.70001220703125,380.4800109863281,382.44000244140625,52427100,0.0007863145594166898,0.000786005576084967,0.2348086643132852,,
2021-02-04,360.4992370605469,386.19000244140625,386.239990234375,381.9700012207031,382.9599914550781,47142600,0.011365709751263164,0.011301605342968543,0.23897645430502565,,
2021-02-05,361.9180908203125,387.7099914550781,388.4700012207031,386.1400146484375,388.20001220703125,48669800,0.003935858007879212,0.003928132782376073,0.10642783033795693,,
2021-02-08,364.5318603515625,390.510009765625,390.55999755859375,388.3500061035156,389.2699890136719,38365200,0.0072219400383219945,0.007195986710037045,0.08517507919753378,,
2021-02-09,364.2890930175781,390.25,390.8900146484375,389.1700134277344,389.6099853515625,35551100,-0.0006658210010571652,-0.0006660427582991057,0.07709298564014724,,
2021-02-10,364.1304016113281,390.0799865722656,392.2799987792969,387.5,392.1199951171875,59154400,-0.00043565260149747154,-0.0004357475256623747,0.08118929602462562,,
2021-02-11,364.71844482421875,390.7099914550781,391.69000244140625,388.1000061035156,391.239990234375,42913300,0.0016150658954552366,0.0016137630790994486,0.052271769882169236,,
2021-02-12,366.5201416015625,392.6400146484375,392.8999938964844,389.7699890136719,389.8500061035156,50593300,0.004939784585931806,0.004927623881120012,0.054628739636132934,,
2021-02-16,366.2027587890625,392.29998779296875,394.1700134277344,391.5299987792969,393.9599914550781,50972400,-0.0008660015352057737,-0.0008663767311644201,0.03895480815989048,,
2021-02-17,366.2867736816406,392.3900146484375,392.6600036621094,389.3299865722656,390.4200134277344,52290600,0.00022948472666350916,0.00022945839907139974,0.03714216075534685,0.1606067932437968,
2021-02-18,364.72784423828125,390.7200012207031,391.5199890136719,387.739990234375,389.5899963378906,59712800,-0.004256003887434856,-0.0042650864514255605,0.053446910087871426,0.1554567496501505,
2021-02-19,364.08380126953125,390.0299987792969,392.3800048828125,389.54998779296875,392.07000732421875,83241000,-0.0017659767589335296,-0.0017675379341602648,0.053711833960729295,0.15574055860902222,
2021-02-22,361.28338623046875,387.0299987792969,389.6199951171875,386.739990234375,387.05999755859375,67414200,-0.007691716045917785,-0.007721449861292021,0.050399416910930056,0.15795698127495525,
2021-02-23,361.7220458984375,387.5,388.95001220703125,380.20001220703125,384.6600036621094,107284100,0.0012143793044092632,0.0012136425422739111,0.057318574344251756,0.15747531299979192,
2021-02-24,365.7079772949219,391.7699890136719,392.2300109863281,385.2699890136719,386.3299865722656,72433900,0.011019326486895187,0.010959056064222558,0.11281226275190963,0.1616206444864697,
2021-02-25,356.8960266113281,382.3299865722656,391.8800048828125,380.7799987792969,390.4100036621094,146670500,-0.024095777385022776,-0.02439082995098161,0.20773654146495663,0.1608766484176394,
2021-02-26,355.0570068359375,380.3599853515625,385.5799865722656,378.2300109863281,384.3500061035156,152701600,-0.005152620223082494,-0.005165940747434498,0.20648102253395192,0.1597460501094905,
2021-03-01,363.66375732421875,389.5799865722656,390.9200134277344,380.57000732421875,385.5899963378906,105348800,0.02424019764376939,0.02395106712203497,0.28708312322769264,0.16120524646517292,
2021-03-02,360.8259582519531,386.5400085449219,390.07000732421875,386.0,389.82000732421875,79595300,-0.0078032191902133174,-0.007833823617744123,0.29437393726780314,0.15637214446502135,
2021-03-03,356.04656982421875,381.4200134277344,386.8299865722656,381.30999755859375,385.7900085449219,119940200,-0.013245705500087857,-0.013334212282538064,0.2851956546157781,0.1570992217580163,
2021-03-04,351.6405334472656,376.70001220703125,384.0,371.8800048828125,381.2200012207031,183433000,-0.012374812685589154,-0.012452018277786133,0.24471318656520516,0.16311426461166087,
2021-03-05,358.1095886230469,383.6300048828125,384.760009765625,372.6400146484375,380.4599914550781,152039600,0.018396582031360742,0.018229412041131404,0.2845847772096111,0.1715011619251013,
2021-03-08,356.32666015625,381.7200012207031,387.67999267578125,381.4200134277344,384.6600036621094,123149200,-0.004978765054346579,-0.004991200397351102,0.20519949316371133,0.17148460931047912,
2021-03-09,361.4139709472656,387.1700134277344,389.9100036621094,385.30999755859375,385.8500061035156,113633600,0.014277512809395931,0.014176548996697468,0.23686043011839006,0.1774755591387,
2021-03-10,363.66375732421875,389.5799865722656,391.3999938964844,388.1700134277344,389.69000244140625,109899400,0.006224586256551756,0.006205293537590554,0.20424196426156052,0.1790233746552001,
2021-03-11,367.3509521484375,393.5299987792969,395.6499938964844,391.739990234375,392.2300109863281,86245000,0.010139155868312377,0.010088099450077105,0.14118341564276746,0.18261209625952857,
2021-03-12,367.8457336425781,394.05999755859375,394.2099914550781,391.20001220703125,392.07000732421875,64653600,0.0013467811372471772,0.0013458750409823536,0.11881022176097605,0.1825917386395723,
2021-03-15,370.0393981933594,396.4100036621094,396.69000244140625,392.0299987792969,394.3299865722656,73427200,0.005963574374651337,0.005945862646910351,0.07663694344930114,0.18296002971326256,
2021-03-16,369.5726013183594,395.9100036621094,397.8299865722656,395.0799865722656,397.07000732421875,73722500,-0.001261320338490246,-0.0012621164725121602,0.07071270351772056,0.1830039786242871,
2021-03-17,370.8328552246094,397.260009765625,398.1199951171875,393.29998779296875,394.5299987792969,97959300,0.0034098812634899556,0.0034040808005609087,0.06914754610183964,0.1832981061331086,
2021-03-18,365.4373779296875,391.4800109863281,396.7200012207031,390.75,394.4800109863281,115349100,-0.014549661776192768,-0.01465654612606892,0.1279115229560755,0.1905372268465209,
2021-03-19,364.7611999511719,389.4800109863281,391.57000732421875,387.1499938964844,389.8800048828125,113624500,-0.005108817676184874,-0.00512191230295539,0.12853650480507559,0.19134295763602183,
2021-03-22,367.6737976074219,392.5899963378906,394.07000732421875,389.9700012207031,390.0299987792969,73778600,0.00798496781307656,0.007953256654126096,0.13718603938893875,0.19111964867125456,
2021-03-23,364.77984619140625,389.5,393.4599914550781,388.6600036621094,391.9100036621094,90686600,-0.00787079743934982,-0.007901935661560477,0.14310024445567726,0.19352697046894218,
2021-03-24,362.9255676269531,387.5199890136719,392.75,387.4700012207031,391.0,97588600,-0.005083468514321288,-0.00509643329642724,0.13029550726488134,0.19011296787691795,
2021-03-25,364.9671630859375,389.70001220703125,390.54998779296875,383.8999938964844,385.9800109863281,116128600,0.005625576112623376,0.005609811654462973,0.11370482514309471,0.16884032886747183,
2021-03-26,370.84857177734375,395.9800109863281,396.4100036621094,390.2900085449219,390.92999267578125,114409100,0.016114956588609397,0.01598648900436745,0.15552116112721293,0.17524374831452336,
2021-03-29,370.6612854003906,395.7799987792969,396.75,392.80999755859375,394.3999938964844,108107600,-0.0005051068273195236,-0.0005052344367457635,0.1511435205062986,0.1549648159082344,
2021-03-30,369.677978515625,394.7300109863281,395.45001220703125,393.0199890136719,394.4200134277344,76262200,-0.002652958199523048,-0.002656483529543106,0.13393569107756745,0.15220890061161602,
2021-03-31,371.1763000488281,396.3299865722656,398.0,395.30999755859375,395.3399963378906,112734200,0.0040533416294838975,0.004045148971267885,0.11492462516403977,0.14262811200196082,
2021-04-01,375.1846923828125,400.6099853515625,400.6700134277344,398.17999267578125,398.3999938964844,99682900,0.010799078859294209,0.010741185232806828,0.12351082807318732,0.13520425410591913,
2021-04-05,380.5697326660156,406.3599853515625,406.94000244140625,403.3800048828125,403.4599914550781,91684800,0.01435311202978129,0.014251081264420035,0.11453637014709252,0.12992523536748152,
2021-04-06,380.3450927734375,406.1199951171875,407.239990234375,405.3999938964844,405.760009765625,62021000,-0.0005905853012750928,-0.0005907597654681743,0.11480488464466981,0.12730276763112755,
2021-04-07,380.78521728515625,406.5899963378906,406.9599914550781,405.45001220703125,405.94000244140625,55836300,0.0011572964304984446,0.0011566272792055982,0.10078922402043586,0.12048130160470348,
2021-04-08,382.59271240234375,408.5199890136719,408.5799865722656,406.92999267578125,407.92999267578125,57863100,0.004746778556197873,0.004735548127749245,0.10009665293915236,0.11998516710528294,
2021-04-09,385.37420654296875,411.489990234375,411.6700134277344,408.260009765625,408.3900146484375,61104600,0.007270149076117116,0.007243848936019295,0.09258732183238051,0.1179674971054689,
2021-04-12,385.51470947265625,411.6400146484375,411.92999267578125,410.20001220703125,410.8500061035156,56704900,0.0003645882466716266,0.0003645218005266528,0.052281087505141086,0.11811653472286408,
2021-04-13,386.65728759765625,412.8599853515625,413.5299987792969,411.1199951171875,411.5299987792969,56551000,0.002963683460576405,0.002959300408599511,0.044151095748484484,0.11732750530565648,
2021-04-14,385.3367614746094,411.45001220703125,413.9599914550781,410.8699951171875,412.8299865722656,61659900,-0.003415136352656223,-0.0034209812420000177,0.06509259396407305,0.1183772247196328,
2021-04-15,389.4762878417969,415.8699951171875,416.1600036621094,413.69000244140625,413.739990234375,60229800,0.01074245419619091,0.010685163961720182,0.08825873813930457,0.12233891489809552,0.15515129576439848
2021-04-16,390.77801513671875,417.260009765625,417.9100036621094,415.7300109863281,417.25,82037300,0.0033424259137662116,0.0033368524241360826,0.0821497845708326,0.10468089970857927,0.15311400982360893
2021-04-19,388.8580017089844,415.2099914550781,416.739990234375,413.7900085449219,416.260009765625,78498500,-0.004913047650308866,-0.004925156345594385,0.09885364177730321,0.10447585091414634,0.15365805383839928
2021-04-20,386.0111389160156,412.1700134277344,415.0899963378906,410.5899963378906,413.9100036621094,81851800,-0.007321543531961572,-0.007348477578193882,0.116303982526912,0.10924968858055192,0.15436542443667148
2021-04-21,389.66357421875,416.07000732421875,416.2900085449219,411.3599853515625,411.510009765625,66793000,0.009462100030156906,0.009417614757574322,0.12977353616799794,0.10472214662626739,0.15518267594287039
2021-04-22,386.104736328125,412.2699890136719,416.7799987792969,411.1300048828125,415.8900146484375,97582800,-0.009133122416069117,-0.009175085074076507,0.12478098386231663,0.1099304404581631,0.1565647162664511
2021-04-23,390.2911071777344,416.739990234375,418.25,412.7900085449219,412.8699951171875,73209200,0.010842412350696051,0.01078405484306848,0.152079888552633,0.1129917266993927,0.1481289108248432
2021-04-26,391.10577392578125,417.6099853515625,418.2200012207031,416.80999755859375,417.44000244140625,52182400,0.002087620908898691,0.002085444856357964,0.1465439331949966,0.10268345036511345,0.14745621041218632
2021-04-27,391.0215759277344,417.5199890136719,418.1400146484375,416.29998779296875,417.92999267578125,51303100,-0.00021550331899955477,-0.00021552654317645608,0.1280584524928538,0.10257012291130987,0.14029131400625994
2021-04-28,390.9091491699219,417.3999938964844,419.010009765625,416.8999938964844,417.80999755859375,51238900,-0.00028739969425406464,-0.0002874410014608353,0.11306592801572078,0.10127382134358377,0.13706342080476017
2021-04-29,393.4002990722656,420.05999755859375,420.7200012207031,416.44000244140625,420.32000732421875,78544300,0.006372792767143753,0.006352572384720713,0.0757366240793038,0.10198119833133683,0.13500416900609186
2021-04-30,390.8154602050781,417.29998779296875,418.5400085449219,416.3399963378906,417.6300048828125,85527000,-0.006570513216365037,-0.006592194060024323,0.07442829521118426,0.10287826915511919,0.13603761232575456
2021-05-03,391.65838623046875,418.20001220703125,419.8399963378906,417.6700134277344,419.42999267578125,68128300,0.0021567803508037997,0.0021544578388955128,0.07453596477533489,0.09224787245043921,0.13449971727648272
2021-05-04,389.24212646484375,415.6199951171875,416.6000061035156,411.6700134277344,416.07000732421875,101591200,-0.006169337672248809,-0.006188446669683591,0.08791122130324217,0.09594492145316764,0.13525993400635847
2021-05-05,389.3638916015625,415.75,417.6300048828125,415.1499938964844,417.3800048828125,60162200,0.00031279746965928723,0.0003127485587299854,0.08828242055402422,0.09599161310396168,0.13468201728528686
2021-05-06,392.47320556640625,419.07000732421875,419.2099914550781,413.67999267578125,415.8299865722656,74321400,0.007985585867032574,0.007953869811847956,0.09677069624756132,0.09825514165871957,0.13537138328539655
2021-05-07,395.32952880859375,422.1199951171875,422.82000732421875,419.1600036621094,419.8900146484375,67733800,0.007277991122397465,0.007251634350647923,0.09136774129182042,0.09826141833161521,0.13589340407253334
2021-05-10,391.4148864746094,417.94000244140625,422.739990234375,417.80999755859375,422.5,81852400,-0.009902380186043613,-0.009951734842057724,0.12630079018985096,0.10604473157093851,0.13783815803920818
2021-05-11,387.9216003417969,414.2099914550781,415.2699890136719,410.05999755859375,413.1000061035156,116888000,-0.008924752271950998,-0.008964816426748533,0.13587394833410138,0.11109089222048396,0.13913457765812556
2021-05-12,379.6800842285156,405.4100036621094,412.5899963378906,404.0,411.2300109863281,134811000,-0.021245233032779476,-0.02147416122439174,0.19915009244413004,0.1347745005171437,0.1464633599133078
2021-05-13,384.24102783203125,410.2799987792969,412.3500061035156,407.0199890136719,407.07000732421875,106394000,0.01201251837200945,0.011940940721582477,0.21676764305839466,0.13625198004499972,0.14830956779222845
2021-05-14,390.1412048339844,416.5799865722656,417.489990234375,413.17999267578125,413.2099914550781,82201600,0.015355337359152399,0.015238637296052007,0.2485311092666038,0.14702559588911876,0.15086083097154301
2021-05-17,389.14849853515625,415.5199890136719,416.3900146484375,413.3599853515625,415.3900146484375,65129200,-0.002544523483510863,-0.0025477662854817987,0.24023225647355398,0.14622683324060873,0.1509319276118317
2021-05-18,385.795654296875,411.94000244140625,416.05999755859375,411.7699890136719,415.79998779296875,59810200,-0.00861567834742083,-0.008653007871549738,0.23960354504989004,0.14717102386901165,0.15117517311229334
2021-05-19,384.78424072265625,410.8599853515625,411.04998779296875,405.3299865722656,406.9200134277344,106467100,-0.0026217825009537954,-0.002625225391685325,0.16409127698013692,0.14307094287986918,0.15136089429391056
2021-05-20,388.9237060546875,415.2799987792969,416.6300048828125,411.6700134277344,411.79998779296875,78022200,0.010757955472233016,0.010700500368250966,0.15985807129782845,0.14471220001691518,0.1512889647924852
2021-05-21,388.60528564453125,414.94000244140625,418.20001220703125,414.45001220703125,416.8699951171875,76578700,-0.0008187158998508304,-0.0008190512307528181,0.11233867908043764,0.1393941772591138,0.1418277129686234
2021-05-24,392.56683349609375,419.1700134277344,420.32000732421875,417.0799865722656,417.3399963378906,51376700,0.010194271368004548,0.010142660245798076,0.13388182774871055,0.14401627621469357,0.14228643793123394
2021-05-25,391.69586181640625,418.239990234375,420.7099914550781,417.6199951171875,420.3299865722656,57451400,-0.00221872548981783,-0.0022211905080248458,0.10760707303720253,0.14426627831852568,0.1346461791580585
2021-05-26,392.47320556640625,419.07000732421875,419.6099853515625,417.760009765625,418.8699951171875,43088600,0.0019845474111135353,0.0019825807983610447,0.0967616769871509,0.14441326458813164,0.13333489864849535
2021-05-27,392.6792297363281,419.2900085449219,420.7200012207031,418.989990234375,420.1700134277344,56707700,0.000524974865435679,0.0005248371143394763,0.07704223415473292,0.14259014143390905,0.12979537995508908
2021-05-28,393.3816223144531,420.0400085449219,421.25,419.7900085449219,420.9700012207031,58520200,0.001788738068438045,0.0017871401816827895,0.07333306510525132,0.14061209025271862,0.12645902488749639
2021-06-01,393.03515625,419.6700134277344,422.7200012207031,419.20001220703125,422.57000732421875,54216600,-0.0008808568461590172,-0.0008812450285228658,0.02842600864318455,0.1405017287372599,0.12184474073634331
2021-06-02,393.6531677246094,420.3299865722656,421.2300109863281,419.2900085449219,420.3699951171875,49097100,0.0015726001939970757,0.0015713649531690686,0.018910544180852796,0.13852617876659087,0.12109221071482486
2021-06-03,392.1922302246094,418.7699890136719,419.989990234375,416.2799987792969,417.8500061035156,58138800,-0.0037113639483952188,-0.0037182681475316022,0.03588309737847225,0.13935941409897357,0.11868723966162718
2021-06-04,395.7791748046875,422.6000061035156,422.9200134277344,418.8399963378906,420.75,55938800,0.00914587289042501,0.009104302666706848,0.07562800116262897,0.14024765599570665,0.11934507305263616
2021-06-07,395.3951721191406,422.19000244140625,422.7799987792969,421.19000244140625,422.5899963378906,51555000,-0.0009701932233501243,-0.0009706641654232866,0.07764265792438879,0.1379531963431721,0.11803381371818265
2021-06-08,395.4794921875,422.2799987792969,423.2099914550781,420.32000732421875,423.1099853515625,47134300,0.00021316548797978285,0.00021314277144534677,0.07633102974781265,0.13284346748985093,0.11804949873050867
2021-06-09,394.889404296875,421.6499938964844,423.260009765625,421.4100036621094,423.17999267578125,48436300,-0.0014919126755557066,-0.0014930266854129297,0.07856050700228305,0.12834180983032006,0.11774344267845391
2021-06-10,396.72503662109375,423.6099853515625,424.6300048828125,421.54998779296875,422.9599914550781,51020100,0.004648384877148359,0.004637614499841,0.07152440487494675,0.0978366385916374,0.1178738786491967
2021-06-11,397.380615234375,424.30999755859375,424.42999267578125,422.82000732421875,424.20001220703125,45570800,0.0016524922245406692,0.0016511283615731592,0.039037281411144945,0.09080821139536602,0.11778395862977831
2021-06-14,398.2703552246094,425.260009765625,425.3699951171875,423.1000061035156,424.42999267578125,42358500,0.002238957866883773,0.0022364551356958834,0.03638265084921669,0.07550029275611762,0.11312897573990588
2021-06-15,397.53985595703125,424.4800109863281,425.4599914550781,423.5400085449219,425.4200134277344,51508500,-0.0018341691233246804,-0.0018358532711675475,0.043062485777513745,0.07509390804946711,0.11252119704770563
2021-06-16,395.3201904296875,422.1099853515625,424.8699951171875,419.9200134277344,424.6300048828125,80386100,-0.005583362168830042,-0.005599007397880924,0.06335743536467792,0.07049259860230486,0.1125953256336616
2021-06-17,395.18914794921875,421.9700012207031,423.0199890136719,419.32000732421875,421.6700134277344,90949700,-0.00033162951770204785,-0.0003316845189309103,0.04991513230139912,0.06929344937097853,0.11103720885523093
2021-06-18,389.85784912109375,414.9200134277344,417.8299865722656,414.70001220703125,417.0899963378906,118676300,-0.01670731988666041,-0.01684846142861668,0.11867235891199993,0.086715487510689,0.11642563191200153
2021-06-21,395.43902587890625,420.8599853515625,421.05999755859375,415.92999267578125,416.79998779296875,72822000,0.0143159445955785,0.01421443907866227,0.17732539865126556,0.10028916787170652,0.11914085336597811
2021-06-22,397.5531005859375,423.1099853515625,424.0,420.0799865722656,420.8500061035156,57700300,0.0053461960706966405,0.0053319558957808455,0.1850792386271318,0.09563261960775167,0.1154686042085299
2021-06-23,397.07391357421875,422.6000061035156,424.04998779296875,422.510009765625,423.19000244140625,49445400,-0.001205311303686507,-0.001206038275566232,0.1802378944841169,0.09532142177397729,0.11551925315650409
2021-06-24,399.42291259765625,425.1000061035156,425.54998779296875,424.6199951171875,424.8900146484375,45110300,0.005915759498090534,0.005898330097850598,0.18438916114613055,0.09711560830612972,0.11566366305704924
2021-06-25,400.8417663574219,426.6099853515625,427.0899963378906,425.54998779296875,425.8999938964844,58129500,0.0035520565193292164,0.0035457628657765165,0.0887064615963741,0.09762809332235871,0.115616365782154
2021-06-28,401.6497802734375,427.4700012207031,427.6499938964844,425.8900146484375,427.1700134277344,53159600,0.0020159300032134286,0.0020139007430977347,0.04540993917224635,0.0976598027146727,0.113919901880088
2021-06-29,401.8658752441406,427.70001220703125,428.55999755859375,427.1300048828125,427.8800048828125,35970500,0.0005380751530430494,0.000537930442515654,0.0433857142993837,0.09745068094811277,0.11056602176684044
2021-06-30,402.20416259765625,428.05999755859375,428.7799987792969,427.17999267578125,427.2099914550781,64827900,0.0008416772066590639,0.0008413231950273803,0.035011062857043924,0.09742316151851771,0.11052509300502399
2021-07-01,404.4309997558594,430.42999267578125,430.6000061035156,428.79998779296875,428.8699951171875,53441000,0.00553659564244402,0.005521325035644198,0.032782806471567366,0.09712001303665059,0.11093348372375011
2021-07-02,407.5223388671875,433.7200012207031,434.1000061035156,430.5199890136719,431.6700134277344,57697700,0.007643539253548326,0.00761447541383626,0.049489899472312235,0.09568035942970975,0.11150853906816187
2021-07-06,406.77996826171875,432.92999267578125,434.010009765625,430.010009765625,433.7799987792969,68710400,-0.00182147132412247,-0.0018231322201708873,0.06177269277991313,0.09599585047301064,0.11088573328731804
2021-07-07,408.21759033203125,434.4599914550781,434.760009765625,431.510009765625,433.6600036621094,63549500,0.003534055863952723,0.0035278257625641373,0.059268798161921425,0.09623899369179562,0.11101643317765865
2021-07-08,404.8913879394531,430.9200134277344,431.7300109863281,427.5199890136719,428.7799987792969,97595200,-0.008147995435639044,-0.008181371774258997,0.10111846381830428,0.10169919133248546,0.11247167944800257
2021-07-09,409.2134704589844,435.5199890136719,435.8399963378906,430.7099914550781,432.5299987792969,76238600,0.010674778247933281,0.010618205050717838,0.11926764190556112,0.10656744784036115,0.11393790228425087
2021-07-12,410.6793518066406,437.0799865722656,437.3500061035156,434.9700012207031,435.42999267578125,52889600,0.003581919539736189,0.003575519743758136,0.11121343847665938,0.1068494133925871,0.11226195500562929
2021-07-13,409.27935791015625,435.5899963378906,437.8399963378906,435.30999755859375,436.239990234375,52911300,-0.0034089646750015135,-0.0034147884341721576,0.1147661369538388,0.10819514339546733,0.11247028494017185
2021-07-14,409.8900451660156,436.239990234375,437.9200134277344,434.9100036621094,437.3999938964844,64130400,0.0014922149313552069,0.0014911026849908,0.1130901854806739,0.10759986617456334,0.11186264282323315
2021-07-15,408.489990234375,434.75,435.5299987792969,432.7200012207031,434.80999755859375,55126400,-0.0034155287633637066,-0.0034213749975135267,0.09237982381717795,0.1059958906714399,0.11092286229384915
2021-07-16,405.2859802246094,431.3399963378906,436.05999755859375,430.9200134277344,436.010009765625,75874700,-0.007843596692603483,-0.00787451950063324,0.07177875673043536,0.11096638328257002,0.11090506393261523
2021-07-19,399.3008117675781,424.9700012207031,431.4100036621094,421.9700012207031,426.19000244140625,147987000,-0.014767921294730924,-0.014878052663657744,0.09755369041888935,0.1068851325573355,0.11363441349782528
2021-07-20,405.02301025390625,431.05999755859375,432.4200134277344,424.8299865722656,425.67999267578125,99608200,0.014330414665499891,0.014228704817839114,0.17351424141829083,0.10690818625676991,0.1151740508727248
2021-07-21,408.3021545410156,434.54998779296875,434.70001220703125,431.010009765625,432.3399963378906,64724400,0.008096298088761111,0.008063698904327666,0.1877519325436315,0.10873358608715121,0.11615899814861481
2021-07-22,409.15716552734375,435.4599914550781,435.7200012207031,433.69000244140625,434.739990234375,47878500,0.00209412884057647,0.0020919392091566717,0.18693664759730275,0.10834128057753786,0.11618073874213818
2021-07-23,413.3665771484375,439.94000244140625,440.29998779296875,436.7900085449219,437.5199890136719,63766600,0.010287996771777497,0.010235435525559838,0.18100227311157224,0.11171837433961608,0.11778865367369762
2021-07-26,414.38134765625,441.0199890136719,441.0299987792969,439.260009765625,439.30999755859375,43719200,0.002454849675574744,0.0024518414542581742,0.08239854294436343,0.11154805590993733,0.11728428634290478
2021-07-27,412.4927673339844,439.010009765625,439.94000244140625,435.989990234375,439.9100036621094,67397100,-0.00455756949371422,-0.004567986877577146,0.09196500577953179,0.11369785520461255,0.11681091980081323
2021-07-28,412.3236389160156,438.8299865722656,440.29998779296875,437.30999755859375,439.67999267578125,52472400,-0.0004100662612578354,-0.00041015036141902467,0.08584512554585945,0.11383538825072968,0.11680639559105425
2021-07-29,414.0337219238281,440.6499938964844,441.79998779296875,439.80999755859375,439.82000732421875,47435300,0.00414740874577646,0.004138831952258488,0.087261231773286,0.11426608169523608,0.11608158529288587
2021-07-30,412.0229797363281,438.510009765625,440.05999755859375,437.7699890136719,437.9100036621094,68951200,-0.004856426098946209,-0.004868256855177465,0.06436333125764351,0.11530223871622976,0.11669176985156349
2021-08-02,411.15850830078125,437.5899963378906,440.92999267578125,437.2099914550781,440.3399963378906,58783300,-0.0020980443028566498,-0.0021002482810405123,0.058371606028686816,0.11296527855829377,0.11590812916449844
2021-08-03,414.5035095214844,441.1499938964844,441.2799987792969,436.1000061035156,438.44000244140625,58053900,0.008135463763766726,0.008102549274361074,0.08184660002907101,0.11578227766599665,0.11612582580855894
2021-08-04,412.464599609375,438.9800109863281,441.1199951171875,438.7300109863281,439.7799987792969,46732200,-0.004918923133127029,-0.004931060854894027,0.09228545034080203,0.11716030118860282,0.11459818135553167
2021-08-05,415.07659912109375,441.760009765625,441.8500061035156,439.8800048828125,440.2200012207031,38969700,0.006332859605726826,0.006312891310267438,0.0993471249242079,0.11414487713452333,0.11329715518665716
2021-08-06,415.76251220703125,442.489990234375,442.94000244140625,441.79998779296875,442.1000061035156,46930000,0.0016524367362660275,0.001651072964839652,0.08717597092972103,0.10868298973754224,0.10309314501862296
2021-08-09,415.42431640625,442.1300048828125,442.79998779296875,441.30999755859375,442.4599914550781,41222600,-0.0008135446213638486,-0.000813875728381726,0.08396275724992729,0.10830915203059545,0.10084325573354322
2021-08-10,415.9410400390625,442.67999267578125,443.44000244140625,441.8800048828125,442.6099853515625,43339300,0.001243950392180615,0.0012431773269283135,0.06482579864494058,0.10729097279555794,0.09653576915073998
2021-08-11,416.9746398925781,443.7799987792969,443.8800048828125,442.6199951171875,443.82000732421875,44034300,0.002484878742467389,0.0024817965361683763,0.04146593427097442,0.10743225657321413,0.09629341600690088
2021-08-12,418.2243347167969,445.1099853515625,445.260009765625,442.6600036621094,443.6199951171875,38909400,0.0029969502364324274,0.002992468333533074,0.023322011613331545,0.10645255887436939,0.0941919273651682
2021-08-13,418.9853820800781,445.9200134277344,445.94000244140625,445.07000732421875,445.5899963378906,39470300,0.0018198380239258238,0.0018181841249573095,0.02341526422598121,0.10093817345517918,0.09384244581183208
2021-08-16,419.97198486328125,446.9700012207031,447.1099853515625,442.8699951171875,444.5299987792969,73740000,0.002354655008411921,0.0023518871523535295,0.010617089349656635,0.07980877818161157,0.09183325637049752
2021-08-17,417.2189636230469,444.0400085449219,444.9599914550781,440.8500061035156,444.239990234375,92673900,-0.00655523338877162,-0.0065768132903881865,0.06415141866856656,0.07323693431151167,0.09312976295911402
2021-08-18,412.6525573730469,439.17999267578125,444.6300048828125,438.9200134277344,442.9599914550781,89351900,-0.01094499544098837,-0.011005332567218418,0.10054035701560651,0.08134386921194284,0.0944633217850411
2021-08-19,413.2913818359375,439.8599853515625,441.1400146484375,436.1199951171875,436.2699890136719,92812200,0.0015483234371362897,0.0015471260202363857,0.0963803533464608,0.08122801762717788,0.09426791798943121
2021-08-20,416.580078125,443.3599853515625,443.7099914550781,439.7099914550781,440.2300109863281,72008700,0.00795707751684338,0.007925586914016684,0.11997648367308862,0.07790297496752345,0.09535610336164982
2021-08-23,420.24444580078125,447.260009765625,448.2300109863281,443.44000244140625,445.1600036621094,54973000,0.008796518727259395,0.008758054757839811,0.13889054227106318,0.0831584721898428,0.09668688523073868
2021-08-24,420.91156005859375,447.9700012207031,448.5400085449219,447.4200134277344,447.9700012207031,38744700,0.0015874244054374653,0.0015861657791226762,0.12550313400684693,0.08082170772577342,0.09668145130652918
2021-08-25,421.7947998046875,448.9100036621094,449.4599914550781,447.7699890136719,448.1700134277344,40529700,0.0020983602447592897,0.0020961617618364863,0.05766682235440416,0.08072711408825951,0.09661693892938646
2021-08-26,419.3048400878906,446.260009765625,448.8599853515625,446.1600036621094,448.6099853515625,57829600,-0.005903174076911433,-0.005920666684245556,0.09383069916926215,0.08360919020461477,0.09768243378731195
2021-08-27,423.0538330078125,450.25,450.6499938964844,447.05999755859375,447.1199951171875,77235100,0.008940954033659798,0.008901220366445443,0.09732067171041554,0.08585016757298099,0.0985004140392858
2021-08-30,424.9142761230469,452.2300109863281,453.07000732421875,450.7099914550781,450.9700012207031,48357400,0.004397581313332788,0.0043879402073269185,0.08549631870484808,0.08550930964134433,0.0973530888264624
2021-08-31,424.2846984863281,451.55999755859375,452.489990234375,450.9200134277344,452.1300048828125,59300200,-0.0014815766566952382,-0.0014826752766506047,0.08958549480460665,0.08262986047974881,0.0974059046187054
2021-09-01,424.51025390625,451.79998779296875,453.1099853515625,451.54998779296875,452.55999755859375,48721400,0.0005314692082392103,0.0005313280284991321,0.08972422897954203,0.07949955122525793,0.09739542180747124
2021-09-02,425.8163146972656,453.19000244140625,454.04998779296875,451.9100036621094,453.32000732421875,42501000,0.0030766150641741152,0.0030718919689984346,0.06295553207675614,0.07767584845276389,0.09732036329732886
2021-09-03,425.712890625,453.0799865722656,453.6300048828125,451.54998779296875,451.9800109863281,47170500,-0.0002427588175996087,-0.00024278828829097984,0.03837752996589044,0.07784567697006538,0.0970982472778134
2021-09-07,424.19073486328125,451.4599914550781,452.80999755859375,450.739990234375,452.7099914550781,51671500,-0.003575516829695813,-0.0035819242678236233,0.03906664921651759,0.07939194549062471,0.09756733281606979
2021-09-08,423.6739807128906,450.9100036621094,451.6700134277344,448.8599853515625,450.8900146484375,56181900,-0.0012182425981892564,-0.0012189852589251802,0.03862343706103798,0.0797901354068677,0.0976423597610304
2021-09-09,421.8605651855469,448.9800109863281,452.57000732421875,448.7200012207031,450.70001220703125,57970400,-0.004280217028024724,-0.004289403379351001,0.04653289572362106,0.08163227395865769,0.09807267971138944
2021-09-10,418.5343322753906,445.44000244140625,451.489990234375,445.30999755859375,451.0400085449219,89948200,-0.007884557125706126,-0.007915804602961613,0.04757656898823423,0.08640462732495838,0.0988438811198124
2021-09-13,419.6055603027344,446.5799865722656,448.9200134277344,444.1099853515625,448.6400146484375,83738600,0.0025592316015876637,0.002555962345060828,0.061556767407166986,0.08664569012134105,0.09886776902778685
2021-09-14,417.34112548828125,444.1700134277344,448.3399963378906,443.2200012207031,448.1199951171875,78197100,-0.005396509510041114,-0.005411123266716993,0.06416649719368599,0.08830471901725152,0.09265968796878582
2021-09-15,420.8269348144531,447.8800048828125,448.4100036621094,443.44000244140625,444.6199951171875,78792200,0.008352638275707758,0.008317948028820436,0.10558885499017283,0.09010386280065284,0.08985016645695454
2021-09-16,420.1598815917969,447.1700134277344,448.3599853515625,444.0199890136719,447.32000732421875,77786700,-0.0015852269521696716,-0.0015864847538577863,0.10254576945736857,0.07987046049997663,0.0895558946617402
2021-09-17,416.0670166015625,441.3999938964844,445.3699951171875,441.0199890136719,444.9200134277344,118425000,-0.012903413372959749,-0.012987385545187127,0.1278829820032109,0.0937663998329964,0.09390081871331359
2021-09-20,409.1294860839844,434.0400085449219,436.55999755859375,428.8599853515625,434.8800048828125,166445500,-0.016674185440266553,-0.016814764556054212,0.15677859534460212,0.10685394043225906,0.09990201500579168
2021-09-21,408.7430114746094,433.6300048828125,437.9100036621094,433.07000732421875,436.5299987792969,92526100,-0.0009446218183523092,-0.0009450682547066522,0.16045341682971437,0.10038141353501885,0.09971158083803619
2021-09-22,412.7302551269531,437.8599853515625,440.0299987792969,433.75,436.04998779296875,102350100,0.00975481498309394,0.009707543940329367,0.1677497583513403,0.1076222718280907,0.10151593934046929
2021-09-23,417.7449645996094,443.17999267578125,444.8900146484375,439.6000061035156,439.8500061035156,76396000,0.012150019417616509,0.012076800409973613,0.20641752349709597,0.11702482615614869,0.1042989360725425
2021-09-24,418.43304443359375,443.9100036621094,444.6700134277344,441.2099914550781,441.44000244140625,62094800,0.0016472110618543923,0.0016458558976701042,0.18099605529081322,0.11557145627285847,0.10432016212880289
2021-09-27,417.2359313964844,442.6400146484375,444.04998779296875,441.8999938964844,442.80999755859375,61371100,-0.002860915508086981,-0.002865015749021722,0.10497180704273082,0.1106370614044714,0.10404784092970741
2021-09-28,408.8278503417969,433.7200012207031,440.0400085449219,432.94000244140625,439.69000244140625,130436300,-0.02015184604315312,-0.020357664264720066,0.20474862395835158,0.1285159756913213,0.11137385222274329
2021-09-29,409.5159606933594,434.45001220703125,437.0400085449219,433.8500061035156,435.19000244140625,82329200,0.001683138855191224,0.0016817239644042515,0.18813197212976546,0.12920320926348106,0.11136042221932077
2021-09-30,404.5107727050781,429.1400146484375,436.7699890136719,428.7799987792969,436.0199890136719,140506000,-0.01222234413487222,-0.012297651231544271,0.15311648416470988,0.1338997472636904,0.11394733828714672
2021-10-01,409.3180236816406,434.239990234375,436.0299987792969,427.2300109863281,430.9800109863281,129240100,0.0118841762871158,0.01181411400616329,0.19751818693000275,0.14213063548290075,0.11532935901301249
2021-10-04,404.0393371582031,428.6400146484375,433.9599914550781,426.3599853515625,433.0,128570000,-0.01289603839322806,-0.01297991418698259,0.20544432700277687,0.14698881763695398,0.11629723199539521
2021-10-05,408.243408203125,433.1000061035156,435.489990234375,429.3900146484375,430.239990234375,90682500,0.010404981575824479,0.010351222342687637,0.18930815185180128,0.15411893678804267,0.1180685509257655
2021-10-06,409.9400939941406,434.8999938964844,435.1199951171875,427.5400085449219,429.2699890136719,113032200,0.004156055801436631,0.004147443256090675,0.19171687968240386,0.15568395005512095,0.11819316841042149
2021-10-07,413.484375,438.6600036621094,441.67999267578125,438.20001220703125,438.3900146484375,72437500,0.008645688246479821,0.008608528312384057,0.16076071861966273,0.15963855876166388,0.11947657782921635
2021-10-08,412.7302551269531,437.8599853515625,439.8900146484375,437.19000244140625,439.4800109863281,74557400,-0.001823777649815339,-0.0018254427571049513,0.1498611900889397,0.15767319368877838,0.11932078313088398
2021-10-11,409.7421875,434.69000244140625,440.260009765625,434.6199951171875,437.1600036621094,65233300,-0.007239718211772717,-0.0072660521488330685,0.11646297849219428,0.15870368235378404,0.11915308197364795
2021-10-12,408.7336730957031,433.6199951171875,436.1000061035156,432.7799987792969,435.6700134277344,71181200,-0.0024615411401438525,-0.0024645757133769123,0.09824960470557131,0.1580467494620798,0.11512299310283922
2021-10-13,410.2041320800781,435.17999267578125,436.04998779296875,431.5400085449219,434.7099914550781,72974000,0.00359761444619755,0.0035911585106904727,0.09692625969038358,0.15513428427951587,0.1116517841091304
2021-10-14,417.10394287109375,442.5,442.6600036621094,438.5799865722656,439.0799865722656,70236800,0.01682064306130071,0.0166807426749286,0.14595752002496765,0.16792661062470288,0.11558496471345879
2021-10-15,420.2805480957031,445.8699951171875,446.260009765625,444.0899963378906,444.75,66260200,0.007615808174435079,0.0075869543117504275,0.14675306213423558,0.1634975140300968,0.11649342057710332
2021-10-18,421.5247802734375,447.19000244140625,447.54998779296875,443.2699890136719,443.9700012207031,62213200,0.0029605206420579844,0.002956146931003544,0.1130241188499419,0.15024622406847118,0.11480978482305056
2021-10-19,424.7767639160156,450.6400146484375,450.7099914550781,448.2699890136719,448.9200134277344,46996800,0.007714868821297793,0.007685261401572693,0.08696762454522927,0.15150712842038278,0.11573137860628163
2021-10-20,426.4452209472656,452.4100036621094,452.7300109863281,451.010009765625,451.1300048828125,49571600,0.003927722696912994,0.003920029332475949,0.08601485661263085,0.14893451090733809,0.11549482802199933
2021-10-21,427.5574645996094,453.5899963378906,453.8299865722656,451.30999755859375,451.7699890136719,41305400,0.0026082373648450563,0.0026048418167514496,0.03966343351114514,0.14383406681559707,0.1155584888581202
2021-10-22,427.11444091796875,453.1199951171875,454.6700134277344,451.04998779296875,453.1300048828125,58845100,-0.001036180745822679,-0.0010367179522190301,0.04956566372155047,0.1440291671986674,0.1153588291764749
2021-10-25,429.4049377441406,455.54998779296875,455.8999938964844,452.3900146484375,454.2799987792969,45214500,0.005362801690428132,0.0053484730742988295,0.051612879372049995,0.14403645431734297,0.11524145347899979
2021-10-26,429.7913513183594,455.9599914550781,458.489990234375,455.55999755859375,457.20001220703125,56075100,0.0009000190387353779,0.0008996142644518357,0.03976098147996363,0.11895514634628641,0.11510119926217796
2021-10-27,427.8873291015625,453.94000244140625,457.1600036621094,453.8599853515625,456.45001220703125,72438000,-0.004430189164679965,-0.004440031532488743,0.058708652560488524,0.12147200856333323,0.11451774404678208
2021-10-28,432.0160827636719,458.32000732421875,458.3999938964844,455.45001220703125,455.4599914550781,51437900,0.00964886297584644,0.009602609985319628,0.08727027626153701,0.11126489411090551,0.1154561837942032
2021-10-29,432.892578125,459.25,459.55999755859375,455.55999755859375,455.8699951171875,70162400,0.0020291339259019825,0.002027078014334198,0.08299419916689198,0.10664707857869499,0.11490197017801654
2021-11-01,433.6372985839844,460.0400085449219,460.70001220703125,458.20001220703125,460.29998779296875,48433600,0.0017202145779464662,0.00171873670344748,0.07959328628855773,0.08912507901206283,0.11490457896213252
2021-11-02,435.39056396484375,461.8999938964844,462.2300109863281,460.0799865722656,460.2200012207031,48908400,0.004043094767878008,0.004034943423944309,0.08006870903768798,0.08546277784315576,0.1150706147315838
2021-11-03,438.0487365722656,464.7200012207031,465.1499938964844,460.8299865722656,461.29998779296875,52509800,0.006105233516956243,0.0060866720883999866,0.05170376662214189,0.08601761681157878,0.11558999534878518
2021-11-04,440.11297607421875,466.9100036621094,467.0,464.989990234375,465.3599853515625,52847100,0.004712520303954415,0.004701451142290312,0.02920048563849005,0.08392167591928565,0.11581641856169603
2021-11-05,441.64007568359375,468.5299987792969,470.6499938964844,466.9200134277344,469.2799987792969,66390600,0.0034696089278050124,0.0034636037212191872,0.025522107036353804,0.08186205807504132,0.11585771701230929
2021-11-08,442.0171203613281,468.92999267578125,470.2300109863281,468.20001220703125,469.70001220703125,50405200,0.0008537209944432522,0.0008533567819509025,0.030626518366605536,0.07237428106749813,0.11584031652373539
2021-11-09,440.55596923828125,467.3800048828125,469.57000732421875,465.8800048828125,469.32000732421875,51149100,-0.003305371414023428,-0.0033108462216263693,0.05887328477448954,0.07339951395956028,0.11610535831561246
2021-11-10,437.0118103027344,463.6199951171875,467.3800048828125,462.0400085449219,465.5799865722656,69429700,-0.008044866546158214,-0.00807740109324133,0.0832130506099046,0.08456837049599744,0.11654937347173881
2021-11-11,437.1532287597656,463.7699890136719,465.2900085449219,463.75,465.2099914550781,34848500,0.0003235276693500655,0.00032347534555880655,0.07096141356148646,0.06825491361698818,0.11396558343114123
2021-11-12,440.4523620605469,467.2699890136719,467.8599853515625,464.1099853515625,465.1199951171875,53466700,0.007546844519723317,0.0075185095590189445,0.09123237360231362,0.06818562469735168,0.1147628754592725
2021-11-15,440.6031799316406,467.42999267578125,468.80999755859375,466.2300109863281,468.6400146484375,46980500,0.00034242229518555156,0.00034236368205134573,0.09081236717621191,0.06850487280500019,0.11385910479042559
2021-11-16,442.3469543457031,469.2799987792969,470.489990234375,467.07000732421875,467.1499938964844,48857500,0.003957824984497371,0.0039500133996668236,0.09198488450048535,0.06577643194411013,0.11286038439241332
2021-11-17,441.2724304199219,468.1400146484375,469.19000244140625,467.4800109863281,469.0,47858300,-0.002429219514628267,-0.0024321748554379046,0.06119485270831776,0.06720045408103263,0.11304128452824212
2021-11-18,442.7712097167969,469.7300109863281,470.010009765625,466.3399963378906,469.239990234375,50625600,0.0033964119454403807,0.0033906571651105342,0.05995043078795381,0.06739700825204627,0.11313899717173607
2021-11-19,441.9793395996094,468.8900146484375,470.94000244140625,468.5,469.6099853515625,57315600,-0.0017882535035962377,-0.0017898543376422005,0.04624069796575505,0.06786118857738034,0.11241225480877828
2021-11-22,440.7351379394531,467.57000732421875,473.5400085449219,467.3500061035156,470.8900146484375,72762000,-0.0028151747381706116,-0.002819144795260718,0.05273817136602487,0.06824594188850834,0.11137688856844494
2021-11-23,441.3196105957031,468.19000244140625,469.1000061035156,464.45001220703125,467.2200012207031,73206500,0.0013259941986774049,0.0013251158447456824,0.04291817905140343,0.06822936362660642,0.11111195077492905
2021-11-24,442.49786376953125,469.44000244140625,469.57000732421875,465.19000244140625,466.05999755859375,61858800,0.00266985624101701,0.0026662985058638765,0.043455871308454776,0.06484674394706351,0.11110863053430053
2021-11-26,432.6286926269531,458.9700012207031,463.8999938964844,457.7699890136719,462.3399963378906,112669600,-0.022303172218498646,-0.022555649048239746,0.16293111594641008,0.10235274823048018,0.12085783523361182
2021-11-29,437.9355773925781,464.6000061035156,466.55999755859375,461.7300109863281,464.07000732421875,86268800,0.012266607551340236,0.012191982366394497,0.20349701828198274,0.11092994725859062,0.12318617526790408
2021-11-30,429.41436767578125,455.55999755859375,464.0299987792969,455.29998779296875,462.0,148559600,-0.019457616070086114,-0.01964940742643132,0.24034821093993264,0.13195688347356582,0.1298675329912568
2021-12-01,424.6447448730469,450.5,464.6700134277344,450.2900085449219,461.6400146484375,131939200,-0.011107203410551714,-0.011169348998625553,0.23527848031797424,0.1360171926938359,0.13170202651252436
2021-12-02,431.1488037109375,457.3999938964844,459.07000732421875,450.30999755859375,450.7300109863281,127637800,0.015316301657013032,0.015200191196353595,0.28222333038583647,0.1460160769478519,0.13532073697953403
2021-12-03,427.3972473144531,453.4200134277344,460.29998779296875,448.9200134277344,459.1700134277344,137331600,-0.008701312903057756,-0.00873939036972244,0.24300426017605412,0.14709756559637313,0.13626070869725074
2021-12-06,432.45904541015625,458.7900085449219,460.7900085449219,453.55999755859375,456.1300048828125,98977500,0.01184331295081531,0.011773729778026496,0.2414314455770568,0.1536049099152623,0.13724518350431703
2021-12-07,441.4043884277344,468.2799987792969,468.8800048828125,458.6499938964844,464.4100036621094,95484700,0.020684823247291373,0.020473797351641076,0.2298099069101424,0.17156864128779345,0.14318006692382387
2021-12-08,442.5732116699219,469.5199890136719,470.0,466.8299865722656,468.70001220703125,72238800,0.0026479675356780863,0.0026444678463242634,0.18276418068796707,0.17137853009936146,0.14264046447790077
2021-12-09,439.5851745605469,466.3500061035156,469.6300048828125,466.1400146484375,468.1499938964844,61272600,-0.006751539837133391,-0.0067744345903001085,0.1963500023248213,0.17060163801348935,0.14265290592440785
2021-12-10,443.7231750488281,470.739990234375,470.8999938964844,466.510009765625,469.2300109863281,77159800,0.009413496458462456,0.009369465607831392,0.16216389184970081,0.17361784053970214,0.14367489788939922
2021-12-13,439.7925109863281,466.57000732421875,470.55999755859375,466.2699890136719,470.19000244140625,87724700,-0.008858357047762389,-0.00889782554948822,0.19156077308522015,0.17489869506606817,0.1422290501087076
2021-12-14,436.7666931152344,463.3599853515625,465.739990234375,460.25,463.0899963378906,97264100,-0.006880043556733884,-0.00690382017527565,0.12428718399089275,0.1765529065996185,0.13834672095224892
2021-12-15,443.5911865234375,470.6000061035156,470.8599853515625,460.739990234375,463.4200134277344,116899300,0.015625045279773042,0.01550423111912541,0.17745386208985528,0.18492617237091283,0.14138728779581178
2021-12-16,439.67938232421875,466.45001220703125,472.8699951171875,464.79998779296875,472.57000732421875,116568600,-0.00881851645274212,-0.008857629685864326,0.1833231629730247,0.18750036089471314,0.14182627338941758
2021-12-17,434.9999084472656,459.8699951171875,464.739990234375,458.05999755859375,461.54998779296875,135511600,-0.014106585738330457,-0.01420702934872906,0.1841639972904581,0.1933679380551751,0.14332255211740505
2021-12-20,430.3743896484375,454.9800109863281,455.3999938964844,451.1400146484375,454.4800109863281,107134800,-0.010633405490204417,-0.010690344140578838,0.18717013477351582,0.1963707300407625,0.14516199487796508
2021-12-21,438.0174560546875,463.05999755859375,463.2099914550781,456.30999755859375,458.6099853515625,69806300,0.017758992432985066,0.01760314396298361,0.243965508540479,0.20761751929732675,0.1491940292985278
2021-12-22,442.39703369140625,467.69000244140625,467.80999755859375,462.5799865722656,462.7900085449219,58890200,0.009998714868965974,0.00994905844539419,0.22390094910733255,0.21084621118375163,0.14370638754865844
2021-12-23,445.1496887207031,470.6000061035156,472.19000244140625,468.6400146484375,468.75,56439700,0.006222077972414919,0.006202800766794267,0.21704591753574323,0.21182268387531367,0.14406174445089398
2021-12-27,451.4495544433594,477.260009765625,477.30999755859375,472.010009765625,472.05999755859375,56808600,0.014152153794584565,0.014052946964016847,0.17453922496943738,0.1993283990607884,0.14353416311703085
2021-12-28,451.0805358886719,476.8699951171875,478.80999755859375,476.05999755859375,477.7200012207031,47274600,-0.0008171953242616103,-0.0008175294103820851,0.11332856731836079,0.19578354983158391,0.14208638142307264
2021-12-29,451.6576232910156,477.4800109863281,478.55999755859375,475.9200134277344,476.9800109863281,54503000,0.0012792079086265673,0.0012783904192747832,0.09694173053751826,0.17949371551584364,0.13882126694172706
2021-12-30,450.408935546875,476.1600036621094,479.0,475.6700134277344,477.92999267578125,55329000,-0.0027645289726202504,-0.0027683573402238052,0.10693179403858741,0.17347785386494827,0.1379700296692436
2021-12-31,449.2738342285156,474.9599914550781,476.8599853515625,474.6700134277344,475.6400146484375,65237400,-0.0025201869073463445,-0.002523367923998611,0.11135086976749133,0.16795385889500494,0.13811701314698366
2022-01-03,451.8752136230469,477.7099914550781,477.8500061035156,473.8500061035156,476.29998779296875,72668200,0.005789961364061735,0.0057732639583171685,0.05583607254624149,0.1636238533151002,0.13761229268207859
2022-01-04,451.7237854003906,477.54998779296875,479.9800109863281,475.5799865722656,479.2200012207031,71178700,-0.00033493890638969237,-0.00033499501095328297,0.05539167271920998,0.16023907894929695,0.13749594709204804
2022-01-05,443.0497741699219,468.3800048828125,477.9800109863281,468.2799987792969,477.1600036621094,104538900,-0.019202142486770768,-0.01938889823036019,0.14835441455144294,0.1617653894064848,0.1429146597369708
2022-01-06,442.63360595703125,467.94000244140625,470.82000732421875,465.42999267578125,467.8900146484375,86858900,-0.0009394133755055156,-0.0009398549007887172,0.14975443072323497,0.16149148639815192,0.1427797581191993
2022-01-07,440.8835754394531,466.0899963378906,469.20001220703125,464.6499938964844,467.95001220703125,85111600,-0.003953511334494841,-0.003961347119826814,0.1495218249569867,0.16026937413817494,0.1430938347363968
2022-01-10,440.3348693847656,465.510009765625,465.739990234375,456.6000061035156,462.70001220703125,119362000,-0.001244366059822366,-0.0012451409261460564,0.128061571200663,0.15639672144858108,0.13944989693033624
2022-01-11,444.3456115722656,469.75,469.8500061035156,462.04998779296875,465.2300109863281,74303100,0.009108268663244656,0.009067038551736909,0.16305719987295234,0.15669215444857873,0.139788115965128
2022-01-12,445.5469055175781,471.0199890136719,473.20001220703125,468.94000244140625,471.5899963378906,67605400,0.002703542338843734,0.002699894341785254,0.07989010128507076,0.1544968258626243,0.13977276414329734
2022-01-13,439.4079284667969,464.5299987792969,472.8800048828125,463.44000244140625,472.19000244140625,91173100,-0.013778587715492119,-0.013874393518961387,0.1348266566045,0.15264570053615942,0.1422414306333102
2022-01-14,439.5876770019531,464.7200012207031,465.0899963378906,459.8999938964844,461.19000244140625,95890900,0.0004090208208415991,0.0004089371946281227,0.1332853748901202,0.14954914115084908,0.1420633756105268
2022-01-18,431.8027038574219,456.489990234375,459.9599914550781,455.30999755859375,459.739990234375,109709100,-0.017709612163689825,-0.017868303713834164,0.18184295106201265,0.15458199204961945,0.14685068771765566
2022-01-19,427.319091796875,451.75,459.6099853515625,451.4599914550781,458.1300048828125,109357600,-0.010383557878106742,-0.01043784312485474,0.1426191388352466,0.15436082100444157,0.14841870545796973
2022-01-20,422.5895080566406,446.75,458.739990234375,444.5,453.75,122379700,-0.011068068622025473,-0.011129775432800469,0.10797338051184577,0.14332247696165018,0.14969494458149712
2022-01-21,414.2937316894531,437.9800109863281,448.05999755859375,437.95001220703125,445.55999755859375,202271200,-0.01963064132886827,-0.019825881722007412,0.12614930591081283,0.14979258570743187,0.15490590721356157
2022-01-24,416.05316162109375,439.8399963378906,440.3800048828125,420.760009765625,432.0299987792969,251783900,0.004246735706896265,0.004237743773401898,0.15009415722753572,0.14829730498037272,0.15502479601997662
2022-01-25,410.9736022949219,434.4700012207031,439.7200012207031,427.1499938964844,433.05999755859375,167997300,-0.012208974085799573,-0.012284115838726838,0.13881888059395972,0.13620924028602807,0.15540571287886093
2022-01-26,409.942626953125,433.3800048828125,444.0400085449219,428.8599853515625,440.7200012207031,186391100,-0.0025087953939929575,-0.0025119476945792865,0.14794481089408393,0.13570105153929468,0.1553201014142082
2022-01-27,407.9182434082031,431.239990234375,441.5899963378906,429.45001220703125,438.260009765625,149878300,-0.004937963506221665,-0.004950195532161598,0.14700727585720974,0.1337997787166822,0.15542896529332556
2022-01-28,418.0491027832031,441.95001220703125,442.0,427.82000732421875,432.67999267578125,164457400,0.024835410015744186,0.02453202410233454,0.2224142275135839,0.17022533437517207,0.1637616055874515
2022-01-31,425.5785827636719,449.9100036621094,450.2799987792969,439.80999755859375,441.239990234375,152251400,0.018011067394991365,0.01785078977354817,0.2509606062603196,0.18670289797005948,0.16758502393437588
2022-02-01,428.4542236328125,452.95001220703125,453.6300048828125,446.94000244140625,450.67999267578125,123155400,0.006756925874457753,0.006734200164012837,0.2023001931889503,0.18731210448924857,0.16790802987970124
2022-02-02,432.61627197265625,457.3500061035156,458.1199951171875,453.04998779296875,455.5,117361000,0.00971408274181318,0.009667204382406813,0.17821905412060257,0.19225905783841277,0.16901213127942286
2022-02-03,422.44757080078125,446.6000061035156,452.9700012207031,445.7099914550781,450.95001220703125,118024400,-0.02350497399483331,-0.023785622375082246,0.2948613113272197,0.19803128468722875,0.17564311147141864
2022-02-04,424.43408203125,448.70001220703125,452.7799987792969,443.8299865722656,446.3500061035156,118454400,0.004702207959730531,0.004691187114582218,0.2509059406091441,0.1995774486997065,0.17592244641980878
2022-02-07,423.0718994140625,447.260009765625,450.989990234375,445.8500061035156,449.510009765625,84472900,-0.0032092765817484104,-0.0032144373543599647,0.2144410896818424,0.19950261776603703,0.17533033103259946
2022-02-08,426.5529479980469,450.94000244140625,451.9200134277344,445.2200012207031,446.7300109863281,81012000,0.00822785984758534,0.00819419553949726,0.2180563672959696,0.20280159016580346,0.1762467395558445
2022-02-09,432.7959899902344,457.5400085449219,457.8800048828125,455.010009765625,455.2200012207031,92589900,0.014636106949445393,0.014530032891025087,0.23496522229721373,0.20748219878760607,0.17817889369847065
2022-02-10,425.0205078125,449.32000732421875,457.7099914550781,447.20001220703125,451.3399963378906,140103700,-0.017965644680657644,-0.018128986189386964,0.19952255608565725,0.21516502773891483,0.18185532461363177
2022-02-11,416.6396789550781,440.4599914550781,451.6099853515625,438.94000244140625,449.4100036621094,153214600,-0.019718721011119933,-0.019915729123292567,0.24402209474172595,0.22045718751055324,0.18580639415800274
2022-02-14,415.27752685546875,439.0199890136719,441.6000061035156,435.3399963378906,439.9200134277344,123006300,-0.003269314964678527,-0.003274670851420668,0.24401480985172586,0.22016456339559398,0.185841058660158
2022-02-15,421.974609375,446.1000061035156,446.2799987792969,443.17999267578125,443.7300109863281,88482700,0.01612686726577106,0.015998210716834927,0.2726299098806132,0.22232229519242933,0.18890457086056023
2022-02-16,422.44757080078125,446.6000061035156,448.05999755859375,441.94000244140625,443.92999267578125,84863600,0.0011208249118113134,0.0011201972565205234,0.23493198947617625,0.21968886407104615,0.1889375435054706
2022-02-17,413.4235534667969,437.05999755859375,446.57000732421875,436.4200134277344,443.2200012207031,102259100,-0.02136141606480546,-0.02159287321665315,0.24818874726800616,0.22928700005951008,0.19364820696552196
2022-02-18,410.74664306640625,434.2300109863281,438.6600036621094,431.82000732421875,437.3299865722656,132642900,-0.006475052825868022,-0.006496106913848236,0.21530117630622986,0.21951945429830463,0.1938888228805608
2022-02-22,406.3386535644531,429.57000732421875,435.5,425.8599853515625,431.8900146484375,124391800,-0.010731648076383382,-0.010789647538041604,0.22271943426759006,0.2217510178158038,0.1946859059187253
2022-02-23,399.1307067871094,421.95001220703125,433.260009765625,421.3500061035156,432.6600036621094,132578000,-0.01773865723226875,-0.017897872870124194,0.14351554892569696,0.22632705818495724,0.19275664317726554
2022-02-24,405.1372985839844,428.29998779296875,428.760009765625,410.6400146484375,411.0199890136719,213942900,0.01504911814725074,0.014937003586184076,0.22703977618915588,0.2336112876542723,0.19366343926233612
2022-02-25,414.0762023925781,437.75,437.8399963378906,427.8599853515625,429.6099853515625,121804500,0.0220640029800776,0.02182411504576,0.27240606124471356,0.24598716538671364,0.1955726943532989
2022-02-28,413.01678466796875,436.6300048828125,438.20001220703125,430.70001220703125,432.0299987792969,145615000,-0.0025585268239577408,-0.002561805447203176,0.26759769740820477,0.22949140848715183,0.19438996403588377
2022-03-01,406.7264099121094,429.9800109863281,437.1700134277344,427.1099853515625,435.0400085449219,137785900,-0.015230272363598085,-0.015347444189967911,0.28193063352267567,0.22427644074765368,0.19391811755507685
2022-03-02,414.2087097167969,437.8900146484375,439.7200012207031,431.57000732421875,432.3699951171875,117726500,0.018396212521518462,0.018229049206145667,0.25084890851034275,0.2338993682225864,0.1971875020126785
2022-03-03,412.14654541015625,435.7099914550781,441.1099853515625,433.79998779296875,440.4700012207031,105501700,-0.004978472037343917,-0.004990905914229309,0.25309277105171074,0.2302170893728419,0.1956886220912681
2022-03-04,408.7979736328125,432.1700134277344,433.3699951171875,427.8800048828125,431.75,113978200,-0.008124619808514866,-0.00815780439569187,0.19968904456569125,0.21730531320366167,0.191099821802144
2022-03-07,396.7469787597656,419.42999267578125,432.29998779296875,419.3599853515625,431.54998779296875,137896600,-0.029479187255280204,-0.029922431219487004,0.2785527575805046,0.23770263121298682,0.19966449004577072
2022-03-08,393.7388916015625,416.25,427.2099914550781,415.1199951171875,419.6199951171875,164772700,-0.007581700715998618,-0.007610587910874293,0.2710772439841594,0.23817550640884408,0.1997593626622809
2022-03-09,404.29541015625,427.4100036621094,429.510009765625,422.82000732421875,425.1400146484375,116990800,0.026810819608671155,0.026457707170737758,0.320195303911462,0.25814860041500787,0.20681981644067862
2022-03-10,402.4697570800781,425.4800109863281,426.42999267578125,420.44000244140625,422.5199890136719,93972700,-0.004515553354495161,-0.004525779260906256,0.3201989598798889,0.2500339276449011,0.2063553049310351
2022-03-11,397.3524169921875,420.07000732421875,428.7699890136719,419.5299987792969,428.1199951171875,95636300,-0.012715059514942118,-0.012796587712040324,0.3249656493070414,0.24662664452456387,0.20736088563511226
2022-03-14,394.4483947753906,417.0,424.54998779296875,415.7900085449219,420.8900146484375,95729200,-0.007308323066848366,-0.007335159693643303,0.24964134340345664,0.23936562037726805,0.2045618800963415
2022-03-15,403.12249755859375,426.1700134277344,426.8399963378906,418.4200134277344,419.7699890136719,106219100,0.02199043987466287,0.021752137407685203,0.28621074228535903,0.2546186092680934,0.2097419167715608
2022-03-16,412.0613708496094,435.6199951171875,435.67999267578125,424.79998779296875,429.8900146484375,144954800,0.02217420604853415,0.021931933271714867,0.2656079855485209,0.2608182816737961,0.21343796336811488
2022-03-17,417.2166442871094,441.07000732421875,441.07000732421875,433.19000244140625,433.5899963378906,102676900,0.01251093216133281,0.012433317136645933,0.25930858157279235,0.26520120778320017,0.2141686140836294
2022-03-18,421.7864074707031,444.5199890136719,444.8599853515625,437.2200012207031,438.0,106345500,0.00782184603841607,0.0077914139875613605,0.19167241586482323,0.2546877626440052,0.21155079669583943
2022-03-21,421.6630554199219,444.3900146484375,446.4599914550781,440.67999267578125,444.3399963378906,88349800,-0.0002923926222593298,-0.0002924353773164843,0.1506272043587768,0.2532637275877664,0.21039077775157236
2022-03-22,426.59710693359375,449.5899963378906,450.5799865722656,445.8599853515625,445.8599853515625,74650400,0.011701391836103525,0.011633459968707478,0.12781827246640154,0.25173835156651836,0.21146018585967624
2022-03-23,421.1032409667969,443.79998779296875,448.489990234375,443.7099914550781,446.9100036621094,79426100,-0.012878419431224142,-0.012962065201010127,0.16828327811406013,0.24705791924181772,0.2106226942597633
2022-03-24,427.4509582519531,450.489990234375,450.5,444.760009765625,445.94000244140625,64736900,0.015074363734608909,0.014961874573180461,0.1772492922109675,0.2470745076285074,0.2132153244715912
2022-03-25,429.5385437011719,452.69000244140625,452.9800109863281,448.42999267578125,451.1600036621094,77101300,0.004883598425542424,0.004871712340952904,0.174744003194916,0.23661910653684562,0.21350259796810422
2022-03-28,432.5938415527344,455.9100036621094,455.9100036621094,450.05999755859375,452.05999755859375,68529800,0.007113038068738753,0.007087859739227372,0.17210903321874016,0.2368049947005337,0.2140866636257097
2022-03-29,437.94537353515625,461.54998779296875,462.07000732421875,457.17999267578125,460.0199890136719,86581500,0.012370827763277914,0.012294934342103209,0.17374279962893036,0.22992737566220892,0.2157026034027494
2022-03-30,435.2412109375,458.70001220703125,461.20001220703125,456.4700012207031,460.3399963378906,79666900,-0.006174792896356585,-0.006193935772894751,0.1302442426522643,0.22553850985296875,0.21561568399923742
2022-03-31,428.5422058105469,451.6400146484375,458.760009765625,451.1600036621094,457.8900146484375,121699900,-0.015391317572948426,-0.015510993469158118,0.1779773118950733,0.23302932182793393,0.2177455374949902
2022-04-01,429.75677490234375,452.9200134277344,453.4599914550781,449.1400146484375,453.30999755859375,89048800,0.0028341128726010467,0.0028301043466709796,0.17539657626804164,0.23004968757929684,0.21443643666413714
2022-04-04,433.4383239746094,456.79998779296875,456.9100036621094,452.260009765625,453.1300048828125,59601000,0.008566577431344813,0.008530092526005388,0.17927171079301077,0.19657175080997102,0.2152414093507986
2022-04-05,427.9634704589844,451.0299987792969,457.8299865722656,449.82000732421875,455.2200012207031,74214500,-0.01263132479829876,-0.012711778187951285,0.16169347326267813,0.2014339053874947,0.21660228421855615
2022-04-06,423.68402099609375,446.5199890136719,448.92999267578125,443.4700012207031,446.8900146484375,106898000,-0.00999935653466788,-0.010049685888730729,0.16632182267359039,0.1887659278990351,0.21747324146293856
2022-04-07,425.8190002441406,448.7699890136719,450.69000244140625,443.5299987792969,445.5899963378906,78097200,0.005038968143330047,0.005026315031306617,0.15070195055772076,0.18730010473632697,0.21685537865484122
2022-04-08,424.680419921875,447.57000732421875,450.6300048828125,445.94000244140625,447.9700012207031,79272700,-0.002673934796955768,-0.0026775161462258518,0.14625707951432904,0.17950317245186304,0.21676877667106242
2022-04-11,417.421630859375,439.9200134277344,445.0,439.3900146484375,444.1099853515625,89770500,-0.017092284494708676,-0.01724004370458936,0.13945469112991768,0.19030978005725874,0.2177399956893811
2022-04-12,415.8750305175781,438.2900085449219,445.75,436.6499938964844,443.0799865722656,84363600,-0.003705230116974989,-0.0037121114853793627,0.1328698762598994,0.17748843761650673,0.21779738544192503
2022-04-13,420.63818359375,443.30999755859375,444.1099853515625,437.8399963378906,438.0299987792969,74070400,0.01145357848867623,0.011388482839123713,0.1707374123252379,0.16480613302662378,0.21635374417402423
2022-04-14,415.4005126953125,437.7900085449219,444.7300109863281,437.67999267578125,443.54998779296875,97869500,-0.01245175846263713,-0.012529931210354926,0.17428427902547977,0.1654060781415376,0.216806682785917
2022-04-18,415.57135009765625,437.9700012207031,439.75,435.6099853515625,436.80999755859375,66002500,0.0004111392957082405,0.0004110548011065768,0.17816226484869818,0.1626255499895557,0.2156823457340485
2022-04-19,422.27972412109375,445.0400085449219,445.79998779296875,437.67999267578125,437.8599853515625,77821000,0.01614267485104759,0.016013767300200717,0.18278228774482527,0.1731816031408229,0.21434823661304844
2022-04-20,421.96661376953125,444.7099914550781,447.57000732421875,443.4800109863281,446.9200134277344,65224400,-0.0007415447679024467,-0.0007418198482218364,0.1777600012058844,0.16770985095634142,0.21419706969827904
2022-04-21,415.6567077636719,438.05999755859375,450.010009765625,437.1000061035156,448.5400085449219,85417300,-0.014953551807383003,-0.015066483396335524,0.1964806610982889,0.16992794684484347,0.2149633232662444
2022-04-22,404.2514953613281,426.0400085449219,438.0799865722656,425.44000244140625,436.9100036621094,132471800,-0.027439138658316153,-0.02782262309124242,0.2644693560773184,0.1849886338363725,0.22242447585267722
2022-04-25,406.59515380859375,428.510009765625,428.69000244140625,418.8399963378906,423.6700134277344,119647700,0.005797580441186945,0.0057808391465373225,0.27451213281287745,0.18551544419121357,0.22255026276645312
2022-04-26,394.8198547363281,416.1000061035156,426.0400085449219,416.07000732421875,425.8299865722656,103996300,-0.028960825603343676,-0.02938846712083878,0.25031222782878076,0.20412440986879637,0.22448019583091308
2022-04-27,395.9300231933594,417.2699890136719,422.9200134277344,415.010009765625,417.239990234375,122030000,0.002811782968023202,0.0028078373008030367,0.26262911279329504,0.19635943247527382,0.22117600133789425
2022-04-28,405.93096923828125,427.80999755859375,429.6400146484375,417.6000061035156,422.2900085449219,105449100,0.02525944549675363,0.024945698119335478,0.3713797678890327,0.223213195170524,0.22705660444688977
2022-04-29,390.9294738769531,412.0,425.8699951171875,411.2099914550781,423.5899963378906,145491100,-0.03695565238965315,-0.037655816727894316,0.4140059504726919,0.2511312281908895,0.23804991692820307
2022-05-02,393.28271484375,414.4800109863281,415.9200134277344,405.0199890136719,412.07000732421875,158312500,0.0060194441415730715,0.006001399663298588,0.4144276586226883,0.252622394814611,0.23406162075096024
2022-05-03,395.0854797363281,416.3800048828125,418.92999267578125,413.3599853515625,415.010009765625,100028200,0.00458404228460374,0.004573567561620413,0.3641613622889855,0.2503091117704197,0.23404900567301257
2022-05-04,407.1170349121094,429.05999755859375,429.6600036621094,413.7099914550781,417.0799865722656,144247900,0.030452933683378758,0.029998447023786144,0.4231246430108198,0.2765602650463759,0.24259728411625142
2022-05-05,392.6469421386719,413.80999755859375,425.0,409.44000244140625,424.54998779296875,172929100,-0.03554281472701826,-0.03618983821471714,0.4670922316988173,0.30055349509294066,0.252503260908139
2022-05-06,390.30322265625,411.3399963378906,414.79998779296875,405.7300109863281,411.1000061035156,151770800,-0.0059689259207744705,-0.005986811165077935,0.38081231879149485,0.29879929191524324,0.250456145194672
2022-05-09,377.8067932128906,398.1700134277344,406.4100036621094,396.5,405.1000061035156,155586100,-0.03201726802014637,-0.03254103072846203,0.4349553185584227,0.3149438034731546,0.2561525988548158
2022-05-10,378.6797180175781,399.0899963378906,406.0799865722656,394.82000732421875,404.489990234375,132497200,0.0023105278627999493,0.0023078626978000794,0.4310998137454814,0.3132044054406738,0.25355478955677796
2022-05-11,372.6639709472656,392.75,404.0400085449219,391.9599914550781,398.07000732421875,142361000,-0.015886131940332726,-0.01601366905204431,0.2635462605999117,0.3156355532861441,0.2552431801147856
2022-05-12,372.2749328613281,392.3399963378906,395.79998779296875,385.1499938964844,389.3699951171875,125090800,-0.0010439303936584654,-0.0010444756685108931,0.22307830415156576,0.3098523557032616,0.25252653525250457
2022-05-13,381.17523193359375,401.7200012207031,403.17999267578125,395.6099853515625,396.7099914550781,104174400,0.02390784770955201,0.02362653009661004,0.33374071425394675,0.32606768850507917,0.2579223553902402
2022-05-16,379.62860107421875,400.0899963378906,403.9700012207031,397.6000061035156,399.9800109863281,78622400,-0.004057564666582247,-0.004065818917765487,0.22907890049797783,0.32559684484168466,0.25464781579942153
2022-05-17,387.4377136230469,408.32000732421875,408.57000732421875,402.5799865722656,406.5299987792969,83029700,0.020570399314302268,0.020361686007753992,0.268264597573754,0.329575634639902,0.2583073718426804
2022-05-18,371.8194580078125,391.8599853515625,403.79998779296875,390.54998779296875,403.5,117674500,-0.04031157346543268,-0.04114660289301177,0.41108895884174185,0.3540769801202657,0.27041682401416584
2022-05-19,369.5422668457031,389.4599914550781,394.1400146484375,387.1099853515625,388.6199951171875,98510700,-0.006124621002910446,-0.0061434534278095535,0.4131392545697212,0.35256895724192494,0.2684440036554055
2022-05-20,369.70361328125,389.6300048828125,397.0299987792969,380.5400085449219,393.25,131432200,0.0004365363104414932,0.00043644105618661204,0.3527704787916466,0.3433923835392619,0.2663262065096272
2022-05-23,376.6207580566406,396.9200134277344,397.7300109863281,390.3800048828125,392.8299865722656,76414900,0.01871007995678986,0.018537199486682282,0.3949966989143703,0.3513349449445102,0.2651753447878574
2022-05-24,373.7456970214844,393.8900146484375,395.1499938964844,386.9599914550781,392.55999755859375,91448800,-0.007633776773134482,-0.007663063186207389,0.34364012067128125,0.3386052962065334,0.2654576845889476
2022-05-25,377.0477294921875,397.3699951171875,399.45001220703125,391.8900146484375,392.30999755859375,91472900,0.008834904007038569,0.008796104601187101,0.17365360424032517,0.3405687273167062,0.26477311574238993
2022-05-26,384.5816345214844,405.30999755859375,407.0400085449219,398.45001220703125,398.6700134277344,82168300,0.01998138394687965,0.01978437609715666,0.18666465083688066,0.33551879787041866,0.26528215573344516
2022-05-27,394.0227966308594,415.260009765625,415.3800048828125,407.70001220703125,407.9100036621094,84768700,0.02454914082298898,0.0242526532107174,0.20198887933313409,0.32165510718183576,0.2702619650342584
2022-05-31,391.81201171875,412.92999267578125,416.4599914550781,410.0299987792969,413.54998779296875,95937000,-0.005610983564631744,-0.0056267842656148054,0.2293074061470158,0.32161485870643575,0.2700173673563426
2022-06-01,388.6427001953125,409.5899963378906,416.239990234375,406.92999267578125,415.1700134277344,86585800,-0.008088529283735268,-0.008121418909250052,0.2312829129774184,0.3222786491896286,0.2635799689476551
2022-06-02,396.0438537597656,417.3900146484375,417.44000244140625,407.0400085449219,409.4200134277344,79609600,0.019043478552421167,0.018864421193364102,0.24462829268497807,0.3103591889868115,0.2660574512054204
2022-06-03,389.5442810058594,410.5400085449219,414.0400085449219,409.510009765625,412.3999938964844,71874300,-0.016411523666384986,-0.01654768451432691,0.2842628645028131,0.288177625093013,0.262395395529138
2022-06-06,390.730224609375,411.7900085449219,416.6099853515625,410.54998779296875,414.7799987792969,57508900,0.003044770239154948,0.003040144313791592,0.21334387968734286,0.2876360515526549,0.26237880666221985
2022-06-07,394.4781799316406,415.739990234375,416.2200012207031,407.6099853515625,408.1000061035156,59272400,0.009592223238758413,0.009546509960919805,0.22264372152220882,0.26203609209463424,0.2619178792985823
2022-06-08,390.1893310546875,411.2200012207031,415.82000732421875,410.3800048828125,413.92999267578125,64350000,-0.010872153557139663,-0.010931687318656349,0.230920551970708,0.26611886432728804,0.2624411443928308
2022-06-09,380.9095764160156,401.44000244140625,411.739990234375,401.44000244140625,409.3399963378906,86289800,-0.023782886898168987,-0.02407026535921321,0.22017273530913026,0.2745530041439481,0.2628469519262782
2022-06-10,369.8648376464844,389.79998779296875,395.7799987792969,389.75,394.8800048828125,132893900,-0.028995652096570734,-0.02942433294241372,0.2665286479629454,0.29519087208834566,0.26477753832933454
2022-06-13,355.8217468261719,375.0,381.80999755859375,373.29998779296875,379.8500061035156,170004900,-0.03796815868765324,-0.0387077297869094,0.29723620238278275,0.3106321016966749,0.27358904334327333
2022-06-14,354.7495422363281,373.8699951171875,377.94000244140625,370.5899963378906,376.8500061035156,104011800,-0.003013346354166613,-0.003017895623606632,0.2270694548444784,0.31062643756018354,0.27271326164999615
2022-06-15,359.80694580078125,379.20001220703125,383.8999938964844,372.1199951171875,377.3599853515625,125666800,0.014256338190961504,0.014155672225600201,0.3403458795967329,0.30506418139017444,0.27489855250786815
2022-06-16,347.8988342285156,366.6499938964844,370.94000244140625,364.0799865722656,370.510009765625,134473300,-0.03309603878307621,-0.03365610467930433,0.3604951124347415,0.293820557597082,0.2804645448265661
2022-06-17,348.6487121582031,365.8599853515625,369.3800048828125,362.1700134277344,365.510009765625,111113900,-0.0021546667341413306,-0.0021569913683171533,0.35864470289038136,0.29365404942978157,0.279764206428258
2022-06-21,357.4255676269531,375.07000732421875,376.5299987792969,371.80999755859375,371.8900146484375,76811900,0.025173624723693555,0.02486198821984487,0.3518440829370249,0.30993195960506686,0.2832264183400845
2022-06-22,356.7775573730469,374.3900146484375,378.7200012207031,370.17999267578125,370.6199951171875,90059400,-0.0018129753446093355,-0.0018146207734581258,0.35128908323409946,0.3004017359815574,0.28275836960230677
2022-06-23,360.27484130859375,378.05999755859375,378.8299865722656,372.8900146484375,376.6400146484375,79292100,0.0098025662185528,0.009754832753127888,0.34159168715501026,0.3031059686131378,0.2832238623693247
2022-06-24,371.7293701171875,390.0799865722656,390.0899963378906,381.3699951171875,381.3999938964844,98050300,0.03179386629448655,0.03129890514558157,0.24249934440365517,0.323617591217822,0.2902329240017666
2022-06-27,370.30950927734375,388.5899963378906,391.3599853515625,387.44000244140625,391.04998779296875,66009600,-0.0038197043828572808,-0.0038270180837005926,0.24901260263878564,0.31429532789840314,0.2901553685797919
2022-06-28,362.7430114746094,380.6499938964844,393.1600036621094,380.5299987792969,390.2300109863281,86548900,-0.02043285343481205,-0.02064449206841294,0.3048665811615082,0.3046105969883621,0.29130702197154645
2022-06-29,362.4475402832031,380.3399963378906,382.2699890136719,378.4200134277344,381.2300109863281,65676000,-0.000814390026440015,-0.0008147218221505732,0.3039626571132794,0.3048221787040336,0.29109916125502555
2022-06-30,359.5029296875,377.25,380.6600036621094,372.55999755859375,376.239990234375,112508300,-0.008124300277758567,-0.00815748224765673,0.30604787587135307,0.30482849908309523,0.2903056947998357
2022-07-01,363.30523681640625,381.239990234375,381.70001220703125,373.79998779296875,376.55999755859375,74839700,0.010576514869118592,0.010520974806040478,0.1798887020893943,0.2978460712626823,0.2909544055169418
2022-07-05,363.9913635253906,381.9599914550781,381.9800109863281,372.8999938964844,375.8800048828125,81438000,0.00188857737683934,0.0018867962567546738,0.1858783591184583,0.295156418807865,0.29071263799785824
2022-07-06,365.2206726074219,383.25,385.8699951171875,379.6000061035156,382.1099853515625,70426200,0.0033773394433473936,0.003371649041169943,0.10753721887958834,0.2952577793555344,0.29054690028883895
2022-07-07,370.6907043457031,388.989990234375,389.8299865722656,383.2699890136719,385.1199951171875,64525900,0.014977143468688947,0.014866093490139646,0.14020477093998013,0.298977546610773,0.2927509287247788
2022-07-08,370.3857727050781,388.6700134277344,390.6400146484375,385.6600036621094,387.2699890136719,72397800,-0.0008225836516971841,-0.0008229221592758011,0.10331227800433604,0.29771714296635793,0.2911103168131284
2022-07-11,366.15460205078125,384.2300109863281,386.8699951171875,383.5,385.8500061035156,58366900,-0.0114235785834087,-0.011489328872573118,0.14984481513488349,0.2890294482869518,0.2917339938275196
2022-07-12,362.91455078125,380.8299865722656,386.1600036621094,378.989990234375,383.6499938964844,62219200,-0.008848929851508869,-0.008888314142629599,0.16692728079977562,0.27205971175596644,0.2906594225872047
2022-07-13,361.0086364746094,378.8299865722656,381.9200134277344,374.6600036621094,375.1000061035156,84224600,-0.005251687289652196,-0.0052655258712118085,0.1652586051003135,0.23410069186280497,0.28997260646916423
2022-07-14,360.1319274902344,377.9100036621094,379.04998779296875,371.0400085449219,373.6099853515625,89704800,-0.0024284849213771498,-0.0024314384736241856,0.07023829358476459,0.23399276815427733,0.28991296403890904
2022-07-15,367.01226806640625,385.1300048828125,385.25,380.5400085449219,382.54998779296875,79060400,0.019105080973613298,0.018924870585949317,0.19214904132212293,0.2382478617106753,0.2907653290384328
2022-07-18,363.98187255859375,381.95001220703125,389.0899963378906,380.6600036621094,388.3800048828125,63203600,-0.008256933075751594,-0.008291210361567363,0.18315122348731436,0.20420945079581856,0.29099190021126004
2022-07-19,373.8163757324219,392.2699890136719,392.8699951171875,385.3900146484375,386.0799865722656,78506000,0.027019181769385003,0.026660608249491968,0.2505106616506596,0.22125505847873758,0.29584199099208935
2022-07-20,376.19879150390625,394.7699890136719,396.260009765625,391.0299987792969,392.4700012207031,71843800,0.006373161521445958,0.0063529388038422304,0.23061878540759306,0.20682058610228968,0.29127753651509947
2022-07-21,380.0296325683594,398.7900085449219,398.8399963378906,391.6300048828125,394.1600036621094,64903900,0.010183194374258298,0.01013169497427413,0.21033871741438154,0.20781440001764073,0.29186329602668304
2022-07-22,376.503662109375,395.0899963378906,400.17999267578125,392.75,398.9200134277344,72197300,-0.009278096561475047,-0.00932140619483879,0.23532972718113615,0.21079201208869205,0.28643157533233216
2022-07-25,376.96112060546875,395.57000732421875,396.4700012207031,393.2099914550781,395.75,53631500,0.0012149408761987779,0.0012142034327721227,0.20949376548135437,0.18060408521832277,0.28636294113182753
2022-07-26,372.50128173828125,390.8900146484375,394.05999755859375,389.95001220703125,393.8399963378906,52946400,-0.01183100990754693,-0.011901553256690168,0.15278689341970642,0.18549583819811982,0.28208865114755327
2022-07-27,382.1737976074219,401.0400085449219,402.8800048828125,394.04998779296875,394.3599853515625,82342100,0.025966367817333857,0.025634966306172267,0.2433710516701262,0.18891621691215418,0.2772229357227
2022-07-28,386.9671936035156,406.07000732421875,406.79998779296875,398.1499938964844,401.8900146484375,73966600,0.012542386475471679,0.012464382307969491,0.24810341032109162,0.19158587111780126,0.27818003619777326
2022-07-29,392.6086120605469,411.989990234375,413.0299987792969,406.7699890136719,407.5799865722656,87003700,0.014578724858715253,0.014473476936627391,0.2264881888507021,0.1905163117052126,0.2796630846045005
2022-08-01,391.446044921875,410.7699890136719,413.4100036621094,408.3999938964844,409.1499938964844,69997500,-0.002961239956361772,-0.002965633102317808,0.23653719380128674,0.19078812700959924,0.2725403425819658
2022-08-02,388.8636169433594,408.05999755859375,413.0,406.82000732421875,409.1199951171875,63435400,-0.006597345296781021,-0.006619203971790231,0.2107500508432036,0.1942361487282522,0.2626643123563259
2022-08-03,394.9529724121094,414.45001220703125,415.67999267578125,410.0,410.29998779296875,67820600,0.015659497835290637,0.015538153058459486,0.16696924808888597,0.19903345970095718,0.2643493205171941
2022-08-04,394.6861877441406,414.1700134277344,415.0899963378906,412.44000244140625,414.3699951171875,45656600,-0.0006755911956808358,-0.0006758195102500098,0.1638155988528478,0.19530062202180623,0.25544710003358495
2022-08-05,394.01904296875,413.4700012207031,414.1499938964844,409.6000061035156,409.6600036621094,56814900,-0.00169015666112049,-0.001691586587316715,0.1362781632692215,0.1955583477181075,0.25546817455276566
2022-08-08,393.5616149902344,412.989990234375,417.6199951171875,411.8299865722656,415.25,53886100,-0.0011609330420851993,-0.0011616074468590203,0.13378577843643535,0.18865885223686213,0.2531479920984609
2022-08-09,391.99871826171875,411.3500061035156,412.75,410.2200012207031,412.2200012207031,44931800,-0.003971002129927292,-0.003978907493970385,0.12525693623028533,0.18511707664736307,0.25331254840510226
2022-08-10,400.23236083984375,419.989990234375,420.1400146484375,416.7200012207031,418.7799987792969,68665700,0.021003972292843898,0.020786429765404738,0.16214376849503812,0.19109540017712165,0.2522836686169893
2022-08-11,400.23236083984375,419.989990234375,424.95001220703125,419.2099914550781,422.989990234375,59489700,0.0,0.0,0.16133794056300668,0.19000657536216606,0.2520903032072113
2022-08-12,407.0078125,427.1000061035156,427.2099914550781,421.0299987792969,422.0299987792969,61694500,0.016929012677594724,0.01678731391991028,0.18111688979850632,0.1881125031084967,0.25101029295183336
2022-08-15,408.6850891113281,428.8599853515625,429.4100036621094,424.7099914550781,424.7699890136719,54048300,0.004120766150540245,0.0041122990463738915,0.1706540365624786,0.1813702690978592,0.2353965336189905
2022-08-16,409.485595703125,429.70001220703125,431.7300109863281,426.8800048828125,427.7300109863281,59289000,0.0019587438421893033,0.0019568280048181492,0.14927307921161548,0.1640410968997551,0.23485730803994725
2022-08-17,406.5789794921875,426.6499938964844,429.5,424.5400085449219,425.9100036621094,63563400,-0.0070980177423810575,-0.007123328512293311,0.13834288230484518,0.16898433659017073,0.23553265176153074
2022-08-18,407.7607116699219,427.8900146484375,428.6099853515625,425.5,426.8599853515625,49023200,0.002906412210693654,0.0029021967606395493,0.13569308260475066,0.16737961472087773,0.23287024544062343
2022-08-19,402.28118896484375,422.1400146484375,425.260009765625,421.2200012207031,424.9800109863281,68016900,-0.013438032679318979,-0.01352914016466342,0.12184461396934076,0.17225706129517607,0.23413633228220626
2022-08-22,393.90472412109375,413.3500061035156,417.2300109863281,412.3999938964844,417.04998779296875,77695600,-0.020822495475209313,-0.02104234080823713,0.16216811411809406,0.1927484640052251,0.2379315508711322
2022-08-23,392.9517822265625,412.3500061035156,415.4200134277344,411.7699890136719,412.8999938964844,49105200,-0.0024192572522898637,-0.0024221883835108577,0.14872925580430144,0.18638328500751467,0.2346363054216272
2022-08-24,394.2096862792969,413.6700134277344,415.1099853515625,411.3900146484375,412.1099853515625,49177800,0.003201181774415529,0.0031960689006255184,0.17012724696741546,0.1655748224773345,0.22935913560615653
2022-08-25,399.7749328613281,419.510009765625,419.55999755859375,414.0899963378906,415.239990234375,50942300,0.014117523988503633,0.014018799822279613,0.21884178646222102,0.16701940991356073,0.2308528587858097
2022-08-26,386.242919921875,405.30999755859375,419.9599914550781,405.25,419.3900146484375,103087000,-0.033849042636585946,-0.03443518641605107,0.30844371181952257,0.20339673047866685,0.24101028842260527
2022-08-29,383.6889953613281,402.6300048828125,405.8399963378906,401.20001220703125,402.20001220703125,65370800,-0.006612204712255654,-0.006634162182883885,0.2866557816837266,0.20432537224974845,0.23805367701602048
2022-08-30,379.4769287109375,398.2099914550781,404.1000061035156,396.0,403.8500061035156,85652400,-0.010977854044983193,-0.011038555340141412,0.2878150170379728,0.20652745159288796,0.23674144776191372
2022-08-31,376.58941650390625,395.17999267578125,401.239990234375,395.0400085449219,399.92999267578125,76029700,-0.00760904759879355,-0.007638144093185962,0.27361265369979376,0.1977824231603629,0.23706907462358223
2022-09-01,377.77117919921875,396.4200134277344,396.7799987792969,390.0400085449219,392.8900146484375,78740100,0.0031378631887633013,0.003132950370552341,0.22150370604713407,0.19867789320538234,0.2362496307783195
2022-09-02,373.78778076171875,392.239990234375,401.55999755859375,390.3299865722656,400.2799987792969,99632100,-0.010544430280438832,-0.01060041669643158,0.09102044440068631,0.20088584234183537,0.23618987782885312
2022-09-06,372.3774108886719,390.760009765625,394.1199951171875,388.4200134277344,393.1300048828125,76637400,-0.003773150381391921,-0.0037802866698074516,0.09309663235140898,0.2008460599082617,0.231255844844778
2022-09-07,379.067138671875,397.7799987792969,398.5899963378906,390.20001220703125,390.42999267578125,70964200,0.017964962734754897,0.017805499790206458,0.179532612451252,0.21358368925022192,0.2261812370086412
2022-09-08,381.5448303222656,400.3800048828125,400.8599853515625,394.1199951171875,395.3900146484375,80821700,0.006536291697658347,0.006515022772704955,0.17056356521282728,0.19919899359311088,0.2113379153158792
2022-09-09,387.4721984863281,406.6000061035156,407.510009765625,402.4599914550781,402.739990234375,76706900,0.01553524437995768,0.015415807866336319,0.19364399743455013,0.20893124600944904,0.21317548856993668
2022-09-12,391.63665771484375,410.9700012207031,411.7300109863281,408.4599914550781,408.7799987792969,69256300,0.010747651381183054,0.01069030589635327,0.13528892676331916,0.20283887134708964,0.21240665709807116
2022-09-13,374.60736083984375,393.1000061035156,403.1000061035156,391.9200134277344,401.8299865722656,122947100,-0.043482480629019826,-0.04445617414726737,0.4109499907948267,0.25117270076692505,0.22098698463490563
2022-09-14,376.0367736816406,394.6000061035156,396.20001220703125,391.1199951171875,394.4700012207031,85023700,0.003815822886568565,0.0038085611016787993,0.3865978015323167,0.25187473544687994,0.22094260465946963
2022-09-15,371.7674865722656,390.1199951171875,395.9599914550781,388.7799987792969,392.9599914550781,87633800,-0.011353296799374357,-0.011418237468483304,0.3838202653403736,0.25298109579954764,0.21686241735298536
2022-09-16,368.93133544921875,385.55999755859375,386.25,382.1099853515625,384.1400146484375,103084800,-0.011688705054002657,-0.011757555003970535,0.33760213552940943,0.25266247845889134,0.21829875753760594
2022-09-19,371.7923583984375,388.54998779296875,388.54998779296875,382.17999267578125,382.260009765625,73278500,0.007754928554071894,0.00772501365470151,0.3262725727707157,0.25463521374079484,0.21797019192977107
2022-09-20,367.5247802734375,384.0899963378906,386.1199951171875,381.20001220703125,385.05999755859375,77274900,-0.011478552554876287,-0.011544939646675469,0.15237749799174466,0.2484327809705909,0.2096006249220014
2022-09-21,361.11370849609375,377.3900146484375,389.30999755859375,377.3800048828125,386.1099853515625,106746600,-0.017443780763191308,-0.017597716278495924,0.1534052613453494,0.25321516187027987,0.21248229645113637
2022-09-22,358.0804443359375,374.2200012207031,378.29998779296875,373.44000244140625,376.5799865722656,89472600,-0.008399833871300055,-0.008435311285113283,0.1517964853591897,0.25193200048044717,0.20897968046724205
2022-09-23,352.0808410644531,367.95001220703125,370.6199951171875,363.2900085449219,370.5799865722656,122346900,-0.016754820675589754,-0.016896770479683878,0.1630886622125546,0.24475781284110545,0.2117349299789473
2022-09-26,348.59783935546875,364.30999755859375,370.2099914550781,363.0299987792969,366.4100036621094,92581200,-0.009892687940418976,-0.009941945708146676,0.06572172946921259,0.22215419375811118,0.21204006608428907
2022-09-27,347.7079162597656,363.3800048828125,370.3999938964844,360.8699951171875,368.0199890136719,108294100,-0.0025527509044867003,-0.0025560147287469804,0.09953682307210107,0.22230882252340034,0.2108054947762166
2022-09-28,354.5495300292969,370.5299987792969,372.29998779296875,362.6000061035156,364.3800048828125,110802200,0.019676354781243965,0.019485277712052225,0.22087836046133213,0.2374349623493273,0.2148105850625056
2022-09-29,347.14337158203125,362.7900085449219,367.1099853515625,359.70001220703125,366.80999755859375,112952300,-0.020888970555351105,-0.0211102318049051,0.2539611328586332,0.24516221323057033,0.21874617565149984
2022-09-30,341.77532958984375,357.17999267578125,365.9100036621094,357.0400085449219,361.79998779296875,153711200,-0.015463534653672784,-0.015584342130975551,0.25062888619992313,0.24665822121816278,0.21826462917623218
2022-10-03,350.79864501953125,366.6099853515625,368.54998779296875,359.2099914550781,361.0799865722656,89756500,0.02640123430525132,0.026058736876293866,0.33164609002533235,0.2693198779493398,0.22541519857724943
2022-10-04,361.668701171875,377.9700012207031,378.0,366.57000732421875,372.3999938964844,103602800,0.030986651545366062,0.03051625785631023,0.3862889327888768,0.2949384601525994,0.2333442687737079
2022-10-05,360.8266296386719,377.0899963378906,379.4599914550781,370.95001220703125,373.3900146484375,88065700,-0.0023282400189708063,-0.0023309545840216068,0.3758815607814451,0.2858289378679137,0.23269636116945325
2022-10-06,357.10443115234375,373.20001220703125,378.7200012207031,372.67999267578125,375.6199951171875,82333500,-0.010315797736977772,-0.010369374353980875,0.3373155749942259,0.28491417905750693,0.23340823366963578
2022-10-07,347.14337158203125,362.7900085449219,373.2900085449219,360.94000244140625,368.9700012207031,107789500,-0.027893899575583303,-0.02829032366362611,0.394875400031446,0.2886126945809493,0.24035356997011095
2022-10-10,344.4927978515625,360.0199890136719,364.2099914550781,357.6700134277344,363.9599914550781,76042800,-0.00763532474987394,-0.007664623071973914,0.34023734366072556,0.28206714991014115,0.2372469683962561
2022-10-11,342.3111877441406,357.739990234375,363.0299987792969,355.7099914550781,358.239990234375,92482800,-0.006332978303630554,-0.006353116679683497,0.16017204966754456,0.24415325791193865,0.2370300301575727
2022-10-12,341.1820068359375,356.55999755859375,359.82000732421875,356.29998779296875,358.1700134277344,76991800,-0.0032984645496528797,-0.003303916475803451,0.15697077793457057,0.24215798962284596,0.22989274380862595
2022-10-13,350.1861877441406,365.9700012207031,367.510009765625,348.1099853515625,349.2099914550781,147254500,0.026391080677980572,0.02604884437309545,0.3086730451872322,0.2646079723769385,0.23625517120746078
2022-10-14,342.20587158203125,357.6300048828125,370.260009765625,356.9599914550781,368.54998779296875,123737000,-0.022788743093893893,-0.023052420113011996,0.2838540361075832,0.272378786195272,0.23918936243735708
2022-10-17,350.9995422363281,366.82000732421875,367.9800109863281,357.2799987792969,364.010009765625,93168200,0.0256969558368505,0.025372338438406875,0.340004028296161,0.2889472175233513,0.24503557619611258
2022-10-18,355.1236877441406,371.1300048828125,375.45001220703125,367.5199890136719,375.1300048828125,97162900,0.011749625081884707,0.011681134209780814,0.33023395638006314,0.29145764587683504,0.2464178823777499
2022-10-19,352.60711669921875,368.5,371.8500061035156,365.54998779296875,368.989990234375,79746900,-0.007086478722309053,-0.007111707070068097,0.3389637099502112,0.286208822718741,0.2457125379598212
2022-10-20,349.6503601074219,365.4100036621094,372.6700134277344,364.6099853515625,368.0299987792969,88283100,-0.008385336059404724,-0.008420690769296463,0.30042626025305497,0.2862039197908343,0.23979603357108015
2022-10-21,358.1474304199219,374.2900085449219,374.79998779296875,363.5400085449219,365.1199951171875,131038400,0.02430148270112431,0.024010899985540957,0.2588542878508412,0.29318152288159793,0.2438123498197974
2022-10-24,362.5298156738281,378.8699951171875,380.05999755859375,373.1099853515625,375.8900146484375,85436900,0.012236464954195947,0.01216220459272166,0.2207406636812415,0.29288471772903873,0.24321661269649106
2022-10-25,368.3189697265625,384.9200134277344,385.25,378.6700134277344,378.7900085449219,78846300,0.015968586556123432,0.015842429934322933,0.22876725734611006,0.2963829902580925,0.2457396577596307
2022-10-26,365.5439758300781,382.0199890136719,387.5799865722656,381.3500061035156,381.6199951171875,104087300,-0.007534096209333541,-0.007562620874207404,0.23057171780705948,0.29179862244346216,0.24583801886187678
2022-10-27,363.5920104980469,379.9800109863281,385.0,379.3299865722656,383.07000732421875,81971800,-0.00533997718970336,-0.0053542858291678735,0.21817289107266438,0.28073697152060517,0.2435166382740845
2022-10-28,372.2420959472656,389.0199890136719,389.5199890136719,379.67999267578125,379.8699951171875,100302000,0.023790667313994707,0.02351207926820392,0.2158571585214161,0.28197498523010844,0.2488312117472569
2022-10-31,369.5532531738281,386.2099914550781,388.3999938964844,385.260009765625,386.44000244140625,96631300,-0.007223272936998093,-0.007249487083864056,0.2339242693059483,0.27246483826145934,0.24915347140024083
2022-11-01,367.9361572265625,384.5199890136719,390.3900146484375,383.2900085449219,390.1400146484375,85407600,-0.004375864112264538,-0.0043854662275687375,0.21153200644367898,0.252475920673325,0.24924243051944142
2022-11-02,358.702392578125,374.8699951171875,388.6300048828125,374.760009765625,383.8999938964844,126990400,-0.025096208707478307,-0.025416488450460573,0.27812997649458615,0.2690959546311438,0.25409176491222485
2022-11-03,355.00885009765625,371.010009765625,374.20001220703125,368.7900085449219,371.4700012207031,87100100,-0.010296863984421645,-0.010350243431810614,0.2821454326528402,0.26908646390150026,0.2503877459838645
2022-11-04,360.1184997558594,376.3500061035156,378.8699951171875,370.0,377.0,103505200,0.014393132792465568,0.01429053495439394,0.22587903798316566,0.25225194809776175,0.2525946100045583
2022-11-07,363.5633239746094,379.95001220703125,380.57000732421875,375.5299987792969,377.7099914550781,68286900,0.009565580032235843,0.009520119545588271,0.2527240341473649,0.2510413125900741,0.2507392946031542
2022-11-08,365.52490234375,382.0,385.1199951171875,377.7200012207031,381.1099853515625,84641100,0.005395414467974202,0.005380911362788072,0.2594262197901584,0.24887866414614762,0.25088373053494734
2022-11-09,357.9942626953125,374.1300048828125,381.1400146484375,373.6099853515625,379.92999267578125,78495500,-0.02060208145860598,-0.020817264954697857,0.23324069565527614,0.2624199156852453,0.2537028683198427
2022-11-10,377.6675720214844,394.69000244140625,395.0400085449219,385.6400146484375,388.04998779296875,141455800,0.054954153075837064,0.05349730918360128,0.42399408285938567,0.3091480098901935,0.2780395825927339
2022-11-11,381.32281494140625,398.510009765625,399.3500061035156,393.6099853515625,395.5899963378906,93839900,0.009678500343534457,0.009631963688169896,0.4239575437427463,0.29286732584530134,0.2788147632192509
2022-11-14,378.0790100097656,395.1199951171875,400.17999267578125,394.8299865722656,396.6600036621094,71903500,-0.00850672396016161,-0.008543112649075422,0.4478393117445951,0.2868917508056624,0.2780581632120475
2022-11-15,381.3036804199219,398.489990234375,402.30999755859375,394.489990234375,401.1499938964844,93194500,0.008529042212070292,0.008492875431373566,0.44731180187729963,0.28593935493094425,0.27558896059309823
2022-11-16,378.3948059082031,395.45001220703125,397.7799987792969,394.7900085449219,396.7799987792969,68508500,-0.007628743762310708,-0.007657991471811043,0.4003553501540168,0.2862161192198569,0.2759446602897273
2022-11-17,377.2370300292969,394.239990234375,394.95001220703125,390.1400146484375,390.4599914550781,74496300,-0.0030598607543417256,-0.0030645516997969695,0.13876908987279007,0.2838720075323472,0.27586563311883444
2022-11-18,378.9497375488281,396.0299987792969,397.80999755859375,393.0400085449219,397.739990234375,92922500,0.004540403280391958,0.004530126744089201,0.11929085885643329,0.2737141249003004,0.27436963724224583
2022-11-21,377.5718994140625,394.5899963378906,395.82000732421875,392.6600036621094,394.6400146484375,51243200,-0.0036360943510462818,-0.0036427210104271073,0.10457806468521079,0.27230754529366263,0.2654349039786585
2022-11-22,382.65289306640625,399.8999938964844,400.07000732421875,395.1499938964844,396.6300048828125,60429000,0.01345699994392846,0.013367258722167092,0.13234432704375312,0.27078014205203205,0.2666059791333178
2022-11-23,385.06414794921875,402.4200134277344,402.92999267578125,399.30999755859375,399.54998779296875,68261600,0.006301624330362854,0.006281852116995351,0.11232667110831392,0.26880951319416996,0.26593659955226506
2022-11-25,384.9780578613281,402.3299865722656,402.9100036621094,401.5400085449219,401.8299865722656,30545400,-0.0002237136634978265,-0.00022373869113219644,0.10332616030116384,0.2674089079372278,0.2654397999178853
2022-11-28,378.8349609375,395.9100036621094,400.80999755859375,395.1099853515625,399.0899963378906,67881600,-0.015957008238070003,-0.016085692069329978,0.1757337184266002,0.26375956033549625,0.26747766640283693
2022-11-29,378.18426513671875,395.2300109863281,397.29998779296875,393.29998779296875,396.04998779296875,52310000,-0.0017175435565947028,-0.0017190202256002212,0.17378318735646298,0.26222546020384563,0.2665951762080867
2022-11-30,390.0972900390625,407.67999267578125,407.67999267578125,393.4800109863281,395.489990234375,144566700,0.03150059798946736,0.0310146332570357,0.2736767332855266,0.2816913837015905,0.27385513014179946
2022-12-01,389.81024169921875,407.3800048828125,410.0,404.75,408.7699890136719,76398200,-0.0007358413421266752,-0.0007361122062505647,0.2742882381501568,0.2616692627988335,0.27153683657043837
2022-12-02,389.3605041503906,406.9100036621094,407.8599853515625,402.1400146484375,402.25,85342700,-0.0011537169597666264,-0.0011543830035115122,0.27493856836564645,0.2568991852719686,0.27125358018824774
2022-12-05,382.35626220703125,399.5899963378906,404.92999267578125,398.1700134277344,403.95001220703125,77289800,-0.017989253786685366,-0.01815302749679934,0.28387743099444346,0.26633742772339,0.27197070675237256
2022-12-06,376.8446044921875,393.8299865722656,399.989990234375,391.6400146484375,399.4200134277344,77972200,-0.014414799715742554,-0.014519702260977834,0.3075742327645425,0.272134083613142,0.27253025506608214
2022-12-07,376.20355224609375,393.1600036621094,395.6400146484375,391.9700012207031,392.94000244140625,65927900,-0.0017011983165312605,-0.0017026469976163603,0.1333092304446681,0.27205734747752214,0.2568519941865775
2022-12-08,379.1507263183594,396.239990234375,397.3599853515625,393.2699890136719,395.1400146484375,60737900,0.007833926502128774,0.007803400621268784,0.1686976696754034,0.25968983791001027,0.25723502005155297
2022-12-09,376.3183898925781,393.2799987792969,397.6199951171875,393.1499938964844,394.94000244140625,81447700,-0.007470198687737906,-0.007498240360482925,0.16424821507113385,0.18000995771141196,0.25661201773691183
2022-12-12,381.74383544921875,398.95001220703125,398.95001220703125,393.4100036621094,394.1099853515625,75405800,0.014417243300787197,0.014314303078420583,0.183627448436106,0.1841151722465678,0.2570138269128463
2022-12-13,384.6335754394531,401.9700012207031,410.489990234375,399.07000732421875,410.2200012207031,123782500,0.007569843141412624,0.007541335653240813,0.1370365215857455,0.1830015861002647,0.25699225822939376
2022-12-14,382.1744384765625,399.3999938964844,405.5,396.30999755859375,401.6099853515625,108111300,-0.006393530155021865,-0.006414056305424778,0.15276601995344258,0.1824034937384792,0.25617332321850755
2022-12-15,372.8258056640625,389.6300048828125,395.25,387.8900146484375,394.29998779296875,117705900,-0.024461665405543398,-0.024765822310819672,0.24020935940010069,0.20121080689286897,0.2587624758137937
2022-12-16,368.42413330078125,383.2699890136719,386.5799865722656,381.0400085449219,385.17999267578125,119858000,-0.01632321892420352,-0.016457910405921157,0.2577073749525751,0.20873759864849292,0.26046666956155573
2022-12-19,365.3000793457031,380.0199890136719,383.82000732421875,378.2799987792969,383.4700012207031,79878100,-0.008479662100243535,-0.008515818978745046,0.19150164380821777,0.20894944163233753,0.2586497407033975
2022-12-20,365.7999267578125,380.5400085449219,382.2300109863281,377.8500061035156,379.2300109863281,74427200,0.001368400469142994,0.0013674650624644056,0.15863267313007934,0.20920384024692767,0.25772936583036354
2022-12-21,371.2695007324219,386.2300109863281,387.4100036621094,382.69000244140625,383.25,78167400,0.014952442091866303,0.014841756314111894,0.24515953678834304,0.2106831229426254,0.25924478807209034
2022-12-22,365.9729309082031,380.7200012207031,386.2099914550781,374.7699890136719,383.04998779296875,100120900,-0.014266135745262032,-0.014368875361936895,0.20467707515651637,0.21299511038685948,0.2582254672690504
2022-12-23,368.0781555175781,382.9100036621094,383.05999755859375,378.0299987792969,379.6499938964844,59857300,0.005752265272075174,0.005735784166452185,0.1833924911066471,0.21498184884935995,0.2544847586864266
2022-12-27,366.6265869140625,381.3999938964844,383.1499938964844,379.6499938964844,382.7900085449219,51638200,-0.0039435108803203,-0.00395130702221525,0.17289672143803558,0.2090239308116062,0.2523743202852042
2022-12-28,362.07025146484375,376.6600036621094,383.3900146484375,376.4200134277344,381.3299865722656,70911500,-0.01242787181496774,-0.012505743674206015,0.19613885978742554,0.2124023066829384,0.2484245547854915
2022-12-29,368.5875549316406,383.44000244140625,384.3500061035156,379.0799865722656,379.6300048828125,66970900,0.01800031517383771,0.017840227729302435,0.21285041393026782,0.1887382180881577,0.24317488949703123
2022-12-30,367.61669921875,382.42999267578125,382.5799865722656,378.42999267578125,380.6400146484375,84022200,-0.002634075107433076,-0.0026375503873759484,0.1820591278655442,0.1885476243327807,0.24318954290189934
2023-01-03,366.0690612792969,380.82000732421875,386.42999267578125,377.8299865722656,384.3699951171875,74850700,-0.004209882546862387,-0.004218769051922785,0.1790803162507395,0.1884290127044372,0.2423693692006188
2023-01-04,368.89520263671875,383.760009765625,385.8800048828125,380.0,383.17999267578125,85934100,0.007720189025949065,0.007690540861836688,0.18630678914004917,0.1837055583916435,0.23533256252898305
2023-01-05,364.68487548828125,379.3800048828125,381.8399963378906,378.760009765625,381.7200012207031,76970500,-0.011413395797773451,-0.01147902847194515,0.1816202763163331,0.1812625603870638,0.23605674115115435
2023-01-06,373.0478820800781,388.0799865722656,389.25,379.4100036621094,382.6099853515625,104189600,0.022932103899730993,0.02267311516744916,0.21012016211058135,0.2011227248597337,0.23972827621545487
2023-01-09,372.83636474609375,387.8599853515625,393.70001220703125,387.6700134277344,390.3699951171875,73978100,-0.0005668965891446609,-0.0005670573357700661,0.20748701287565874,0.1986356844667182,0.23956657339988016
2023-01-10,375.4509582519531,390.5799865722656,390.6499938964844,386.2699890136719,387.25,65358100,0.007012843096556365,0.006988367474913615,0.19860008645965796,0.19907211115711174,0.23431822132312388
2023-01-11,380.19964599609375,395.5199890136719,395.6000061035156,391.3800048828125,392.2300109863281,68881100,0.01264786371867066,0.012568547576673746,0.20556589258831087,0.1974570372962545,0.22997736795980256
2023-01-12,381.5838623046875,396.9599914550781,398.489990234375,392.4200134277344,396.6700134277344,90157700,0.003640782972808232,0.003634171365240132,0.14287901924033447,0.19584504450129966,0.22466514537290194
2023-01-13,383.0642395019531,398.5,399.1000061035156,393.3399963378906,393.6199951171875,63903900,0.0038795056884117773,0.003871999812680603,0.07732975170569126,0.19521634234828064,0.2236942469496383
2023-01-17,382.362548828125,397.7699890136719,400.2300109863281,397.05999755859375,398.4800109863281,62677300,-0.0018318970798698597,-0.001833577055333756,0.08364737123781278,0.17244991884675406,0.22311880510626858
2023-01-18,376.32574462890625,391.489990234375,400.1199951171875,391.2799987792969,399.010009765625,99632300,-0.015788015568668268,-0.015913973799226742,0.1668148315195378,0.17172746053037577,0.2250297361998434
2023-01-19,373.586181640625,388.6400146484375,391.0799865722656,387.260009765625,389.3599853515625,86958900,-0.007279817254666643,-0.007306444430314214,0.13201041044108539,0.17088452854312036,0.22054823612519
2023-01-20,380.5457458496094,395.8800048828125,396.0400085449219,388.3800048828125,390.1000061035156,91806400,0.018629039629190602,0.018457644417167424,0.20455849495838788,0.18164022415935893,0.2223248053520166
2023-01-23,385.1117248535156,400.6300048828125,402.6499938964844,395.7200012207031,396.7200012207031,84178800,0.011998585281936869,0.011927172921546549,0.22270458708458432,0.17918011199177947,0.2213308012813545
2023-01-24,384.6983642578125,400.20001220703125,401.1499938964844,397.6400146484375,398.8800048828125,59524900,-0.0010732912426442143,-0.00107386763214943,0.22214600787943717,0.1691737068401311,0.22069892034785735
2023-01-25,384.84259033203125,400.3500061035156,400.70001220703125,393.55999755859375,395.95001220703125,84800300,0.00037479733110745705,0.0003747271121324628,0.1660108158726257,0.1688816498615143,0.22033135882322025
2023-01-26,389.0721740722656,404.75,404.9200134277344,400.0299987792969,403.1300048828125,72287400,0.010990368001509987,0.010930412793652575,0.13133128207716258,0.16991928297807202,0.2162805775122122
2023-01-27,389.96612548828125,405.67999267578125,408.1600036621094,403.44000244140625,403.6600036621094,68346200,0.0022976965430050456,0.0022950608748414985,0.09678813281319736,0.15986372908543137,0.21567328011349118
2023-01-30,385.0732421875,400.5899963378906,405.1300048828125,400.2799987792969,402.79998779296875,74202000,-0.012546826143231882,-0.012626202210392873,0.13410291255073659,0.16072690094594233,0.21717874260843475
2023-01-31,390.73516845703125,406.4800109863281,406.5299987792969,400.7699890136719,401.1300048828125,86811800,0.014703349315466685,0.0145963030912504,0.16816264054101396,0.1654373379635425,0.21206179080480378
2023-02-01,394.88775634765625,410.79998779296875,413.6700134277344,402.3500061035156,405.2099914550781,101459200,0.010627771821197785,0.010571694025693542,0.17320400535962838,0.16514923751206478,0.2114655731436451
2023-02-02,400.6361999511719,416.7799987792969,418.30999755859375,412.8800048828125,414.8599853515625,101654500,0.01455698920162063,0.014452053374916023,0.18217595049082497,0.16896773140589608,0.2115069096091649
2023-02-03,396.37774658203125,412.3500061035156,416.9700012207031,411.0899963378906,411.5899963378906,94736800,-0.010629091340170427,-0.01068598363290454,0.21796349125884548,0.1680170239955447,0.21236824811605315
2023-02-06,393.9554138183594,409.8299865722656,411.2900085449219,408.1000061035156,409.7900085449219,60295300,-0.006111360480051453,-0.006130111277800135,0.19139138077658227,0.1566630349352912,0.2127481789117856
2023-02-07,399.1077880859375,415.19000244140625,416.489990234375,407.57000732421875,408.8699951171875,90990700,0.013078632712971272,0.012993845860082188,0.18637010200615733,0.16023621493106588,0.2090743554166025
2023-02-08,394.7436218261719,410.6499938964844,414.5299987792969,409.92999267578125,413.1300048828125,76227500,-0.010934773280246723,-0.010994997340289235,0.20241299832264964,0.16745424835462347,0.18073327584951235
2023-02-09,391.32147216796875,407.0899963378906,414.57000732421875,405.80999755859375,414.4100036621094,78694900,-0.00866917718618343,-0.00870697310092209,0.16005568642815443,0.16752626930459172,0.18075293228229106
2023-02-10,392.23468017578125,408.0400085449219,408.44000244140625,405.010009765625,405.8599853515625,70769700,0.0023336663037101246,0.0023309475334816784,0.15603767876528318,0.1673638422971839,0.17983798703042111
2023-02-13,396.8391418457031,412.8299865722656,412.9700012207031,408.239990234375,408.7200012207031,64913500,0.011738991096546858,0.011670623663536151,0.17686710970783617,0.17115260139612803,0.180554977390815
2023-02-14,396.6565856933594,412.6400146484375,415.04998779296875,408.510009765625,411.239990234375,88389300,-0.00046016987623753725,-0.0004602757868875422,0.14439677631230266,0.17083861729898303,0.17975150886006755
2023-02-15,397.9446716308594,413.9800109863281,414.05999755859375,409.4700012207031,410.3500061035156,61555700,0.0032473737163669636,0.003242112385601186,0.11641696210461402,0.15744987017770826,0.17965063284825686
2023-02-16,392.46539306640625,408.2799987792969,412.9100036621094,408.1400146484375,408.7900085449219,76431500,-0.013768810222142602,-0.013864479472520551,0.1469742153428962,0.16458810725721443,0.18196589455297202
2023-02-17,391.4848937988281,407.260009765625,407.510009765625,404.04998779296875,406.05999755859375,89257800,-0.002498258589011204,-0.0025013844442150304,0.1473585118967884,0.15405457639314696,0.18186971229686028
2023-02-21,383.63140869140625,399.0899963378906,404.1600036621094,398.82000732421875,403.05999755859375,82655900,-0.0200609272499801,-0.020264879913440236,0.1568927323801887,0.16677996502101555,0.18476536871809499
2023-02-22,383.1026916503906,398.5400085449219,401.1300048828125,397.0199890136719,399.5199890136719,83742300,-0.0013781046831931043,-0.0013790551427742468,0.15468499417979742,0.16680487056670576,0.184313393155023
2023-02-23,385.14056396484375,400.6600036621094,402.20001220703125,396.25,401.55999755859375,96242400,0.005319403502116682,0.005305305448697813,0.16368406526847454,0.1679475241802147,0.18465340901864236
2023-02-24,381.0263671875,396.3800048828125,397.25,393.6400146484375,395.4200134277344,108194400,-0.01068237093839386,-0.010739837078983187,0.15620889265624416,0.1669204124306772,0.1829904415110885
2023-02-27,382.3240661621094,397.7300109863281,401.2900085449219,396.75,399.8699951171875,80444700,0.0034058380515806785,0.0034000513205539825,0.16939751154424326,0.16725939383460064,0.18308338667131185
2023-02-28,380.9109802246094,396.260009765625,399.2799987792969,396.1499938964844,397.2300109863281,96438600,-0.0036959776232566854,-0.003702824624668304,0.10056688748285011,0.16193998185755107,0.171507924112611
2023-03-01,379.4498596191406,394.739990234375,396.69000244140625,393.3800048828125,395.4100036621094,99706800,-0.003835914535380569,-0.0038432905240252365,0.10200990923711788,0.15199817332637064,0.1716464003168901
2023-03-02,382.40093994140625,397.80999755859375,398.69000244140625,392.3299865722656,392.67999267578125,85127800,0.007777289862108905,0.007747202640651336,0.11370325781092276,0.14933889974965286,0.17247449908441076
2023-03-03,388.53387451171875,404.19000244140625,404.45001220703125,399.0299987792969,399.7099914550781,90120000,0.016037819365946948,0.015910572248883096,0.13211802379256354,0.1514932537769682,0.1716050200989583
2023-03-06,388.80303955078125,404.4700012207031,407.45001220703125,404.010009765625,405.04998779296875,72795900,0.0006927404874084164,0.0006925006534723625,0.13414918302676265,0.14771286704722045,0.16884492565504633
2023-03-07,382.8431396484375,398.2699890136719,404.6700134277344,397.6300048828125,404.4200134277344,108310600,-0.015328731891906533,-0.01544743147428181,0.18815129778777162,0.15552996273341604,0.17191320280542033
2023-03-08,383.4679870605469,398.9200134277344,399.7099914550781,396.5899963378906,398.3900146484375,74746600,0.0016321199989792756,0.0016307895385843638,0.18320037367017725,0.14652183637403166,0.1712134896345041
2023-03-09,376.3930358886719,391.55999755859375,401.4800109863281,390.5299987792969,399.739990234375,111945300,-0.01844985365837981,-0.018622175035731294,0.22330920868439375,0.15498956325096033,0.1748055196668778
2023-03-10,370.9619445800781,385.9100036621094,393.1600036621094,384.32000732421875,390.989990234375,189253000,-0.01442944614289643,-0.014534563011705798,0.15296823089786346,0.15946066420564126,0.17466213644517795
2023-03-13,370.43316650390625,385.3599853515625,390.3900146484375,380.6499938964844,381.80999755859375,157790000,-0.001425250201672501,-0.0014262668368289762,0.14480880027886914,0.1584518970568109,0.1738519122019098
2023-03-14,376.55645751953125,391.7300109863281,393.45001220703125,387.04998779296875,390.5,149752400,0.016530065073970368,0.016394930701474304,0.2212056785543178,0.16495181082262195,0.17690913413486348
2023-03-15,374.2013854980469,389.2799987792969,389.489990234375,383.7099914550781,385.8900146484375,172996900,-0.006254338800497861,-0.0062739791116780946,0.21716061581284854,0.1652314106290287,0.169917511964947
2023-03-16,380.76678466796875,396.1099853515625,396.4700012207031,386.2900085449219,386.82000732421875,143254200,0.01754517723408111,0.01739303757900711,0.22411563974741,0.17926327632186279,0.17008799109981476
2023-03-17,376.31463623046875,389.989990234375,394.3999938964844,388.54998779296875,393.2200012207031,140553400,-0.015450241961852518,-0.015570840749814475,0.22908827329538584,0.18083058237344546,0.17229419916974037
2023-03-20,379.9331359863281,393.739990234375,394.1700134277344,390.07000732421875,390.79998779296875,93055800,0.009615631410812231,0.009569695461115801,0.23170039075549734,0.1856569058881456,0.17330154094625774
2023-03-21,384.9218444824219,398.9100036621094,399.4100036621094,395.5799865722656,397.239990234375,91524200,0.013130526631691453,0.013045068527290258,0.22169046565887301,0.17898197611794142,0.17270759610060576
2023-03-22,378.3602294921875,392.1099853515625,402.489990234375,392.07000732421875,398.7300109863281,111746600,-0.017046497325513887,-0.017193461403886095,0.2622710818169437,0.18908939472222616,0.17384221219651086
2023-03-23,379.3830871582031,393.1700134277344,399.2900085449219,390.3500061035156,395.0899963378906,119351300,0.0027033947508923184,0.002699747151757449,0.22393859383818973,0.1881952410339698,0.17356212984366637
2023-03-24,381.8725891113281,395.75,395.8399963378906,389.3999938964844,391.8399963378906,107682400,0.006562012575101583,0.006540576296236363,0.18857337124217835,0.18625115398863193,0.17375992322747022
2023-03-27,382.5867004394531,396.489990234375,398.9200134277344,395.55999755859375,398.1199951171875,74010400,0.0018698426642451693,0.0018680966845833614,0.1791883357955763,0.1859507000592989,0.1716075144910578
2023-03-28,381.7279052734375,395.6000061035156,396.489990234375,393.69000244140625,395.7699890136719,62871700,-0.002244657249312332,-0.002247180268645281,0.14642831175094956,0.18565401403604978,0.1680158111093124
2023-03-29,387.2762451171875,401.3500061035156,401.6000061035156,398.67999267578125,399.92999267578125,77497900,0.014534883496678752,0.014430264607990103,0.09987736433988799,0.19196948558489332,0.1702715380405506
2023-03-30,389.54388427734375,403.70001220703125,404.3500061035156,401.760009765625,404.0899963378906,69840000,0.005855253688247242,0.005838178311722907,0.09847548053677077,0.19117514563729926,0.1702516304966764
2023-03-31,395.0343322753906,409.3900146484375,409.70001220703125,404.54998779296875,404.6600036621094,112062600,0.014094630342711634,0.013996224623975942,0.11695112344273376,0.18927092001986764,0.1717978217120545
2023-04-03,396.53961181640625,410.95001220703125,411.3699951171875,408.44000244140625,408.8500061035156,67391100,0.003810541299922532,0.0038032995781799427,0.1125580743487981,0.18960436113630702,0.1698710577132597
2023-04-04,394.339599609375,408.6700134277344,411.9200134277344,407.239990234375,411.6199951171875,66601500,-0.0055481170740256935,-0.005563565040138121,0.13098207351403565,0.1814450722581821,0.16449096879875397
2023-04-05,393.30712890625,407.6000061035156,408.70001220703125,405.8800048828125,407.9100036621094,65200200,-0.0026182672793729767,-0.002621700935942733,0.12155010489748323,0.18196593563411645,0.1646210334514158
2023-04-06,394.8414001464844,409.19000244140625,409.4800109863281,405.67999267578125,406.7699890136719,63743300,0.003900874175862601,0.003893285494786008,0.11954803185600123,0.16653582586119012,0.16424806186603702
2023-04-10,395.24664306640625,409.6099853515625,409.69000244140625,405.9700012207031,406.6099853515625,63681000,0.0010263762742257487,0.0010258499102318234,0.06566560230774152,0.15452108652260954,0.16240140800452257
2023-04-11,395.35284423828125,409.7200012207031,411.17999267578125,408.9200134277344,410.260009765625,59297900,0.0002685868828276039,0.0002685508198280116,0.05740760374325196,0.1539963049967191,0.16227779150329336
2023-04-12,393.7413024902344,408.04998779296875,412.1700134277344,407.44000244140625,411.8699951171875,86420400,-0.004075987071070042,-0.004084316547969953,0.049806537869258816,0.14750543051766035,0.16239651902434593
2023-04-13,398.97125244140625,413.4700012207031,413.8399963378906,407.989990234375,409.17999267578125,85814800,0.013282719249790409,0.01319527739381285,0.10232252811543932,0.14912993337562028,0.1644238343630002
2023-04-14,397.9967346191406,412.4599914550781,415.0899963378906,410.05999755859375,412.80999755859375,78161500,-0.0024427643181926806,-0.002445752734606423,0.10802602795600026,0.1401142612766717,0.16090962472478026
2023-04-17,399.42474365234375,413.94000244140625,413.9599914550781,411.0899963378906,412.3699951171875,66436400,0.003588253447581513,0.0035818310251139345,0.10870410485988682,0.12375691580851343,0.16009173458762643
2023-04-18,399.6853332519531,414.2099914550781,415.7200012207031,412.7799987792969,415.5799865722656,63560000,0.0006522418999843627,0.0006520292826832333,0.10832982451935684,0.12148652123400933,0.1559274232581204
2023-04-19,399.6178283691406,414.1400146484375,415.0799865722656,412.1600036621094,412.2200012207031,55227300,-0.0001689404120717164,-0.0001689546841105706,0.09704466711759446,0.11521620295741905,0.1541862759835165
2023-04-20,397.43701171875,411.8800048828125,413.70001220703125,410.2699890136719,411.2099914550781,75840400,-0.005457115192173623,-0.00547205963912668,0.05397295696839921,0.09527603861105774,0.15464723416592782
2023-04-21,397.7458190917969,412.20001220703125,412.67999267578125,410.1700134277344,412.19000244140625,73457400,0.0007769430912525355,0.0007766414272094301,0.05250018044312749,0.09545609484597264,0.15464826511411373
2023-04-24,398.1607360839844,412.6300048828125,413.07000732421875,410.6000061035156,411.989990234375,64332100,0.0010431651214151128,0.001042621402772541,0.043530557878286566,0.09425243142331143,0.1531160907090168
2023-04-25,391.8404235839844,406.0799865722656,411.1600036621094,406.0199890136719,410.5799865722656,97766700,-0.015873829418699414,-0.01600116801417094,0.11477773184644655,0.11406697332430289,0.15665892851942412
2023-04-26,390.18072509765625,404.3599853515625,407.8399963378906,403.7799987792969,406.7200012207031,80447000,-0.004235621743444495,-0.0042446173996722346,0.10982686694107238,0.11508225893558809,0.1546993188060109
2023-04-27,397.9484558105469,412.4100036621094,412.69000244140625,406.739990234375,407.0,92968400,0.01990804877378749,0.019712474971588356,0.20452800592864165,0.12435425159507896,0.1570761362145587
2023-04-28,401.344970703125,415.92999267578125,415.94000244140625,411.42999267578125,411.489990234375,89433100,0.008535168842693341,0.008498950231163765,0.21293823737060907,0.12597345818269556,0.15655046128768185
2023-05-01,400.93975830078125,415.510009765625,417.6199951171875,415.2699890136719,415.4700012207031,62122300,-0.0010097442299229487,-0.0010102543650607994,0.2138958304810013,0.11717228816660524,0.15372254054828255
2023-05-02,396.4334716796875,410.8399963378906,414.82000732421875,407.82000732421875,414.7699890136719,103998500,-0.011239232071373118,-0.011302869513427875,0.19122760652582524,0.12400762473668302,0.15390991307044682
2023-05-03,393.7123718261719,408.0199890136719,413.8699951171875,407.7699890136719,411.3599853515625,91531800,-0.006864003868551016,-0.006887669499263906,0.19776206024283283,0.12487963913050379,0.15404527280430352
2023-05-04,390.9237060546875,405.1300048828125,407.2699890136719,403.739990234375,406.92999267578125,94901900,-0.007082947425800068,-0.007108150576824931,0.12181402900753044,0.12708687460102205,0.15226020622789668
2023-05-05,398.1607360839844,412.6300048828125,413.7200012207031,408.6400146484375,408.9100036621094,87891800,0.018512575986983304,0.018343304165668557,0.18623439791758753,0.14279636946734964,0.15538713970741
2023-05-08,398.2668762207031,412.739990234375,413.239990234375,411.2799987792969,412.9700012207031,50046800,0.0002665471494098792,0.00026651163202968074,0.18670612719462232,0.14277897759059138,0.15430419501489373
2023-05-09,396.52032470703125,410.92999267578125,412.0899963378906,410.69000244140625,411.1300048828125,49220100,-0.004385321513347806,-0.004394965239957476,0.16908768334806906,0.1437836205787101,0.15452850080440897
2023-05-10,398.373046875,412.8500061035156,414.5400085449219,408.8699951171875,413.8800048828125,96142900,0.0046723613801760155,0.004661479781751272,0.1588285453252228,0.14372107894337682,0.15294987133314686
2023-05-11,397.67828369140625,412.1300048828125,412.42999267578125,409.9700012207031,411.95001220703125,70157100,-0.001743977740241598,-0.0017455002398152337,0.14241713066434503,0.1359063941459378,0.1529890940177364
2023-05-12,397.1572265625,411.5899963378906,413.6400146484375,409.07000732421875,413.4200134277344,70481500,-0.001310286896183177,-0.001311146072652117,0.05301246984010059,0.13571309298057382,0.15285886378511393
2023-05-15,398.5274353027344,413.010009765625,413.42999267578125,410.2300109863281,412.2200012207031,54289400,0.0034500678839837207,0.003444130053141995,0.06023297332991397,0.13566434142356557,0.15029442795753586
2023-05-16,395.8641662597656,410.25,412.82000732421875,410.239990234375,411.8599853515625,57705500,-0.006682670396272572,-0.006705099417769526,0.07221029985588595,0.13761403307890843,0.15086202968343435
2023-05-17,400.6695861816406,415.2300109863281,415.8599853515625,410.6400146484375,412.3500061035156,87287000,0.01213896645052559,0.012065880064935735,0.1124076631975469,0.14465400828232844,0.1466937832516826
2023-05-18,404.52935791015625,419.2300109863281,419.6700134277344,414.6700134277344,414.8999938964844,97177200,0.009633215071565893,0.009587111502516284,0.12236928946129966,0.14677806651937148,0.14776014555736078
2023-05-19,403.940673828125,418.6199951171875,420.7200012207031,417.3500061035156,420.1700134277344,103793300,-0.0014550863563069782,-0.0014561460225211089,0.12272599884619996,0.1470135959173581,0.14753767661454625
2023-05-22,404.1046447753906,418.7900085449219,420.3900146484375,417.3500061035156,418.6400146484375,60745400,0.0004061283018428341,0.0004060458540662169,0.12451930906615288,0.1470154621449463,0.14559184595983912
2023-05-23,399.569580078125,414.0899963378906,418.7200012207031,413.67999267578125,417.0799865722656,86383500,-0.011222837486886017,-0.01128628870935317,0.1484508188896504,0.14071154905066835,0.14761881269214724
2023-05-24,396.67474365234375,411.0899963378906,412.82000732421875,409.8800048828125,412.4200134277344,89213700,-0.007244801918740551,-0.0072711729419161625,0.1265901990451968,0.14259852096186276,0.1482502678374888
2023-05-25,400.10992431640625,414.6499938964844,416.1600036621094,412.4100036621094,414.739990234375,90961600,0.008659898295524604,0.008622616459603612,0.12109222277274893,0.12778051220378045,0.148850065051308
2023-05-26,405.2915954589844,420.0199890136719,420.7699890136719,415.25,415.3299865722656,93830000,0.012950669712364915,0.012867526857071395,0.16229859665613156,0.13236999500491084,0.15023130410101831
2023-05-30,405.4459533691406,420.17999267578125,422.5799865722656,418.739990234375,422.0299987792969,72216000,0.00038094297008361977,0.00038087042973229825,0.16230125248603686,0.13225303393414506,0.14694141798065358
2023-05-31,403.19769287109375,417.8500061035156,419.2200012207031,416.2200012207031,418.2799987792969,110811800,-0.005545210654671728,-0.005560642409936827,0.13918899911010116,0.12688401139851857,0.14749087389470436
2023-06-01,407.0284423828125,421.82000732421875,422.9200134277344,416.7900085449219,418.0899963378906,88865000,0.009501019894013307,0.009456169066444198,0.11975124715306487,0.12693477377610538,0.14476442712775606
2023-06-02,412.91461181640625,427.9200134277344,428.739990234375,423.95001220703125,424.5,91426200,0.014461158782416605,0.01435759348122755,0.13603294503310057,0.13009156043783265,0.14734388525304545
2023-06-05,412.12335205078125,427.1000061035156,429.6199951171875,426.3699951171875,428.2799987792969,65460200,-0.0019162630830240612,-0.0019181014640489555,0.13148567332461963,0.11708260914516537,0.1416262516863974
2023-06-06,413.0206604003906,428.0299987792969,428.5799865722656,425.989990234375,426.6700134277344,64022200,0.0021774588210983215,0.002175091593377299,0.1295416423367149,0.11696358065719027,0.13765658936298322
2023-06-07,411.5926208496094,426.54998779296875,429.6199951171875,426.1099853515625,428.44000244140625,85373300,-0.003457727240027575,-0.003463718994750308,0.12064551370377592,0.11635252944502247,0.13791897731915234
2023-06-08,414.0821533203125,429.1300048828125,429.6000061035156,425.82000732421875,426.6199951171875,61952800,0.0060485691329945634,0.006030349968389047,0.11333172120457442,0.1168890589641726,0.13480023846735373
2023-06-09,414.8251647949219,429.8999938964844,431.989990234375,428.8699951171875,429.9599914550781,85742800,0.0017943024372815142,0.001792694599673949,0.059250570022591285,0.11608389019730134,0.13381833437912002
2023-06-12,418.58837890625,433.79998779296875,433.8800048828125,430.1700134277344,430.9200134277344,76104300,0.009071863112013467,0.009030960948294134,0.07505188967105342,0.11783215199297568,0.13067813347606827
2023-06-13,421.34808349609375,436.6600036621094,437.3299865722656,434.6300048828125,435.32000732421875,95899700,0.006592936721117493,0.006571298368602579,0.07802101292166516,0.11863958313265545,0.12611196460318774
2023-06-14,421.849853515625,437.17999267578125,439.05999755859375,433.5899963378906,437.010009765625,100612100,0.0011908327057914558,0.00119012422692229,0.05297879354111914,0.11346109833117687,0.12509588123846213
2023-06-15,427.079833984375,442.6000061035156,443.8999938964844,436.2300109863281,436.3299865722656,110303100,0.012397670338390565,0.012321448558557475,0.0753603633361471,0.113729904324904,0.12482517139918989
2023-06-16,425.6251220703125,439.4599914550781,443.6099853515625,438.9700012207031,443.0199890136719,114165800,-0.007094474932526573,-0.007119760382108064,0.12087524579860401,0.11669245130704398,0.11991214825790461
2023-06-20,423.4168701171875,437.17999267578125,438.3699951171875,435.0299987792969,437.45001220703125,76160400,-0.0051881828235322835,-0.005201688176449508,0.1285043775182039,0.11904909353533125,0.12077733587710753
2023-06-21,421.2474060058594,434.94000244140625,436.989990234375,434.3299865722656,436.1600036621094,76982300,-0.005123725403500368,-0.005136896694487098,0.12656257984019398,0.12173346331004484,0.1211769313450312
2023-06-22,422.7679443359375,436.510009765625,436.6199951171875,433.6000061035156,433.95001220703125,70637200,0.0036097101103738094,0.0036032107426930415,0.13005161846945223,0.11138898945465482,0.12124708657678222
2023-06-23,419.5718688964844,433.2099914550781,435.05999755859375,432.4700012207031,432.92999267578125,92074500,-0.007560006040454259,-0.007588727735143791,0.0721986187264615,0.11176866546832953,0.12245961737903162
2023-06-26,417.8575744628906,431.44000244140625,434.6099853515625,431.19000244140625,432.6199951171875,72823600,-0.004085752980273583,-0.004094122473882703,0.06778471790976369,0.11182653073230062,0.11997352311925862
2023-06-27,422.4386901855469,436.1700134277344,436.80999755859375,431.8800048828125,432.3500061035156,72813700,0.010963311143060928,0.010903649709285458,0.1207770363673107,0.10948439788915086,0.12125139543760215
2023-06-28,422.6517639160156,436.3900146484375,437.44000244140625,434.4100036621094,435.04998779296875,75636000,0.0005043932731050305,0.0005042661095765424,0.11343947416343728,0.10946276531818515,0.11832974134374545
2023-06-29,424.3175354003906,438.1099853515625,438.2799987792969,435.5400085449219,435.9599914550781,67882300,0.003941361271775801,0.003933614456099705,0.11400135648137823,0.10602252483536265,0.1183429248969242
2023-06-30,429.3248596191406,443.2799987792969,444.29998779296875,441.1099853515625,441.44000244140625,104964000,0.011800720368392525,0.011731634842625023,0.10749134346505189,0.10832309604957772,0.11950652009140421
2023-07-03,429.8187561035156,443.7900085449219,444.0799865722656,442.6300048828125,442.9200134277344,32793400,0.0011505363811348257,0.0011498750213830315,0.08484425250095638,0.09884810035323,0.11922010609690561
2023-07-05,429.17950439453125,443.1300048828125,443.8900146484375,441.8999938964844,441.9100036621094,58418400,-0.00148719811037068,-0.001488305087145732,0.08201586997812134,0.0986440471396568,0.11925295801764169
2023-07-06,425.81878662109375,439.6600036621094,440.1000061035156,437.05999755859375,439.4200134277344,80658300,-0.007830661842952336,-0.007861482478151452,0.11427950591239107,0.10445701520006842,0.12073088704338586
2023-07-07,424.74371337890625,438.54998779296875,442.6400146484375,438.29998779296875,438.6300048828125,86134200,-0.00252471423348688,-0.0025279066989746814,0.11479152087690907,0.10393770296955727,0.12095686576954523
2023-07-10,425.81878662109375,439.6600036621094,439.8399963378906,437.5899963378906,438.17999267578125,62443500,0.0025311045491687167,0.0025279066989747885,0.0638310599480622,0.10259742701421043,0.12049680375044762
2023-07-11,428.5306701660156,442.4599914550781,442.9700012207031,439.44000244140625,440.45001220703125,64463800,0.006368529703967729,0.00634833630815346,0.08522785673495112,0.1042012171290876,0.11839481081338167
2023-07-12,431.9785461425781,446.0199890136719,447.4800109863281,444.9100036621094,446.3900146484375,91924500,0.008045919692956538,0.008013723862516888,0.10368775200592852,0.1032767990388796,0.11898477601665043
2023-07-13,435.4071350097656,449.55999755859375,450.3800048828125,447.45001220703125,447.8999938964844,72425200,0.007936883171425269,0.007905551787355664,0.07127203644177346,0.10426861457381258,0.11966634823230655
2023-07-14,435.1359558105469,449.2799987792969,451.3599853515625,448.489990234375,450.4800109863281,69815800,-0.0006228285007950918,-0.0006230225390383416,0.05989101159963398,0.10452818159963516,0.11972780135620206
2023-07-17,436.6468200683594,450.8399963378906,451.92999267578125,449.0799865722656,449.1300048828125,52680200,0.003472216797614669,0.003466202570648931,0.057953497224462316,0.09664653346776089,0.11976200338779672
2023-07-18,439.8913269042969,454.19000244140625,454.8599853515625,450.04998779296875,450.5,80668200,0.007430587638025177,0.007403116820647034,0.059924394993908274,0.09433958083793362,0.11950601065427056
2023-07-19,440.8695373535156,455.20001220703125,456.42999267578125,454.1099853515625,455.010009765625,65891700,0.002223760453105239,0.0022212915573065956,0.05703112918461297,0.0908042033905924,0.11949863742322246
2023-07-20,437.944580078125,452.17999267578125,455.1000061035156,451.44000244140625,454.1700134277344,70591600,-0.006634489126235876,-0.006656595178376628,0.08313292100401491,0.09253645436149953,0.12070248078621194
2023-07-21,437.944580078125,452.17999267578125,454.1700134277344,452.1700134277344,453.9599914550781,71275600,0.0,0.0,0.08240451631564794,0.09256326700529773,0.11510327507649697
2023-07-24,439.9010314941406,454.20001220703125,455.0400085449219,452.29998779296875,453.3699951171875,54023400,0.004467290822171233,0.00445734209675547,0.08433377930744396,0.08606940077165451,0.11453409227375448
2023-07-25,441.10198974609375,455.44000244140625,456.739990234375,453.8699951171875,453.9200134277344,55191200,0.00273005328280318,0.002726333456018575,0.06875443367789387,0.0826156486011396,0.10840043017253706
2023-07-26,441.1698303222656,455.510009765625,456.989990234375,453.3800048828125,454.4700012207031,71052900,0.00015371360408278356,0.00015370179135724575,0.0671352735556533,0.07709751648808481,0.10749510380999554
2023-07-27,438.244873046875,452.489990234375,459.44000244140625,451.54998779296875,459.0199890136719,92194400,-0.006629974021435614,-0.006652049928426125,0.06710630207086583,0.08309861423186204,0.10867652116356465
2023-07-28,442.535400390625,456.9200134277344,457.7799987792969,452.489990234375,455.8800048828125,80011800,0.009790323076682261,0.009742708386939452,0.09549336752836063,0.0875076244426217,0.10669278960440715
2023-07-31,443.3780517578125,457.7900085449219,458.1600036621094,456.04998779296875,457.4100036621094,62040400,0.0019040424836307412,0.0019022320924179325,0.09319044227769127,0.07977549117408463,0.10515534888621107
2023-08-01,442.1092834472656,456.4800109863281,457.25,455.489990234375,456.2699890136719,55291500,-0.002861568697747563,-0.0028656708129788785,0.09720585923023768,0.0813409995353855,0.10395247780113061
2023-08-02,435.95916748046875,450.1300048828125,453.5199890136719,449.3500061035156,453.25,93933400,-0.013910808689727716,-0.01400847075222544,0.1417650256009982,0.09774417360644952,0.10335516219310815
2023-08-03,434.70977783203125,448.8399963378906,450.7900085449219,447.3699951171875,448.0400085449219,64276100,-0.0028658577098359395,-0.0028699721428423856,0.13704252057497934,0.09339797826836731,0.10370780952366311
2023-08-04,432.7436828613281,446.80999755859375,452.8999938964844,446.2699890136719,450.7200012207031,100128900,-0.004522767123829707,-0.004533025778414631,0.09281008168314146,0.09467445453463326,0.10374112594750548
2023-08-07,436.5208740234375,450.7099914550781,450.8699951171875,447.989990234375,448.7099914550781,58357500,0.008728528720920004,0.008690655340468388,0.12802723608980532,0.09850139091884692,0.10460796849362655
2023-08-08,434.62261962890625,448.75,450.70001220703125,445.2699890136719,448.0799865722656,71361300,-0.004348675405997704,-0.0043581583971775105,0.12828063381150315,0.09847020095752489,0.10508610517137358
2023-08-09,431.7170104980469,445.75,449.20001220703125,444.9599914550781,449.0299987792969,78789600,-0.006685236768802283,-0.006707683059238894,0.09694390947376379,0.0978430867838003,0.10626030391242572
2023-08-10,431.87200927734375,445.9100036621094,451.70001220703125,444.70001220703125,448.19000244140625,93005500,0.0003589538129207259,0.0003588894044134793,0.09773220610143617,0.09328575163267157,0.10618607151995559
2023-08-11,431.62017822265625,445.6499938964844,446.70001220703125,443.3500061035156,443.9700012207031,68690900,-0.0005830991982453959,-0.0005832692666972918,0.09345471994999613,0.09328464082692832,0.10495446041446456
2023-08-14,434.0027770996094,448.1099853515625,448.1099853515625,444.3800048828125,444.70001220703125,47867400,0.005520007828496709,0.005504828419965597,0.07448534224891094,0.09467717394445439,0.10294316958825615
2023-08-15,428.9471130371094,442.8900146484375,446.6400146484375,442.29998779296875,446.2699890136719,75707500,-0.011648860489082202,-0.011717240012162844,0.10604581894316426,0.09829212161703647,0.10483302226121188
2023-08-16,425.7994079589844,439.6400146484375,444.17999267578125,439.5299987792969,442.4599914550781,80107200,-0.007338164990194795,-0.007365221768905127,0.10772851811244369,0.09966993777157662,0.10609573862356933
2023-08-17,422.554931640625,436.2900085449219,441.42999267578125,435.75,441.1600036621094,95711300,-0.007619884432481627,-0.00764906407671764,0.1081206647295638,0.10037913046236559,0.10750380553850748
2023-08-18,422.7582702636719,436.5,437.57000732421875,433.010009765625,433.3699951171875,98852000,0.00048131162979969666,0.00048119583651082097,0.11069777767692432,0.10050730521154534,0.1045731758016135
2023-08-21,425.5089111328125,439.3399963378906,440.1099853515625,435.32000732421875,437.54998779296875,68719000,0.0065062917248353,0.0064852171709036625,0.11616789809645395,0.10241203044781341,0.10379149014471575
2023-08-22,424.3563232421875,438.1499938964844,441.17999267578125,437.57000732421875,441.17999267578125,64994200,-0.002708613946659777,-0.0027122888788976324,0.09366112972480678,0.10113184915763315,0.10288168990289037
2023-08-23,429.08270263671875,443.0299987792969,443.6700134277344,439.1000061035156,439.25,68441000,0.011137749516813678,0.01107618151551332,0.1174702282092112,0.11106774091148293,0.10205525816202078
2023-08-24,423.135986328125,436.8900146484375,445.2200012207031,436.8599853515625,444.69000244140625,88517300,-0.013859070825400499,-0.013956004395686512,0.15199793969788086,0.11843953258230006,0.10649314579160549
2023-08-25,426.1190185546875,439.9700012207031,441.29998779296875,435.0,438.67999267578125,102325100,0.007049798505337934,0.007025064852663816,0.15947333009274964,0.11529171368938353,0.10648171616016927
2023-08-28,428.8211975097656,442.760009765625,443.3999938964844,439.9700012207031,442.239990234375,61595400,0.006341360859106304,0.0063213390295188574,0.15915993686168775,0.11824882411650688,0.10559084700047813
2023-08-29,435.01971435546875,449.1600036621094,449.45001220703125,442.4599914550781,442.6499938964844,83081900,0.014454769525983568,0.014351295283905607,0.17561557708057995,0.13103917221171582,0.1055873956498488
2023-08-30,436.8114318847656,451.010009765625,451.6700134277344,448.7799987792969,449.510009765625,69053900,0.004118813092065299,0.004110354001076374,0.1670969125816364,0.1223249530682183,0.1056455423870609
2023-08-31,436.1722412109375,450.3500061035156,452.8299865722656,450.1600036621094,451.6499938964844,66084600,-0.0014633902747576144,-0.0014644620760757739,0.09055550877776045,0.12197394344480723,0.1057223552423744
2023-09-01,436.98577880859375,451.19000244140625,453.6700134277344,449.67999267578125,453.1700134277344,58944100,0.0018652077861802674,0.0018634704461354505,0.09445151867640815,0.12081199028267414,0.10535763779907122
2023-09-05,435.09716796875,449.239990234375,451.05999755859375,449.1700134277344,450.7300109863281,55166200,-0.0043219313293283435,-0.004331297871981201,0.11364738009751144,0.11789254704209383,0.10535768394040974
2023-09-06,432.1722717285156,446.2200012207031,448.510009765625,443.80999755859375,448.3999938964844,70758500,-0.006722440297659893,-0.006745137677816119,0.07016456821746352,0.11931491797400089,0.10644867680242555
2023-09-07,430.84539794921875,444.8500061035156,445.54998779296875,442.75,443.1099853515625,70355400,-0.003070223462506516,-0.0030749462677503296,0.05113460530820551,0.11740186028087242,0.10524800108293966
2023-09-08,431.4942932128906,445.5199890136719,447.1099853515625,444.5299987792969,444.8999938964844,61659700,0.0015060872225780564,0.0015049542106842105,0.05950044994932243,0.11753182189641322,0.10449255289172835
2023-09-11,434.33209228515625,448.45001220703125,448.7699890136719,446.4700012207031,448.239990234375,60180100,0.006576636886363119,0.006555105162656671,0.0838219740287089,0.11980659170259672,0.10525579364892254
2023-09-12,431.949462890625,445.989990234375,448.5299987792969,445.3900146484375,446.95001220703125,67565400,-0.005485610225651083,-0.005500711436984432,0.08691225519102666,0.1198504084871433,0.10296381357301838
2023-09-13,432.4531555175781,446.510009765625,447.7099914550781,445.0799865722656,446.2200012207031,60199300,0.001165989243338661,0.0011653100058186942,0.07370155254583866,0.11194709410164407,0.10186731414598099
2023-09-14,436.1819152832031,450.3599853515625,451.0799865722656,447.7200012207031,449.07000732421875,83430800,0.008622372403159329,0.008585412055525241,0.08703943592079616,0.11157667262650826,0.10262278786765992
2023-09-15,430.9266357421875,443.3699951171875,447.4800109863281,442.9200134277344,447.1400146484375,111848900,-0.015520895420845227,-0.01564260552722776,0.1564072741381665,0.1230112413796899,0.10724001463892194
2023-09-18,431.17938232421875,443.6300048828125,444.9700012207031,442.55999755859375,443.04998779296875,55752200,0.0005864396970667318,0.0005862678085058179,0.14353148323170947,0.12300813984967576,0.10702351609165855
2023-09-19,430.28521728515625,442.7099914550781,443.2900085449219,439.94000244140625,442.67999267578125,66514600,-0.0020738304839804655,-0.0020759838480750876,0.1405396485998953,0.12151424616718563,0.10588487115250032
2023-09-20,426.3294982910156,438.6400146484375,444.44000244140625,438.42999267578125,444.010009765625,82562600,-0.009193324942280201,-0.009235844351152545,0.1474513173181474,0.1258467034521252,0.1073235594982276
2023-09-21,419.2828369140625,431.3900146484375,435.9700012207031,431.2300109863281,435.70001220703125,104095800,-0.016528359834683037,-0.016666477191231367,0.12347997650480741,0.13200415607843044,0.11048898586323737
2023-09-22,418.340087890625,430.4200134277344,434.1000061035156,429.989990234375,432.45001220703125,100829700,-0.0022485481530990503,-0.0022510799334294423,0.11141885523244334,0.1234160464808779,0.11055998504262422
2023-09-25,420.0993347167969,432.2300109863281,432.2699890136719,428.7200012207031,429.1700134277344,70874500,0.004205189122549191,0.0041963720245047674,0.12662727224116255,0.12144644612864383,0.11060354815251895
2023-09-26,413.9275817871094,425.8800048828125,429.82000732421875,425.0199890136719,429.0899963378906,96168400,-0.014691266090073651,-0.014800251479124848,0.1384752303631686,0.12779458069122876,0.11171274147209763
2023-09-27,414.0927429199219,426.04998779296875,427.6700134277344,422.2900085449219,427.0899963378906,104705800,0.00039913334321250993,0.0003990537106883037,0.1484992994967299,0.11293139695928016,0.1116711630386868
2023-09-28,416.4934387207031,428.5199890136719,430.25,424.8699951171875,425.4800109863281,92258300,0.005797444646104211,0.005780704134190364,0.1295471853259375,0.11440192922643937,0.11243742080425433
2023-09-29,415.4826965332031,427.4800109863281,431.8500061035156,425.9100036621094,431.6700134277344,115111300,-0.0024269066881511536,-0.002429856399603727,0.1296330151571242,0.11433088289495284,0.11147755682740194
2023-10-02,415.3173828125,427.30999755859375,428.6000061035156,424.4599914550781,426.6199951171875,83798600,-0.00039771082475204,-0.00039778993267751666,0.12102000730578608,0.11343673957607861,0.11139490322733926
2023-10-03,409.7579345703125,421.5899963378906,427.3699951171875,420.17999267578125,425.05999755859375,103760600,-0.013386069255070021,-0.01347647032989409,0.11246081843898262,0.119636210032234,0.11436716188387204
2023-10-04,412.74176025390625,424.6600036621094,425.42999267578125,420.55999755859375,422.07000732421875,87453000,0.007281973839242228,0.007255588282934912,0.1308087522228233,0.12432706438905619,0.11462079169942554
2023-10-05,412.5862731933594,424.5,425.3699951171875,421.1700134277344,424.3599853515625,70142700,-0.0003767806262175988,-0.0003768516258725016,0.11844758282561006,0.12452344390652108,0.11318204322231211
2023-10-06,417.4848327636719,429.5400085449219,431.1300048828125,420.6000061035156,421.9700012207031,113273300,0.011872811648814707,0.011802882777938796,0.15252027099781978,0.13376449159461337,0.11473710923128899
2023-10-09,420.1576232910156,432.2900085449219,432.8800048828125,427.010009765625,427.5799865722656,80374400,0.00640219757250482,0.0063817905591359225,0.156262072933915,0.13362179744858074,0.11566692836698934
2023-10-10,422.344482421875,434.5400085449219,437.2200012207031,432.5299987792969,432.94000244140625,78607300,0.00520483924107662,0.0051913408829109865,0.0695137164229874,0.1351131094838688,0.11598226967034203
2023-10-11,424.0745544433594,436.32000732421875,436.5799865722656,433.17999267578125,435.6400146484375,62451700,0.004096282837700693,0.004087915912236972,0.06969271545543185,0.13621429909929858,0.11519987995084713
2023-10-12,421.4892272949219,433.6600036621094,437.3399963378906,431.2300109863281,436.95001220703125,81154200,-0.006096451268467251,-0.006115110502897607,0.10346980780483951,0.1322091433343307,0.11557278615573431
2023-10-13,419.3898010253906,431.5,436.45001220703125,429.8800048828125,435.2099914550781,95143100,-0.004980868984616693,-0.004993314857244581,0.09477321296143813,0.12256865024149455,0.11526312649143393
2023-10-16,423.8023681640625,436.0400085449219,437.1400146484375,433.57000732421875,433.82000732421875,75433200,0.010521456651035654,0.01046649133332179,0.11242234632469933,0.12946944214798736,0.1175391229494194
2023-10-17,423.78289794921875,436.0199890136719,438.1400146484375,432.45001220703125,432.80999755859375,75324700,-4.591214305493807e-05,-4.5913197049638914e-05,0.10833007774855408,0.12941767844723773,0.11707197867056364
2023-10-18,418.135986328125,430.2099914550781,435.17999267578125,429.0899963378906,434.19000244140625,93559800,-0.013325071567788949,-0.013414646956172782,0.14021199020199296,0.13382206612993558,0.11970919983296185
2023-10-19,414.4620666503906,426.42999267578125,432.82000732421875,425.7300109863281,430.95001220703125,121323000,-0.008786403975676982,-0.00882523202971711,0.14544623261709336,0.12417028414166205,0.12076530294178411
2023-10-20,409.3691711425781,421.19000244140625,426.5400085449219,421.0799865722656,425.9800109863281,123919900,-0.01228804334679856,-0.012364165589842322,0.1593968976998809,0.13097971119995996,0.12244277980202076
2023-10-23,408.6596374511719,420.4599914550781,424.45001220703125,417.79998779296875,419.6099853515625,92035100,-0.0017332106225139698,-0.0017347143698367156,0.09687109763519765,0.1294920250621055,0.12030442322219838
2023-10-24,411.74066162109375,423.6300048828125,424.82000732421875,420.739990234375,422.6499938964844,78564200,0.0075393937405647815,0.007511114561209817,0.13837470867336005,0.12287416762206095,0.12150240012367199
2023-10-25,405.8312683105469,417.54998779296875,421.9200134277344,417.0199890136719,421.8900146484375,94223200,-0.014352187096675628,-0.014456175911054608,0.14214797594224593,0.1327289873070214,0.12442998232211931
2023-10-26,400.9716491699219,412.54998779296875,417.3299865722656,411.6000061035156,416.45001220703125,115156800,-0.011974614168780984,-0.012046887403205692,0.14794125702733085,0.1356884414216969,0.12364927074441395
2023-10-27,399.15411376953125,410.67999267578125,414.6000061035156,409.2099914550781,414.19000244140625,107367700,-0.004532772203415858,-0.004543076364740735,0.13895005568444288,0.13600506821139693,0.12377863753040559
2023-10-30,403.9263000488281,415.5899963378906,416.67999267578125,412.2200012207031,413.55999755859375,86562700,0.011955789786880722,0.011884883929670366,0.18534298824294437,0.14464372525991404,0.12659065192453794
2023-10-31,406.4631042480469,418.20001220703125,418.5299987792969,414.2099914550781,416.17999267578125,79665200,0.006280266349381947,0.006260627657925518,0.18132912316969868,0.139651530731644,0.12587506438361304
2023-11-01,410.79791259765625,422.6600036621094,423.5,418.6499938964844,419.20001220703125,98068100,0.010664732962442303,0.010608265814448672,0.164428907049871,0.14256700100597866,0.12801422804411758
2023-11-02,418.6705627441406,430.760009765625,430.9200134277344,426.55999755859375,426.5799865722656,94938900,0.019164354406221662,0.018983031132927274,0.1376688133512657,0.15803664007651233,0.13381598012699292
2023-11-03,422.49029541015625,434.69000244140625,436.2900085449219,433.010009765625,433.1400146484375,100167800,0.009123392577504053,0.009082025844375438,0.07535957798544989,0.15578774548772498,0.13526098423181515
2023-11-06,423.4621887207031,435.69000244140625,436.1499938964844,433.67999267578125,435.4700012207031,67831700,0.002300489991450494,0.002297847915620259,0.09839665396465838,0.15444473569455985,0.135375387537917
2023-11-07,424.6673889160156,436.92999267578125,437.5899963378906,434.510009765625,435.69000244140625,64256100,0.0028460378421049093,0.00284199554427769,0.10790354569428817,0.153699742916915,0.1349907013818787
2023-11-08,424.97845458984375,437.25,438.0899963378906,434.8699951171875,437.54998779296875,61746000,0.0007323995367289893,0.0007321314630716516,0.11942528945173903,0.1530556221932444,0.13293653064389138
2023-11-09,421.6641540527344,433.8399963378906,438.4700012207031,433.3999938964844,438.42999267578125,83174400,-0.007798750513686392,-0.007829319807058255,0.09640489640388591,0.15409722199810225,0.13304652710804823
2023-11-10,428.244140625,440.6099853515625,440.92999267578125,433.8299865722656,435.9800109863281,89462200,0.01560480608246917,0.01548430309641447,0.13242594755552206,0.16219102826957296,0.13594557234834181
2023-11-13,427.8359680175781,440.19000244140625,441.3299865722656,438.4200134277344,439.2300109863281,52236100,-0.0009531851844464256,-0.000953639754326823,0.13504234375538943,0.1584140512686381,0.13596308398036092
2023-11-14,436.1362609863281,448.7300109863281,450.05999755859375,446.0899963378906,446.32000732421875,97176900,0.019400732632628648,0.019214937613587866,0.1826764786294421,0.17176706126705948,0.1409131343945301
2023-11-15,437.0596008300781,449.67999267578125,451.3800048828125,448.79998779296875,450.1099853515625,77327600,0.0021170451411640645,0.0021148073588667295,0.18073759401809752,0.16255691707409153,0.1408119328428532
2023-11-16,437.5941467285156,450.2300109863281,450.55999755859375,448.1199951171875,449.2200012207031,66665800,0.001223132715498565,0.00122238529807709,0.1465335782255448,0.15733646691874897,0.13906802019763706
2023-11-17,438.1383972167969,450.7900085449219,451.4200134277344,449.2900085449219,450.239990234375,83133200,0.0012438032670611943,0.0012430303845870662,0.13121411542612751,0.14712149060603977,0.13587967012311158
2023-11-20,441.51104736328125,454.260009765625,455.1300048828125,450.5199890136719,450.5299987792969,69936200,0.00769760011297449,0.007668124752286348,0.12233109886192238,0.1465573449475953,0.13601744211300804
2023-11-21,440.5487976074219,453.2699890136719,454.1300048828125,451.9599914550781,453.17999267578125,49244600,-0.0021794142796411897,-0.0021817926592202913,0.056574867748332494,0.14739620142264417,0.13558742837432416
2023-11-22,442.24969482421875,455.0199890136719,456.3800048828125,453.8900146484375,454.9800109863281,59394900,0.0038608335923762116,0.0038533997022272832,0.058097280167331594,0.13147710733004264,0.1326457639659663
2023-11-24,442.5218505859375,455.29998779296875,455.5,454.7300109863281,455.07000732421875,29737400,0.0006153548988119262,0.0006151656456207858,0.058999953672100945,0.11754514196960825,0.13240065671254966
2023-11-27,441.724853515625,454.4800109863281,455.489990234375,454.0799865722656,454.6499938964844,50506000,-0.0018009594303206589,-0.0018025831074994956,0.06580971261836778,0.11499063564362902,0.13242016344829557
2023-11-28,442.1622009277344,454.92999267578125,456.2699890136719,453.5,454.0799865722656,62115000,0.000990102267592663,0.0009896124396357015,0.03870708096120071,0.11290749355010303,0.13238403304954932
2023-11-29,441.8511962890625,454.6099853515625,458.32000732421875,454.20001220703125,457.1499938964844,63146000,-0.0007034210304239785,-0.0007036685470760853,0.033869047062079986,0.1141843736428795,0.13206937085537468
2023-11-30,443.5909729003906,456.3999938964844,456.760009765625,453.3399963378906,455.4800109863281,79752700,0.003937459806426347,0.003929728299914877,0.03433347795185876,0.11162523279857749,0.13148300546570085
2023-12-01,446.2152404785156,459.1000061035156,459.6499938964844,455.1600036621094,455.7699890136719,89183400,0.005915890103284305,0.005898459934950831,0.050911165805974774,0.09675478604884022,0.1317628435468718
2023-12-04,443.872802734375,456.69000244140625,459.1199951171875,454.3399963378906,455.6000061035156,72430900,-0.005249408908885922,-0.005263235464555216,0.06860307940532435,0.09854310820386593,0.13227703707991756
2023-12-05,443.78533935546875,456.6000061035156,457.5899963378906,454.8699951171875,455.260009765625,69793500,-0.00019706220282800224,-0.00019708162213514347,0.06909741120749106,0.09899734656473506,0.13166020532379233
2023-12-06,441.9970703125,454.760009765625,458.8399963378906,454.30999755859375,458.80999755859375,69124700,-0.004029777295871284,-0.004037918727864448,0.07706010703647509,0.10151827454029777,0.1314188358095917
2023-12-07,445.36962890625,458.2300109863281,458.8999938964844,456.2900085449219,456.9100036621094,66995400,0.007630400972353568,0.007601436708841672,0.0916800204663533,0.10329337736832145,0.13225397754776058
2023-12-08,447.2843017578125,460.20001220703125,460.75,457.2099914550781,457.4599914550781,83194400,0.004299153642212783,0.004289938682770291,0.08661623297722278,0.0961762750104142,0.13141318501230206
2023-12-11,449.02410888671875,461.989990234375,462.1700134277344,459.4700012207031,459.69000244140625,65002200,0.003889565362589442,0.003882020560905879,0.07142303089364684,0.08419112011502794,0.1272849240947706
2023-12-12,451.0749206542969,464.1000061035156,464.20001220703125,460.6000061035156,461.6300048828125,68327600,0.004567232870283933,0.004556834710761382,0.06884722185161804,0.08357658851103723,0.12753154889286294
2023-12-13,457.29522705078125,470.5,470.760009765625,464.1199951171875,464.489990234375,93278000,0.013790118104538118,0.013695899627010042,0.06547267437149178,0.07030617264915655,0.1301079078014429
2023-12-14,458.76287841796875,472.010009765625,473.7300109863281,469.25,472.5,119026000,0.003209372509298536,0.003204233465814398,0.06942648240331913,0.07036031759131163,0.12840848873657665
2023-12-15,458.0075988769531,469.3299865722656,470.70001220703125,467.42999267578125,469.489990234375,141553700,-0.00567789482831127,-0.0056940753497524595,0.10909540496471501,0.07598445319344369,0.12376468864524671
2023-12-18,460.5838317871094,471.9700012207031,472.9800109863281,469.8900146484375,470.9800109863281,70375300,0.0056250713228847005,0.005609309688445641,0.109735848458515,0.0769234258992637,0.12382129425868402
2023-12-19,463.3846130371094,474.8399963378906,474.9200134277344,472.45001220703125,472.5299987792969,55761800,0.0060808846108111325,0.0060624706430893955,0.11049788797105695,0.07563646365157027,0.12405139676779767
2023-12-20,456.96337890625,468.260009765625,475.8999938964844,467.82000732421875,473.9599914550781,102921000,-0.013857271129248727,-0.013954179408550985,0.13772262706761776,0.09402258410528427,0.12358584810142346
2023-12-21,461.2962951660156,472.70001220703125,472.9800109863281,468.8399963378906,471.3299865722656,86667500,0.00948191677446153,0.009437245558765753,0.15553663367853446,0.09779012763291486,0.12460053050417473
2023-12-22,462.22332763671875,473.6499938964844,475.3800048828125,471.70001220703125,473.8599853515625,67160400,0.0020096925426713597,0.0020076758121667965,0.14619185674189178,0.09767118914878391,0.12431645769780743
2023-12-26,464.1750793457031,475.6499938964844,476.5799865722656,473.989990234375,474.07000732421875,55387000,0.004222527236930729,0.004213637385105742,0.14424307334428874,0.09691626667809061,0.12412633138813516
2023-12-27,465.01434326171875,476.510009765625,476.6600036621094,474.8900146484375,475.44000244140625,68000300,0.0018080855254416495,0.0018064529064549342,0.13892786501937554,0.09681574064347317,0.1240433550591318
2023-12-28,465.1899719238281,476.69000244140625,477.54998779296875,476.260009765625,476.8800048828125,77158100,0.00037773115379002853,0.0003776598313376663,0.05644990385207769,0.09644360627864315,0.11992927639208294
2023-12-29,463.84326171875,475.30999755859375,477.0299987792969,473.29998779296875,476.489990234375,122283100,-0.002894973411954771,-0.0028991719525495417,0.04164815070855894,0.09801356200775141,0.1198512739559696
2024-01-02,461.2474365234375,472.6499938964844,473.6700134277344,470.489990234375,472.1600036621094,123623700,-0.005596355380219964,-0.005612073647762583,0.06156763443409688,0.10047318611908024,0.1207488222203034
2024-01-03,457.4805603027344,468.7900085449219,471.19000244140625,468.1700134277344,470.42999267578125,103585900,-0.008166688673242328,-0.008200218753116065,0.06561630724630754,0.10357073267617475,0.12062330275147821
2024-01-04,456.00701904296875,467.2799987792969,470.9599914550781,467.04998779296875,468.29998779296875,84232200,-0.0032210792425203527,-0.003226278085188268,0.050932367805845535,0.10470631942959877,0.1205550739166959
2024-01-05,456.6316223144531,467.9200134277344,470.44000244140625,466.42999267578125,467.489990234375,86118900,0.00136965984015891,0.001368722711720566,0.05638508640121574,0.10289229475042429,0.12028190960846682
2024-01-08,463.1504821777344,474.6000061035156,474.75,468.29998779296875,468.42999267578125,74879100,0.014275928543528549,0.014174987030583994,0.14008849936907525,0.11049003560500506,0.1230489434192785
2024-01-09,462.4477844238281,473.8800048828125,474.92999267578125,471.3500061035156,471.8699951171875,65931400,-0.0015170695563498926,-0.0015182214715403436,0.13314969102053126,0.11064609439899552,0.1222073045635516
2024-01-10,465.0631103515625,476.55999755859375,477.45001220703125,473.8699951171875,474.1600036621094,67310600,0.0056554246817059894,0.005639492806995132,0.110346447471531,0.11132911627871403,0.12174422843935527
2024-01-11,464.8581848144531,476.3500061035156,478.1199951171875,472.260009765625,477.5899963378906,77940700,-0.00044064012118916196,-0.0004407372315755655,0.10139588673283356,0.11095311077256993,0.12041745427985927
2024-01-12,465.1802062988281,476.67999267578125,478.6000061035156,475.2300109863281,477.8399963378906,58026400,0.00069273972507089,0.0006924998916625722,0.10254339887823807,0.10082793183470974,0.12038715991577574
2024-01-16,463.472412109375,474.92999267578125,476.6099853515625,473.05999755859375,475.260009765625,85014900,-0.0036712260361014826,-0.0036779815254260047,0.055113132710137736,0.1014752196740923,0.11684131704838109
2024-01-17,460.8961486816406,472.2900085449219,472.7900085449219,469.8699951171875,471.82000732421875,68843900,-0.0055586805878179435,-0.005574187544936197,0.06865502192851403,0.10138201255959434,0.11578177384321868
2024-01-18,464.99481201171875,476.489990234375,477.05999755859375,472.4200134277344,474.010009765625,91856200,0.00889280233217904,0.008853494233072969,0.08826175116612643,0.10424292833558146,0.11290109407945734
2024-01-19,470.79150390625,482.42999267578125,482.7200012207031,476.5400085449219,477.6499938964844,110834500,0.01246616416534696,0.012389101331860433,0.12418227301496346,0.11094303951319166,0.11457366051643807
2024-01-22,471.78692626953125,483.45001220703125,485.2200012207031,482.7799987792969,484.010009765625,75844900,0.002114336891851476,0.002112104827275948,0.1232597054555728,0.09631116486121703,0.11405620367547825
2024-01-23,473.16290283203125,484.8599853515625,485.1099853515625,482.8900146484375,484.010009765625,49945300,0.0029164817642561847,0.002912237082337803,0.10947941859973276,0.09195180024813941,0.10864780807831488
2024-01-24,473.6800537109375,485.3900146484375,488.7699890136719,484.8800048828125,487.80999755859375,81765000,0.0010931594952936496,0.0010925624315369024,0.07789093400776786,0.09191179177213663,0.10439205316127227
2024-01-25,476.2564697265625,488.0299987792969,488.30999755859375,485.3900146484375,487.5799865722656,72525000,0.0054388925424671,0.005424155178897727,0.0721009311810538,0.09253233676279202,0.10342825914577372
2024-01-26,475.6513977050781,487.4100036621094,489.1199951171875,486.5400085449219,487.5899963378906,76641600,-0.0012704037021049608,-0.0012712113489856446,0.038948619989001725,0.09294615526861881,0.10203872152639305
2024-01-29,479.4182434082031,491.2699890136719,491.4200134277344,487.1700134277344,487.7300109863281,61322800,0.007919380649885843,0.007888186936642857,0.056928081605562515,0.0959149305958257,0.1023383184968476
2024-01-30,479.0473937988281,490.8900146484375,491.6199951171875,490.1099853515625,490.55999755859375,58618400,-0.0007734532410523798,-0.0007737525103342413,0.06374543474665777,0.09491159366112593,0.10122628728169591
2024-01-31,471.2306213378906,482.8800048828125,489.0799865722656,482.8599853515625,488.6199951171875,126011100,-0.016317320635176435,-0.016451914258144705,0.15042074691308324,0.11209879774640276,0.10261230478886726
2024-02-01,477.3982238769531,489.20001220703125,489.2300109863281,483.79998779296875,484.6300048828125,91891600,0.013088152875065706,0.013003243074726334,0.17802133500414338,0.11409003158237885,0.10408801853165002
2024-02-02,482.4239807128906,494.3500061035156,496.04998779296875,489.29998779296875,489.6499938964844,99228200,0.010527378920638375,0.010472351923623717,0.1898754547697973,0.1159065283728822,0.10553641787119211
2024-02-05,480.6673583984375,492.54998779296875,494.3800048828125,490.2300109863281,493.70001220703125,75757100,-0.003641181932482751,-0.0036478271713354265,0.18815998628327038,0.11808458711576393,0.10617901938084992
2024-02-06,482.0628356933594,493.9800109863281,494.32000732421875,492.04998779296875,493.5199890136719,55918600,0.0029033057127196837,0.0028990992604667125,0.18837503020405472,0.10987878069880096,0.10616162841067225
2024-02-07,486.0834655761719,498.1000061035156,498.5299987792969,495.3599853515625,496.2900085449219,70556500,0.008340408570300495,0.008305819554012096,0.10555265019616437,0.11123068862755943,0.10490167285363429
2024-02-08,486.29815673828125,498.32000732421875,498.7099914550781,497.260009765625,498.1000061035156,52343600,0.000441680823142665,0.0004415833108797068,0.09130514136768421,0.11080957527971336,0.1012957520239941
2024-02-09,489.1086730957031,501.20001220703125,501.6499938964844,498.489990234375,498.8399963378906,63979400,0.0057794285609300555,0.005762791733809747,0.07370424309374612,0.111012467155148,0.10137989399847482
2024-02-12,488.8940124511719,500.9800109863281,503.5,500.239990234375,501.1700134277344,56502300,-0.0004389489532020674,-0.00043904531949477997,0.05799687580540791,0.11133478103214119,0.09506539601254253
2024-02-13,482.16046142578125,494.0799865722656,497.0899963378906,490.7200012207031,494.5299987792969,113099200,-0.01377305334094614,-0.013868781838918256,0.1363081150110873,0.12397685001552568,0.10036096216748892
2024-02-14,486.54217529296875,498.57000732421875,499.07000732421875,494.3999938964844,496.7900085449219,68387800,0.009087639398436487,0.00904659527888467,0.1392085769060701,0.12302561640144132,0.10151969756501004
2024-02-15,489.8991394042969,502.010009765625,502.20001220703125,498.79998779296875,499.2900085449219,61683000,0.00689973803251509,0.0068760437671022455,0.14720999915339647,0.12191057943819153,0.10206635659752329
2024-02-16,487.45947265625,499.510009765625,502.8699951171875,498.75,501.70001220703125,75532900,-0.004979980381600746,-0.004992421806456445,0.14727817114603367,0.11899338199107067,0.10225177173820646
2024-02-20,484.7757873535156,496.760009765625,498.4100036621094,494.45001220703125,497.7200012207031,71736700,-0.0055053951797489065,-0.0055206057201699224,0.1511320314386829,0.12172944241360625,0.1030029691126495
2024-02-21,485.2149353027344,497.2099914550781,497.3699951171875,493.55999755859375,495.4200134277344,59293400,0.0009058331600915182,0.0009054231408219095,0.10570744245164235,0.12159795020553796,0.10289570727767688
2024-02-22,495.2567138671875,507.5,508.489990234375,503.0199890136719,504.010009765625,76402500,0.020695498324175388,0.02048425603665073,0.1702488678971359,0.1394246614633072,0.10999628509397268
2024-02-23,495.5982360839844,507.8500061035156,510.1300048828125,507.1000061035156,509.2699890136719,61321800,0.0006896671990455072,0.00068942948791089,0.16828969383446915,0.13899704033818208,0.10976512605080578
2024-02-26,493.7831115722656,505.989990234375,508.75,505.8599853515625,508.29998779296875,50386700,-0.003662529972996542,-0.003669253457560932,0.16489896867091947,0.14000040700279878,0.11033497586187332
2024-02-27,494.7004699707031,506.92999267578125,507.1600036621094,504.75,506.70001220703125,48854500,0.0018577490850577583,0.0018560256034270653,0.14968973156049067,0.13818720402482704,0.11021421585160618
2024-02-28,494.046630859375,506.260009765625,506.8599853515625,504.9599914550781,505.3299865722656,56506600,-0.0013216478011486288,-0.0013225219478980774,0.15343020832859325,0.13832425741306056,0.11030946921572551
2024-02-29,495.82269287109375,508.0799865722656,509.739990234375,505.3500061035156,508.07000732421875,83924800,0.003594944833748892,0.003588498464511727,0.044723475821547495,0.12094921383475797,0.11003770404306655
2024-03-01,500.4776306152344,512.8499755859375,513.2899780273438,508.55999755859375,508.9800109863281,76844800,0.00938826393429193,0.009344468082401325,0.07923615143321508,0.11739773977384009,0.110167682798342
2024-03-04,499.94091796875,512.2999877929688,514.2000122070312,512.0,512.030029296875,49799300,-0.0010724145835053767,-0.0010729900314741514,0.0691142682791832,0.1139187275597161,0.11025460734950109
2024-03-05,494.9444580078125,507.17999267578125,510.70001220703125,504.9100036621094,510.239990234375,72855600,-0.00999413476319777,-0.0100444113894327,0.11334953286130896,0.12006068671287415,0.11230859982985268
2024-03-06,497.4524230957031,509.75,512.0700073242188,508.4200134277344,510.54998779296875,68382400,0.005067249026642129,0.005054453726737115,0.11728510968901217,0.12064485422396773,0.11186885855819567
2024-03-07,502.3903503417969,514.8099975585938,515.8900146484375,509.80999755859375,513.1400146484375,58652100,0.00992642973731006,0.009877486355824644,0.13230260449770434,0.12193060157702389,0.1129857054692967
2024-03-08,499.3749084472656,511.7200012207031,518.219970703125,511.1300048828125,515.4600219726562,86532500,-0.00600220732414769,-0.006020292976064564,0.1280888365754398,0.12490117760644161,0.11404963605243228
2024-03-11,498.9455261230469,511.2799987792969,511.8800048828125,508.5,510.4800109863281,62557200,-0.0008598499967885642,-0.0008602198798415472,0.12803160828325433,0.12399053768528044,0.11401117693120567
2024-03-12,504.3128967285156,516.780029296875,517.3800048828125,510.8599853515625,513.4500122070312,73114400,0.010757374688447952,0.010699925765846127,0.11343941218705901,0.12850336374796176,0.11281413323252897
2024-03-13,503.5223693847656,515.969970703125,517.2899780273438,514.489990234375,517.1099853515625,55104100,-0.0015675114126452172,-0.0015687412440107565,0.11828360939665658,0.1157056090973003,0.11294167044734452
2024-03-14,502.5270080566406,514.9500122070312,517.1300048828125,511.82000732421875,516.969970703125,110171800,-0.001976778793354672,-0.0019787351992332034,0.09971726916000621,0.11361146343677572,0.11218723538533047
2024-03-15,499.0763244628906,509.8299865722656,511.70001220703125,508.1199951171875,510.2099914550781,107646300,-0.009942762430127261,-0.009992521797621997,0.11738465754103429,0.11890896523657665,0.11431006821391358
2024-03-18,502.04241943359375,512.8599853515625,515.47998046875,512.4400024414062,514.0,88893300,0.005943155285291102,0.005925564400416204,0.126479962539252,0.11820146261006707,0.1142859761797953
2024-03-19,504.8323669433594,515.7100219726562,516.0,511.1199951171875,512.1500244140625,60755300,0.005557143669806974,0.005541759714507747,0.10385102941413626,0.11621769426663461,0.1100905102484036
2024-03-20,509.501708984375,520.47998046875,520.6199951171875,515.0800170898438,515.77001953125,69594600,0.009249303470675319,0.009206790605195993,0.12275992744109772,0.11900434502094015,0.11002150673665037
2024-03-21,511.1853942871094,522.2000122070312,524.1099853515625,521.9099731445312,523.3900146484375,60256100,0.003304702971922424,0.0032992544416057122,0.11832397524175406,0.09791726333298786,0.11007353367730495
2024-03-22,510.2164001464844,521.2100219726562,522.6099853515625,520.969970703125,522.1099853515625,79070800,-0.001895806609024997,-0.0018976059248372494,0.06526263446234572,0.09860417074165083,0.11017247508169939
2024-03-25,508.8067321777344,519.77001953125,520.9500122070312,519.6099853515625,519.7999877929688,48512100,-0.0027628065092766274,-0.0027666301033714116,0.08008069389466345,0.0980515551658482,0.11052056492002922
2024-03-26,507.8669128417969,518.8099975585938,521.5800170898438,518.4000244140625,521.22998046875,65463700,-0.0018470129799368351,-0.001848720811659766,0.08060888887420341,0.0986745892463678,0.11070671012026215
2024-03-27,512.1349487304688,523.1699829101562,523.2100219726562,519.489990234375,521.7100219726562,82999800,0.008403819070718743,0.008368703582209678,0.07541577181659821,0.10140181887994405,0.11123999988064157
2024-03-28,512.037109375,523.0700073242188,524.6099853515625,522.780029296875,523.2100219726562,96294900,-0.00019109579907738983,-0.00019111406020605603,0.07282855140445853,0.10132744851002168,0.11028977006201526
2024-04-01,511.1462707519531,522.1599731445312,524.3800048828125,520.969970703125,523.8300170898438,62477500,-0.0017397942282005863,-0.0017413094278576045,0.07253483594236827,0.0974441392333411,0.10859740579852428
2024-04-02,507.8963623046875,518.8400268554688,518.97998046875,516.47998046875,518.239990234375,74230300,-0.006358101845817976,-0.006378400662397819,0.08569449283102283,0.10063605846210587,0.10940926216058278
2024-04-03,508.4542541503906,519.4099731445312,520.9500122070312,517.6699829101562,517.719970703125,59155800,0.0010985010013910834,0.0010978980906576894,0.08501613905418824,0.09238876442688139,0.10941464224360638
2024-04-04,502.2480163574219,513.0700073242188,523.8699951171875,512.760009765625,523.52001953125,96858100,-0.012206091812080655,-0.012281197944720696,0.08686914038115481,0.10269302329424551,0.1100043843541519
2024-04-05,507.4949645996094,518.4299926757812,520.4400024414062,514.010009765625,514.4600219726562,74546500,0.010446888874904303,0.010392697227312885,0.134671314699607,0.10334291266199136,0.11140095752135078
2024-04-08,507.7788391113281,518.719970703125,520.1799926757812,517.8900146484375,519.1500244140625,48401800,0.0005593388334788063,0.0005591824618205978,0.1357015321708023,0.10056510755273787,0.11108024249853483
2024-04-09,508.3662109375,519.3200073242188,520.75,514.3499755859375,520.5,68049200,0.0011567640634317922,0.0011560955273918782,0.12835783784720078,0.10041027383908295,0.11101461861525688
2024-04-10,503.2758483886719,514.1199951171875,516.1599731445312,512.0900268554688,513.47998046875,82652800,-0.010013117410638928,-0.010063585851018561,0.14652835710177142,0.10025351074202991,0.11348475658076179
2024-04-11,507.073974609375,518.0,519.47998046875,512.0800170898438,515.6799926757812,70099000,0.007546885784763369,0.007518550514969957,0.12529095391180967,0.10380419234728729,0.11372335178928117
2024-04-12,500.0747985839844,510.8500061035156,515.8200073242188,509.0799865722656,514.3699951171875,92561100,-0.013803077020240084,-0.013899225274285687,0.13958140751600984,0.11512392253260223,0.11714686673014336
2024-04-15,493.80987548828125,504.45001220703125,515.2999877929688,503.5799865722656,515.1300048828125,92101400,-0.012528127278102708,-0.012607265932115247,0.1496843876038609,0.1183427925675102,0.11947586699128296
2024-04-16,492.90924072265625,503.5299987792969,506.5,502.2099914550781,504.94000244140625,73484000,-0.0018237950351298604,-0.0018254601741845044,0.14255949363867187,0.11590777621514338,0.11719278086366984
2024-04-17,489.9920654296875,500.54998779296875,506.2200012207031,499.1199951171875,506.04998779296875,75910300,-0.00591823921822443,-0.005935821400641787,0.13841859071868653,0.11457640733063314,0.11794076248572491
2024-04-18,488.9837951660156,499.5199890136719,504.1300048828125,498.55999755859375,501.9800109863281,74548100,-0.00205773410131993,-0.0020598541449591205,0.09084657889452774,0.10737661351649934,0.11796087381200711
2024-04-19,484.7157897949219,495.1600036621094,500.4599914550781,493.8599853515625,499.44000244140625,102212600,-0.00872835011101658,-0.008766665273877018,0.07273765237297397,0.10793682789865296,0.11946891413544206
2024-04-22,489.1795654296875,499.7200012207031,502.3800048828125,495.42999267578125,497.8299865722656,67961000,0.00920913952029423,0.009166993946983032,0.10823433312301152,0.11582849071662606,0.12039295772867951
2024-04-23,494.9844970703125,505.6499938964844,506.0899963378906,499.5299987792969,501.7799987792969,64633600,0.011866630635747333,0.011796774271143656,0.14549197720043164,0.1258296878350136,0.1225796055408663
2024-04-24,494.74957275390625,505.4100036621094,507.3699951171875,503.1300048828125,506.55999755859375,55928100,-0.00047461729906428385,-0.0004747299655049409,0.13419537426997347,0.12585590028720575,0.12165409540540187
2024-04-25,492.8700866699219,503.489990234375,504.2699890136719,497.489990234375,499.17999267578125,69122400,-0.003798922486342393,-0.0038061567197108415,0.13798750637695842,0.1207564234279684,0.12194520918618097
2024-04-26,497.53948974609375,508.260009765625,509.8800048828125,505.70001220703125,506.3500061035156,64306100,0.009473911346339792,0.009429315293021177,0.10953769353276196,0.12723500743295918,0.11812392383589009
2024-04-29,499.3014831542969,510.05999755859375,510.75,507.25,510.0899963378906,46415400,0.0035414704253415863,0.003535214185462806,0.10391326936678925,0.12844000368398426,0.11552973736073831
2024-04-30,491.3919372558594,501.9800109863281,509.55999755859375,501.9800109863281,508.55999755859375,77483600,-0.015841247325688257,-0.015968060924207314,0.1507009146199805,0.13776746491606842,0.11863888418825871
2024-05-01,489.79632568359375,500.3500061035156,508.19000244140625,499.8699951171875,501.3800048828125,80242800,-0.0032471509764099293,-0.0032524344116499487,0.15085055292325503,0.13748100922898684,0.11858607996295985
2024-05-02,494.3775634765625,505.0299987792969,505.8900146484375,499.54998779296875,504.1499938964844,62550200,0.009353437830903255,0.00930996529944333,0.16870671919913355,0.1371554457074955,0.11991538901509813
2024-05-03,500.50555419921875,511.2900085449219,512.5499877929688,508.55999755859375,511.1600036621094,72756700,0.012395322615995186,0.01231912958333033,0.17914747192324745,0.13939085790628422,0.12132377270241859
2024-05-06,505.6742248535156,516.5700073242188,516.6099853515625,513.2999877929688,513.75,47264700,0.010326817835387025,0.010273860527033316,0.19072165155316217,0.14471254316846174,0.12298776231547902
2024-05-07,506.232177734375,517.1400146484375,518.5700073242188,516.4500122070312,517.5599975585938,52561300,0.0011034464179817682,0.0011028380684626946,0.10611331494745034,0.14470600978056736,0.12252206669823032
2024-05-08,506.28106689453125,517.1900024414062,517.739990234375,515.1400146484375,515.260009765625,42047200,9.666200942248793e-05,9.665733795148855e-05,0.08911658103009579,0.13994622439352508,0.12250904092394455
2024-05-09,509.1981506347656,520.1699829101562,520.2100219726562,516.7100219726562,517.3800048828125,43643700,0.005761867891264316,0.005745331819169011,0.08587326195734793,0.13887014159491268,0.11921244517906006
2024-05-10,509.8541259765625,520.8400268554688,522.6400146484375,519.5900268554688,521.8099975585938,52233200,0.0012881249732326072,0.0012872960520189931,0.06779245993580253,0.1284813577239005,0.11799020311078989
2024-05-13,509.922607421875,520.9099731445312,522.6699829101562,519.739990234375,522.5599975585938,36716400,0.0001342951490974631,0.00013428613231119228,0.037152991673566206,0.1181721649631292,0.11729676920574453
2024-05-14,512.26220703125,523.2999877929688,523.8300170898438,520.5599975585938,521.1099853515625,57535900,0.004588152985457228,0.004577659496461211,0.04170297055342473,0.11789198502496348,0.11698163875800825
2024-05-15,518.6055908203125,529.780029296875,530.0800170898438,525.1799926757812,525.8300170898438,59504900,0.012383033929039389,0.012306991279978533,0.0758850661986652,0.11953056455394452,0.11857796785481732
2024-05-16,517.53857421875,528.6900024414062,531.52001953125,528.5399780273438,529.8800048828125,50244800,-0.002057508390634233,-0.0020596279688887354,0.0889340161715369,0.11953044164417849,0.11875139049307035
2024-05-17,518.282470703125,529.4500122070312,529.52001953125,527.3200073242188,528.8099975585938,59187600,0.0014375338328991294,0.0014365015702952906,0.08873271881372191,0.11161758986219329,0.11162056594157592
2024-05-20,518.8796997070312,530.0599975585938,531.5599975585938,529.1699829101562,529.5700073242188,37764200,0.0011521113183465825,0.0011514481474172668,0.08673283846412337,0.10968476988767871,0.1116242942196152
2024-05-21,520.1522216796875,531.3599853515625,531.52001953125,529.0700073242188,529.280029296875,33437000,0.0024525295229904653,0.0024495269806736565,0.08635512942019419,0.1045818704534472,0.11130207681459633
2024-05-22,518.6544799804688,529.8300170898438,531.3800048828125,527.5999755859375,530.6500244140625,48390000,-0.0028793441431358424,-0.0028834974288917308,0.037181944170571135,0.10582652566079823,0.11153638366023501
2024-05-23,514.8660888671875,525.9600219726562,533.0700073242188,524.719970703125,532.9600219726562,57211200,-0.007304220207159928,-0.0073310266367182745,0.06452538196602083,0.10923500983656509,0.11268394425863978
2024-05-24,518.2727661132812,529.4400024414062,530.27001953125,526.8800048828125,527.8499755859375,41291100,0.006616435324681147,0.006594642789596251,0.0843270257687239,0.10718518071988214,0.11318762717241977
2024-05-28,518.6348876953125,529.8099975585938,530.510009765625,527.1099853515625,530.27001953125,36269600,0.0006988423909817243,0.0006985983143454546,0.08399682510967786,0.10713375093780168,0.11174049081459105
2024-05-29,515.003173828125,526.0999755859375,527.3099975585938,525.3699951171875,525.6799926757812,45190300,-0.007002551838871107,-0.007027184767931233,0.09243503398122532,0.09081438006246101,0.11276964780554953
2024-05-30,511.5867919921875,522.6099853515625,525.2000122070312,521.3300170898438,524.52001953125,46377600,-0.0066337015706721125,-0.006655802363201398,0.09841888105105195,0.0943327399756017,0.11163173228579355
2024-05-31,516.246337890625,527.3699951171875,527.5,518.3599853515625,523.5900268554688,90785800,0.009108149287317735,0.0090669202532969,0.1173087396296851,0.09409261001161967,0.1126294321707009
2024-06-03,516.6672973632812,527.7999877929688,529.3099975585938,522.5999755859375,529.02001953125,46835700,0.0008153529396106585,0.0008150207199744992,0.10503519477997998,0.0861514584348597,0.11094822116186535
2024-06-04,517.2448120117188,528.3900146484375,529.1500244140625,524.9600219726562,526.4600219726562,34632700,0.0011178985773303562,0.0011172741940039222,0.10540784025929079,0.07980621366767127,0.11014120596322954
2024-06-05,523.3924560546875,534.6699829101562,534.6900024414062,528.72998046875,530.77001953125,47610400,0.011885100186643571,0.011815027054442569,0.11659854041665219,0.08835630788220596,0.112493879170478
2024-06-06,523.382568359375,534.6599731445312,535.4199829101562,532.6799926757812,534.97998046875,30808500,-1.8721390661391446e-05,-1.872156590881285e-05,0.08687202620953635,0.08838444674781848,0.11057105384728692
2024-06-07,522.7462768554688,534.010009765625,536.8900146484375,532.5399780273438,533.6599731445312,43224500,-0.0012156574487586225,-0.001216396959663698,0.08387854335112571,0.0875684556907042,0.11054434136340854
2024-06-10,524.3614501953125,535.6599731445312,535.989990234375,532.5700073242188,533.1799926757812,35686100,0.003089761144422054,0.0030849976419914907,0.08253896026379044,0.08779368458261547,0.11053224289724133
2024-06-11,525.624267578125,536.9500122070312,537.010009765625,532.0499877929688,534.0700073242188,36383400,0.0024083170801936227,0.0024054217322930335,0.08122685394848908,0.08772855413562462,0.10832852486800246
2024-06-12,529.9413452148438,541.3599853515625,544.1199951171875,540.2999877929688,541.6300048828125,63251300,0.008213005017738695,0.008179461827137285,0.05765428473994108,0.09028975784847332,0.10887544706785442
2024-06-13,531.00830078125,542.4500122070312,543.3300170898438,539.5900268554688,543.1500244140625,44760900,0.002013497275312748,0.002011472906592374,0.0537660393285025,0.08117916825306379,0.10847242321333449
2024-06-14,531.3313598632812,542.780029296875,542.8099975585938,539.8499755859375,540.8800048828125,40089900,0.0006083824913212244,0.0006081975017191718,0.04597642886662571,0.08031409656976825,0.10706269865739368
2024-06-17,535.5601806640625,547.0999755859375,548.530029296875,541.6099853515625,542.0800170898438,55839500,0.007958926371441244,0.007927421171589219,0.05648152839120415,0.08367868150642796,0.10795915519483142
2024-06-18,536.9209594726562,548.489990234375,548.6199951171875,546.72998046875,547.1599731445312,41376400,0.0025406958699802917,0.002537473758677731,0.05622049045021133,0.0837160572628581,0.10787255076412376
2024-06-20,535.4623413085938,547.0,550.1199951171875,545.1799926757812,549.4400024414062,70328200,-0.002716531314889248,-0.0027202277819783596,0.0612838493873073,0.08510916848071637,0.10786594719829773
2024-06-21,534.744384765625,544.510009765625,545.6500244140625,543.02001953125,544.4000244140625,64338600,-0.004552084523537503,-0.0045624768099957755,0.07736079046310318,0.08644137537296616,0.10829856396680125
2024-06-24,533.006103515625,542.739990234375,546.9500122070312,542.6199951171875,544.3300170898438,45528700,-0.003250664817000981,-0.0032559597055963445,0.08252408320618436,0.08210466690246947,0.1074482418314023
2024-06-25,535.0587768554688,544.8300170898438,545.2000122070312,542.4400024414062,543.989990234375,37936200,0.0038508805193555595,0.003843484859423134,0.05969899532958669,0.08043552767813655,0.1076374033328193
2024-06-26,535.7265625,545.510009765625,546.239990234375,543.030029296875,543.6900024414062,38550600,0.0012480822540090752,0.0012473040467964628,0.055679359100401664,0.0803926783982311,0.10752453754346784
2024-06-27,536.5711059570312,546.3699951171875,546.9600219726562,544.6099853515625,545.3699951171875,35041500,0.0015764795075565718,0.0015752381681971572,0.056103179665203735,0.07388286230092415,0.10650968910703804
2024-06-28,534.4595336914062,544.219970703125,550.280029296875,542.9500122070312,547.1599731445312,76144500,-0.003935107039692687,-0.003942869945335037,0.05318566638915565,0.07025954679947143,0.1069619629855241
2024-07-01,535.5595703125,545.3400268554688,545.8800048828125,542.52001953125,545.6300048828125,40297800,0.00205809454382333,0.0020559795686297933,0.04629179363625913,0.0651635346165988,0.10346412894529548
2024-07-02,539.1636962890625,549.010009765625,549.010009765625,543.6500244140625,543.7000122070312,40434800,0.006729714910746587,0.006707171463487453,0.05998485727682646,0.06744818831183798,0.10230682621844021
2024-07-03,541.5698852539062,551.4600219726562,551.8300170898438,548.6500244140625,548.6900024414062,32789900,0.004462600250361826,0.004452672374999366,0.0632646634089257,0.06792635131859676,0.10255332455410603
2024-07-05,544.6928100585938,554.6400146484375,555.0499877929688,551.1199951171875,551.77001953125,41488400,0.005766497205737409,0.00574993460235957,0.06758795691999718,0.05933293016282321,0.1030104645185776
2024-07-08,545.3213500976562,555.280029296875,556.25,554.1900024414062,555.4400024414062,36110500,0.0011539280101222626,0.0011532627469240334,0.037629830262691844,0.05899255290610528,0.10035055060999064
2024-07-09,545.8515625,555.8200073242188,557.1799926757812,555.52001953125,556.260009765625,27289700,0.000972442729531453,0.0009719702134054468,0.04176126964794986,0.05796565549298893,0.09950656295814883
2024-07-10,551.2529907226562,561.3200073242188,561.6699829101562,556.77001953125,557.0700073242188,38701200,0.009895289711641775,0.009846651925863915,0.05820649570159391,0.0642684021016869,0.09597995445885336
2024-07-11,546.499755859375,556.47998046875,562.3300170898438,555.8300170898438,561.4400024414062,53054200,-0.008622580332635743,-0.008659969863070056,0.10965617145809879,0.07519229733359492,0.0938058464673399
2024-07-12,549.94677734375,559.989990234375,563.6699829101562,557.1500244140625,557.6300048828125,53084400,0.006307522083127459,0.006287712919899016,0.11093178781269714,0.07333592421415157,0.09400049968234489
2024-07-15,551.459228515625,561.530029296875,564.8400268554688,559.6300048828125,562.030029296875,40584300,0.002750118911688748,0.0027463442535965747,0.11081462556621045,0.07342475924612556,0.09263414184957895
2024-07-16,554.7294311523438,564.8599853515625,565.1599731445312,562.0999755859375,562.8699951171875,36475300,0.005930147776526118,0.005912633656968921,0.1127904353773803,0.07475354344169653,0.09261355022451673
2024-07-17,546.9515380859375,556.9400024414062,560.510009765625,556.6099853515625,558.7999877929688,57119000,-0.014021143496696697,-0.014120368318038583,0.1472448640428691,0.09078926948614174,0.09587637668692967
2024-07-18,542.7482299804688,552.6599731445312,559.52001953125,550.4299926757812,558.510009765625,56270400,-0.007684901925006371,-0.007714582945409498,0.1445031396551369,0.09549520379616555,0.0966946739233292
2024-07-19,539.14404296875,548.989990234375,554.0800170898438,547.9099731445312,552.4199829101562,65509100,-0.0066405802636198,-0.006662727016045844,0.1297148282489836,0.09817975779508593,0.09584077447127164
2024-07-22,544.7025756835938,554.6500244140625,555.27001953125,551.02001953125,553.0,43346700,0.01030990415193389,0.010257119582686927,0.16131650260481703,0.10267206697532362,0.09746798578696782
2024-07-23,543.84814453125,553.780029296875,556.739990234375,553.280029296875,554.5399780273438,34439600,-0.0015685478750434578,-0.0015697793341651323,0.14472692564963863,0.10193370729651915,0.09704999026048476
2024-07-24,531.523193359375,541.22998046875,549.1699829101562,540.2899780273438,548.8599853515625,74515300,-0.022662516096977336,-0.022923257821525943,0.19004905885422155,0.1319234181759331,0.10792291867839982
2024-07-25,528.7538452148438,538.4099731445312,547.4600219726562,537.4500122070312,541.3499755859375,61158300,-0.005210367913795921,-0.005223989215959486,0.1892252081036293,0.13289256352513448,0.10855162565871863
2024-07-26,534.6756591796875,544.4400024414062,547.1900024414062,541.489990234375,542.280029296875,53763800,0.011199698366761712,0.011137446118047623,0.22033973568398235,0.13920573207342543,0.10470508743281667
2024-07-29,534.9899291992188,544.760009765625,547.0499877929688,542.719970703125,546.02001953125,39515800,0.0005877733502015481,0.0005876006791036112,0.19681760914337976,0.13850731015338397,0.10427850367485171
2024-07-30,532.2794189453125,542.0,547.3400268554688,538.52001953125,546.260009765625,46853600,-0.005066469116946526,-0.005079347187582497,0.1961144714485386,0.139448988363203,0.10379531523965212
2024-07-31,540.9315185546875,550.8099975585938,553.5,547.5800170898438,548.97998046875,65663400,0.01625460804168588,0.016123916227965614,0.1538862796550955,0.14938356952943754,0.10581301216264297
2024-08-01,533.2713623046875,543.010009765625,554.8699951171875,539.4299926757812,552.5700073242188,76428700,-0.014160940846283387,-0.014262163712746048,0.19427673682055105,0.15684170811390086,0.1087731029974532
2024-08-02,523.3427124023438,532.9000244140625,536.989990234375,528.5999755859375,535.75,82789100,-0.01861841433811906,-0.01879391883853948,0.21750821890690986,0.1671626787454543,0.11596657295792373
2024-08-05,508.10101318359375,517.3800048828125,523.5800170898438,510.2699890136719,511.6400146484375,146267400,-0.0291236982927795,-0.029556211486463296,0.2731297453159699,0.19302326765749894,0.13131461962166685
2024-08-06,512.7855224609375,522.1500244140625,529.75,517.8699951171875,519.219970703125,84826300,0.00921956682947278,0.009177326052492472,0.3069954375808587,0.19770491940841198,0.13214105323731842
2024-08-07,509.3581237792969,518.6599731445312,531.5900268554688,518.0499877929688,528.469970703125,70698300,-0.0066840009697359815,-0.006706438943734617,0.22949402844544753,0.19194835162413665,0.13283846373929362
2024-08-08,521.133056640625,530.6500244140625,531.2899780273438,521.8400268554688,523.9099731445312,63276600,0.023117363765007726,0.022854205477053902,0.3341447117352907,0.2131249276785822,0.14090317809115516
2024-08-09,523.4310913085938,532.989990234375,534.510009765625,528.5599975585938,529.8099975585938,45619600,0.004409621620005133,0.0043999277257457175,0.31192879276396007,0.21221044421174265,0.14088064808255937
2024-08-12,523.7060546875,533.27001953125,535.72998046875,530.9500122070312,534.2100219726562,42542100,0.000525393163109511,0.0005252551924453704,0.17536370033231313,0.21163187502997804,0.13864525950776316
2024-08-13,532.3187255859375,542.0399780273438,542.280029296875,536.280029296875,536.530029296875,52333100,0.016445624495827982,0.016311859783682058,0.19007664436342075,0.22021330280143842,0.14247684892666365
2024-08-14,533.9981079101562,543.75,544.9600219726562,540.1199951171875,542.8499755859375,42446900,0.0031547893918812964,0.0031498234853460628,0.15300677824189715,0.21616616698767166,0.14257251783477373
2024-08-15,543.1509399414062,553.0700073242188,553.3599853515625,548.8800048828125,549.5,60846800,0.017140243354885065,0.01699500662990351,0.12346749563734419,0.22394162883529511,0.14655006865240844
2024-08-16,544.3687744140625,554.3099975585938,555.02001953125,551.260009765625,551.4199829101562,44430700,0.0022420131591913695,0.002239503597967925,0.1285872544289126,0.2226348664568956,0.14654004177452803
2024-08-19,549.5735473632812,559.6099853515625,559.6099853515625,553.8599853515625,554.72998046875,39121800,0.009561414761256382,0.009515993731818054,0.11098396306111644,0.22221844200603233,0.14744372803419892
2024-08-20,548.679931640625,558.7000122070312,560.8400268554688,557.3300170898438,559.1500244140625,33732300,-0.0016260845380726696,-0.0016274080484896213,0.11602508242719696,0.22222546652365413,0.14654246230323442
2024-08-21,550.5655517578125,560.6199951171875,562.1099853515625,554.72998046875,559.77001953125,41514600,0.003436518468241667,0.0034306271319162495,0.11559852830256383,0.20445301860692486,0.1461701092870414
2024-08-22,546.244384765625,556.219970703125,563.1799926757812,554.97998046875,562.5599975585938,56121500,-0.007848497114596786,-0.007879458675625204,0.10214793985249272,0.20586848575505673,0.14728694634485653
2024-08-23,552.0484619140625,562.1300048828125,563.0900268554688,557.2899780273438,559.530029296875,50639400,0.010625354160183287,0.010569301785965204,0.1228396343978214,0.20552998181315213,0.1477015610843614
2024-08-26,550.7324829101562,560.7899780273438,563.9099731445312,559.0499877929688,563.1799926757812,35788600,-0.002383837980234005,-0.0023866838456129227,0.1102743009127019,0.20599469824033606,0.14700105092336055
2024-08-27,551.4887084960938,561.5599975585938,562.0599975585938,558.3200073242188,559.489990234375,32693900,0.0013730978823098816,0.0013721560454702131,0.10880992468594163,0.2045503476384542,0.14607960973598028
2024-08-28,548.287109375,558.2999877929688,561.6500244140625,555.0399780273438,561.2100219726562,41066000,-0.005805274200081922,-0.005822190304537772,0.11552281595216216,0.19888391427758995,0.14675633640622546
2024-08-29,548.336181640625,558.3499755859375,563.6799926757812,557.1799926757812,560.3099975585938,38715200,8.953572284031708e-05,8.953171475672746e-05,0.0972996666887878,0.19095387289532773,0.14676603782158468
2024-08-30,553.5706176757812,563.6799926757812,564.2000122070312,557.1400146484375,560.77001953125,62700100,0.009546014727143781,0.009500739432925398,0.09057955335523804,0.17719904163362982,0.14610735566362076
2024-09-03,542.1786499023438,552.0800170898438,560.8099975585938,549.510009765625,560.469970703125,60600100,-0.020579008899841544,-0.020793707331630266,0.17914732303114803,0.1576210367135223,0.15270783537014368
2024-09-04,541.0689697265625,550.9500122070312,554.4299926757812,549.4600219726562,550.2000122070312,47224900,-0.0020468135919301522,-0.0020489111776035253,0.1753358383170091,0.1570540872936866,0.15275812493418311
2024-09-05,539.7529907226562,549.6099853515625,553.7999877929688,547.0999755859375,550.8900146484375,44264300,-0.0024322113182296823,-0.002435173948982236,0.17453997477146366,0.1543757100821676,0.15278121008949205
2024-09-06,530.6689453125,540.3599853515625,551.5999755859375,539.4400024414062,549.9400024414062,68493800,-0.01683011634892906,-0.016973352148319156,0.19544789543446092,0.1507817436747272,0.15681865371734655
2024-09-09,536.6103515625,546.4099731445312,547.7100219726562,542.6799926757812,544.6500244140625,40445800,0.011196217256969065,0.011134003557898288,0.2040525503897384,0.15469493404036816,0.15758340691912634
2024-09-10,538.9476928710938,548.7899780273438,549.1500244140625,543.3800048828125,548.3599853515625,36394600,0.0043557127427886755,0.0043462540822322504,0.16534148075995092,0.1550538599906756,0.15777343470999944
2024-09-11,544.4766845703125,554.4199829101562,555.3599853515625,539.9600219726562,548.7000122070312,75248600,0.010258942597767273,0.010206676803407814,0.18327552183419463,0.14866730255523805,0.15910183909374392
2024-09-12,549.06298828125,559.0900268554688,559.4000244140625,552.739990234375,555.010009765625,51819600,0.008423296578884854,0.008388018582504528,0.18563552022631058,0.15075963912927015,0.15919826002830298
2024-09-13,551.9306030273438,562.010009765625,563.030029296875,559.4500122070312,559.7100219726562,39310500,0.005222741901835137,0.0052091506870809165,0.0475428636279607,0.14000121452914918,0.15944820561869896
2024-09-16,552.7457275390625,562.8400268554688,563.1099853515625,559.9000244140625,561.739990234375,36656100,0.0014768724318450221,0.0014757829283282722,0.05453051044937602,0.13992341591869634,0.15932867613284943
2024-09-17,552.9714965820312,563.0700073242188,566.5800170898438,560.7899780273438,565.0999755859375,49321000,0.00040860716682655784,0.0004085237096515261,0.06736804625441939,0.13604853615263426,0.15898260112926413
2024-09-18,551.33154296875,561.4000244140625,568.6900024414062,560.8300170898438,563.739990234375,59044900,-0.0029658530705484187,-0.002970259928318526,0.06980961370926692,0.136385017754866,0.15895439779480944
2024-09-19,560.7396850585938,570.97998046875,572.8800048828125,568.0800170898438,571.010009765625,75315500,0.01706440263283948,0.016920441150731776,0.12194394232452516,0.14844224846471865,0.16233035083131805
2024-09-20,559.7703247070312,568.25,569.3099975585938,565.1699829101562,567.8400268554688,77503100,-0.004781219240837187,-0.004792685833681076,0.13657017244373876,0.14640701863385752,0.16272775765253777
2024-09-23,561.169189453125,569.6699829101562,570.3300170898438,568.0999755859375,569.3400268554688,44116900,0.0024988700574681832,0.0024957530732319768,0.13641736322843068,0.1422037285406058,0.16276030316885795
2024-09-24,562.77490234375,571.2999877929688,571.3599853515625,567.5999755859375,570.47998046875,46805700,0.0028613143253319873,0.0028572285574197773,0.13525401170661616,0.1419285780252985,0.16252895713616858
2024-09-25,561.5336303710938,570.0399780273438,571.8900146484375,568.9099731445312,571.1400146484375,38428600,-0.0022055133774685487,-0.002207949104108439,0.13326248330000856,0.14234842854670987,0.16262415290311988
2024-09-26,563.7599487304688,572.2999877929688,574.7100219726562,569.9000244140625,574.3800048828125,48336000,0.003964651345061521,0.003956812826083578,0.05983412388507652,0.1405820909675319,0.162290324160169
2024-09-27,562.9423217773438,571.469970703125,574.219970703125,570.4199829101562,573.3900146484375,42100900,-0.0014503182029491635,-0.00145137093237895,0.043938884810036535,0.14085523983758455,0.16215704233760908
2024-09-30,565.1981811523438,573.760009765625,574.3800048828125,568.0800170898438,570.4199829101562,63557400,0.0040072780371684935,0.003999270284267758,0.04799242272187912,0.13785697929293128,0.1619588626185624
2024-10-01,560.1348266601562,568.6199951171875,574.0599975585938,566.0,573.4000244140625,72668800,-0.0089584749040581,-0.008998843314137523,0.0851875985639181,0.11821315646367322,0.16313344120077647
2024-10-02,560.371337890625,568.8599853515625,569.9000244140625,565.27001953125,567.7100219726562,38097800,0.00042205732551758857,0.00042196828437733976,0.08476729852065144,0.1175595342988503,0.16312903626721295
2024-10-03,559.3468627929688,567.8200073242188,569.7999877929688,565.489990234375,567.3599853515625,40846500,-0.0018281792604923908,-0.0018298524197309597,0.07540558446714257,0.11730335103786914,0.16198799329546565
2024-10-04,564.4297485351562,572.97998046875,573.3599853515625,568.0999755859375,572.3499755859375,42939100,0.009087339434985742,0.009046298016799974,0.106767888750228,0.09721406018648349,0.16191968718883892
2024-10-07,559.3271484375,567.7999877929688,571.9600219726562,566.6300048828125,571.2999877929688,49964700,-0.009040442689714157,-0.00908155546442886,0.11958909226339196,0.10099930027702034,0.16262997566763845
2024-10-08,564.616943359375,573.1699829101562,573.780029296875,569.530029296875,570.4199829101562,37398700,0.009457547081078044,0.009413104474973047,0.12391755351844083,0.10416544897286034,0.16364118925036888
2024-10-09,568.5277099609375,577.1400146484375,577.7100219726562,572.5499877929688,573.1599731445312,37912200,0.006926447400689373,0.006902569758639199,0.12851165668243006,0.10140960076999381,0.16379762710499576
2024-10-10,567.5328979492188,576.1300048828125,577.5800170898438,574.489990234375,575.77001953125,44138100,-0.0017500255397128184,-0.001751558623292343,0.12833157174649434,0.09931441337787683,0.16106642322702053
2024-10-11,570.931396484375,579.5800170898438,580.3300170898438,575.9099731445312,576.0499877929688,42268000,0.005988252959907792,0.0059703946311481515,0.12068964312939022,0.09972727876224081,0.16050267494363873
2024-10-14,575.6006469726562,584.3200073242188,585.27001953125,580.72998046875,581.219970703125,36217200,0.008178318945803564,0.00814505771963461,0.06956042718927856,0.10244387998565052,0.1604337349504987
2024-10-15,571.1283569335938,579.780029296875,584.9000244140625,578.5399780273438,584.5900268554688,54203600,-0.0077696775233381254,-0.007800018730859806,0.10861151778552061,0.10799326279193878,0.1602704196510042
2024-10-16,573.6107177734375,582.2999877929688,582.8300170898438,578.9600219726562,579.780029296875,30725400,0.00434640444437151,0.004336986109308254,0.10314161733597303,0.10712684918665935,0.16036418867080535
2024-10-17,573.6599731445312,582.3499755859375,586.1199951171875,582.1599731445312,585.9099731445312,34393700,8.584543021927793e-05,8.58417457111971e-05,0.09995351919948554,0.09114380064567011,0.15254541534170707
2024-10-18,575.8665771484375,584.5900268554688,585.3900146484375,582.5800170898438,584.0700073242188,37416800,0.0038465722734466468,0.0038391931312019055,0.09588064189747461,0.08901057377714684,0.15203999878782598
2024-10-21,574.9208984375,583.6300048828125,584.8499755859375,580.5999755859375,583.8499755859375,36439000,-0.0016422140791901851,-0.0016435639908294927,0.07809975478920524,0.0895565363240807,0.15078462237120324
2024-10-22,574.6155395507812,583.3200073242188,584.5,580.3800048828125,581.0499877929688,34183800,-0.0005311542518380286,-0.0005312953642281611,0.042838449403943706,0.08953787666508035,0.15082014796194276
2024-10-23,569.364990234375,577.989990234375,581.7100219726562,574.4199829101562,581.260009765625,49314600,-0.009137380893711078,-0.009179382812641815,0.07569693564000937,0.09607410132163104,0.15177332237317318
2024-10-24,570.596435546875,579.239990234375,580.0599975585938,576.5700073242188,579.97998046875,34979900,0.0021626672107126765,0.0021603320122126016,0.07973542871640596,0.09547428963974562,0.14852131524591625
2024-10-25,570.3994140625,579.0399780273438,584.4600219726562,578.0800170898438,581.510009765625,47268200,-0.00034530110213959464,-0.0003453607322924641,0.06820102094898887,0.09523912304957076,0.14517846813074567
2024-10-28,572.1627807617188,580.8300170898438,582.7100219726562,580.52001953125,582.5800170898438,30174700,0.003091391148152267,0.0030866226235923304,0.07704920684121727,0.0948688331705196,0.13919279991334732
2024-10-29,573.088623046875,581.77001953125,582.9099731445312,578.4299926757812,579.8499755859375,42899700,0.0016183778622804734,0.0016170697000382715,0.07928265680351211,0.08782689812102851,0.12330129345909588
2024-10-30,571.35498046875,580.010009765625,583.3200073242188,579.2899780273438,581.2899780273438,41435800,-0.0030252672130528513,-0.00302985258422532,0.03861953938455179,0.08904901764225943,0.12278410721895176
2024-10-31,560.1546020507812,568.6400146484375,575.6300048828125,568.4400024414062,575.5599975585938,60182500,-0.01960310154264744,-0.019797790881375572,0.147464450972309,0.11546573027098193,0.1293893735162009
2024-11-01,562.5187377929688,571.0399780273438,575.5499877929688,570.6199951171875,571.3200073242188,45667500,0.004220532001058652,0.00421165053677275,0.15721018590167682,0.11169580322987448,0.12167954504570476
2024-11-04,561.30712890625,569.8099975585938,572.5,567.8900146484375,571.1799926757812,38217000,-0.0021539305759273875,-0.0021562536207746716,0.14907479676557606,0.10697238554235865,0.12169016219196725
2024-11-05,568.0942993164062,576.7000122070312,576.739990234375,570.52001953125,570.739990234375,39478300,0.012091775640930225,0.012019254145644384,0.1865946025213896,0.11030502482952807,0.12371590212945908
2024-11-06,582.2203369140625,591.0399780273438,591.9299926757812,585.3900146484375,589.2000122070312,68182000,0.024865554910313614,0.024561438046209704,0.26218064976028155,0.13851302390248776,0.1290310520855427
2024-11-07,586.7221069335938,595.6099853515625,596.6500244140625,593.0,593.0800170898438,47233200,0.0077321458684938005,0.007702406032089402,0.15874308865339246,0.13990835731730167,0.12962431544980277
2024-11-08,589.2636108398438,598.1900024414062,599.6400146484375,596.1699829101562,596.1699829101562,46444900,0.004331722357409529,0.004322367453619879,0.15852271905834003,0.1393565628953143,0.12570418043177076
2024-11-11,589.8250732421875,598.760009765625,600.1699829101562,597.0,599.8099975585938,37586800,0.0009528867448342915,0.0009524330364589737,0.14537242375983842,0.13718443949947406,0.12569107628176357
2024-11-12,587.992919921875,596.9000244140625,599.2899780273438,594.3699951171875,598.6799926757812,43006100,-0.003106395419244068,-0.0031112302807517547,0.16927236982606858,0.1340694843277326,0.12482043561475197
2024-11-13,588.278564453125,597.1900024414062,599.22998046875,594.9600219726562,597.3699951171875,47388600,0.000485806693723001,0.0004856887278553604,0.06516350208438923,0.13366785189279584,0.12470008512678475
2024-11-14,584.4959106445312,593.3499755859375,597.8099975585938,592.6500244140625,597.3200073242188,38904100,-0.006430159312396544,-0.006450921838880147,0.06556263079500971,0.13641667022246715,0.12555621706565936
2024-11-15,577.00927734375,585.75,590.2000122070312,583.8599853515625,589.719970703125,75988800,-0.012808588351979733,-0.012891325577101638,0.09060103547163208,0.14438761434346772,0.127466448924653
2024-11-18,579.3734741210938,588.1500244140625,589.489990234375,585.3400268554688,586.219970703125,37001700,0.004097352819568911,0.004088981528469609,0.10364295074314017,0.14490289140227397,0.12604249718480345
2024-11-19,581.4913940429688,590.2999877929688,591.0399780273438,584.030029296875,584.7100219726562,49412000,0.003655467635231613,0.003648802650900327,0.11593409225661999,0.14531113883237934,0.12600703087518222
2024-11-20,581.6883544921875,590.5,590.7899780273438,584.6300048828125,590.3800048828125,50032600,0.000338831460557909,0.0003387740701419968,0.11572228133273466,0.14067352221350363,0.12600670383193247
2024-11-21,584.81103515625,593.6699829101562,595.1199951171875,587.4500122070312,593.4000244140625,46750300,0.005368302980789608,0.005353945004731207,0.11904323993765038,0.14145621632405375,0.12556467497407758
2024-11-22,586.6236572265625,595.510009765625,596.1500244140625,593.1500244140625,593.6599731445312,38226400,0.003099410292649374,0.0030946170222222015,0.02945754389277612,0.14147501702478335,0.12562019357544726
2024-11-25,588.613525390625,597.530029296875,600.8599853515625,595.2000122070312,599.52001953125,42441400,0.003392083253218603,0.003386343115840129,0.028691875879519834,0.1415263340706363,0.12448817600665785
2024-11-26,591.6869506835938,600.6500244140625,601.3300170898438,598.0700073242188,598.7999877929688,45621300,0.005221486727384761,0.005207902033243618,0.03226260817180537,0.14216608277091136,0.11619968046838995
2024-11-27,589.89404296875,598.8300170898438,600.8499755859375,597.280029296875,600.4600219726562,34000200,-0.0030300628489846604,-0.0030346627838302746,0.054295981246923364,0.14216816006479324,0.1163423131997572
2024-11-29,593.55859375,602.5499877929688,603.3499755859375,599.3800048828125,599.6599731445312,30177400,0.006212064520751737,0.00619284918482512,0.05703777543786248,0.11820819810789872,0.11647465456438919
2024-12-02,594.6224975585938,603.6300048828125,604.3200073242188,602.469970703125,602.969970703125,31746000,0.0017924107737512518,0.0017908063224980327,0.0576056840754587,0.11816320973566818,0.10990357588245249
2024-12-03,594.8983154296875,603.9099731445312,604.1599731445312,602.3400268554688,603.3900146484375,26906600,0.000463807728996235,0.0004637002034376687,0.05915539056765376,0.1170739677994885,0.10821431464595242
2024-12-04,598.59228515625,607.6599731445312,607.9099731445312,604.9500122070312,605.6300048828125,42787600,0.006209534809425099,0.006190335088049891,0.062687606016171,0.11280666198732976,0.10847496046411813
2024-12-05,597.607177734375,606.6599731445312,608.47998046875,606.2999877929688,607.6599731445312,28762200,-0.00164565718361398,-0.0016470127648157316,0.055591804995903715,0.07824557270931023,0.10721667327061175
2024-12-06,598.7401123046875,607.8099975585938,609.0700073242188,607.02001953125,607.4400024414062,31241500,0.0018956655539701384,0.0018938710475220276,0.045549412058293104,0.07457652974771295,0.10625663431297418
2024-12-09,595.65673828125,604.6799926757812,607.8599853515625,604.0800170898438,607.6900024414062,34742700,-0.005149643631043976,-0.005162948743187375,0.066827065608171,0.07656911405881554,0.10679020887802244
2024-12-10,593.8048095703125,602.7999877929688,605.7999877929688,602.1300048828125,605.3699951171875,37234500,-0.003109090602606557,-0.003113933866162911,0.07112389835715054,0.07763142593229971,0.10715681061559784
2024-12-11,598.3953247070312,607.4600219726562,608.4299926757812,605.5,605.780029296875,28677700,0.007730647435394422,0.007700919095089764,0.08013659877848478,0.08068988184966534,0.10798226647458978
2024-12-12,595.31201171875,604.3300170898438,607.1599731445312,604.3300170898438,606.5800170898438,31543800,-0.005152610492206833,-0.00516593096615969,0.08801727936814537,0.08349820799015079,0.10844284210988438
2024-12-13,595.1937866210938,604.2100219726562,607.1300048828125,602.8099975585938,606.4000244140625,35904700,-0.00019855892276432474,-0.00019857863819705597,0.08523783362276946,0.07934767303351284,0.1034210114792057
2024-12-16,597.7352905273438,606.7899780273438,607.780029296875,605.2100219726562,606.0,43695200,0.004269965675617771,0.004260875240226695,0.08379549847295481,0.06103260529034408,0.10293974511454616
2024-12-17,595.2725830078125,604.2899780273438,605.1699829101562,602.8900146484375,604.1900024414062,55773500,-0.004120041679210651,-0.004128552435420416,0.08695242894026785,0.06378976132593875,0.10344831575362692
2024-12-18,577.5313720703125,586.280029296875,606.4099731445312,585.8900146484375,603.97998046875,108248700,-0.029803487374158943,-0.030256637667440828,0.2137906485230786,0.12841167735407663,0.12156022081433675
2024-12-19,577.35400390625,586.0999755859375,593.0,585.8499755859375,591.3599853515625,85919500,-0.0003071121340316729,-0.0003071593026207189,0.21926911865936788,0.1283867483780218,0.1214463105722426
2024-12-20,584.2886352539062,591.1500244140625,595.75,580.9099731445312,581.77001953125,125716700,0.008616360754965635,0.008579451781121527,0.24190574036229906,0.13078352592231146,0.122380216801106
2024-12-23,587.7874755859375,594.6900024414062,595.2999877929688,587.6599731445312,590.8900146484375,57635800,0.005988290418921238,0.00597043186718211,0.24601808630297572,0.13213944730498234,0.12280882417332777
2024-12-24,594.3207397460938,601.2999877929688,601.3400268554688,595.469970703125,596.0599975585938,33160100,0.011115010046286677,0.011053692268884356,0.2682363081904067,0.1374929619898075,0.12446694287987731
2024-12-26,594.3603515625,601.3400268554688,602.47998046875,598.0800170898438,599.5,41219100,6.658749927290764e-05,6.658528242378701e-05,0.08050722260681491,0.13627180578374476,0.12279984188863749
2024-12-27,588.1038208007812,595.010009765625,597.780029296875,590.760009765625,597.5399780273438,64969300,-0.010526518786625139,-0.010582314487253603,0.13699487649211822,0.14109166181297556,0.125045533597989
2024-12-30,581.392578125,588.219970703125,591.739990234375,584.4099731445312,587.8900146484375,56578800,-0.01141163837760406,-0.011477250763649458,0.1580708380159521,0.1441814005094636,0.12743556021502875
2024-12-31,579.2774658203125,586.0800170898438,590.6400146484375,584.4199829101562,589.9099731445312,57052700,-0.0036380159121820466,-0.0036446495858981865,0.14563215821922623,0.14397502740101195,0.126488471964522
2025-01-02,577.8541259765625,584.6400146484375,591.1300048828125,580.5,589.3900146484375,50204000,-0.0024570065510107764,-0.0024600299449544388,0.08139328736371805,0.14382676586839918,0.12509390513668672
2025-01-03,585.0792846679688,591.9500122070312,592.5999755859375,586.4299926757812,587.530029296875,37888500,0.012503416419400448,0.012425894234247573,0.15224464022200565,0.14989387000309234,0.12615994061212346
2025-01-06,588.44970703125,595.3599853515625,599.7000122070312,593.5999755859375,596.27001953125,47679400,0.005760576187535671,0.00574404751460413,0.14600886170658026,0.15195506700123002,0.12593241828896717
2025-01-07,581.7977905273438,588.6300048828125,597.75,586.780029296875,597.4199829101562,60393100,-0.011304052395755049,-0.011368428798641033,0.14546546302602983,0.15591518204689198,0.12819460084008197
2025-01-08,582.6478271484375,589.489990234375,590.5800170898438,585.2000122070312,588.7000122070312,47304700,0.0014609947580461746,0.0014599285435674945,0.14156153386885076,0.1556818471292288,0.12768338090676137
2025-01-10,573.7523193359375,580.489990234375,585.9500122070312,578.5499877929688,585.8800048828125,73105000,-0.015267434815002923,-0.015385182101261236,0.1853520934269031,0.16350453537368642,0.1305682816148181
2025-01-13,574.6419067382812,581.3900146484375,581.75,575.3499755859375,575.77001953125,47910100,0.0015504563889190415,0.0015492556723576232,0.14606875124291563,0.16014434025436364,0.12961866681558906
2025-01-14,575.4325561523438,582.1900024414062,585.0,578.3499755859375,584.3599853515625,48420600,0.0013759916283606621,0.0013750458193974,0.130974189503736,0.16021705592573288,0.12934172081017875
2025-01-15,585.8997192382812,592.780029296875,593.9400024414062,589.2000122070312,590.3300170898438,56900200,0.018189984044830076,0.018026525514547472,0.18752928602137425,0.1751023799010421,0.13451678395883007
2025-01-16,584.7728881835938,591.6400146484375,594.3499755859375,590.9299926757812,594.1699829101562,43319700,-0.0019231664227786771,-0.001925018081736614,0.1890008760714822,0.1740319824821503,0.13438690857995853
2025-01-17,590.6439819335938,597.5800170898438,599.3599853515625,595.6099853515625,596.9600219726562,58070600,0.010039892999691435,0.009989828092638322,0.129054840040552,0.17811781017807737,0.13581260893727967
2025-01-21,596.0504760742188,603.0499877929688,603.0599975585938,598.6699829101562,600.6699829101562,42532900,0.00915353684308795,0.009111897132251471,0.12443561629308342,0.14226883645665794,0.13696507533408547
2025-01-22,599.4011840820312,606.4400024414062,607.8200073242188,605.3599853515625,605.9199829101562,48196000,0.005621448830210873,0.0056057074520837295,0.11497645584623392,0.1428691442917015,0.13582404981184892
2025-01-23,602.6727294921875,609.75,609.75,605.52001953125,605.7999877929688,41152100,0.005458079192118603,0.0054432378568486876,0.0745613367800974,0.14129291313848547,0.13613068630100397
2025-01-24,600.913330078125,607.969970703125,610.780029296875,606.7999877929688,609.8099975585938,34604700,-0.0029192772396473554,-0.002923546640516025,0.08100666597733745,0.14112848698480734,0.13633022287638433
2025-01-27,592.4132080078125,599.3699951171875,599.6900024414062,594.6400146484375,594.8099975585938,70361100,-0.01414539533258774,-0.014246395022121112,0.14929577196881755,0.14596299599641657,0.13968193144625915
2025-01-28,597.50341796875,604.52001953125,605.3699951171875,597.25,600.6199951171875,44433300,0.008592396109277312,0.008555691577218085,0.14733689980234843,0.14921261724208684,0.1406344777414752
2025-01-29,594.8248901367188,601.8099975585938,604.1300048828125,599.219970703125,603.719970703125,37177400,-0.0044829317228528565,-0.004493010193278008,0.14260029097106022,0.1448436548994563,0.14082935875505806
2025-01-30,598.0173950195312,605.0399780273438,606.5999755859375,600.719970703125,603.9600219726562,39281300,0.005367110021191612,0.005352758414401837,0.14232261185421913,0.1384596904078267,0.13455124694427595
2025-01-31,594.8347778320312,601.8200073242188,609.9600219726562,601.0499877929688,607.5,66566900,-0.00532191395620385,-0.005336125785463275,0.1447975994427801,0.13940558231834724,0.1350101787501591
2025-02-03,590.831787109375,597.77001953125,600.2899780273438,590.489990234375,592.6699829101562,65857200,-0.006729566554251942,-0.006752312190203094,0.1107461681148353,0.14176397380095052,0.1357773117927043
2025-02-04,594.7952880859375,601.780029296875,602.2999877929688,597.280029296875,597.8300170898438,33457800,0.006708281838506247,0.0066858814388869895,0.10148539192104974,0.13707394599583747,0.13432694400521636
2025-02-05,597.2069091796875,604.219970703125,604.3699951171875,598.5800170898438,600.6400146484375,30653100,0.004054540342757651,0.004046342844649405,0.10058709015929364,0.13639644689030497,0.12502552858397425
2025-02-06,599.2825317382812,606.3200073242188,606.4500122070312,602.6300048828125,605.989990234375,35771500,0.003475616038725038,0.0034695900439601513,0.0960003045684525,0.12889060803299268,0.1242635030899517
2025-02-07,593.7969360351562,600.77001953125,608.1300048828125,600.0499877929688,606.8900146484375,50788500,-0.009153562023232031,-0.009195713292096888,0.11299287146645125,0.13434747090351654,0.12547544856335655
2025-02-10,597.82958984375,604.8499755859375,605.5,602.739990234375,604.030029296875,26048700,0.0067912111491030824,0.006768254750559075,0.10522634022465581,0.12097515717292595,0.12621371653481003
2025-02-11,598.2842407226562,605.3099975585938,605.8599853515625,602.4299926757812,602.5499877929688,30056700,0.000760555495121995,0.0007602664193542381,0.09802357963244882,0.12105133282215286,0.12603325799641865
2025-02-12,596.3568725585938,603.3599853515625,604.5499877929688,598.510009765625,599.2000122070312,45076100,-0.0032215099947072723,-0.003226710229439137,0.09817597097336134,0.1224682728803528,0.12623097299665073
2025-02-13,602.6529541015625,609.72998046875,609.9400024414062,603.2000122070312,604.47998046875,40921300,0.010557536581541571,0.010502194965520788,0.12433033465589927,0.1116705597226083,0.12720983476615552
2025-02-14,602.623291015625,609.7000122070312,610.989990234375,609.0700073242188,609.9400024414062,26910400,-4.9150054415414424e-05,-4.915126231891812e-05,0.08822724726660199,0.11112479320009595,0.12414108762028835
2025-02-18,604.392578125,611.489990234375,611.489990234375,608.3800048828125,610.8800048828125,26749000,0.0029358340027980656,0.0029315328583930616,0.0817348100303745,0.10671238650135677,0.12402746010634923
2025-02-19,605.8157958984375,612.9299926757812,613.22998046875,609.5599975585938,610.0800170898438,31011100,0.0023549076262954216,0.002352139176774632,0.0807638774624484,0.10264363405098266,0.12392191322046275
2025-02-20,603.29541015625,610.3800048828125,611.6799926757812,607.02001953125,611.5399780273438,36554000,-0.00416032470826988,-0.004169002936971839,0.08513353236594952,0.10245376378732937,0.12431043182945863
2025-02-21,592.9766235351562,599.9400024414062,610.2999877929688,599.469970703125,610.1599731445312,76519800,-0.017104102948802602,-0.01725206774810884,0.13204079534613689,0.1179182842093041,0.1291204586940025
2025-02-24,590.2782592773438,597.2100219726562,603.030029296875,596.489990234375,602.02001953125,50737200,-0.004550422471648163,-0.004560807159101966,0.12902828114982856,0.11844934724668335,0.12933411334568293
2025-02-25,587.3427124023438,594.239990234375,597.8900146484375,589.5599975585938,597.1500244140625,58266500,-0.004973177992678157,-0.004985585395593816,0.11293143618353109,0.10876803267158411,0.1295488598141532
2025-02-26,587.6392822265625,594.5399780273438,599.5800170898438,591.8599853515625,595.9299926757812,43321600,0.0005048259926943022,0.0005046986109214692,0.10509900302802282,0.10357716679320748,0.12908477497674933
2025-02-27,578.2593383789062,585.0499877929688,598.02001953125,584.6500244140625,596.8499755859375,74196700,-0.01596190430433686,-0.01609066754142619,0.12377210337735127,0.11640094647343222,0.13303479333794588
2025-02-28,587.2833862304688,594.1799926757812,594.719970703125,582.4400024414062,585.5599975585938,88744100,0.015605512474676564,0.015484998634637115,0.18203710550884378,0.12907732715458933,0.1363204678639963
2025-03-03,576.9942626953125,583.77001953125,597.3400268554688,579.9000244140625,596.1799926757812,74249200,-0.017519898469909534,-0.017675188339395635,0.21483412483369999,0.14152557461134807,0.1408481501851965
2025-03-04,570.1644897460938,576.8599853515625,585.3900146484375,572.25,579.7100219726562,109648200,-0.011836911709231068,-0.01190752573646592,0.22123829452975138,0.14518784540155388,0.14273427092500837
2025-03-05,576.2925415039062,583.0599975585938,584.8800048828125,573.0800170898438,576.6900024414062,71230500,0.010747863198125485,0.010690515460946317,0.24988486969529305,0.14893262804427948,0.14396339719818727
2025-03-06,566.0625610351562,572.7100219726562,580.1699829101562,570.1199951171875,575.47998046875,80094900,-0.017751133038238276,-0.01791057405732893,0.25574380539631625,0.15804564418433464,0.14822113250850416
2025-03-07,569.2353515625,575.9199829101562,577.3900146484375,565.6300048828125,570.9000244140625,81158800,0.005604862520902865,0.0055892137246351834,0.21381425464846074,0.15931316590035652,0.14871765119744856
2025-03-10,554.0734252929688,560.5800170898438,569.5399780273438,555.5900268554688,567.5900268554688,99326600,-0.02663558528182819,-0.026996739968135883,0.25203864630261097,0.18028044094141352,0.15784347919192696
2025-03-11,549.467529296875,555.9199829101562,564.02001953125,552.02001953125,559.4000244140625,88102100,-0.008312879584754462,-0.008347624254402936,0.24991495871574645,0.17685585655278394,0.1584689221607998
2025-03-12,552.3832397460938,558.8699951171875,563.1099853515625,553.6900024414062,562.1699829101562,69588200,0.005306541044969082,0.005292510968269806,0.22721179270776426,0.17926320300668577,0.1579574790064284
2025-03-13,545.0197143554688,551.4199829101562,559.1099853515625,549.6799926757812,558.489990234375,74079400,-0.01333049237232553,-0.013420140983913241,0.21749175872066617,0.1823123707415327,0.159696581968244
2025-03-14,556.2775268554688,562.8099975585938,563.8300170898438,551.489990234375,556.1099853515625,62660300,0.020655788693630495,0.020445350796967156,0.2882201243909459,0.1960628791514476,0.16591321662648414
2025-03-17,560.5671997070312,567.1500244140625,569.7100219726562,562.3499755859375,562.7899780273438,49008700,0.007711353519474162,0.007681773006130907,0.21410916898809806,0.20001172787233204,0.1665395752228251
2025-03-18,554.50830078125,561.02001953125,565.02001953125,559.0599975585938,564.7999877929688,66041400,-0.010808436249554187,-0.010867271727039338,0.2226043812224447,0.20001697984127131,0.16762754996562163
2025-03-19,560.54736328125,567.1300048828125,570.9500122070312,561.6300048828125,562.8300170898438,66556000,0.010890850841058342,0.010831972628518661,0.23134062453592813,0.20593870081454432,0.15812803157130262
2025-03-20,558.9264526367188,565.489990234375,570.5700073242188,562.5999755859375,563.3300170898438,62958200,-0.0028917790177164227,-0.002895968288907007,0.1934267627539798,0.20596483658747522,0.1581997950077318
2025-03-21,559.11083984375,563.97998046875,564.8900146484375,558.030029296875,559.280029296875,83763000,-0.0026702678945725866,-0.0026738394192555807,0.13954956615589026,0.19976197082489439,0.15708899939433016
2025-03-24,569.1235961914062,574.0800170898438,575.1500244140625,570.2000122070312,570.7999877929688,58766800,0.017908502022889516,0.017750033954183515,0.18385139425516028,0.21285360149016244,0.16105722589233362
2025-03-25,570.4917602539062,575.4600219726562,576.4099731445312,573.6900024414062,575.2999877929688,38355700,0.0024038545877420603,0.0024009699512088666,0.1429874239280247,0.21308270453509726,0.1593530662363311
2025-03-26,563.6810913085938,568.5900268554688,576.3300170898438,567.1900024414062,575.1900024414062,51848300,-0.011938266525687413,-0.01201009991267193,0.17376692053901724,0.216048766104267,0.1610079568684573
2025-03-27,562.1840209960938,567.0800170898438,570.9000244140625,564.9400024414062,567.1799926757812,42164200,-0.0026557092004866334,-0.0026592418520149856,0.17348213044797417,0.20979105952593674,0.15979411034617894
2025-03-28,550.8626708984375,555.6599731445312,566.27001953125,555.0700073242188,565.530029296875,71662700,-0.020138328985595644,-0.02034386930652222,0.23029507084279208,0.20973186303662708,0.16331860419728106
2025-03-31,554.5604858398438,559.3900146484375,560.7100219726562,546.8699951171875,549.8300170898438,95328200,0.0067128130226792315,0.00669038241901932,0.1741362617816637,0.2054504447607344,0.16396219020099612
2025-04-01,556.1268310546875,560.969970703125,562.9400024414062,553.6799926757812,557.4500122070312,54609600,0.0028244266313557365,0.002820445433097604,0.17530893019946892,0.20279125720327457,0.1640877339988589
2025-04-02,559.6461791992188,564.52001953125,567.4199829101562,554.8099975585938,555.0499877929688,76014500,0.006328411525621025,0.006308471212191712,0.17803812468788713,0.19990308107877497,0.16247036977047338
2025-04-03,532.06640625,536.7000122070312,547.969970703125,536.7000122070312,545.1099853515625,125986000,-0.04928081620084812,-0.050536545216391456,0.39319325215354634,0.2597608483875023,0.19120250630182015
2025-04-04,500.9176330566406,505.2799987792969,525.8699951171875,505.05999755859375,523.6699829101562,217965100,-0.058542971330535654,-0.06032657327600828,0.5312084068318155,0.3267585647723174,0.22507078601040578
2025-04-07,500.025390625,504.3800048828125,523.1699829101562,481.79998779296875,489.19000244140625,256611400,-0.0017811785518102585,-0.0017827667365008367,0.5082951522945356,0.31796423238359456,0.22492241136996027
2025-04-08,492.193603515625,496.4800109863281,524.97998046875,489.1600036621094,521.8599853515625,165816600,-0.0156627816725603,-0.015786739086371803,0.4697467979512545,0.32000542052429576,0.22502139647517963
2025-04-09,543.8834838867188,548.6199951171875,548.6199951171875,493.04998779296875,493.44000244140625,241867300,0.10501930183911301,0.09986280254486124,1.0119600220534097,0.4924963455675312,0.30776490503196785
2025-04-10,520.051025390625,524.5800170898438,533.5,509.32000732421875,532.1699829101562,162331200,-0.04381899719533322,-0.0448080503743717,0.9966767223230444,0.5151400330437838,0.32055168940133527
2025-04-11,529.3302612304688,533.9400024414062,536.4299926757812,520.0700073242188,523.010009765625,97866300,0.017842817199724692,0.017685502670261567,0.8671883025148277,0.5136008161362171,0.3204626359613135
2025-04-14,534.4654541015625,539.1199951171875,544.280029296875,533.8599853515625,544.0499877929688,68034000,0.009701450822369617,0.00965469391169509,0.86031269793406,0.5141737603349097,0.3213120086606905
2025-04-15,532.9684448242188,537.6099853515625,543.22998046875,536.8099975585938,539.6699829101562,56892900,-0.0028008788011967267,-0.0028048086018717766,0.8372685477470493,0.5132363421258695,0.3204181133956062
2025-04-16,521.1216430664062,525.6599731445312,537.8900146484375,520.2899780273438,531.6799926757812,83484800,-0.02222803246337901,-0.022478798161806254,0.40170483243724825,0.5156919775158655,0.32237349274339405
2025-04-17,521.8651733398438,526.4099731445312,531.1699829101562,523.9099731445312,527.6400146484375,79868100,0.001426777837987947,0.001425760957615131,0.24058664827739895,0.5160201640209618,0.32204992483848943
2025-04-21,509.443359375,513.8800048828125,521.7000122070312,508.4599914550781,521.1599731445312,69368100,-0.023802680232045126,-0.024090541109631346,0.2375191925418777,0.5210959337203341,0.3246709489538326
2025-04-22,522.697998046875,527.25,529.2999877929688,519.1900024414062,520.1400146484375,75948100,0.02601773758493775,0.025685034693621645,0.3230120972479469,0.5263549443847088,0.32989541769421005
2025-04-23,530.79736328125,535.4199829101562,545.4299926757812,533.8800048828125,540.4299926757812,90590700,0.015495463082325855,0.015376634359514635,0.35323123883950386,0.5305297549249526,0.33092644331084553
2025-04-24,541.9700927734375,546.6900024414062,547.4299926757812,535.4500122070312,536.719970703125,64150400,0.02104893334386637,0.020830464913471305,0.31795613576170156,0.5364044558245016,0.33352573377906286
2025-04-25,545.8860473632812,550.6400146484375,551.0499877929688,543.6900024414062,546.6500244140625,61119600,0.00722532365580375,0.007199346060805608,0.3132187652048382,0.5373755788161289,0.3339644082016455
2025-04-28,546.09423828125,550.8499755859375,553.5499877929688,545.02001953125,551.3900146484375,47613800,0.00038130345037501456,0.00038123077268862877,0.16203560718701973,0.5327372763010436,0.333685200005892
2025-04-29,549.5342407226562,554.3200073242188,555.4500122070312,548.5499877929688,548.9099731445312,47775100,0.006299413437552026,0.006279655066741137,0.12808564122926663,0.5326664085017185,0.3339733463431968
2025-04-30,549.7523193359375,554.5399780273438,556.52001953125,541.52001953125,547.5700073242188,93101500,0.000396829809890642,0.0003967510937655479,0.13263763302645243,0.5325381860428147,0.3338025962265897
2025-05-01,553.6484375,558.469970703125,564.0700073242188,557.8599853515625,560.3699951171875,63186100,0.007086942026725218,0.007061947672627353,0.05642664315303693,0.5326740851900064,0.33384167630332046
2025-05-02,561.8668823242188,566.760009765625,568.3800048828125,562.3800048828125,564.72998046875,60717300,0.014844198430334021,0.014735101628145874,0.09398612196093745,0.5008548389908828,0.33528083463087216
2025-05-05,558.6448974609375,563.510009765625,566.6500244140625,561.7000122070312,562.5700073242188,38659200,-0.005734349537724115,-0.005750854045354971,0.12203635773988211,0.44396590074253073,0.33528049267864707
2025-05-06,553.9755859375,558.7999877929688,563.3499755859375,556.9600219726562,557.9299926757812,48264700,-0.008358364343191038,-0.008393491343563316,0.15012031392435587,0.4460104499160061,0.33520300972778644
2025-05-07,556.3052978515625,561.1500244140625,563.8200073242188,556.0399780273438,560.1500244140625,55588000,0.0042055058561747405,0.00419668743173332,0.15060882647210044,0.439173034322036,0.33498304021207087
2025-05-08,560.1815185546875,565.0599975585938,570.3099975585938,561.7000122070312,565.239990234375,65130800,0.0069677857514378605,0.006943622908376454,0.15037875701152265,0.26572352592910253,0.3353809715064855
2025-05-09,559.4677734375,564.3400268554688,567.5,562.760009765625,566.47998046875,37603400,-0.0012741491279434358,-0.001274961546111479,0.10266790199383531,0.20258267722138673,0.33535312431773023
2025-05-12,577.9567260742188,582.989990234375,583.0,577.0399780273438,581.469970703125,78993600,0.03304738719814848,0.03251306246206715,0.24643947474536188,0.22210183450027682,0.3415855906504148
2025-05-13,581.7734375,586.8400268554688,589.0800170898438,582.8400268554688,583.4099731445312,67947200,0.006603949785734642,0.006582239240497496,0.2082599393424067,0.2214033512647473,0.3419136857385094
2025-05-14,582.5169677734375,587.5900268554688,588.97998046875,585.5399780273438,587.8099975585938,66283500,0.0012780314322096142,0.0012772154452027908,0.2141496684534708,0.22015108711504888,0.3418567453763315
2025-05-15,585.3622436523438,590.4600219726562,590.969970703125,585.0999755859375,585.5599975585938,71268100,0.004884349607746863,0.00487245987223399,0.21602608724955324,0.1958535692124036,0.3419907298471168
2025-05-16,589.0699462890625,594.2000122070312,594.5,589.280029296875,591.25,76052100,0.00633402786844095,0.006314052220422412,0.19985460140107356,0.19516889693877362,0.3422011458844184
2025-05-19,589.71435546875,594.8499755859375,595.5399780273438,588.0999755859375,588.0999755859375,68168500,0.0010938461217664397,0.0010932483080018517,0.04247941509742745,0.16106737544743263,0.34041400033905195
2025-05-20,587.7315673828125,592.8499755859375,594.0499877929688,589.5999755859375,593.0900268554688,60614500,-0.0033621922872737464,-0.003367857156913426,0.05993200997206754,0.14973834805580452,0.34035663419739615
2025-05-21,577.8278198242188,582.8599853515625,592.5800170898438,581.8200073242188,588.4400024414062,95197700,-0.016850789652983478,-0.016994379563572647,0.14889269244386494,0.16569843466569437,0.3419754911257011
2025-05-22,578.0558471679688,583.0900268554688,586.6199951171875,581.4099731445312,582.6599731445312,70860400,0.00039467712604679406,0.00039459926151677404,0.13970855352177658,0.15403614893509002,0.34197442838531644
2025-05-23,574.1102294921875,579.1099853515625,581.8099975585938,575.5999755859375,575.97998046875,76029000,-0.006825775301577575,-0.006849177458516927,0.1166730850219102,0.15726433285952576,0.3406765794967456
2025-05-27,586.0462646484375,591.1500244140625,591.3099975585938,578.4299926757812,586.0700073242188,72588500,0.02079059136787431,0.020577416645726487,0.21922666578253547,0.16948548786458087,0.34183397446504327
2025-05-28,582.65576171875,587.72998046875,592.77001953125,586.989990234375,591.5599975585938,68445500,-0.005785407771406903,-0.005802208072010942,0.2213803549337929,0.1722888808481482,0.3400860099875029
2025-05-29,584.9557495117188,590.0499877929688,593.2000122070312,586.0700073242188,593.0599975585938,69973300,0.003947403401760141,0.003939632847248321,0.17563055954048146,0.17205781085456406,0.3392433458339737
2025-05-30,584.301513671875,589.3900146484375,591.1300048828125,583.239990234375,588.9299926757812,90601200,-0.0011185037847383228,-0.0011191297769231792,0.1770705976953919,0.17201207183248654,0.3385725022566732
2025-06-02,587.5928955078125,592.7100219726562,592.7899780273438,585.0599975585938,587.760009765625,61630500,0.005632954820585345,0.005617149058231328,0.15827884148402388,0.16650356899117968,0.33663092745108697
2025-06-03,590.943603515625,596.0900268554688,597.0800170898438,591.8499755859375,592.3400268554688,63606200,0.005702628195088044,0.005686429764165146,0.07956118495557722,0.16415782331757192,0.3366371748699616
2025-06-04,590.7850341796875,595.9299926757812,597.9500122070312,595.489990234375,596.9600219726562,57314200,-0.0002684731709600152,-0.0002685092163333994,0.05164568325703095,0.15926352700171864,0.3317078602954238
2025-06-05,587.9298095703125,593.0499877929688,599.0,591.0499877929688,597.6300048828125,92278700,-0.004832790626766448,-0.0048445063209598994,0.07254569748914765,0.16173984151985554,0.33136286007278826
2025-06-06,593.96728515625,599.1400146484375,600.8300170898438,596.8599853515625,598.6599731445312,66588700,0.010268994150278488,0.010216626235265189,0.093231304911429,0.16327151374961776,0.331783781532195
2025-06-09,594.5026245117188,599.6799926757812,601.25,598.489990234375,599.719970703125,53016400,0.0009012551559597348,0.0009008492693849346,0.09178857568871324,0.16271032097098706,0.3303910377420512
2025-06-10,597.8733520507812,603.0800170898438,603.469970703125,599.0900268554688,600.219970703125,66247000,0.005669731282665458,0.00565371885186638,0.09171366574472817,0.12067924011135743,0.3281317823645457
2025-06-11,596.1680908203125,601.3599853515625,605.0599975585938,599.27001953125,604.1900024414062,73658200,-0.0028520788113346462,-0.0028561537379599026,0.09796238905624173,0.12025838253000827,0.3279467128803424
2025-06-12,598.5374145507812,603.75,603.75,599.52001953125,600.010009765625,64129000,0.003974349319302073,0.0039664724564183835,0.07821169370539446,0.1206529595870767,0.32706645944808516
2025-06-13,591.8457641601562,597.0,601.8499755859375,595.47998046875,598.5,89506000,-0.011180124223602483,-0.011243091574180354,0.10664107040839813,0.12777514064175122,0.3274251696477465
2025-06-16,597.4767456054688,602.6799926757812,604.4500122070312,600.219970703125,600.4000244140625,79984100,0.00951422558757331,0.009469250387736591,0.12968327799637705,0.13013180382597278,0.3278004839510675
2025-06-17,592.3712158203125,597.530029296875,601.75,596.760009765625,600.2100219726562,82209400,-0.008545104270081039,-0.008581823000128084,0.1366768237196169,0.1342199544146792,0.3283112459770098
2025-06-18,592.2819213867188,597.4400024414062,601.219970703125,596.469970703125,598.4400024414062,76605000,-0.00015066498929716676,-0.00015067634040682423,0.13677045421113035,0.13356202714381382,0.32644622247813115
2025-06-20,590.8909301757812,594.280029296875,599.4600219726562,592.8599853515625,598.3800048828125,94051400,-0.005289189092826385,-0.005303226372552535,0.12990933586030426,0.11904234054520485,0.3266529678926595
2025-06-23,596.7274780273438,600.1500244140625,600.5399780273438,591.8900146484375,595.0399780273438,87426000,0.00987749011881256,0.009829026584035939,0.13341486847477235,0.12307940202851406,0.32613601603945425
2025-06-24,603.3196411132812,606.780029296875,607.8499755859375,603.4099731445312,604.3300170898438,67735300,0.011047245877038092,0.010986670773378289,0.1397312232583304,0.1234266936324976,0.32669841231951274
2025-06-25,603.65771484375,607.1199951171875,608.6099853515625,605.5399780273438,607.9099731445312,62114800,0.0005602785258216336,0.0005601216284098168,0.11085927768547621,0.1029355404573518,0.3236247399278804
2025-06-26,608.380615234375,611.8699951171875,612.3099975585938,608.3699951171875,608.989990234375,78548400,0.007823824018649228,0.007793376614487851,0.11014622718723859,0.10174243191555007,0.3237085283572998
2025-06-27,611.4032592773438,614.9099731445312,616.3900146484375,610.8300170898438,612.8800048828125,86258400,0.004968339764334306,0.004956038292762487,0.06641881166406477,0.10206122995649056,0.32377546987129413
2025-06-30,614.3265380859375,617.8499755859375,619.219970703125,615.0399780273438,617.3800048828125,92502500,0.004781191670012452,0.004769798075326805,0.06153504010811109,0.1017659238880771,0.3236938252003899
2025-07-01,614.127685546875,617.6500244140625,618.8300170898438,615.52001953125,616.3599853515625,70030100,-0.00032362414789344207,-0.0003236765254887332,0.053490161988932444,0.10142670928894283,0.30503271399073373
2025-07-02,616.9116821289062,620.4500122070312,620.489990234375,616.6099853515625,617.239990234375,66510400,0.004533291803274775,0.004523047384945118,0.046467423036059406,0.10095813094824524,0.27566610581051193
2025-07-03,621.7738037109375,625.3400268554688,626.280029296875,622.4299926757812,622.4500122070312,51065800,0.00788139987465386,0.007850503872320804,0.04673560372715069,0.10263517051245409,0.27559615235318424
2025-07-07,617.140380859375,620.6799926757812,624.030029296875,617.8699951171875,623.3599853515625,74814500,-0.007452000479036269,-0.007479905352460058,0.09506393127211606,0.10549187917171814,0.2736212579855441
2025-07-08,616.8023681640625,620.3400268554688,622.1099853515625,619.52001953125,621.3499755859375,59024600,-0.0005477312372305088,-0.0005478812967819988,0.0922931841723516,0.10159434390431922,0.1864115189062929
2025-07-09,620.5010986328125,624.0599975585938,624.719970703125,620.9099731445312,622.77001953125,66113300,0.005996663994070728,0.005978755562775531,0.09810262886138886,0.10263263100597114,0.15891640544806093
2025-07-10,622.2510986328125,625.8200073242188,626.8699951171875,623.010009765625,624.2000122070312,57529000,0.002820257303000284,0.002816287838894747,0.09613695696691098,0.10178081142387213,0.15589817906199036
2025-07-11,620.0635986328125,623.6199951171875,624.8599853515625,621.530029296875,622.739990234375,63670200,-0.0035154072757080934,-0.00352160083939128,0.08355276320159061,0.10221544340156181,0.155706724606614
2025-07-14,621.2467651367188,624.8099975585938,625.1599731445312,621.7999877929688,623.1599731445312,51898500,0.0019082172648787754,0.001906398931130222,0.056803582791735814,0.10190206099176102,0.1553295300402182
2025-07-15,618.592041015625,622.1400146484375,627.8599853515625,622.0599975585938,627.52001953125,74317300,-0.004273271747553764,-0.0042824282681121675,0.06936506755294777,0.09274715697211428,0.14708634574091053
2025-07-16,620.66015625,624.219970703125,624.72998046875,618.0499877929688,623.739990234375,88987500,0.0033432282214846953,0.0033376520588141207,0.058019904233758475,0.08871886375618766,0.1470617635561621
2025-07-17,624.4583740234375,628.0399780273438,628.4000244140625,624.1799926757812,624.4000244140625,68885700,0.006119649327969823,0.006101000318943925,0.07109475032367883,0.0810005723986147,0.13605110127920853
2025-07-18,624.0010375976562,627.5800170898438,629.469970703125,626.4600219726562,629.2999877929688,65621600,-0.0007323752525193461,-0.0007326435702887922,0.06292931709629294,0.08127807156298722,0.12805961304408178
2025-07-21,625.1842651367188,628.77001953125,631.5399780273438,628.3400268554688,628.77001953125,63375000,0.0018961764380651669,0.00189438096485408,0.06292166948237457,0.07600334048568341,0.12540391082597016
2025-07-22,625.2737426757812,628.8599853515625,629.72998046875,626.1900024414062,629.0999755859375,60046300,0.00014308223598114012,0.00014307200069432695,0.04305449787888847,0.07181890172799053,0.11964871377327038
2025-07-23,630.59326171875,634.2100219726562,634.2100219726562,629.72998046875,631.5499877929688,70511000,0.008507516372031176,0.00847153140570549,0.06285832694457277,0.0682681560625889,0.11989782602698325
2025-07-24,630.802001953125,634.4199829101562,636.1500244140625,633.989990234375,634.5999755859375,71307100,0.0003310590028946514,0.00033100421495464624,0.059179474927934246,0.06834642739128712,0.11990140168926815
2025-07-25,633.4667358398438,637.0999755859375,637.5800170898438,634.8400268554688,635.0900268554688,56865400,0.004224319453948855,0.004215422064666547,0.054946360373722324,0.06558655837415109,0.11968718513114061
2025-07-28,633.3076782226562,636.9400024414062,638.0399780273438,635.5399780273438,637.47998046875,54917100,-0.0002510958258695739,-0.00025112735570457557,0.05960693286223673,0.06509793401159625,0.11973899887037444
2025-07-29,631.63720703125,635.260009765625,638.6699829101562,634.3400268554688,638.3499755859375,60556300,-0.002637599568784843,-0.0026410841631859436,0.06927655728575408,0.06586400733779739,0.11974510845460608
2025-07-30,630.841796875,634.4600219726562,637.6799926757812,631.5399780273438,635.9199829101562,80418900,-0.0012593076546151272,-0.0012601012488224184,0.04083987310597892,0.06626967496081132,0.11701913045131604
2025-07-31,628.4754028320312,632.0800170898438,639.8499755859375,630.77001953125,639.4600219726562,103385200,-0.003751229077306739,-0.0037582825821688677,0.04879304160033768,0.0675064985099272,0.11653434894186368
2025-08-01,618.1743774414062,621.719970703125,626.3400268554688,619.2899780273438,626.2999877929688,140103600,-0.01639040328219421,-0.016526211959548707,0.10542965246651226,0.08699682197943173,0.12072334627767098
2025-08-04,627.5704956054688,631.1699829101562,631.219970703125,625.5800170898438,625.6699829101562,73218000,0.01519978873502148,0.015085429316188507,0.17868710471451124,0.09839089905976241,0.12368122648046019
2025-08-05,624.3887329101562,627.969970703125,632.6099853515625,627.0399780273438,631.7899780273438,68051400,-0.0050699689365404366,-0.005082864835385939,0.1802281439341077,0.10053166438474109,0.12406653489579246
2025-08-06,629.17138671875,632.780029296875,633.4400024414062,628.1300048828125,629.0499877929688,64357500,0.007659695237280717,0.007630508716870996,0.1940110235730341,0.10186348577962834,0.12447797045779338
2025-08-07,628.6443481445312,632.25,636.97998046875,629.1099853515625,636.239990234375,74205800,-0.0008376201402309214,-0.0008379711399972514,0.19204772242791945,0.10167932716242965,0.10699080726008703
2025-08-08,633.5462646484375,637.1799926757812,637.6500244140625,633.739990234375,634.0599975585938,64051600,0.007797536853746623,0.007767293178963315,0.12600028571818292,0.10361859824084439,0.10726545856208052
2025-08-11,632.29345703125,635.9199829101562,638.9500122070312,634.6599731445312,637.4600219726562,58742300,-0.0019774785462639555,-0.0019794363383848048,0.09316348056870281,0.10412218245816014,0.10748511726360893
2025-08-12,639.02490234375,642.6900024414062,642.8499755859375,636.7899780273438,638.2899780273438,64730800,0.010646024206171889,0.010589754305315703,0.08978139743357208,0.10766254735503257,0.10892182901967834
2025-08-13,641.2123413085938,644.8900146484375,646.1900024414062,642.6799926757812,644.9099731445312,60092800,0.0034231312120525104,0.0034172856347253642,0.08581744071474888,0.10767971986229974,0.10852613642163852
2025-08-14,641.27197265625,644.9500122070312,645.6199951171875,642.3400268554688,642.7899780273438,59327500,9.303533506632711e-05,9.303100754794766e-05,0.08285689812994813,0.10647536840016143,0.10855616456775535
2025-08-15,639.7706298828125,643.4400024414062,646.0900268554688,642.52001953125,645.989990234375,68592500,-0.002341281862229483,-0.00234402694812558,0.08479335767535763,0.10704120786152434,0.10838635161680837
2025-08-18,639.63134765625,643.2999877929688,644.0,642.1799926757812,642.8599853515625,43804900,-0.00021760326977848798,-0.00021762694880514852,0.0804542400835488,0.10713451376637775,0.10148210700639426
2025-08-19,636.1612548828125,639.8099975585938,644.1099853515625,638.47998046875,643.1199951171875,69750700,-0.005425136484688009,-0.005439905979530282,0.05191876873860413,0.10962901110523157,0.1024884529726219
2025-08-20,634.470947265625,638.1099853515625,639.6599731445312,632.9500122070312,639.4000244140625,88890300,-0.0026570578976855552,-0.002660594141413219,0.035390313785632455,0.10645772936172694,0.10137625003514665
2025-08-21,631.925537109375,635.5499877929688,637.969970703125,633.8099975585938,636.280029296875,54805800,-0.004011843753210287,-0.00401991278672533,0.031006376063861987,0.10755903915514073,0.09399097668787035
2025-08-22,641.6299438476562,645.3099975585938,646.5,637.25,637.760009765625,84083200,0.015356793254796441,0.015240071172988175,0.13363229429216042,0.11961244939163931,0.09712906053809821
2025-08-25,638.8060302734375,642.469970703125,645.2899780273438,642.3499755859375,644.0399780273438,51274300,-0.0044010272058598865,-0.0044107402347726265,0.13843901043619175,0.12092765453839284,0.09775995321038533
2025-08-26,641.4807739257812,645.1599731445312,645.510009765625,641.5700073242188,642.2000122070312,51581600,0.004186969919329098,0.00417822895106309,0.1324695327444374,0.12105164207912861,0.09777542589210982
2025-08-27,642.9423828125,646.6300048828125,647.3699951171875,644.4199829101562,644.5700073242188,48341100,0.0022785538462906096,0.0022759618790200126,0.12682903079761867,0.12091454204289658,0.09741460652657116
2025-08-28,645.2192993164062,648.9199829101562,649.47998046875,645.3400268554688,647.239990234375,61519500,0.003541403909580021,0.003535147904431349,0.11229625847459536,0.11991526727284045,0.0971144235603244
2025-08-29,641.3713989257812,645.0499877929688,647.8400268554688,643.1400146484375,647.469970703125,74522200,-0.0059637477949624484,-0.0059816019593900045,0.07544007226155743,0.10387676825148877,0.09823681687012653
2025-09-02,636.61865234375,640.27001953125,640.489990234375,634.9199829101562,637.5,81983500,-0.007410229210411012,-0.007437821352793993,0.08834364117092335,0.09628011173780372,0.0990721090123045
2025-09-03,640.06884765625,643.739990234375,644.2100219726562,640.4600219726562,642.6699829101562,70820900,0.005419542688669621,0.005404909812382553,0.09290998154913231,0.09509255310954708,0.09769886435462158
2025-09-04,645.4181518554688,649.1199951171875,649.1500244140625,643.510009765625,644.4199829101562,65219200,0.008357419089116691,0.008322689229362856,0.11200362436768686,0.0957390425554239,0.0987808951700708
2025-09-05,643.5488891601562,647.239990234375,652.2100219726562,643.3300170898438,651.47998046875,85178900,-0.002896236284437803,-0.0029004384924315968,0.11130552800438652,0.09661856614013054,0.09873370001069263
2025-09-08,645.1298217773438,648.8300170898438,649.8400268554688,647.22998046875,648.6199951171875,63133100,0.002456626412859597,0.002453613839030314,0.10083941006116623,0.09360146483428734,0.09840622537545095
2025-09-09,646.6212768554688,650.3300170898438,650.8599853515625,647.219970703125,648.969970703125,66133900,0.002311853583358836,0.0023091853614310527,0.06623491618335693,0.09308455210490481,0.09827051389840422
2025-09-10,648.4906005859375,652.2100219726562,654.5499877929688,650.6300048828125,653.6199951171875,78034500,0.0028908474672986184,0.0028866770032759895,0.06309550383146727,0.08647232792186561,0.09481063144506886
2025-09-11,653.8796997070312,657.6300048828125,658.3300170898438,653.5900268554688,654.1799926757812,69934400,0.008310180352278485,0.008275840916968756,0.06282879522284968,0.09011414281996158,0.09441149947099678
2025-09-12,653.660888671875,657.4099731445312,659.1099853515625,656.9000244140625,657.5999755859375,72780100,-0.00033458287585352853,-0.0003346388611921077,0.04999407681459193,0.09018261670719849,0.092152866172898
2025-09-15,657.1409301757812,660.9099731445312,661.0399780273438,659.3400268554688,659.6400146484375,63772400,0.005323922883704979,0.005309800906971289,0.051685716035275456,0.0905586888470266,0.09239105179232401
2025-09-16,656.2361450195312,660.0,661.780029296875,659.2100219726562,661.469970703125,61169000,-0.0013768488621856978,-0.001377797589516437,0.06322754730891639,0.09091619527284034,0.09146894453719295
2025-09-17,655.4208374023438,659.1799926757812,661.719970703125,654.2999877929688,660.010009765625,101952200,-0.0012424353397253451,-0.0012432078024016183,0.06993798778187231,0.08797402983348546,0.09009522571581055
2025-09-18,658.4832763671875,662.260009765625,664.8900146484375,660.27001953125,661.8900146484375,90459200,0.004672497836806455,0.0046616156037629225,0.052431740809432074,0.08722702761387187,0.08818185399268644
2025-09-19,661.74462890625,663.7000122070312,664.5499877929688,660.3699951171875,662.3300170898438,97945600,0.0021743762573189773,0.0021720157224394744,0.05016876156640388,0.08441740608691149,0.08817361195362598
2025-09-22,664.8753662109375,666.8400268554688,667.2899780273438,662.1699829101562,662.2000122070312,69452200,0.004731075170536503,0.0047199188082894,0.04776338866455822,0.06980398469316841,0.08745648781643521
2025-09-23,661.256103515625,663.2100219726562,667.3400268554688,661.97998046875,666.719970703125,81708900,-0.005443591771073009,-0.005458462106667478,0.06890257484856273,0.07109583572714717,0.08826565608660206
2025-09-24,659.1522216796875,661.0999755859375,664.6099853515625,659.6699829101562,664.510009765625,68082200,-0.0031815658943793457,-0.003186637835817156,0.07402679727831997,0.07233351307673899,0.08842044199720414
2025-09-25,656.1112670898438,658.0499877929688,659.4099731445312,654.4099731445312,657.9400024414062,89622100,-0.004613504621998388,-0.004624179680054175,0.07107884541364394,0.07509215245188242,0.08915810477195772
2025-09-26,659.8701782226562,661.8200073242188,662.3699951171875,657.8800048828125,659.510009765625,69179200,0.0057290777314567,0.005712728978095451,0.08498279451390707,0.07649979284015174,0.08938874003653921
2025-09-29,661.7246704101562,663.6799926757812,665.280029296875,661.8599853515625,664.3599853515625,73499000,0.0028104096748033935,0.0028064678572210437,0.07830630361154566,0.0721213025474192,0.08834758760516752
2025-09-30,664.21728515625,666.1799926757812,666.6500244140625,661.6099853515625,662.9299926757812,86288000,0.003766875644270362,0.0037597987345357456,0.07195916172109461,0.06441450350849814,0.08673229845016635
2025-10-01,666.4806518554688,668.4500122070312,669.3699951171875,663.0599975585938,663.1699829101562,72545400,0.0034075168215907947,0.003401724390952921,0.06307643896988034,0.06338757587978107,0.08677409385245269
2025-10-02,667.248291015625,669.219970703125,670.5700073242188,666.780029296875,670.4500122070312,56896000,0.0011518565068935338,0.0011511936291651499,0.026183235076743368,0.05866027059139823,0.08621140916789427
2025-10-03,667.2384033203125,669.2100219726562,672.6799926757812,668.1599731445312,669.989990234375,70494400,-1.4866158967619114e-05,-1.4866269470055505e-05,0.02540958817568192,0.05663233077613166,0.0861749516026408
2025-10-06,669.6312866210938,671.6099853515625,672.510009765625,669.4600219726562,671.6199951171875,54623300,0.003586263355458641,0.0035798480464479415,0.027071331576869365,0.05697931034053084,0.08577017494228359
2025-10-07,667.1486206054688,669.1199951171875,672.989990234375,667.6699829101562,672.5399780273438,72020100,-0.003707494362329311,-0.003714384154067093,0.04737880329855608,0.060087650106549054,0.08635396077125428
2025-10-08,671.1268920898438,673.1099853515625,673.2100219726562,669.4199829101562,670.25,60702200,0.005963041402874625,0.0059453328345677615,0.058127532524955484,0.06202470084119915,0.08615354713742006
2025-10-09,669.1826171875,671.1599731445312,673.9400024414062,669.2100219726562,673.530029296875,66501900,-0.0028970186885769467,-0.00290122316948787,0.06578848597119825,0.05860936147274889,0.08647529630808257
2025-10-10,651.0960693359375,653.02001953125,673.9500122070312,652.8400268554688,672.1300048828125,159422600,-0.027027764376787222,-0.027399732020099574,0.21017509438578402,0.11677367426621992,0.1038821097046456
2025-10-13,661.0865478515625,663.0399780273438,665.1300048828125,659.77001953125,660.6500244140625,79560500,0.015344029580113494,0.015227500463861956,0.25189958260310186,0.12790805925241658,0.10804086065851178
2025-10-14,660.2789306640625,662.22998046875,665.8300170898438,653.1699829101562,657.1699829101562,88779600,-0.0012216421112398734,-0.0012223889242512932,0.2518066487486582,0.12788445116435918,0.10810911271086775
2025-10-15,663.2102661132812,665.1699829101562,670.22998046875,658.9299926757812,666.8200073242188,81702600,0.00443954899070742,0.004429723263551478,0.24898128199079797,0.12863696317479767,0.10834368139757669
2025-10-16,658.6936645507812,660.6400146484375,668.7100219726562,657.1099853515625,666.8200073242188,110563300,-0.006810241559458086,-0.006833537080165666,0.25106299445263836,0.13011107634489302,0.10833706051243738
2025-10-17,662.4326171875,664.3900146484375,665.760009765625,658.1400146484375,659.5,96500900,0.0056763137515907225,0.005660264188947027,0.13093750054646833,0.1315086155421848,0.10881311097483573
2025-10-20,669.3222045898438,671.2999877929688,672.2100219726562,667.27001953125,667.3200073242188,60493400,0.010400477117627371,0.010346764260710732,0.10537465086613343,0.13561042509820911,0.11035705632380832
2025-10-21,669.3121948242188,671.2899780273438,672.989990234375,669.97998046875,671.4400024414062,56249000,-1.4911017141350236e-05,-1.491112831167144e-05,0.10302715281278786,0.13389264006618884,0.11034785434357192
2025-10-22,665.83251953125,667.7999877929688,672.0,663.2999877929688,672.0,80564000,-0.005198930936866852,-0.005212492402144877,0.11497991850271021,0.13484336400535732,0.11082266655309038
2025-10-23,669.7808837890625,671.760009765625,672.7100219726562,667.7999877929688,668.1199951171875,65604500,0.005929952148911788,0.005912439182597331,0.09574064180378827,0.13471534429791007,0.11121831978849253
2025-10-24,675.2546997070312,677.25,678.469970703125,675.6500244140625,676.4600219726562,74356500,0.008172546972973871,0.008139332552524787,0.1010013730843226,0.1361020742213543,0.11173765000262184
2025-10-27,683.2211303710938,685.239990234375,685.5399780273438,682.1199951171875,682.72998046875,63339800,0.011797696913067535,0.011728646645659485,0.10691803339382916,0.14113216164372586,0.10757242406985093
2025-10-28,685.0357666015625,687.0599975585938,688.9099731445312,684.8300170898438,687.0499877929688,61738100,0.002656014462314449,0.0026524934890284567,0.10199758780810698,0.14096187982131814,0.10388009536951195
2025-10-29,685.3648071289062,687.3900146484375,689.7000122070312,682.8699951171875,688.719970703125,85657100,0.00048033227231458753,0.0004802169496959799,0.0704760885109784,0.14083237058175158,0.1030160509128108
2025-10-30,677.8270874023438,679.8300170898438,685.9400024414062,679.8300170898438,683.9000244140625,76335800,-0.010998119550020391,-0.011059045996237981,0.13858594118383893,0.147620826600226,0.10536460062722897
2025-10-31,680.050537109375,682.0599975585938,685.0800170898438,679.239990234375,685.0399780273438,87164100,0.0032802030105936186,0.0032748348805325895,0.12989900490286863,0.14784565352880102,0.10536273770137553
2025-11-03,681.3267822265625,683.3400268554688,685.7999877929688,679.9400024414062,685.6699829101562,57315000,0.0018767107020742912,0.0018749518807334039,0.09467216709370788,0.14756717779858605,0.10449776351478893
2025-11-04,673.2506103515625,675.239990234375,679.9600219726562,674.5800170898438,676.1099853515625,78427000,-0.011853596017736279,-0.011924410043879145,0.11738986262836795,0.15369722258137702,0.10771425954296539
2025-11-05,675.583740234375,677.5800170898438,680.8599853515625,674.1699829101562,674.97998046875,74402400,0.0034654743340312155,0.003459483414779496,0.12534294254189005,0.1527700169176692,0.10598010084934556
2025-11-06,668.3351440429688,670.3099975585938,677.3800048828125,668.719970703125,676.469970703125,85035300,-0.010729388925125316,-0.01078736388196981,0.12423530871027344,0.1574751586356305,0.10849644420528314
2025-11-07,668.9931640625,670.969970703125,671.0800170898438,661.2100219726562,667.9099731445312,100592400,0.0009845789961884233,0.0009840946162027228,0.11806595106010111,0.11986431909100115,0.10849247308254463
2025-11-10,679.432373046875,681.4400024414062,682.1799926757812,675.030029296875,677.239990234375,75842900,0.01560432239211762,0.015483826837869972,0.17919457689392868,0.12026055800016111,0.11246397557239347
2025-11-11,680.9877319335938,683.0,683.5700073242188,678.72998046875,679.9500122070312,58953400,0.0022892661907207845,0.002286649813170406,0.14810318100545627,0.11990234221582902,0.11246942691532298
2025-11-12,681.3666381835938,683.3800048828125,684.9600219726562,680.9500122070312,684.7899780273438,62312500,0.0005563761095350728,0.0005562213897330497,0.14808732237367844,0.11945344306257141,0.11167191557818176
2025-11-13,670.0599975585938,672.0399780273438,680.8599853515625,670.52001953125,680.5,103457800,-0.016594027882646856,-0.01673325109478097,0.1818529386841471,0.13286501302672174,0.11727837912324326
2025-11-14,669.9503784179688,671.9299926757812,675.6599731445312,663.27001953125,665.3800048828125,96846700,-0.00016365894166792128,-0.0001636723352538552,0.18184916934742618,0.13167458140955948,0.11685807449566049
2025-11-17,663.7088012695312,665.6699829101562,673.7100219726562,662.1699829101562,669.7000122070312,90456100,-0.009316461288915168,-0.009360130957200695,0.12885121221585408,0.13083472688736572,0.11484715030183293
2025-11-18,658.1353149414062,660.0800170898438,665.1199951171875,655.8599853515625,662.0999755859375,114467500,-0.008397503213040225,-0.008432960886635697,0.11393251825935866,0.13386524478994002,0.11587560188166193
2025-11-19,660.6777954101562,662.6300048828125,667.3400268554688,658.75,660.780029296875,94703000,0.003863149507556951,0.003855706707772104,0.12883581758964757,0.13380854783535487,0.11583316544431264
2025-11-20,650.6075439453125,652.530029296875,675.5599975585938,651.8900146484375,672.9099731445312,165293500,-0.015242255122032589,-0.015359612345631516,0.12192191016992854,0.14160066882859654,0.12019896597817578
2025-11-21,657.08837890625,659.030029296875,664.5499877929688,650.8499755859375,655.0499877929688,123956200,0.009961227389035265,0.00991194139257471,0.16508754516920596,0.14332250952200368,0.12166717647347504
2025-11-24,666.759765625,668.72998046875,670.0599975585938,661.5900268554688,662.6900024414062,80437900,0.014718526835907575,0.01461126057310228,0.1991329704986404,0.14712966697726748,0.12444443835165642
2025-11-25,673.03125,675.02001953125,676.2100219726562,664.47998046875,668.6300048828125,81077100,0.009405947461920139,0.0093619869830687,0.18614207812727673,0.15133894458738997,0.12457192274111141
2025-11-26,677.6775512695312,679.6799926757812,681.7000122070312,676.719970703125,677.6300048828125,71879600,0.006903459171132775,0.006879739399945471,0.1867440035535063,0.15378905237484955,0.12483707675295184
2025-11-28,681.3765869140625,683.3900146484375,683.6699829101562,680.5,680.8599853515625,49212000,0.0054584834225450685,0.005443639892849564,0.05573059730587177,0.14996089615376076,0.12424447817730203
2025-12-01,678.2658081054688,680.27001953125,682.989990234375,678.739990234375,678.8099975585938,61201200,-0.004565467815318525,-0.004575921392619874,0.11163013047837618,0.15045683103596239,0.12450809693620639
2025-12-02,679.5220947265625,681.530029296875,683.8200073242188,679.3300170898438,681.9199829101562,62953800,0.0018522200441719594,0.0018505067998367275,0.08588325457915527,0.15045253253378188,0.12448062802112934
2025-12-03,681.8751220703125,683.8900146484375,684.9099731445312,679.6900024414062,680.5700073242188,57238500,0.00346277529986061,0.0034567936981231085,0.07063332832884482,0.14424201479500923,0.12456147910659815
2025-12-04,682.3736572265625,684.3900146484375,685.3699951171875,681.3400268554688,685.2999877929688,61970300,0.0007311117128343536,0.0007308445808603122,0.059894464224710835,0.14385839668226894,0.1244884138254317
2025-12-05,683.6697998046875,685.6900024414062,688.3900146484375,684.5800170898438,685.469970703125,79241000,0.0018994838690575833,0.0018976821307942363,0.049050940147972344,0.13756688166616904,0.12353563537750208
2025-12-08,681.6159057617188,683.6300048828125,686.6400146484375,681.5700073242188,686.5900268554688,55231500,-0.0030042694967975514,-0.0030087913732970207,0.03864621020211171,0.13835257948084886,0.12375233380465973
2025-12-09,681.027587890625,683.0399780273438,685.3900146484375,682.5900268554688,683.1500244140625,58310100,-0.0008630792259767261,-0.0008634518932949255,0.039609669941860326,0.12727750225227355,0.12340608956866025
2025-12-10,685.5443115234375,687.5700073242188,688.969970703125,681.3099975585938,682.5599975585938,85671300,0.006632158354709983,0.006610262351014068,0.057164382516804134,0.12916620543238921,0.12395800551872486
2025-12-11,687.1395263671875,689.1699829101562,689.25,682.1699829101562,685.1400146484375,86173700,0.0023270002601829542,0.0023242969879420975,0.05767996590317962,0.12935898096779946,0.12393695312240932
2025-12-12,679.7514038085938,681.760009765625,688.8800048828125,679.1699829101562,688.1699829101562,113160300,-0.010752025375860397,-0.010810246103951131,0.10323007685484888,0.12033473203859225,0.12588746311572668
2025-12-15,678.7244262695312,680.72998046875,685.760009765625,679.25,685.739990234375,90811000,-0.0015108385386657375,-0.0015119810060782233,0.10207215289372647,0.12056071956175131,0.12590282884750373
2025-12-16,676.8699340820312,678.8699951171875,681.0800170898438,674.97998046875,679.22998046875,122030600,-0.0027323394075896568,-0.0027360790604627236,0.10294942867990259,0.11545021455106869,0.12574292047866648
2025-12-17,669.4219360351562,671.4000244140625,680.4400024414062,671.2000122070312,679.8900146484375,110625200,-0.011003536401451242,-0.011064523100348975,0.0943116911057221,0.11863056401608253,0.1273536433206961
2025-12-18,674.4769287109375,676.469970703125,680.739990234375,674.9000244140625,677.5999755859375,108650100,0.007551304892321253,0.00752293651221648,0.12205336039185924,0.120561322395481,0.1280250965822478
2025-12-19,680.5900268554688,680.5900268554688,681.0900268554688,676.469970703125,676.5900268554688,103599500,0.0060905233502994705,0.006072051078881572,0.11907739071903858,0.10489444831965053,0.1281149020344511
2025-12-22,684.8300170898438,684.8300170898438,685.3599853515625,680.5900268554688,683.9400024414062,69556700,0.006229874178387496,0.006210548734107755,0.12668146885605222,0.10202433278823421,0.12820442921933511
2025-12-23,687.9600219726562,687.9600219726562,688.2000122070312,683.8699951171875,683.9199829101562,64840000,0.0045704843606495515,0.004560071413091677,0.1229299600988728,0.09109424293329817,0.1283853538263378
2025-12-24,690.3800048828125,690.3800048828125,690.8300170898438,687.7999877929688,687.9500122070312,39445600,0.003517621421107009,0.003511449061324125,0.024763418551045982,0.08658242464065113,0.12836024373367969
2025-12-26,690.3099975585938,690.3099975585938,691.6599731445312,689.27001953125,690.6400146484375,41613300,-0.0001014040437492536,-0.00010140918548689622,0.04089116397394311,0.08393394559642842,0.12823374778527094
2025-12-29,687.8499755859375,687.8499755859375,689.2000122070312,686.0700073242188,687.5399780273438,62559500,-0.003563648189011559,-0.0035700131092760113,0.062464500740849145,0.08338202585336014,0.12850180203324713
2025-12-30,687.010009765625,687.010009765625,688.5599975585938,686.5800170898438,687.4500122070312,47160700,-0.0012211468345215692,-0.0012218930418649832,0.0534529286371898,0.08159809188514469,0.12854456051002183
2025-12-31,681.9199829101562,681.9199829101562,687.3599853515625,681.7100219726562,687.1400146484375,74144800,-0.007408955885817803,-0.0074365385229543625,0.06464250233127325,0.08608457313695886,0.12937428902108397
2026-01-02,683.1699829101562,683.1699829101562,686.8699951171875,679.8200073242188,685.7100219726562,89377200,0.0018330596423725698,0.0018313816388204516,0.056605910903036155,0.08541681240792305,0.1291467611921126
2026-01-05,687.719970703125,687.719970703125,689.4299926757812,686.3800048828125,686.5399780273438,71927200,0.006660110816910869,0.0066380302639303425,0.08479553058298993,0.08864807034543971,0.12928275998104063
2026-01-06,691.8099975585938,691.8099975585938,692.3200073242188,687.780029296875,687.9299926757812,69273800,0.005947227112347964,0.005929612162752057,0.0914618116578868,0.09077619174048797,0.12959825801090913
2026-01-07,689.5800170898438,689.5800170898438,693.9600219726562,689.3200073242188,692.1900024414062,75588300,-0.0032234001772446508,-0.0032286065226963673,0.09574688715066194,0.09089037518608763,0.11613691288537235
2026-01-08,689.510009765625,689.510009765625,690.6199951171875,687.489990234375,688.8200073242188,64019200,-0.00010152168346500012,-0.00010152683713991636,0.06569622664859283,0.09078637751833449,0.11224793324877469
2026-01-09,694.0700073242188,694.0700073242188,695.3099975585938,689.1799926757812,690.6300048828125,80125500,0.006613388484590255,0.006591615971639491,0.07230969683625123,0.09076967729840803,0.1128312916218982
2026-01-12,695.1599731445312,695.1599731445312,696.0900268554688,690.6300048828125,690.6799926757812,63976000,0.0015703975230316747,0.0015691657382673743,0.06562028342187211,0.09060455383652664,0.11258840423293032
2026-01-13,693.77001953125,693.77001953125,696.0900268554688,691.3499755859375,695.489990234375,78309700,-0.001999473023445053,-0.0020014746381922994,0.06083838915796549,0.08099259322508226,0.11163245789243577
2026-01-14,690.3599853515625,690.3599853515625,691.719970703125,686.0399780273438,691.0,94676700,-0.004915222744839132,-0.0049273421816183926,0.06825623675849568,0.08320372612956982,0.1117785335676496
2026-01-15,692.239990234375,692.239990234375,695.4500122070312,691.25,694.5700073242188,77862000,0.0027232240029890775,0.002719522746548074,0.0703104681440852,0.08246380292329855,0.11002850573788815
2026-01-16,691.6599731445312,691.6599731445312,694.25,690.0999755859375,693.6599731445312,79246300,-0.0008378844014015341,-0.0008382356227388815,0.04790415349985683,0.06965627695540502,0.11005827793921608
