Date,adj close,close,high,low,open,volume
2021-01-19,124.4364013671875,127.83000183105469,128.7100067138672,126.94000244140625,127.77999877929688,90757300
2021-01-20,128.52491760253906,132.02999877929688,132.49000549316406,128.5500030517578,128.66000366210938,104319500
2021-01-21,133.23638916015625,136.8699951171875,139.6699981689453,133.58999633789062,133.8000030517578,120150900
2021-01-22,135.3780059814453,139.07000732421875,139.85000610351562,135.02000427246094,136.27999877929688,114459400
2021-01-25,139.1258087158203,142.9199981689453,145.08999633789062,136.5399932861328,143.07000732421875,157611700
2021-01-26,139.35939025878906,143.16000366210938,144.3000030517578,141.3699951171875,143.60000610351562,98390600
2021-01-27,138.2886199951172,142.05999755859375,144.3000030517578,140.41000366210938,143.42999267578125,140843800
2021-01-28,133.45057678222656,137.08999633789062,141.99000549316406,136.6999969482422,139.52000427246094,142621100
2021-01-29,128.4567413330078,131.9600067138672,136.74000549316406,130.2100067138672,135.8300018310547,177523800
2021-02-01,130.57888793945312,134.13999938964844,135.3800048828125,130.92999267578125,133.75,106239800
2021-02-02,131.40634155273438,134.99000549316406,136.30999755859375,134.61000061035156,135.72999572753906,83305400
2021-02-03,130.38421630859375,133.94000244140625,135.77000427246094,133.61000061035156,135.75999450683594,89880900
2021-02-04,133.74264526367188,137.38999938964844,137.39999389648438,134.58999633789062,136.3000030517578,84183100
2021-02-05,133.32827758789062,136.75999450683594,137.4199981689453,135.86000061035156,137.35000610351562,75693800
2021-02-08,133.47454833984375,136.91000366210938,136.9600067138672,134.9199981689453,136.02999877929688,71297200
2021-02-09,132.59710693359375,136.00999450683594,137.8800048828125,135.85000610351562,136.6199951171875,76774200
2021-02-10,131.9926300048828,135.38999938964844,136.99000549316406,134.39999389648438,136.47999572753906,73046600
2021-02-11,131.73919677734375,135.1300048828125,136.38999938964844,133.77000427246094,135.89999389648438,64280000
2021-02-12,131.97315979003906,135.3699951171875,135.52999877929688,133.69000244140625,134.35000610351562,60145100
2021-02-16,129.84786987304688,133.19000244140625,136.00999450683594,132.7899932861328,135.49000549316406,80576300
2021-02-17,127.55684661865234,130.83999633789062,132.22000122070312,129.47000122070312,131.25,97918500
2021-02-18,126.4551773071289,129.7100067138672,130.0,127.41000366210938,129.1999969482422,96856700
2021-02-19,126.61115264892578,129.8699951171875,130.7100067138672,128.8000030517578,130.24000549316406,87668800
2021-02-22,122.83827209472656,126.0,129.72000122070312,125.5999984741211,128.00999450683594,103916400
2021-02-23,122.7017822265625,125.86000061035156,126.70999908447266,118.38999938964844,123.76000213623047,158273000
2021-02-24,122.20459747314453,125.3499984741211,125.55999755859375,122.2300033569336,124.94000244140625,111039900
2021-02-25,117.95399475097656,120.98999786376953,126.45999908447266,120.54000091552734,124.68000030517578,148199500
2021-02-26,118.21722412109375,121.26000213623047,124.8499984741211,121.19999694824219,122.58999633789062,164560400
2021-03-01,124.58335876464844,127.79000091552734,127.93000030517578,122.79000091552734,123.75,116307900
2021-03-02,121.98037719726562,125.12000274658203,128.72000122070312,125.01000213623047,128.41000366210938,102260900
2021-03-03,118.99714660644531,122.05999755859375,125.70999908447266,121.83999633789062,124.80999755859375,112966300
2021-03-04,117.1155776977539,120.12999725341797,123.5999984741211,118.62000274658203,121.75,178155000
2021-03-05,118.37320709228516,121.41999816894531,121.94000244140625,117.56999969482422,120.9800033569336,153766600
2021-03-08,113.44017028808594,116.36000061035156,121.0,116.20999908447266,120.93000030517578,154376600
2021-03-09,118.05146789550781,121.08999633789062,122.05999755859375,118.79000091552734,119.02999877929688,129525800
2021-03-10,116.9693374633789,119.9800033569336,122.16999816894531,119.44999694824219,121.69000244140625,111943300
2021-03-11,118.89965057373047,121.95999908447266,123.20999908447266,121.26000213623047,122.54000091552734,103026500
2021-03-12,117.99298095703125,121.02999877929688,121.16999816894531,119.16000366210938,120.4000015258789,88105100
2021-03-15,120.87870025634766,123.98999786376953,124.0,120.41999816894531,121.41000366210938,92403800
2021-03-16,122.4190673828125,125.56999969482422,127.22000122070312,124.72000122070312,125.69999694824219,115227900
2021-03-17,121.62939453125,124.76000213623047,125.86000061035156,122.33999633789062,124.05000305175781,111932600
2021-03-18,117.50552368164062,120.52999877929688,123.18000030517578,120.31999969482422,122.87999725341797,121229700
2021-03-19,116.97906494140625,119.98999786376953,121.43000030517578,119.68000030517578,119.9000015258789,185549500
2021-03-22,120.29376983642578,123.38999938964844,123.87000274658203,120.26000213623047,120.33000183105469,111912300
2021-03-23,119.46510314941406,122.54000091552734,124.23999786376953,122.13999938964844,123.33000183105469,95467100
2021-03-24,117.07655334472656,120.08999633789062,122.9000015258789,120.06999969482422,122.81999969482422,88530500
2021-03-25,117.56402587890625,120.58999633789062,121.66000366210938,119.0,119.54000091552734,98844700
2021-03-26,118.16847229003906,121.20999908447266,121.4800033569336,118.91999816894531,120.3499984741211,94071200
2021-03-29,118.34396362304688,121.38999938964844,122.58000183105469,120.7300033569336,121.6500015258789,80819200
2021-03-30,116.89132690429688,119.9000015258789,120.4000015258789,118.86000061035156,120.11000061035156,85671900
2021-03-31,119.08487701416016,122.1500015258789,123.5199966430664,121.1500015258789,121.6500015258789,118323800
2021-04-01,119.91354370117188,123.0,124.18000030517578,122.48999786376953,123.66000366210938,75089100
2021-04-05,122.74079895019531,125.9000015258789,126.16000366210938,123.06999969482422,123.87000274658203,88651200
2021-04-06,123.0429916381836,126.20999908447266,127.12999725341797,125.6500015258789,126.5,80171300
2021-04-07,124.69061279296875,127.9000015258789,127.91999816894531,125.13999938964844,125.83000183105469,83466700
2021-04-08,127.0888671875,130.36000061035156,130.38999938964844,128.52000427246094,128.9499969482422,88844600
2021-04-09,129.66261291503906,133.0,133.0399932861328,129.47000122070312,129.8000030517578,106686700
2021-04-12,127.94681549072266,131.24000549316406,132.85000610351562,130.6300048828125,132.52000427246094,91420000
2021-04-13,131.05674743652344,134.42999267578125,134.66000366210938,131.92999267578125,132.44000244140625,91266500
2021-04-14,128.71697998046875,132.02999877929688,135.0,131.66000366210938,134.94000244140625,87222800
2021-04-15,131.1249542236328,134.5,135.0,133.63999938964844,133.82000732421875,89347100
2021-04-16,130.79351806640625,134.16000366210938,134.6699981689453,133.27999877929688,134.3000030517578,84922400
2021-04-19,131.4564666748047,134.83999633789062,135.47000122070312,133.33999633789062,133.50999450683594,94264200
2021-04-20,129.76983642578125,133.11000061035156,135.52999877929688,131.80999755859375,135.02000427246094,94812300
2021-04-21,130.15008544921875,133.5,133.75,131.3000030517578,132.36000061035156,68847100
2021-04-22,128.6292724609375,131.94000244140625,134.14999389648438,131.41000366210938,133.0399932861328,84566500
2021-04-23,130.9495086669922,134.32000732421875,135.1199951171875,132.16000366210938,132.16000366210938,78657500
2021-04-26,131.3394775390625,134.72000122070312,135.05999755859375,133.55999755859375,134.8300018310547,66905100
2021-04-27,131.01773071289062,134.38999938964844,135.41000366210938,134.11000061035156,135.00999450683594,66015800
2021-04-28,130.2280731201172,133.5800018310547,135.02000427246094,133.0800018310547,134.30999755859375,107760100
2021-04-29,130.13058471679688,133.47999572753906,137.07000732421875,132.4499969482422,136.47000122070312,151101000
2021-04-30,128.16127014160156,131.4600067138672,133.55999755859375,131.07000732421875,131.77999877929688,109839500
2021-05-03,129.21417236328125,132.5399932861328,134.07000732421875,131.8300018310547,132.0399932861328,75135100
2021-05-04,124.64185333251953,127.8499984741211,131.49000549316406,126.69999694824219,131.19000244140625,137564700
2021-05-05,124.88558959960938,128.10000610351562,130.4499969482422,127.97000122070312,129.1999969482422,84000900
2021-05-06,126.48443603515625,129.74000549316406,129.75,127.12999725341797,127.88999938964844,78128300
2021-05-07,127.1582260131836,130.2100067138672,131.25999450683594,129.47999572753906,130.85000610351562,78973300
2021-05-10,123.87699127197266,126.8499984741211,129.5399932861328,126.80999755859375,129.41000366210938,88071200
2021-05-11,122.95903015136719,125.91000366210938,126.2699966430664,122.7699966430664,123.5,126142800
2021-05-12,119.89260864257812,122.7699966430664,124.63999938964844,122.25,123.4000015258789,112172300
2021-05-13,122.04106903076172,124.97000122070312,126.1500015258789,124.26000213623047,124.58000183105469,105861300
2021-05-14,124.46293640136719,127.44999694824219,127.88999938964844,125.8499984741211,126.25,81918000
2021-05-17,123.31060028076172,126.2699966430664,126.93000030517578,125.16999816894531,126.81999969482422,74244600
2021-05-18,121.92388916015625,124.8499984741211,126.98999786376953,124.77999877929688,126.55999755859375,63342900
2021-05-19,121.76763916015625,124.69000244140625,124.91999816894531,122.86000061035156,123.16000366210938,92612000
2021-05-20,124.32621765136719,127.30999755859375,127.72000122070312,125.0999984741211,125.2300033569336,76857100
2021-05-21,122.49028778076172,125.43000030517578,128.0,125.20999908447266,127.81999969482422,79295400
2021-05-24,124.12114715576172,127.0999984741211,127.94000244140625,125.94000244140625,126.01000213623047,63092900
2021-05-25,123.92583465576172,126.9000015258789,128.32000732421875,126.31999969482422,127.81999969482422,72009500
2021-05-26,123.87699127197266,126.8499984741211,127.38999938964844,126.41999816894531,126.95999908447266,56575900
2021-05-27,122.34379577636719,125.27999877929688,127.63999938964844,125.08000183105469,126.44000244140625,94625600
2021-05-28,121.68950653076172,124.61000061035156,125.80000305175781,124.55000305175781,125.56999969482422,71311100
2021-06-01,121.36723327636719,124.27999877929688,125.3499984741211,123.94000244140625,125.08000183105469,67637100
2021-06-02,122.12895202636719,125.05999755859375,125.23999786376953,124.05000305175781,124.27999877929688,59278900
2021-06-03,120.64458465576172,123.54000091552734,124.8499984741211,123.12999725341797,124.68000030517578,76229200
2021-06-04,122.93951416015625,125.88999938964844,126.16000366210938,123.8499984741211,124.06999969482422,75169300
2021-06-07,122.94927978515625,125.9000015258789,126.31999969482422,124.83000183105469,126.16999816894531,71057600
2021-06-08,123.76956939697266,126.73999786376953,128.4600067138672,126.20999908447266,126.5999984741211,74403800
2021-06-09,124.15043640136719,127.12999725341797,127.75,126.5199966430664,127.20999908447266,56877900
2021-06-10,123.15436553955078,126.11000061035156,128.19000244140625,125.94000244140625,127.0199966430664,71186400
2021-06-11,124.36528015136719,127.3499984741211,127.44000244140625,126.0999984741211,126.52999877929688,53522400
2021-06-14,127.42192077636719,130.47999572753906,130.5399932861328,127.06999969482422,127.81999969482422,96906500
2021-06-15,126.60162353515625,129.63999938964844,130.60000610351562,129.38999938964844,129.94000244140625,62746300
2021-06-16,127.09967041015625,130.14999389648438,130.88999938964844,128.4600067138672,130.3699951171875,91815000
2021-06-17,128.70120239257812,131.7899932861328,132.5500030517578,129.64999389648438,129.8000030517578,96721700
2021-06-18,127.40238189697266,130.4600067138672,131.50999450683594,130.24000549316406,130.7100067138672,108953300
2021-06-21,129.1992950439453,132.3000030517578,132.41000366210938,129.2100067138672,130.3000030517578,79663300
2021-06-22,130.83987426757812,133.97999572753906,134.0800018310547,131.6199951171875,132.1300048828125,74783600
2021-06-23,130.56646728515625,133.6999969482422,134.32000732421875,133.22999572753906,133.77000427246094,60214200
2021-06-24,130.28323364257812,133.41000366210938,134.63999938964844,132.92999267578125,134.4499969482422,68711000
2021-06-25,129.99026489257812,133.11000061035156,133.88999938964844,132.80999755859375,133.4600067138672,70783700
2021-06-28,131.62115478515625,134.77999877929688,135.25,133.35000610351562,133.41000366210938,62111300
2021-06-29,133.1348114013672,136.3300018310547,136.49000549316406,134.35000610351562,134.8000030517578,64556100
2021-06-30,133.7500457763672,136.9600067138672,137.41000366210938,135.8699951171875,136.1699981689453,63261400
2021-07-01,134.05279541015625,137.27000427246094,137.3300018310547,135.75999450683594,136.60000610351562,52485800
2021-07-02,136.67974853515625,139.9600067138672,140.0,137.75,137.89999389648438,78852600
2021-07-06,138.69149780273438,142.02000427246094,143.14999389648438,140.07000732421875,140.07000732421875,108181800
2021-07-07,141.1816864013672,144.57000732421875,144.88999938964844,142.66000366210938,143.5399932861328,104911600
2021-07-08,139.88284301757812,143.24000549316406,144.05999755859375,140.6699981689453,141.5800018310547,105575500
2021-07-09,141.7090301513672,145.11000061035156,145.64999389648438,142.64999389648438,142.75,99890800
2021-07-12,141.11329650878906,144.5,146.32000732421875,144.0,146.2100067138672,76299700
2021-07-13,142.2266082763672,145.63999938964844,147.4600067138672,143.6300048828125,144.02999877929688,100827100
2021-07-14,145.6543731689453,149.14999389648438,149.57000732421875,147.67999267578125,148.10000610351562,127050800
2021-07-15,145.00003051757812,148.47999572753906,150.0,147.08999633789062,149.24000549316406,106820300
2021-07-16,142.9590606689453,146.38999938964844,149.75999450683594,145.8800048828125,148.4600067138672,93251400
2021-07-19,139.11135864257812,142.4499969482422,144.07000732421875,141.6699981689453,143.75,121434600
2021-07-20,142.72467041015625,146.14999389648438,147.10000610351562,142.9600067138672,143.4600067138672,96350000
2021-07-21,141.99224853515625,145.39999389648438,146.1300048828125,144.6300048828125,145.52999877929688,74993500
2021-07-22,143.35943603515625,146.8000030517578,148.1999969482422,145.80999755859375,145.94000244140625,77338200
2021-07-23,145.0781707763672,148.55999755859375,148.72000122070312,146.9199981689453,147.5500030517578,71447400
2021-07-26,145.4981231689453,148.99000549316406,149.8300018310547,147.6999969482422,148.27000427246094,72434100
2021-07-27,143.3301544189453,146.77000427246094,149.2100067138672,145.5500030517578,149.1199951171875,104818600
2021-07-28,141.58206176757812,144.97999572753906,146.97000122070312,142.5399932861328,144.80999755859375,118931200
2021-07-29,142.2266082763672,145.63999938964844,146.5500030517578,144.5800018310547,144.69000244140625,56699500
2021-07-30,142.44143676757812,145.86000061035156,146.3300018310547,144.11000061035156,144.3800048828125,70440600
2021-08-02,142.1094512939453,145.52000427246094,146.9499969482422,145.25,146.36000061035156,62880000
2021-08-03,143.9063262939453,147.36000061035156,148.0399932861328,145.17999267578125,145.80999755859375,64786600
2021-08-04,143.50592041015625,146.9499969482422,147.7899932861328,146.27999877929688,147.27000427246094,56368300
2021-08-05,143.61329650878906,147.05999755859375,147.83999633789062,146.1699981689453,146.97999572753906,46397700
2021-08-06,142.92872619628906,146.13999938964844,147.11000061035156,145.6300048828125,146.35000610351562,54126800
2021-08-09,142.8798370361328,146.08999633789062,146.6999969482422,145.52000427246094,146.1999969482422,48908700
2021-08-10,142.40060424804688,145.60000610351562,147.7100067138672,145.3000030517578,146.44000244140625,69023100
2021-08-11,142.6548614501953,145.86000061035156,146.72000122070312,145.52999877929688,146.0500030517578,48493500
2021-08-12,145.6182861328125,148.88999938964844,149.0500030517578,145.83999633789062,146.19000244140625,72282600
2021-08-13,145.8236846923828,149.10000610351562,149.44000244140625,148.27000427246094,148.97000122070312,59375000
2021-08-16,147.79928588867188,151.1199951171875,151.19000244140625,146.47000122070312,148.5399932861328,103296000
2021-08-17,146.8897247314453,150.19000244140625,151.67999267578125,149.08999633789062,150.22999572753906,92229700
2021-08-18,143.14389038085938,146.36000061035156,150.72000122070312,146.14999389648438,149.8000030517578,86326000
2021-08-19,143.47640991210938,146.6999969482422,148.0,144.5,145.02999877929688,86960300
2021-08-20,144.9336700439453,148.19000244140625,148.5,146.77999877929688,147.44000244140625,60549600
2021-08-23,146.42027282714844,149.7100067138672,150.19000244140625,147.88999938964844,148.30999755859375,60131800
2021-08-24,146.332275390625,149.6199951171875,150.86000061035156,149.14999389648438,149.4499969482422,48606400
2021-08-25,145.09994506835938,148.36000061035156,150.32000732421875,147.8000030517578,149.80999755859375,58991300
2021-08-26,144.29795837402344,147.5399932861328,149.1199951171875,147.50999450683594,148.35000610351562,48597200
2021-08-27,145.33468627929688,148.60000610351562,148.75,146.8300018310547,147.47999572753906,55802400
2021-08-30,149.75534057617188,153.1199951171875,153.49000549316406,148.61000061035156,149.0,90956700
2021-08-31,148.4936981201172,151.8300018310547,152.8000030517578,151.2899932861328,152.66000366210938,86453100
2021-09-01,149.1587677001953,152.50999450683594,154.97999572753906,152.33999633789062,152.8300018310547,80313700
2021-09-02,150.2737274169922,153.64999389648438,154.72000122070312,152.39999389648438,153.8699951171875,71115500
2021-09-03,150.90940856933594,154.3000030517578,154.6300048828125,153.08999633789062,153.75999450683594,57808700
2021-09-07,153.24693298339844,156.69000244140625,157.25999450683594,154.38999938964844,154.97000122070312,82278300
2021-09-08,151.7016143798828,155.11000061035156,157.0399932861328,153.97999572753906,156.97999572753906,74420200
2021-09-09,150.6844482421875,154.07000732421875,156.11000061035156,153.9499969482422,155.49000549316406,57305700
2021-09-10,145.696533203125,148.97000122070312,155.47999572753906,148.6999969482422,155.0,140893200
2021-09-13,146.2637939453125,149.5500030517578,151.4199981689453,148.75,150.6300048828125,102404300
2021-09-14,144.8651885986328,148.1199951171875,151.07000732421875,146.91000366210938,150.35000610351562,109296300
2021-09-15,145.7552032470703,149.02999877929688,149.44000244140625,146.3699951171875,148.55999755859375,83281300
2021-09-16,145.52047729492188,148.7899932861328,148.97000122070312,147.22000122070312,148.44000244140625,68034100
2021-09-17,142.85049438476562,146.05999755859375,148.82000732421875,145.75999450683594,148.82000732421875,129868800
2021-09-20,139.799072265625,142.94000244140625,144.83999633789062,141.27000427246094,143.8000030517578,123478900
2021-09-21,140.2782440185547,143.42999267578125,144.60000610351562,142.77999877929688,143.92999267578125,75834000
2021-09-22,142.64511108398438,145.85000610351562,146.42999267578125,143.6999969482422,144.4499969482422,76404300
2021-09-23,143.6035614013672,146.8300018310547,147.0800018310547,145.63999938964844,146.64999389648438,64838200
2021-09-24,143.69158935546875,146.9199981689453,147.47000122070312,145.55999755859375,145.66000366210938,53477900
2021-09-27,142.17567443847656,145.3699951171875,145.9600067138672,143.82000732421875,145.47000122070312,74150700
2021-09-28,138.79168701171875,141.91000366210938,144.75,141.69000244140625,143.25,108972300
2021-09-29,139.6914520263672,142.8300018310547,144.4499969482422,142.02999877929688,142.47000122070312,74602000
2021-09-30,138.39071655273438,141.5,144.3800048828125,141.27999877929688,143.66000366210938,89056700
2021-10-01,139.51536560058594,142.64999389648438,142.9199981689453,139.11000061035156,141.89999389648438,94639600
2021-10-04,136.08253479003906,139.13999938964844,142.2100067138672,138.27000427246094,141.75999450683594,98322000
2021-10-05,138.00927734375,141.11000061035156,142.24000549316406,139.36000061035156,139.49000549316406,80861100
2021-10-06,138.87969970703125,142.0,142.14999389648438,138.3699951171875,139.47000122070312,83221100
2021-10-07,140.14137268066406,143.2899932861328,144.22000122070312,142.72000122070312,143.05999755859375,61732700
2021-10-08,139.75990295410156,142.89999389648438,144.17999267578125,142.55999755859375,144.02999877929688,58773200
2021-10-11,139.6719207763672,142.80999755859375,144.80999755859375,141.80999755859375,142.27000427246094,64452200
2021-10-12,138.4004669189453,141.50999450683594,143.25,141.0399932861328,143.22999572753906,73035900
2021-10-13,137.81365966796875,140.91000366210938,141.39999389648438,139.1999969482422,141.24000549316406,78762700
2021-10-14,140.6009979248047,143.75999450683594,143.8800048828125,141.50999450683594,142.11000061035156,69907100
2021-10-15,141.6572723388672,144.83999633789062,144.89999389648438,143.50999450683594,143.77000427246094,67940300
2021-10-18,143.32974243164062,146.5500030517578,146.83999633789062,143.16000366210938,143.4499969482422,85589200
2021-10-19,145.4911651611328,148.75999450683594,149.1699981689453,146.5500030517578,147.00999450683594,76378900
2021-10-20,145.9801788330078,149.25999450683594,149.75,148.1199951171875,148.6999969482422,58418800
2021-10-21,146.19532775878906,149.47999572753906,149.63999938964844,147.8699951171875,148.80999755859375,61421000
2021-10-22,145.4226837158203,148.69000244140625,150.17999267578125,148.63999938964844,149.69000244140625,58883400
2021-10-25,145.373779296875,148.63999938964844,149.3699951171875,147.6199951171875,148.67999267578125,50720600
2021-10-26,146.0388641357422,149.32000732421875,150.83999633789062,149.00999450683594,149.3300018310547,60893400
2021-10-27,145.57919311523438,148.85000610351562,149.72999572753906,148.49000549316406,149.36000061035156,56094900
2021-10-28,149.2174530029297,152.57000732421875,153.1699981689453,149.72000122070312,149.82000732421875,100077900
2021-10-29,146.50831604003906,149.8000030517578,149.94000244140625,146.41000366210938,147.22000122070312,124953200
2021-11-01,145.68678283691406,148.9600067138672,149.6999969482422,147.8000030517578,148.99000549316406,74588300
2021-11-02,146.7234649658203,150.02000427246094,151.57000732421875,148.64999389648438,148.66000366210938,69122000
2021-11-03,148.1611785888672,151.49000549316406,151.97000122070312,149.82000732421875,150.38999938964844,54511500
2021-11-04,147.64283752441406,150.9600067138672,152.42999267578125,150.63999938964844,151.5800018310547,60394600
2021-11-05,148.17173767089844,151.27999877929688,152.1999969482422,150.05999755859375,151.88999938964844,65463900
2021-11-08,147.34898376464844,150.44000244140625,151.57000732421875,150.16000366210938,151.41000366210938,55020900
2021-11-09,147.7113800048828,150.80999755859375,151.42999267578125,150.05999755859375,150.1999969482422,56787900
2021-11-10,144.8807373046875,147.9199981689453,150.1300048828125,147.85000610351562,150.02000427246094,65187100
2021-11-11,144.831787109375,147.8699951171875,149.42999267578125,147.67999267578125,148.9600067138672,41000000
2021-11-12,146.90821838378906,149.99000549316406,150.39999389648438,147.47999572753906,148.42999267578125,63804000
2021-11-15,146.91802978515625,150.0,151.8800048828125,149.42999267578125,150.3699951171875,59222800
2021-11-16,147.89747619628906,151.0,151.49000549316406,149.33999633789062,149.94000244140625,59256200
2021-11-17,150.33631896972656,153.49000549316406,155.0,150.99000549316406,151.0,88807000
2021-11-18,154.62632751464844,157.8699951171875,158.6699981689453,153.0500030517578,153.7100067138672,137827700
2021-11-19,157.25123596191406,160.5500030517578,161.02000427246094,156.52999877929688,157.64999389648438,117305600
2021-11-22,157.71157836914062,161.02000427246094,165.6999969482422,161.0,161.67999267578125,117467900
2021-11-23,158.09353637695312,161.41000366210938,161.8000030517578,159.05999755859375,161.1199951171875,96041900
2021-11-24,158.61270141601562,161.94000244140625,162.13999938964844,159.63999938964844,160.75,69463600
2021-11-26,153.5880889892578,156.80999755859375,160.4499969482422,156.36000061035156,159.57000732421875,76959800
2021-11-29,156.94764709472656,160.24000549316406,161.19000244140625,158.7899932861328,159.3699951171875,88748200
2021-11-30,161.90362548828125,165.3000030517578,165.52000427246094,159.9199981689453,159.99000549316406,174048100
2021-12-01,161.38455200195312,164.77000427246094,170.3000030517578,164.52999877929688,167.47999572753906,152052500
2021-12-02,160.39527893066406,163.75999450683594,164.1999969482422,157.8000030517578,158.74000549316406,136739200
2021-12-03,158.5147705078125,161.83999633789062,164.9600067138672,159.72000122070312,164.02000427246094,118023100
2021-12-06,161.9232635498047,165.32000732421875,167.8800048828125,164.27999877929688,164.2899932861328,107497000
2021-12-07,167.66282653808594,171.17999267578125,171.5800018310547,168.33999633789062,169.0800018310547,120405400
2021-12-08,171.48269653320312,175.0800018310547,175.9600067138672,170.6999969482422,172.1300048828125,116998900
2021-12-09,170.973388671875,174.55999755859375,176.75,173.9199981689453,174.91000366210938,108923700
2021-12-10,175.76290893554688,179.4499969482422,179.6300048828125,174.69000244140625,175.2100067138672,115402700
2021-12-13,172.12916564941406,175.74000549316406,182.1300048828125,175.52999877929688,181.1199951171875,153237000
2021-12-14,170.74810791015625,174.3300018310547,177.74000549316406,172.2100067138672,175.25,139380400
2021-12-15,175.61599731445312,179.3000030517578,179.5,172.30999755859375,175.11000061035156,131063300
2021-12-16,168.72061157226562,172.25999450683594,181.13999938964844,170.75,179.27999877929688,150185800
2021-12-17,167.6236572265625,171.13999938964844,173.47000122070312,169.69000244140625,169.92999267578125,195432700
2021-12-20,166.26223754882812,169.75,170.5800018310547,167.4600067138672,168.27999877929688,107499100
2021-12-21,169.43563842773438,172.99000549316406,173.1999969482422,169.1199951171875,171.55999755859375,91185900
2021-12-22,172.03121948242188,175.63999938964844,175.86000061035156,172.14999389648438,173.0399932861328,92135300
2021-12-23,172.6580352783203,176.27999877929688,176.85000610351562,175.27000427246094,175.85000610351562,68356600
2021-12-27,176.62481689453125,180.3300018310547,180.4199981689453,177.07000732421875,177.08999633789062,74919600
2021-12-28,175.60617065429688,179.2899932861328,181.3300018310547,178.52999877929688,180.16000366210938,79144300
2021-12-29,175.69436645507812,179.3800048828125,180.6300048828125,178.13999938964844,179.3300018310547,62348900
2021-12-30,174.5386199951172,178.1999969482422,180.57000732421875,178.08999633789062,179.47000122070312,59773000
2021-12-31,173.9215545654297,177.57000732421875,179.22999572753906,177.25999450683594,178.08999633789062,64062300
2022-01-03,178.27032470703125,182.00999450683594,182.8800048828125,177.7100067138672,177.8300018310547,104487900
2022-01-04,176.00778198242188,179.6999969482422,182.94000244140625,179.1199951171875,182.6300048828125,99310400
2022-01-05,171.3259735107422,174.9199981689453,180.1699981689453,174.63999938964844,179.61000061035156,94537600
2022-01-06,168.4660186767578,172.0,175.3000030517578,171.63999938964844,172.6999969482422,96904000
2022-01-07,168.6325225830078,172.1699981689453,174.13999938964844,171.02999877929688,172.88999938964844,86709100
2022-01-10,168.65206909179688,172.19000244140625,172.5,168.1699981689453,169.0800018310547,106765600
2022-01-11,171.48269653320312,175.0800018310547,175.17999267578125,170.82000732421875,172.32000732421875,76138300
2022-01-12,171.92344665527344,175.52999877929688,177.17999267578125,174.82000732421875,176.1199951171875,74805200
2022-01-13,168.65206909179688,172.19000244140625,176.6199951171875,171.7899932861328,175.77999877929688,84505800
2022-01-14,169.5140380859375,173.07000732421875,173.77999877929688,171.08999633789062,171.33999633789062,80440800
2022-01-18,166.31121826171875,169.8000030517578,172.5399932861328,169.41000366210938,171.50999450683594,90956700
2022-01-19,162.81454467773438,166.22999572753906,171.0800018310547,165.94000244140625,170.0,94815000
2022-01-20,161.1298828125,164.50999450683594,169.67999267578125,164.17999267578125,166.97999572753906,91420500
2022-01-21,159.07301330566406,162.41000366210938,166.3300018310547,162.3000030517578,164.4199981689453,122848900
2022-01-24,158.29925537109375,161.6199951171875,162.3000030517578,154.6999969482422,160.02000427246094,162294600
2022-01-25,156.49703979492188,159.77999877929688,162.75999450683594,157.02000427246094,158.97999572753906,115798400
2022-01-26,156.40895080566406,159.69000244140625,164.38999938964844,157.82000732421875,163.5,108275300
2022-01-27,155.94857788085938,159.22000122070312,163.83999633789062,158.27999877929688,162.4499969482422,121954600
2022-01-28,166.83030700683594,170.3300018310547,170.35000610351562,162.8000030517578,165.7100067138672,179935700
2022-01-31,171.18885803222656,174.77999877929688,175.0,169.50999450683594,170.16000366210938,115541600
2022-02-01,171.02236938476562,174.61000061035156,174.83999633789062,172.30999755859375,174.00999450683594,86213900
2022-02-02,172.2270965576172,175.83999633789062,175.8800048828125,173.3300018310547,174.75,84914300
2022-02-03,169.34747314453125,172.89999389648438,176.24000549316406,172.1199951171875,174.47999572753906,89418100
2022-02-04,169.06312561035156,172.38999938964844,174.10000610351562,170.67999267578125,171.67999267578125,82465400
2022-02-07,168.34718322753906,171.66000366210938,173.9499969482422,170.9499969482422,172.86000061035156,77251200
2022-02-08,171.45602416992188,174.8300018310547,175.35000610351562,171.42999267578125,171.72999572753906,74829200
2022-02-09,172.87799072265625,176.27999877929688,176.64999389648438,174.89999389648438,176.0500030517578,71285000
2022-02-10,168.79830932617188,172.1199951171875,175.47999572753906,171.5500030517578,174.13999938964844,90865900
2022-02-11,165.38548278808594,168.63999938964844,173.0800018310547,168.0399932861328,172.3300018310547,98670700
2022-02-14,165.62086486816406,168.8800048828125,169.5800018310547,166.55999755859375,167.3699951171875,86185500
2022-02-15,169.45535278320312,172.7899932861328,172.9499969482422,170.25,170.97000122070312,62527400
2022-02-16,169.2200469970703,172.5500030517578,173.33999633789062,170.0500030517578,171.85000610351562,61177400
2022-02-17,165.62086486816406,168.8800048828125,171.91000366210938,168.47000122070312,171.02999877929688,69589300
2022-02-18,164.0713348388672,167.3000030517578,170.5399932861328,166.19000244140625,169.82000732421875,82772700
2022-02-22,161.14886474609375,164.32000732421875,166.69000244140625,162.14999389648438,164.97999572753906,91162800
2022-02-23,156.98085021972656,160.07000732421875,166.14999389648438,159.75,165.5399932861328,90009200
2022-02-24,159.5993194580078,162.74000549316406,162.85000610351562,152.0,152.5800018310547,141147500
2022-02-25,161.66864013671875,164.85000610351562,165.1199951171875,160.8699951171875,163.83999633789062,91974200
2022-02-28,161.9334259033203,165.1199951171875,165.4199981689453,162.42999267578125,163.05999755859375,95056600
2022-03-01,160.0504608154297,163.1999969482422,166.60000610351562,161.97000122070312,164.6999969482422,83474400
2022-03-02,163.34561157226562,166.55999755859375,167.36000061035156,162.9499969482422,164.38999938964844,79724800
2022-03-03,163.02198791503906,166.22999572753906,168.91000366210938,165.5500030517578,168.47000122070312,76678400
2022-03-04,160.02102661132812,163.1699981689453,165.5500030517578,162.10000610351562,164.49000549316406,83737200
2022-03-07,156.2257080078125,159.3000030517578,165.02000427246094,159.0399932861328,163.36000061035156,96418800
2022-03-08,154.401611328125,157.44000244140625,162.8800048828125,155.8000030517578,158.82000732421875,131148300
2022-03-09,159.80526733398438,162.9499969482422,163.41000366210938,159.41000366210938,161.47999572753906,91454900
2022-03-10,155.4607696533203,158.52000427246094,160.38999938964844,155.97999572753906,160.1999969482422,105342000
2022-03-11,151.74391174316406,154.72999572753906,159.27999877929688,154.5,158.92999267578125,96970100
2022-03-14,147.71327209472656,150.6199951171875,154.1199951171875,150.10000610351562,151.4499969482422,108732100
2022-03-15,152.0969696044922,155.08999633789062,155.57000732421875,150.3800048828125,150.89999389648438,92964300
2022-03-16,156.5100860595703,159.58999633789062,160.0,154.4600067138672,157.0500030517578,102300200
2022-03-17,157.520263671875,160.6199951171875,161.0,157.6300048828125,158.61000061035156,75615400
2022-03-18,160.81539916992188,163.97999572753906,164.47999572753906,159.75999450683594,160.50999450683594,123511700
2022-03-21,162.18838500976562,165.3800048828125,166.35000610351562,163.00999450683594,163.50999450683594,95811400
2022-03-22,165.56199645996094,168.82000732421875,169.4199981689453,164.91000366210938,165.50999450683594,81532000
2022-03-23,166.92518615722656,170.2100067138672,172.63999938964844,167.64999389648438,167.99000549316406,98062700
2022-03-24,170.71066284179688,174.07000732421875,174.13999938964844,170.2100067138672,171.05999755859375,90131400
2022-03-25,171.34812927246094,174.72000122070312,175.27999877929688,172.75,173.8800048828125,80546200
2022-03-28,172.2111358642578,175.60000610351562,175.72999572753906,172.0,172.1699981689453,90371900
2022-03-29,175.50631713867188,178.9600067138672,179.00999450683594,176.33999633789062,176.69000244140625,100589400
2022-03-30,174.33929443359375,177.77000427246094,179.61000061035156,176.6999969482422,178.5500030517578,92633200
2022-03-31,171.24024963378906,174.61000061035156,178.02999877929688,174.39999389648438,177.83999633789062,103049300
2022-04-01,170.94601440429688,174.30999755859375,174.8800048828125,171.94000244140625,174.02999877929688,78751300
2022-04-04,174.99635314941406,178.44000244140625,178.49000549316406,174.44000244140625,174.57000732421875,76468400
2022-04-05,171.68157958984375,175.05999755859375,178.3000030517578,174.4199981689453,177.5,73401800
2022-04-06,168.513916015625,171.8300018310547,173.6300048828125,170.1300048828125,172.36000061035156,89058800
2022-04-07,168.81793212890625,172.13999938964844,173.36000061035156,169.85000610351562,171.16000366210938,77594700
2022-04-08,166.8074951171875,170.08999633789062,171.77999877929688,169.1999969482422,171.77999877929688,76575500
2022-04-11,162.55126953125,165.75,169.02999877929688,165.5,168.7100067138672,72246700
2022-04-12,164.42437744140625,167.66000366210938,169.8699951171875,166.63999938964844,168.02000427246094,79265200
2022-04-13,167.11154174804688,170.39999389648438,171.0399932861328,166.77000427246094,167.38999938964844,70618900
2022-04-14,162.10011291503906,165.2899932861328,171.27000427246094,165.0399932861328,170.6199951171875,75329400
2022-04-18,161.88438415527344,165.07000732421875,166.60000610351562,163.57000732421875,163.9199981689453,69023900
2022-04-19,164.16940307617188,167.39999389648438,167.82000732421875,163.91000366210938,165.02000427246094,67723800
2022-04-20,164.00270080566406,167.22999572753906,168.8800048828125,166.10000610351562,168.75999450683594,67929800
2022-04-21,163.2082977294922,166.4199981689453,171.52999877929688,165.91000366210938,168.91000366210938,87227800
2022-04-22,158.66763305664062,161.7899932861328,167.8699951171875,161.5,166.4600067138672,84882400
2022-04-25,159.7366485595703,162.8800048828125,163.1699981689453,158.4600067138672,161.1199951171875,96046400
2022-04-26,153.7740020751953,156.8000030517578,162.33999633789062,156.72000122070312,162.25,95623200
2022-04-27,153.5484161376953,156.57000732421875,159.7899932861328,155.3800048828125,155.91000366210938,88063200
2022-04-28,160.4819793701172,163.63999938964844,164.52000427246094,158.92999267578125,159.25,130216800
2022-04-29,154.60755920410156,157.64999389648438,166.1999969482422,157.25,161.83999633789062,131747600
2022-05-02,154.91159057617188,157.9600067138672,158.22999572753906,153.27000427246094,156.7100067138672,123055300
2022-05-03,156.4022674560547,159.47999572753906,160.7100067138672,156.32000732421875,158.14999389648438,88966500
2022-05-04,162.8160400390625,166.02000427246094,166.47999572753906,159.25999450683594,159.6699981689453,108256500
2022-05-05,153.74453735351562,156.77000427246094,164.0800018310547,154.9499969482422,163.85000610351562,130525300
2022-05-06,154.47132873535156,157.27999877929688,159.44000244140625,154.17999267578125,156.00999450683594,116124600
2022-05-09,149.3445281982422,152.05999755859375,155.8300018310547,151.49000549316406,154.92999267578125,131577900
2022-05-10,151.75079345703125,154.50999450683594,156.74000549316406,152.92999267578125,155.52000427246094,115366700
2022-05-11,143.88385009765625,146.5,155.4499969482422,145.80999755859375,153.5,142689800
2022-05-12,140.01416015625,142.55999755859375,146.1999969482422,138.8000030517578,142.77000427246094,182602000
2022-05-13,144.4829559326172,147.11000061035156,148.10000610351562,143.11000061035156,144.58999633789062,113990900
2022-05-16,142.94097900390625,145.5399932861328,147.52000427246094,144.17999267578125,145.5500030517578,86643800
2022-05-17,146.57489013671875,149.24000549316406,149.77000427246094,146.67999267578125,148.86000061035156,78336300
2022-05-18,138.30528259277344,140.82000732421875,147.36000061035156,139.89999389648438,146.85000610351562,109742900
2022-05-19,134.8972625732422,137.35000610351562,141.66000366210938,136.60000610351562,139.8800048828125,136095600
2022-05-20,135.1329345703125,137.58999633789062,140.6999969482422,132.61000061035156,139.08999633789062,137426100
2022-05-23,140.5543670654297,143.11000061035156,143.25999450683594,137.64999389648438,137.7899932861328,117726300
2022-05-24,137.85345458984375,140.36000061035156,141.97000122070312,137.3300018310547,140.80999755859375,104132700
2022-05-25,138.0106201171875,140.52000427246094,141.7899932861328,138.33999633789062,138.42999267578125,92482700
2022-05-26,141.21238708496094,143.77999877929688,144.33999633789062,137.13999938964844,137.38999938964844,90601500
2022-05-27,146.96775817871094,149.63999938964844,149.67999267578125,145.25999450683594,145.38999938964844,90978500
2022-05-31,146.1820526123047,148.83999633789062,150.66000366210938,146.83999633789062,149.07000732421875,103718400
2022-06-01,146.05438232421875,148.7100067138672,151.74000549316406,147.67999267578125,149.89999389648438,74286600
2022-06-02,148.509765625,151.2100067138672,151.27000427246094,146.86000061035156,147.8300018310547,72348100
2022-06-03,142.7838592529297,145.3800048828125,147.97000122070312,144.4600067138672,146.89999389648438,88570300
2022-06-06,143.5302734375,146.13999938964844,148.57000732421875,144.89999389648438,147.02999877929688,71598400
2022-06-07,146.05438232421875,148.7100067138672,149.0,144.10000610351562,144.35000610351562,67808200
2022-06-08,145.31776428222656,147.9600067138672,149.8699951171875,147.4600067138672,148.5800018310547,53950200
2022-06-09,140.0927276611328,142.63999938964844,147.9499969482422,142.52999877929688,147.0800018310547,69473000
2022-06-10,134.6811981201172,137.1300048828125,140.75999450683594,137.05999755859375,140.27999877929688,91437900
2022-06-13,129.52490234375,131.8800048828125,135.1999969482422,131.44000244140625,132.8699951171875,122207100
2022-06-14,130.38917541503906,132.75999450683594,133.88999938964844,131.47999572753906,133.1300048828125,84784300
2022-06-15,133.0115203857422,135.42999267578125,137.33999633789062,132.16000366210938,134.2899932861328,91533000
2022-06-16,127.73743438720703,130.05999755859375,132.38999938964844,129.0399932861328,132.0800018310547,108123900
2022-06-17,129.2106475830078,131.55999755859375,133.0800018310547,129.80999755859375,130.07000732421875,134520300
2022-06-21,133.44366455078125,135.8699951171875,137.05999755859375,133.32000732421875,133.4199981689453,81000500
2022-06-22,132.93295288085938,135.35000610351562,137.75999450683594,133.91000366210938,134.7899932861328,73409200
2022-06-23,135.80079650878906,138.27000427246094,138.58999633789062,135.6300048828125,136.82000732421875,72433800
2022-06-24,139.13027954101562,141.66000366210938,141.91000366210938,139.77000427246094,139.89999389648438,89116800
2022-06-27,139.13027954101562,141.66000366210938,143.49000549316406,140.97000122070312,142.6999969482422,70207900
2022-06-28,134.98562622070312,137.44000244140625,143.4199981689453,137.32000732421875,142.1300048828125,67083400
2022-06-29,136.74368286132812,139.22999572753906,140.6699981689453,136.6699981689453,137.4600067138672,66242400
2022-06-30,134.27845764160156,136.72000122070312,138.3699951171875,133.77000427246094,137.25,98964500
2022-07-01,136.44900512695312,138.92999267578125,139.0399932861328,135.66000366210938,136.0399932861328,71051600
2022-07-05,139.03204345703125,141.55999755859375,141.61000061035156,136.92999267578125,137.77000427246094,73353800
2022-07-06,140.36778259277344,142.9199981689453,144.1199951171875,141.0800018310547,141.35000610351562,74064300
2022-07-07,143.73651123046875,146.35000610351562,146.5500030517578,143.27999877929688,143.2899932861328,66253700
2022-07-08,144.4141845703125,147.0399932861328,147.5500030517578,145.0,145.25999450683594,64547800
2022-07-11,142.28292846679688,144.8699951171875,146.63999938964844,143.77999877929688,145.6699981689453,63141600
2022-07-12,143.25526428222656,145.86000061035156,148.4499969482422,145.0500030517578,145.75999450683594,77588800
2022-07-13,142.8918914794922,145.49000549316406,146.4499969482422,142.1199951171875,142.99000549316406,71185600
2022-07-14,145.8186492919922,148.47000122070312,148.9499969482422,143.25,144.0800018310547,78140700
2022-07-15,147.48829650878906,150.1699981689453,150.86000061035156,148.1999969482422,149.77999877929688,76259900
2022-07-18,144.4436798095703,147.07000732421875,151.57000732421875,146.6999969482422,150.74000549316406,81420900
2022-07-19,148.30348205566406,151.0,151.22999572753906,146.91000366210938,147.9199981689453,82982400
2022-07-20,150.3070526123047,153.0399932861328,153.72000122070312,150.3699951171875,151.1199951171875,64823400
2022-07-21,152.5758056640625,155.35000610351562,155.57000732421875,151.94000244140625,154.5,65086600
2022-07-22,151.3383026123047,154.08999633789062,156.27999877929688,153.41000366210938,155.38999938964844,66675400
2022-07-25,150.2186279296875,152.9499969482422,155.0399932861328,152.27999877929688,154.00999450683594,53623900
2022-07-26,148.8927764892578,151.60000610351562,153.08999633789062,150.8000030517578,152.25999450683594,55138700
2022-07-27,153.99009704589844,156.7899932861328,157.3300018310547,152.16000366210938,152.5800018310547,78620700
2022-07-28,154.5400848388672,157.35000610351562,157.63999938964844,154.41000366210938,156.97999572753906,81378700
2022-07-29,159.60791015625,162.50999450683594,163.6300048828125,159.5,161.24000549316406,101786900
2022-08-01,158.6258087158203,161.50999450683594,163.58999633789062,160.88999938964844,161.00999450683594,67829400
2022-08-02,157.15255737304688,160.00999450683594,162.41000366210938,159.6300048828125,160.10000610351562,59907000
2022-08-03,163.16329956054688,166.1300048828125,166.58999633789062,160.75,160.83999633789062,82507500
2022-08-04,162.84901428222656,165.80999755859375,167.19000244140625,164.42999267578125,166.00999450683594,55474100
2022-08-05,162.62278747558594,165.35000610351562,165.85000610351562,163.0,163.2100067138672,56697000
2022-08-08,162.1507110595703,164.8699951171875,167.80999755859375,164.1999969482422,166.3699951171875,60276900
2022-08-09,162.19992065429688,164.9199981689453,165.82000732421875,163.25,164.02000427246094,63135500
2022-08-10,166.44862365722656,169.24000549316406,169.33999633789062,166.89999389648438,167.67999267578125,70170500
2022-08-11,165.7110137939453,168.49000549316406,170.99000549316406,168.19000244140625,170.05999755859375,57149200
2022-08-12,169.26150512695312,172.10000610351562,172.1699981689453,169.39999389648438,169.82000732421875,68039400
2022-08-15,170.33349609375,173.19000244140625,173.38999938964844,171.35000610351562,171.52000427246094,54091700
2022-08-16,170.17613220214844,173.02999877929688,173.7100067138672,171.66000366210938,172.77999877929688,56377100
2022-08-17,171.6710662841797,174.5500030517578,176.14999389648438,172.57000732421875,172.77000427246094,79542000
2022-08-18,171.27764892578125,174.14999389648438,174.89999389648438,173.1199951171875,173.75,62290100
2022-08-19,168.6910400390625,171.52000427246094,173.74000549316406,171.30999755859375,173.02999877929688,70346300
2022-08-22,164.8061981201172,167.57000732421875,169.86000061035156,167.13999938964844,169.69000244140625,69026800
2022-08-23,164.4718017578125,167.22999572753906,168.7100067138672,166.64999389648438,167.0800018310547,54147100
2022-08-24,164.76681518554688,167.52999877929688,168.11000061035156,166.25,167.32000732421875,53841500
2022-08-25,167.2255859375,170.02999877929688,170.13999938964844,168.35000610351562,168.77999877929688,51218200
2022-08-26,160.92127990722656,163.6199951171875,171.0500030517578,163.55999755859375,170.57000732421875,78961000
2022-08-29,158.71827697753906,161.3800048828125,162.89999389648438,159.82000732421875,161.14999389648438,73314000
2022-08-30,156.28903198242188,158.91000366210938,162.55999755859375,157.72000122070312,162.1300048828125,77906200
2022-08-31,154.62686157226562,157.22000122070312,160.5800018310547,157.13999938964844,160.30999755859375,87991100
2022-09-01,155.3546905517578,157.9600067138672,158.4199981689453,154.6699981689453,156.63999938964844,74229900
2022-09-02,153.24014282226562,155.80999755859375,160.36000061035156,154.97000122070312,159.75,76957800
2022-09-06,151.9812469482422,154.52999877929688,157.08999633789062,153.69000244140625,156.47000122070312,73714800
2022-09-07,153.3876495361328,155.9600067138672,156.6699981689453,153.61000061035156,154.82000732421875,87449600
2022-09-08,151.9123992919922,154.4600067138672,156.36000061035156,152.67999267578125,154.63999938964844,84923800
2022-09-09,154.77439880371094,157.3699951171875,157.82000732421875,154.75,155.47000122070312,68028800
2022-09-12,160.7344512939453,163.42999267578125,164.25999450683594,159.3000030517578,159.58999633789062,104956000
2022-09-13,151.30264282226562,153.83999633789062,160.5399932861328,153.3699951171875,159.89999389648438,122656600
2022-09-14,152.74839782714844,155.30999755859375,157.10000610351562,153.61000061035156,154.7899932861328,87965400
2022-09-15,149.8568878173828,152.3699951171875,155.24000549316406,151.3800048828125,154.64999389648438,90481100
2022-09-16,148.2144012451172,150.6999969482422,151.35000610351562,148.3699951171875,151.2100067138672,162278800
2022-09-19,151.9320526123047,154.47999572753906,154.55999755859375,149.10000610351562,149.30999755859375,81474200
2022-09-20,154.31216430664062,156.89999389648438,158.0800018310547,153.0800018310547,153.39999389648438,107689800
2022-09-21,151.18463134765625,153.72000122070312,158.74000549316406,153.60000610351562,157.33999633789062,101696800
2022-09-22,150.22079467773438,152.74000549316406,154.47000122070312,150.91000366210938,152.3800048828125,86652500
2022-09-23,147.9488525390625,150.42999267578125,151.47000122070312,148.55999755859375,151.19000244140625,96029900
2022-09-26,148.28326416015625,150.77000427246094,153.77000427246094,149.63999938964844,149.66000366210938,93339400
2022-09-27,149.2569580078125,151.75999450683594,154.72000122070312,149.9499969482422,152.74000549316406,84442700
2022-09-28,147.3686065673828,149.83999633789062,150.63999938964844,144.83999633789062,147.63999938964844,146691400
2022-09-29,140.13002014160156,142.47999572753906,146.72000122070312,140.67999267578125,146.10000610351562,128138200
2022-09-30,135.92059326171875,138.1999969482422,143.10000610351562,138.0,141.27999877929688,124925300
2022-10-03,140.1005096435547,142.4499969482422,143.07000732421875,137.69000244140625,138.2100067138672,114311700
2022-10-04,143.69029235839844,146.10000610351562,146.22000122070312,144.25999450683594,145.02999877929688,87830100
2022-10-05,143.98533630371094,146.39999389648438,147.3800048828125,143.00999450683594,144.07000732421875,79471000
2022-10-06,143.03135681152344,145.42999267578125,147.5399932861328,145.22000122070312,145.80999755859375,68402200
2022-10-07,137.77943420410156,140.08999633789062,143.10000610351562,139.4499969482422,142.5399932861328,85925600
2022-10-10,138.1039581298828,140.4199981689453,141.88999938964844,138.57000732421875,140.4199981689453,74899000
2022-10-11,136.68771362304688,138.97999572753906,141.35000610351562,138.22000122070312,139.89999389648438,77033700
2022-10-12,136.05828857421875,138.33999633789062,140.36000061035156,138.16000366210938,139.1300048828125,70433700
2022-10-13,140.63160705566406,142.99000549316406,143.58999633789062,134.3699951171875,134.99000549316406,113224000
2022-10-14,136.09764099121094,138.3800048828125,144.52000427246094,138.19000244140625,144.30999755859375,88598000
2022-10-17,140.06117248535156,142.41000366210938,142.89999389648438,140.27000427246094,141.07000732421875,85250900
2022-10-18,141.37905883789062,143.75,146.6999969482422,140.61000061035156,145.49000549316406,99136600
2022-10-19,141.48724365234375,143.86000061035156,144.9499969482422,141.5,141.69000244140625,61758300
2022-10-20,141.02499389648438,143.38999938964844,145.88999938964844,142.64999389648438,143.02000427246094,64522000
2022-10-21,144.84100341796875,147.27000427246094,147.85000610351562,142.64999389648438,142.8699951171875,86548600
2022-10-24,146.9850616455078,149.4499969482422,150.22999572753906,146.0,147.19000244140625,75981900
2022-10-25,149.82736206054688,152.33999633789062,152.49000549316406,149.36000061035156,150.08999633789062,74732300
2022-10-26,146.88665771484375,149.35000610351562,151.99000549316406,148.0399932861328,150.9600067138672,88194300
2022-10-27,142.41172790527344,144.8000030517578,149.0500030517578,144.1300048828125,148.07000732421875,109180200
2022-10-28,153.1713104248047,155.74000549316406,157.5,147.82000732421875,148.1999969482422,164762400
2022-10-31,150.81088256835938,153.33999633789062,154.24000549316406,151.9199981689453,153.16000366210938,97943200
2022-11-01,148.16525268554688,150.64999389648438,155.4499969482422,149.1300048828125,155.0800018310547,80379300
2022-11-02,142.63795471191406,145.02999877929688,152.1699981689453,145.0,148.9499969482422,93604600
2022-11-03,136.58938598632812,138.8800048828125,142.8000030517578,138.75,142.05999755859375,97918500
2022-11-04,136.3233642578125,138.3800048828125,142.6699981689453,134.3800048828125,142.08999633789062,140814800
2022-11-07,136.85537719726562,138.9199981689453,139.14999389648438,135.6699981689453,137.11000061035156,83374600
2022-11-08,137.42672729492188,139.5,141.42999267578125,137.49000549316406,140.41000366210938,89908500
2022-11-09,132.8655548095703,134.8699951171875,138.5500030517578,134.58999633789062,138.5,74917800
2022-11-10,144.68722534179688,146.8699951171875,146.8699951171875,139.5,141.24000549316406,118854000
2022-11-11,147.4751434326172,149.6999969482422,150.00999450683594,144.3699951171875,145.82000732421875,93979700
2022-11-14,146.0762481689453,148.27999877929688,150.27999877929688,147.42999267578125,148.97000122070312,73374100
2022-11-15,147.81007385253906,150.0399932861328,153.58999633789062,148.55999755859375,152.22000122070312,89868300
2022-11-16,146.57867431640625,148.7899932861328,149.8699951171875,147.2899932861328,149.1300048828125,64218300
2022-11-17,148.47998046875,150.72000122070312,151.47999572753906,146.14999389648438,146.42999267578125,80389400
2022-11-18,149.0415496826172,151.2899932861328,152.6999969482422,149.97000122070312,152.30999755859375,74829600
2022-11-21,145.81027221679688,148.00999450683594,150.3699951171875,147.72000122070312,150.16000366210938,58724100
2022-11-22,147.947998046875,150.17999267578125,150.4199981689453,146.92999267578125,148.1300048828125,51804100
2022-11-23,148.82481384277344,151.07000732421875,151.8300018310547,149.33999633789062,149.4499969482422,58301400
2022-11-25,145.90878295898438,148.11000061035156,148.8800048828125,147.1199951171875,148.30999755859375,35195900
2022-11-28,142.0766143798828,144.22000122070312,146.63999938964844,143.3800048828125,145.13999938964844,69246000
2022-11-29,139.0719451904297,141.1699981689453,144.80999755859375,140.35000610351562,144.2899932861328,83763800
2022-11-30,145.82997131347656,148.02999877929688,148.72000122070312,140.5500030517578,141.39999389648438,111380900
2022-12-01,146.10581970214844,148.30999755859375,149.1300048828125,146.61000061035156,148.2100067138672,71250400
2022-12-02,145.61326599121094,147.80999755859375,148.0,145.64999389648438,145.9600067138672,65447400
2022-12-05,144.45079040527344,146.6300048828125,150.9199981689453,145.77000427246094,147.77000427246094,68826400
2022-12-06,140.78607177734375,142.91000366210938,147.3000030517578,141.9199981689453,147.07000732421875,64727200
2022-12-07,138.8453369140625,140.94000244140625,143.3699951171875,140.0,142.19000244140625,69721100
2022-12-08,140.52992248535156,142.64999389648438,143.52000427246094,141.10000610351562,142.36000061035156,62128300
2022-12-09,140.0471954345703,142.16000366210938,145.57000732421875,140.89999389648438,142.33999633789062,76097000
2022-12-12,142.3425750732422,144.49000549316406,144.5,141.05999755859375,142.6999969482422,70462700
2022-12-13,143.30804443359375,145.47000122070312,149.97000122070312,144.24000549316406,149.5,93886200
2022-12-14,141.08164978027344,143.2100067138672,146.66000366210938,141.16000366210938,145.35000610351562,82291200
2022-12-15,134.47134399414062,136.5,141.8000030517578,136.02999877929688,141.11000061035156,98931900
2022-12-16,132.5109100341797,134.50999450683594,137.64999389648438,133.72999572753906,136.69000244140625,160156900
2022-12-19,130.40269470214844,132.3699951171875,135.1999969482422,131.32000732421875,135.11000061035156,79592600
2022-12-20,130.333740234375,132.3000030517578,133.25,129.88999938964844,131.38999938964844,77432800
2022-12-21,133.43692016601562,135.4499969482422,136.80999755859375,132.75,132.97999572753906,85928000
2022-12-22,130.26480102539062,132.22999572753906,134.55999755859375,130.3000030517578,134.35000610351562,77852100
2022-12-23,129.90029907226562,131.86000061035156,132.4199981689453,129.63999938964844,130.9199981689453,63814900
2022-12-27,128.0974578857422,130.02999877929688,131.41000366210938,128.72000122070312,131.3800048828125,69007800
2022-12-28,124.16680145263672,126.04000091552734,131.02999877929688,125.87000274658203,129.6699981689453,85438400
2022-12-29,127.68372344970703,129.61000061035156,130.47999572753906,127.7300033569336,127.98999786376953,75703700
2022-12-30,127.99897766113281,129.92999267578125,129.9499969482422,127.43000030517578,128.41000366210938,77034200
2023-01-03,123.21121215820312,125.06999969482422,130.89999389648438,124.16999816894531,130.27999877929688,112117500
2023-01-04,124.4820327758789,126.36000061035156,128.66000366210938,125.08000183105469,126.88999938964844,89113600
2023-01-05,123.16193389892578,125.0199966430664,127.7699966430664,124.76000213623047,127.12999725341797,80962700
2023-01-06,127.69355773925781,129.6199951171875,130.2899932861328,124.88999938964844,126.01000213623047,87754700
2023-01-09,128.21571350097656,130.14999389648438,133.41000366210938,129.88999938964844,130.47000122070312,70790800
2023-01-10,128.7870635986328,130.72999572753906,131.25999450683594,128.1199951171875,130.25999450683594,63896200
2023-01-11,131.50607299804688,133.49000549316406,133.50999450683594,130.4600067138672,131.25,69458900
2023-01-12,131.42727661132812,133.41000366210938,134.25999450683594,131.44000244140625,133.8800048828125,71379600
2023-01-13,132.75718688964844,134.75999450683594,134.9199981689453,131.66000366210938,132.02999877929688,57809700
2023-01-17,133.91964721679688,135.94000244140625,137.2899932861328,134.1300048828125,134.8300018310547,63646600
2023-01-18,133.2005157470703,135.2100067138672,138.61000061035156,135.02999877929688,136.82000732421875,69672800
2023-01-19,133.2596435546875,135.27000427246094,136.25,133.77000427246094,134.0800018310547,58280400
2023-01-20,135.8209991455078,137.8699951171875,138.02000427246094,134.22000122070312,135.27999877929688,80223600
2023-01-23,139.01283264160156,141.11000061035156,143.32000732421875,137.89999389648438,138.1199951171875,81760300
2023-01-24,140.4117431640625,142.52999877929688,143.16000366210938,140.3000030517578,140.30999755859375,66435100
2023-01-25,139.7516632080078,141.86000061035156,142.42999267578125,138.80999755859375,140.88999938964844,65799300
2023-01-26,141.82046508789062,143.9600067138672,144.25,141.89999389648438,143.1699981689453,54105100
2023-01-27,143.7611541748047,145.92999267578125,147.22999572753906,143.0800018310547,143.16000366210938,70555800
2023-01-30,140.87472534179688,143.0,145.5500030517578,142.85000610351562,144.9600067138672,64015300
2023-01-31,142.1455535888672,144.2899932861328,144.33999633789062,142.27999877929688,142.6999969482422,65874500
2023-02-01,143.2686004638672,145.42999267578125,146.61000061035156,141.32000732421875,143.97000122070312,77663600
2023-02-02,148.57855224609375,150.82000732421875,151.17999267578125,148.1699981689453,148.89999389648438,118339000
2023-02-03,152.20379638671875,154.5,157.3800048828125,147.8300018310547,148.02999877929688,154357300
2023-02-06,149.47496032714844,151.72999572753906,153.10000610351562,150.77999877929688,152.57000732421875,69858300
2023-02-07,152.35159301757812,154.64999389648438,155.22999572753906,150.63999938964844,150.63999938964844,83322600
2023-02-08,149.6621551513672,151.9199981689453,154.5800018310547,151.1699981689453,153.8800048828125,64120100
2023-02-09,148.6277313232422,150.8699951171875,154.3300018310547,150.4199981689453,153.77999877929688,56007100
2023-02-10,148.99281311035156,151.00999450683594,151.33999633789062,149.22000122070312,149.4600067138672,57450700
2023-02-13,151.79489135742188,153.85000610351562,154.25999450683594,150.9199981689453,150.9499969482422,62199000
2023-02-14,151.15357971191406,153.1999969482422,153.77000427246094,150.86000061035156,152.1199951171875,61707600
2023-02-15,153.25509643554688,155.3300018310547,155.5,152.8800048828125,153.11000061035156,65573800
2023-02-16,151.65675354003906,153.7100067138672,156.3300018310547,153.35000610351562,153.50999450683594,68167900
2023-02-17,150.5122528076172,152.5500030517578,153.0,150.85000610351562,152.35000610351562,59144100
2023-02-21,146.49661254882812,148.47999572753906,151.3000030517578,148.41000366210938,150.1999969482422,58867200
2023-02-22,146.92086791992188,148.91000366210938,149.9499969482422,147.16000366210938,148.8699951171875,51011300
2023-02-23,147.404296875,149.39999389648438,150.33999633789062,147.24000549316406,150.08999633789062,48394200
2023-02-24,144.75025939941406,146.7100067138672,147.19000244140625,145.72000122070312,147.11000061035156,55469600
2023-02-27,145.94410705566406,147.9199981689453,149.1699981689453,147.4499969482422,147.7100067138672,44998500
2023-02-28,145.44091796875,147.41000366210938,149.0800018310547,146.8300018310547,147.0500030517578,50547000
2023-03-01,143.36895751953125,145.30999755859375,147.22999572753906,145.00999450683594,146.8300018310547,55479000
2023-03-02,143.96095275878906,145.91000366210938,146.7100067138672,143.89999389648438,144.3800048828125,52238100
2023-03-03,149.01255798339844,151.02999877929688,151.11000061035156,147.3300018310547,148.0399932861328,70732300
2023-03-06,151.77516174316406,153.8300018310547,156.3000030517578,153.4600067138672,153.7899932861328,87558000
2023-03-07,149.574951171875,151.60000610351562,154.02999877929688,151.1300048828125,153.6999969482422,56182000
2023-03-08,150.82798767089844,152.8699951171875,153.47000122070312,151.8300018310547,152.80999755859375,47204800
2023-03-09,148.57843017578125,150.58999633789062,154.5399932861328,150.22999572753906,153.55999755859375,53833600
2023-03-10,146.51632690429688,148.5,150.94000244140625,147.61000061035156,150.2100067138672,68572400
2023-03-13,148.46006774902344,150.47000122070312,153.13999938964844,147.6999969482422,147.80999755859375,84457100
2023-03-14,150.5516815185547,152.58999633789062,153.39999389648438,150.10000610351562,151.27999877929688,73695900
2023-03-15,150.9463653564453,152.99000549316406,153.25,149.9199981689453,151.19000244140625,77167900
2023-03-16,153.7681884765625,155.85000610351562,156.4600067138672,151.63999938964844,152.16000366210938,76161100
2023-03-17,152.92953491210938,155.0,156.74000549316406,154.27999877929688,156.0800018310547,98944600
2023-03-20,155.29747009277344,157.39999389648438,157.82000732421875,154.14999389648438,155.07000732421875,73641400
2023-03-21,157.15235900878906,159.27999877929688,159.39999389648438,156.5399932861328,157.32000732421875,73938300
2023-03-22,155.7217254638672,157.8300018310547,162.13999938964844,157.80999755859375,159.3000030517578,75701800
2023-03-23,156.8070526123047,158.92999267578125,161.5500030517578,157.67999267578125,158.8300018310547,67622100
2023-03-24,158.10939025878906,160.25,160.33999633789062,157.85000610351562,158.86000061035156,59196500
2023-03-27,156.16571044921875,158.27999877929688,160.77000427246094,157.8699951171875,159.94000244140625,52390300
2023-03-28,155.54412841796875,157.64999389648438,158.49000549316406,155.97999572753906,157.97000122070312,45992200
2023-03-29,158.62245178222656,160.77000427246094,161.0500030517578,159.35000610351562,159.3699951171875,51305700
2023-03-30,160.1912078857422,162.36000061035156,162.47000122070312,161.27000427246094,161.52999877929688,49501700
2023-03-31,162.697265625,164.89999389648438,165.0,161.91000366210938,162.44000244140625,68749800
2023-04-03,163.95033264160156,166.1699981689453,166.2899932861328,164.22000122070312,164.27000427246094,56976200
2023-04-04,163.4175262451172,165.6300048828125,166.83999633789062,165.11000061035156,166.60000610351562,46278300
2023-04-05,161.57252502441406,163.75999450683594,165.0500030517578,161.8000030517578,164.74000549316406,51511700
2023-04-06,162.4605255126953,164.66000366210938,164.9600067138672,162.0,162.42999267578125,45390100
2023-04-10,159.86561584472656,162.02999877929688,162.02999877929688,160.0800018310547,161.4199981689453,47716900
2023-04-11,158.65203857421875,160.8000030517578,162.36000061035156,160.50999450683594,162.35000610351562,47644200
2023-04-12,157.96141052246094,160.10000610351562,162.05999755859375,159.77999877929688,161.22000122070312,50133100
2023-04-13,163.3484649658203,165.55999755859375,165.8000030517578,161.4199981689453,161.6300048828125,68445600
2023-04-14,163.0031280517578,165.2100067138672,166.32000732421875,163.82000732421875,164.58999633789062,49386500
2023-04-17,163.02285766601562,165.22999572753906,165.38999938964844,164.02999877929688,165.08999633789062,41516200
2023-04-18,164.24632263183594,166.47000122070312,167.41000366210938,165.64999389648438,166.10000610351562,49923000
2023-04-19,165.3908233642578,167.6300048828125,168.16000366210938,165.5399932861328,165.8000030517578,47720200
2023-04-20,164.4239044189453,166.64999389648438,167.8699951171875,165.55999755859375,166.08999633789062,52456400
2023-04-21,162.81568908691406,165.02000427246094,166.4499969482422,164.49000549316406,165.0500030517578,58337300
2023-04-24,163.1215362548828,165.3300018310547,165.60000610351562,163.88999938964844,165.0,41949600
2023-04-25,161.5823974609375,163.77000427246094,166.30999755859375,163.72999572753906,165.19000244140625,48714100
2023-04-26,161.57252502441406,163.75999450683594,165.27999877929688,162.8000030517578,163.05999755859375,45498800
2023-04-27,166.160400390625,168.41000366210938,168.55999755859375,165.19000244140625,165.19000244140625,64902300
2023-04-28,167.41342163085938,169.67999267578125,169.85000610351562,167.8800048828125,168.49000549316406,55275900
2023-05-01,167.3246307373047,169.58999633789062,170.4499969482422,168.63999938964844,169.27999877929688,52472900
2023-05-02,166.2886505126953,168.5399932861328,170.35000610351562,167.5399932861328,170.08999633789062,48425700
2023-05-03,165.2132110595703,167.4499969482422,170.9199981689453,167.16000366210938,169.5,65136000
2023-05-04,163.57540893554688,165.7899932861328,167.0399932861328,164.30999755859375,164.88999938964844,81235400
2023-05-05,171.25146484375,173.57000732421875,174.3000030517578,170.75999450683594,170.97999572753906,113453200
2023-05-08,171.18240356445312,173.5,173.85000610351562,172.11000061035156,172.47999572753906,55962800
2023-05-09,169.47552490234375,171.77000427246094,173.5399932861328,171.60000610351562,173.0500030517578,45326900
2023-05-10,171.24160766601562,173.55999755859375,174.02999877929688,171.89999389648438,173.02000427246094,53724500
2023-05-11,171.42904663085938,173.75,174.58999633789062,172.1699981689453,173.85000610351562,49514700
2023-05-12,170.50035095214844,172.57000732421875,174.05999755859375,171.0,173.6199951171875,45533100
2023-05-15,170.00633239746094,172.07000732421875,173.2100067138672,171.47000122070312,173.16000366210938,37266700
2023-05-16,170.00633239746094,172.07000732421875,173.13999938964844,171.8000030517578,171.99000549316406,42110300
2023-05-17,170.61891174316406,172.69000244140625,172.92999267578125,170.4199981689453,171.7100067138672,57951600
2023-05-18,172.95059204101562,175.0500030517578,175.24000549316406,172.5800018310547,173.0,65496700
2023-05-19,173.0592803955078,175.16000366210938,176.38999938964844,174.94000244140625,176.38999938964844,55809500
2023-05-22,172.1107940673828,174.1999969482422,174.7100067138672,173.4499969482422,173.97999572753906,43570900
2023-05-23,169.50245666503906,171.55999755859375,173.3800048828125,171.27999877929688,173.1300048828125,50747300
2023-05-24,169.7790985107422,171.83999633789062,172.4199981689453,170.52000427246094,171.08999633789062,45143500
2023-05-25,170.91531372070312,172.99000549316406,173.89999389648438,171.69000244140625,172.41000366210938,56058300
2023-05-26,173.32603454589844,175.42999267578125,175.77000427246094,173.11000061035156,173.32000732421875,54835000
2023-05-30,175.17359924316406,177.3000030517578,178.99000549316406,176.57000732421875,176.9600067138672,55964400
2023-05-31,175.1242218017578,177.25,179.35000610351562,176.75999450683594,177.3300018310547,99625300
2023-06-01,177.93014526367188,180.08999633789062,180.1199951171875,176.92999267578125,177.6999969482422,68901800
2023-06-02,178.7798309326172,180.9499969482422,181.77999877929688,179.25999450683594,181.02999877929688,61996900
2023-06-05,177.42626953125,179.5800018310547,184.9499969482422,178.0399932861328,182.6300048828125,121946500
2023-06-06,177.0607147216797,179.2100067138672,180.1199951171875,177.42999267578125,179.97000122070312,64848400
2023-06-07,175.6873779296875,177.82000732421875,181.2100067138672,177.32000732421875,178.44000244140625,61944600
2023-06-08,178.4044189453125,180.57000732421875,180.83999633789062,177.4600067138672,177.89999389648438,50214900
2023-06-09,178.7897186279297,180.9600067138672,182.22999572753906,180.6300048828125,181.5,48900000
2023-06-12,181.5857696533203,183.7899932861328,183.88999938964844,180.97000122070312,181.27000427246094,54274900
2023-06-13,181.11154174804688,183.30999755859375,184.14999389648438,182.44000244140625,182.8000030517578,54929100
2023-06-14,181.7438507080078,183.9499969482422,184.38999938964844,182.02000427246094,183.3699951171875,57462900
2023-06-15,183.7791290283203,186.00999450683594,186.52000427246094,183.77999877929688,183.9600067138672,65433200
2023-06-16,182.70220947265625,184.9199981689453,186.99000549316406,184.27000427246094,186.72999572753906,101256200
2023-06-20,182.7911376953125,185.00999450683594,186.10000610351562,184.41000366210938,184.41000366210938,49799100
2023-06-21,181.75375366210938,183.9600067138672,185.41000366210938,182.58999633789062,184.89999389648438,49515700
2023-06-22,184.75726318359375,187.0,187.0500030517578,183.6699981689453,183.74000549316406,51245300
2023-06-23,184.4411163330078,186.67999267578125,187.55999755859375,185.00999450683594,185.5500030517578,53117000
2023-06-26,183.04800415039062,185.27000427246094,188.0500030517578,185.22999572753906,186.8300018310547,48088700
2023-06-27,185.8045654296875,188.05999755859375,188.38999938964844,185.6699981689453,185.88999938964844,50730800
2023-06-28,186.98028564453125,189.25,189.89999389648438,187.60000610351562,187.92999267578125,51216800
2023-06-29,187.3162078857422,189.58999633789062,190.07000732421875,188.94000244140625,189.0800018310547,46347300
2023-06-30,191.6436767578125,193.97000122070312,194.47999572753906,191.25999450683594,191.6300048828125,85213200
2023-07-03,190.15179443359375,192.4600067138672,193.8800048828125,191.75999450683594,193.77999877929688,31458200
2023-07-05,189.0353546142578,191.3300018310547,192.97999572753906,190.6199951171875,191.57000732421875,46920300
2023-07-06,189.50958251953125,191.80999755859375,192.02000427246094,189.1999969482422,189.83999633789062,45094300
2023-07-07,188.39315795898438,190.67999267578125,192.6699981689453,190.24000549316406,191.41000366210938,46815000
2023-07-10,186.34799194335938,188.61000061035156,189.99000549316406,187.0399932861328,189.25999450683594,59922200
2023-07-11,185.82432556152344,188.0800018310547,189.3000030517578,186.60000610351562,189.16000366210938,46638100
2023-07-12,187.49407958984375,189.77000427246094,191.6999969482422,188.47000122070312,189.67999267578125,60750200
2023-07-13,188.2548370361328,190.5399932861328,191.19000244140625,189.77999877929688,190.5,41342300
2023-07-14,188.4030303955078,190.69000244140625,191.17999267578125,189.6300048828125,190.22999572753906,41616200
2023-07-17,191.66346740722656,193.99000549316406,194.32000732421875,191.80999755859375,191.89999389648438,50520200
2023-07-18,191.40655517578125,193.72999572753906,194.3300018310547,192.4199981689453,193.35000610351562,48288200
2023-07-19,192.7601318359375,195.10000610351562,198.22999572753906,192.64999389648438,193.10000610351562,80507300
2023-07-20,190.81373596191406,193.1300048828125,196.47000122070312,192.5,195.08999633789062,59581200
2023-07-21,189.6380157470703,191.94000244140625,194.97000122070312,191.22999572753906,194.10000610351562,71951700
2023-07-24,190.43832397460938,192.75,194.91000366210938,192.25,193.41000366210938,45377800
2023-07-25,191.29786682128906,193.6199951171875,194.44000244140625,192.9199981689453,193.3300018310547,37283200
2023-07-26,192.1673126220703,194.5,195.63999938964844,193.32000732421875,193.6699981689453,47471900
2023-07-27,190.90267944335938,193.22000122070312,197.1999969482422,192.5500030517578,196.02000427246094,47460200
2023-07-28,193.48138427734375,195.8300018310547,196.6300048828125,194.13999938964844,194.6699981689453,48291400
2023-07-31,194.0939483642578,196.4499969482422,196.49000549316406,195.25999450683594,196.05999755859375,38824100
2023-08-01,193.26402282714844,195.61000061035156,196.72999572753906,195.27999877929688,196.24000549316406,35175100
2023-08-02,190.27037048339844,192.5800018310547,195.17999267578125,191.85000610351562,195.0399932861328,50389300
2023-08-03,188.87730407714844,191.1699981689453,192.3699951171875,190.69000244140625,191.57000732421875,61235200
2023-08-04,179.80734252929688,181.99000549316406,187.3800048828125,181.9199981689453,185.52000427246094,115956800
2023-08-07,176.70504760742188,178.85000610351562,183.1300048828125,177.35000610351562,182.1300048828125,97576100
2023-08-08,177.64361572265625,179.8000030517578,180.27000427246094,177.5800018310547,179.69000244140625,67823000
2023-08-09,176.05294799804688,178.19000244140625,180.92999267578125,177.00999450683594,180.8699951171875,60378500
2023-08-10,175.83554077148438,177.97000122070312,180.75,177.60000610351562,179.47999572753906,54686900
2023-08-11,175.89491271972656,177.7899932861328,178.6199951171875,176.5500030517578,177.32000732421875,52036700
2023-08-14,177.5471649169922,179.4600067138672,179.69000244140625,177.30999755859375,177.97000122070312,43675600
2023-08-15,175.55853271484375,177.4499969482422,179.47999572753906,177.0500030517578,178.8800048828125,43622600
2023-08-16,174.6879119873047,176.57000732421875,178.5399932861328,176.5,177.1300048828125,46964900
2023-08-17,172.1453399658203,174.0,177.50999450683594,173.47999572753906,177.13999938964844,66062900
2023-08-18,172.63009643554688,174.49000549316406,175.10000610351562,171.9600067138672,172.3000030517578,61172200
2023-08-21,173.9657440185547,175.83999633789062,176.1300048828125,173.74000549316406,175.07000732421875,46311900
2023-08-22,175.3408966064453,177.22999572753906,177.67999267578125,176.25,177.05999755859375,42038900
2023-08-23,179.189453125,181.1199951171875,181.5500030517578,178.3300018310547,178.52000427246094,52722800
2023-08-24,174.49996948242188,176.3800048828125,181.10000610351562,176.00999450683594,180.6699981689453,54945800
2023-08-25,176.70620727539062,178.61000061035156,179.14999389648438,175.82000732421875,177.3800048828125,51449600
2023-08-28,178.2693634033203,180.19000244140625,180.58999633789062,178.5500030517578,180.08999633789062,43820700
2023-08-29,182.157470703125,184.1199951171875,184.89999389648438,179.5,179.6999969482422,53003900
2023-08-30,185.64984130859375,187.64999389648438,187.85000610351562,184.74000549316406,184.94000244140625,60813900
2023-08-31,185.86749267578125,187.8699951171875,189.1199951171875,187.47999572753906,187.83999633789062,60794500
2023-09-01,187.4405517578125,189.4600067138672,189.9199981689453,188.27999877929688,189.49000549316406,45766500
2023-09-05,187.67796325683594,189.6999969482422,189.97999572753906,187.61000061035156,188.27999877929688,45280000
2023-09-06,180.96035766601562,182.91000366210938,188.85000610351562,181.47000122070312,188.39999389648438,81755800
2023-09-07,175.66738891601562,177.55999755859375,178.2100067138672,173.5399932861328,175.17999267578125,112488800
2023-09-08,176.28077697753906,178.17999267578125,180.24000549316406,177.7899932861328,178.35000610351562,65551300
2023-09-11,177.4481964111328,179.36000061035156,180.3000030517578,177.33999633789062,180.07000732421875,58953100
2023-09-12,174.4208221435547,176.3000030517578,180.1300048828125,174.82000732421875,179.49000549316406,90370200
2023-09-13,172.3530731201172,174.2100067138672,177.3000030517578,173.97999572753906,176.50999450683594,84267900
2023-09-14,173.8667755126953,175.74000549316406,176.10000610351562,173.5800018310547,174.0,60895800
2023-09-15,173.14454650878906,175.00999450683594,176.5,173.82000732421875,176.47999572753906,109259500
2023-09-18,176.072998046875,177.97000122070312,179.3800048828125,176.1699981689453,176.47999572753906,67257600
2023-09-19,177.1613006591797,179.07000732421875,179.6300048828125,177.1300048828125,177.52000427246094,51826900
2023-09-20,173.6194610595703,175.49000549316406,179.6999969482422,175.39999389648438,179.25999450683594,58436200
2023-09-21,172.0760955810547,173.92999267578125,176.3000030517578,173.86000061035156,174.5500030517578,63149100
2023-09-22,172.92691040039062,174.7899932861328,177.0800018310547,174.0500030517578,174.6699981689453,56725400
2023-09-25,174.20315551757812,176.0800018310547,176.97000122070312,174.14999389648438,174.1999969482422,46172700
2023-09-26,170.12709045410156,171.9600067138672,175.1999969482422,171.66000366210938,174.82000732421875,64588900
2023-09-27,168.6134033203125,170.42999267578125,173.0399932861328,169.0500030517578,172.6199951171875,66921800
2023-09-28,168.87063598632812,170.69000244140625,172.02999877929688,167.6199951171875,169.33999633789062,56294400
2023-09-29,169.3850860595703,171.2100067138672,173.07000732421875,170.33999633789062,172.02000427246094,51861100
2023-10-02,171.8979949951172,173.75,174.3000030517578,170.92999267578125,171.22000122070312,52164500
2023-10-03,170.5623779296875,172.39999389648438,173.6300048828125,170.82000732421875,172.25999450683594,49594600
2023-10-04,171.8089599609375,173.66000366210938,174.2100067138672,170.97000122070312,171.08999633789062,53020300
2023-10-05,173.04563903808594,174.91000366210938,175.4499969482422,172.67999267578125,173.7899932861328,48527900
2023-10-06,175.59812927246094,177.49000549316406,177.99000549316406,173.17999267578125,173.8000030517578,57266700
2023-10-09,177.0821533203125,178.99000549316406,179.0500030517578,175.8000030517578,176.80999755859375,42390800
2023-10-10,176.488525390625,178.38999938964844,179.72000122070312,177.9499969482422,178.10000610351562,43698000
2023-10-11,177.88352966308594,179.8000030517578,179.85000610351562,177.60000610351562,178.1999969482422,47551100
2023-10-12,178.78382873535156,180.7100067138672,182.33999633789062,179.0399932861328,180.07000732421875,56743100
2023-10-13,176.94366455078125,178.85000610351562,181.92999267578125,178.13999938964844,181.4199981689453,51427100
2023-10-16,176.81503295898438,178.72000122070312,179.0800018310547,176.50999450683594,176.75,52517000
2023-10-17,175.26177978515625,177.14999389648438,178.4199981689453,174.8000030517578,176.64999389648438,57549400
2023-10-18,173.9657440185547,175.83999633789062,177.5800018310547,175.11000061035156,175.5800018310547,54764400
2023-10-19,173.58978271484375,175.4600067138672,177.83999633789062,175.19000244140625,176.0399932861328,59302900
2023-10-20,171.03729248046875,172.8800048828125,175.4199981689453,172.63999938964844,175.30999755859375,64244000
2023-10-23,171.156005859375,173.0,174.00999450683594,169.92999267578125,170.91000366210938,55980100
2023-10-24,171.59132385253906,173.44000244140625,173.6699981689453,171.4499969482422,173.0500030517578,43816600
2023-10-25,169.27626037597656,171.10000610351562,173.05999755859375,170.64999389648438,171.8800048828125,57157000
2023-10-26,165.1111297607422,166.88999938964844,171.3800048828125,165.6699981689453,170.3699951171875,70625300
2023-10-27,166.42694091796875,168.22000122070312,168.9600067138672,166.8300018310547,166.91000366210938,58499100
2023-10-30,168.47486877441406,170.2899932861328,171.1699981689453,168.8699951171875,169.02000427246094,51131000
2023-10-31,168.9497528076172,170.77000427246094,170.89999389648438,167.89999389648438,169.35000610351562,44846000
2023-11-01,172.11566162109375,173.97000122070312,174.22999572753906,170.1199951171875,171.0,56934900
2023-11-02,175.6772918701172,177.57000732421875,177.77999877929688,175.4600067138672,175.52000427246094,77334800
2023-11-03,174.76705932617188,176.64999389648438,176.82000732421875,173.35000610351562,174.24000549316406,79829200
2023-11-06,177.31956481933594,179.22999572753906,179.42999267578125,176.2100067138672,176.3800048828125,63841300
2023-11-07,179.8820037841797,181.82000732421875,182.44000244140625,178.97000122070312,179.17999267578125,70530000
2023-11-08,180.94058227539062,182.88999938964844,183.4499969482422,181.58999633789062,182.35000610351562,49340300
2023-11-09,180.46568298339844,182.41000366210938,184.1199951171875,181.80999755859375,182.9600067138672,53763500
2023-11-10,184.65611267089844,186.39999389648438,186.57000732421875,183.52999877929688,183.97000122070312,66133400
2023-11-13,183.07110595703125,184.8000030517578,186.02999877929688,184.2100067138672,185.82000732421875,43627500
2023-11-14,185.68638610839844,187.44000244140625,188.11000061035156,186.3000030517578,187.6999969482422,60108400
2023-11-15,186.2510528564453,188.00999450683594,189.5,187.77999877929688,187.85000610351562,53790500
2023-11-16,187.93515014648438,189.7100067138672,190.9600067138672,188.64999389648438,189.57000732421875,54412900
2023-11-17,187.91534423828125,189.69000244140625,190.3800048828125,188.57000732421875,190.25,50922700
2023-11-20,189.65887451171875,191.4499969482422,191.91000366210938,189.8800048828125,189.88999938964844,46505100
2023-11-21,188.85643005371094,190.63999938964844,191.52000427246094,189.74000549316406,191.41000366210938,38134500
2023-11-22,189.52017211914062,191.30999755859375,192.92999267578125,190.8300018310547,191.49000549316406,39617700
2023-11-24,188.19273376464844,189.97000122070312,190.89999389648438,189.25,190.8699951171875,24048300
2023-11-27,188.01437377929688,189.7899932861328,190.6699981689453,188.89999389648438,189.9199981689453,40552600
2023-11-28,188.61868286132812,190.39999389648438,191.0800018310547,189.39999389648438,189.77999877929688,38415400
2023-11-29,187.5983123779297,189.3699951171875,192.08999633789062,188.97000122070312,190.89999389648438,43014200
2023-11-30,188.17288208007812,189.9499969482422,190.32000732421875,188.19000244140625,189.83999633789062,48794400
2023-12-01,189.45083618164062,191.24000549316406,191.55999755859375,189.22999572753906,190.3300018310547,45704800
2023-12-04,187.65777587890625,189.42999267578125,190.0500030517578,187.4499969482422,189.97999572753906,43389500
2023-12-05,191.61044311523438,193.4199981689453,194.39999389648438,190.17999267578125,190.2100067138672,66628400
2023-12-06,190.52076721191406,192.32000732421875,194.75999450683594,192.11000061035156,194.4499969482422,41089700
2023-12-07,192.45249938964844,194.27000427246094,195.0,193.58999633789062,193.6300048828125,47477700
2023-12-08,193.8790283203125,195.7100067138672,195.99000549316406,193.6699981689453,194.1999969482422,53406400
2023-12-11,191.3726806640625,193.17999267578125,193.49000549316406,191.4199981689453,193.11000061035156,60943700
2023-12-12,192.8883819580078,194.7100067138672,194.72000122070312,191.72000122070312,193.0800018310547,52696900
2023-12-13,196.10797119140625,197.9600067138672,198.0,194.85000610351562,195.08999633789062,70404200
2023-12-14,196.25656127929688,198.11000061035156,199.6199951171875,196.16000366210938,198.02000427246094,66831600
2023-12-15,195.7216339111328,197.57000732421875,198.39999389648438,197.0,197.52999877929688,128538400
2023-12-18,194.05734252929688,195.88999938964844,196.6300048828125,194.38999938964844,196.08999633789062,55751900
2023-12-19,195.09750366210938,196.94000244140625,196.9499969482422,195.88999938964844,196.16000366210938,40714100
2023-12-20,193.00726318359375,194.8300018310547,197.67999267578125,194.8300018310547,196.89999389648438,52242800
2023-12-21,192.858642578125,194.67999267578125,197.0800018310547,193.5,196.10000610351562,46482500
2023-12-22,191.78875732421875,193.60000610351562,195.41000366210938,192.97000122070312,195.17999267578125,37149600
2023-12-26,191.243896484375,193.0500030517578,193.88999938964844,192.8300018310547,193.61000061035156,28919300
2023-12-27,191.3429412841797,193.14999389648438,193.5,191.08999633789062,192.49000549316406,48087700
2023-12-28,191.76895141601562,193.5800018310547,194.66000366210938,193.1699981689453,194.13999938964844,34049900
2023-12-29,190.72879028320312,192.52999877929688,194.39999389648438,191.72999572753906,193.89999389648438,42672100
2024-01-02,183.90322875976562,185.63999938964844,188.44000244140625,183.88999938964844,187.14999389648438,82488700
2024-01-03,182.52622985839844,184.25,185.8800048828125,183.42999267578125,184.22000122070312,58414500
2024-01-04,180.2081298828125,181.91000366210938,183.08999633789062,180.8800048828125,182.14999389648438,71983600
2024-01-05,179.48495483398438,181.17999267578125,182.75999450683594,180.1699981689453,181.99000549316406,62379700
2024-01-08,183.82395935058594,185.55999755859375,185.60000610351562,181.5,182.08999633789062,59144500
2024-01-09,183.40789794921875,185.13999938964844,185.14999389648438,182.72999572753906,183.9199981689453,42841800
2024-01-10,184.44808959960938,186.19000244140625,186.39999389648438,183.9199981689453,184.35000610351562,46792900
2024-01-11,183.85369873046875,185.58999633789062,187.0500030517578,183.6199951171875,186.5399932861328,49128400
2024-01-12,184.1806182861328,185.9199981689453,186.74000549316406,185.19000244140625,186.05999755859375,40477800
2024-01-16,181.9120330810547,183.6300048828125,184.25999450683594,180.92999267578125,182.16000366210938,65603000
2024-01-17,180.97091674804688,182.67999267578125,182.92999267578125,180.3000030517578,181.27000427246094,47317400
2024-01-18,186.86526489257812,188.6300048828125,189.13999938964844,185.8300018310547,186.08999633789062,78005800
2024-01-19,189.76783752441406,191.55999755859375,191.9499969482422,188.82000732421875,189.3300018310547,68903000
2024-01-22,192.07603454589844,193.88999938964844,195.3300018310547,192.25999450683594,192.3000030517578,60133900
2024-01-23,193.3539581298828,195.17999267578125,195.75,193.8300018310547,195.02000427246094,42355600
2024-01-24,192.68032836914062,194.5,196.3800048828125,194.33999633789062,195.4199981689453,53631300
2024-01-25,192.35340881347656,194.1699981689453,196.27000427246094,193.11000061035156,195.22000122070312,54822100
2024-01-26,190.6197967529297,192.4199981689453,194.75999450683594,191.94000244140625,194.27000427246094,44594000
2024-01-29,189.9362335205078,191.72999572753906,192.1999969482422,189.5800018310547,192.00999450683594,47145600
2024-01-30,186.28076171875,188.0399932861328,191.8000030517578,187.47000122070312,190.94000244140625,55859400
2024-01-31,182.67483520507812,184.39999389648438,187.10000610351562,184.35000610351562,187.0399932861328,55467800
2024-02-01,185.11181640625,186.86000061035156,186.9499969482422,183.82000732421875,183.99000549316406,64885400
2024-02-02,184.1112823486328,185.85000610351562,187.3300018310547,179.25,179.86000061035156,102551700
2024-02-05,185.9241180419922,187.67999267578125,189.25,185.83999633789062,188.14999389648438,69668800
2024-02-06,187.5289764404297,189.3000030517578,189.30999755859375,186.77000427246094,186.86000061035156,43490800
2024-02-07,187.63795471191406,189.41000366210938,191.0500030517578,188.61000061035156,190.63999938964844,53439000
2024-02-08,186.5581512451172,188.32000732421875,189.5399932861328,187.35000610351562,189.38999938964844,40962000
2024-02-09,187.32192993164062,188.85000610351562,189.99000549316406,188.0,188.64999389648438,45155200
2024-02-12,185.63568115234375,187.14999389648438,188.6699981689453,186.7899932861328,188.4199981689453,41781900
2024-02-13,183.54275512695312,185.0399932861328,186.2100067138672,183.50999450683594,185.77000427246094,56529500
2024-02-14,182.65994262695312,184.14999389648438,185.52999877929688,182.44000244140625,185.32000732421875,54630500
2024-02-15,182.37232971191406,183.86000061035156,184.49000549316406,181.35000610351562,183.5500030517578,65434500
2024-02-16,180.8348388671875,182.30999755859375,184.85000610351562,181.6699981689453,183.4199981689453,49752500
2024-02-20,180.09092712402344,181.55999755859375,182.42999267578125,180.0,181.7899932861328,53665600
2024-02-21,180.84474182128906,182.32000732421875,182.88999938964844,180.66000366210938,181.94000244140625,41371400
2024-02-22,182.87815856933594,184.3699951171875,184.9600067138672,182.4600067138672,183.47999572753906,52292200
2024-02-23,181.0431671142578,182.52000427246094,185.0399932861328,182.22999572753906,185.00999450683594,45119700
2024-02-26,179.6941375732422,181.16000366210938,182.75999450683594,180.64999389648438,182.24000549316406,40867400
2024-02-27,181.15225219726562,182.6300048828125,183.9199981689453,179.55999755859375,181.10000610351562,54318900
2024-02-28,179.95204162597656,181.4199981689453,183.1199951171875,180.1300048828125,182.50999450683594,48953900
2024-02-29,179.2874755859375,180.75,182.57000732421875,179.52999877929688,181.27000427246094,136682600
2024-03-01,178.20628356933594,179.66000366210938,180.52999877929688,177.3800048828125,179.5500030517578,73563100
2024-03-04,173.68319702148438,175.10000610351562,176.89999389648438,173.7899932861328,176.14999389648438,81510100
2024-03-05,168.74346923828125,170.1199951171875,172.0399932861328,169.6199951171875,170.75999450683594,95132400
2024-03-06,167.75157165527344,169.1199951171875,171.24000549316406,168.67999267578125,171.05999755859375,68587700
2024-03-07,167.63253784179688,169.0,170.72999572753906,168.49000549316406,169.14999389648438,71765100
2024-03-08,169.34852600097656,170.72999572753906,173.6999969482422,168.94000244140625,169.0,76267000
2024-03-11,171.35218811035156,172.75,174.3800048828125,172.0500030517578,172.94000244140625,60139500
2024-03-12,171.82830810546875,173.22999572753906,174.02999877929688,171.00999450683594,173.14999389648438,59825400
2024-03-13,169.74530029296875,171.1300048828125,173.19000244140625,170.75999450683594,172.77000427246094,52488700
2024-03-14,171.60015869140625,173.0,174.30999755859375,172.0500030517578,172.91000366210938,72913500
2024-03-15,171.2232666015625,172.6199951171875,172.6199951171875,170.2899932861328,171.1699981689453,121752700
2024-03-18,172.31436157226562,173.72000122070312,177.7100067138672,173.52000427246094,175.57000732421875,75604200
2024-03-19,174.6552276611328,176.0800018310547,176.61000061035156,173.02999877929688,174.33999633789062,55215200
2024-03-20,177.22430419921875,178.6699981689453,178.6699981689453,175.08999633789062,175.72000122070312,53423100
2024-03-21,169.98333740234375,171.3699951171875,177.49000549316406,170.83999633789062,177.0500030517578,106181300
2024-03-22,170.88600158691406,172.27999877929688,173.0500030517578,170.05999755859375,171.75999450683594,71160100
2024-03-25,169.46754455566406,170.85000610351562,171.94000244140625,169.4499969482422,170.57000732421875,54288300
2024-03-26,168.33682250976562,169.7100067138672,171.4199981689453,169.5800018310547,170.0,57388400
2024-03-27,171.9076690673828,173.30999755859375,173.60000610351562,170.11000061035156,170.41000366210938,60273300
2024-03-28,170.0924530029297,171.47999572753906,172.22999572753906,170.50999450683594,171.75,65672700
2024-04-01,168.65419006347656,170.02999877929688,171.25,169.47999572753906,171.19000244140625,46240500
2024-04-02,167.4738311767578,168.83999633789062,169.33999633789062,168.22999572753906,169.0800018310547,49329500
2024-04-03,168.27728271484375,169.64999389648438,170.67999267578125,168.5800018310547,168.7899932861328,47691700
2024-04-04,167.45401000976562,168.82000732421875,171.9199981689453,168.82000732421875,170.2899932861328,53704400
2024-04-05,168.2078399658203,169.5800018310547,170.38999938964844,168.9499969482422,169.58999633789062,42104800
2024-04-08,167.08700561523438,168.4499969482422,169.1999969482422,168.24000549316406,169.02999877929688,37425500
2024-04-09,168.29713439941406,169.6699981689453,170.0800018310547,168.35000610351562,168.6999969482422,42373800
2024-04-10,166.4224090576172,167.77999877929688,169.08999633789062,167.11000061035156,168.8000030517578,49709300
2024-04-11,173.62364196777344,175.0399932861328,175.4600067138672,168.16000366210938,168.33999633789062,91070300
2024-04-12,175.1214599609375,176.5500030517578,178.36000061035156,174.2100067138672,174.25999450683594,101670900
2024-04-15,171.29270935058594,172.69000244140625,176.6300048828125,172.5,175.36000061035156,73531800
2024-04-16,168.0094757080078,169.3800048828125,173.75999450683594,168.27000427246094,171.75,73711200
2024-04-17,166.64064025878906,168.0,170.64999389648438,168.0,169.61000061035156,50901200
2024-04-18,165.68838500976562,167.0399932861328,168.63999938964844,166.5500030517578,168.02999877929688,43122900
2024-04-19,163.66490173339844,165.0,166.39999389648438,164.0800018310547,166.2100067138672,68149400
2024-04-22,164.49810791015625,165.83999633789062,167.25999450683594,164.77000427246094,165.52000427246094,48116400
2024-04-23,165.54953002929688,166.89999389648438,167.0500030517578,164.9199981689453,165.35000610351562,49537800
2024-04-24,167.65237426757812,169.02000427246094,169.3000030517578,166.2100067138672,166.5399932861328,48251800
2024-04-25,168.5153350830078,169.88999938964844,170.61000061035156,168.14999389648438,169.52999877929688,50558300
2024-04-26,167.93011474609375,169.3000030517578,171.33999633789062,169.17999267578125,169.8800048828125,44838400
2024-04-29,172.09609985351562,173.5,176.02999877929688,173.10000610351562,173.3699951171875,68169400
2024-04-30,168.9517822265625,170.3300018310547,174.99000549316406,170.0,173.3300018310547,65934800
2024-05-01,167.93011474609375,169.3000030517578,172.7100067138672,169.11000061035156,169.5800018310547,50383100
2024-05-02,171.62994384765625,173.02999877929688,173.4199981689453,170.88999938964844,172.50999450683594,94214900
2024-05-03,181.89617919921875,183.3800048828125,187.0,182.66000366210938,186.64999389648438,163224100
2024-05-06,180.23968505859375,181.7100067138672,184.1999969482422,180.4199981689453,182.35000610351562,78569700
2024-05-07,180.924072265625,182.39999389648438,184.89999389648438,181.32000732421875,183.4499969482422,77305800
2024-05-08,181.26136779785156,182.74000549316406,183.07000732421875,181.4499969482422,182.85000610351562,45057100
2024-05-09,183.07656860351562,184.57000732421875,184.66000366210938,182.11000061035156,182.55999755859375,48983000
2024-05-10,181.81512451171875,183.0500030517578,185.08999633789062,182.1300048828125,184.89999389648438,50759500
2024-05-13,185.0233154296875,186.27999877929688,187.10000610351562,184.6199951171875,185.44000244140625,72044800
2024-05-14,186.1655731201172,187.42999267578125,188.3000030517578,186.2899932861328,187.50999450683594,52393600
2024-05-15,188.44012451171875,189.72000122070312,190.64999389648438,187.3699951171875,187.91000366210938,70400000
2024-05-16,188.55929565429688,189.83999633789062,191.10000610351562,189.66000366210938,190.47000122070312,52845200
2024-05-17,188.589111328125,189.8699951171875,190.80999755859375,189.17999267578125,189.50999450683594,41282900
2024-05-20,189.751220703125,191.0399932861328,191.9199981689453,189.00999450683594,189.3300018310547,44361300
2024-05-21,191.05239868164062,192.35000610351562,192.72999572753906,190.9199981689453,191.08999633789062,42309400
2024-05-22,189.61215209960938,190.89999389648438,192.82000732421875,190.27000427246094,192.27000427246094,34648500
2024-05-23,185.61929321289062,186.8800048828125,191.0,186.6300048828125,190.97999572753906,51005900
2024-05-24,188.6983642578125,189.97999572753906,190.5800018310547,188.0399932861328,188.82000732421875,36327000
2024-05-28,188.7082977294922,189.99000549316406,193.0,189.10000610351562,191.50999450683594,52280100
2024-05-29,189.00628662109375,190.2899932861328,192.25,189.50999450683594,189.61000061035156,53068000
2024-05-30,189.99952697753906,191.2899932861328,192.17999267578125,190.6300048828125,190.75999450683594,49889100
2024-05-31,190.9530487060547,192.25,192.57000732421875,189.91000366210938,191.44000244140625,75158300
2024-06-03,192.72105407714844,194.02999877929688,194.99000549316406,192.52000427246094,192.89999389648438,50080500
2024-06-04,193.0388946533203,194.35000610351562,195.32000732421875,193.02999877929688,194.63999938964844,47471400
2024-06-05,194.5486297607422,195.8699951171875,196.89999389648438,194.8699951171875,195.39999389648438,54156800
2024-06-06,193.1680145263672,194.47999572753906,196.5,194.1699981689453,195.69000244140625,41181800
2024-06-07,195.561767578125,196.88999938964844,196.94000244140625,194.13999938964844,194.64999389648438,53103900
2024-06-10,191.81719970703125,193.1199951171875,197.3000030517578,192.14999389648438,196.89999389648438,97010200
2024-06-11,205.75253295898438,207.14999389648438,207.16000366210938,193.6300048828125,193.64999389648438,172373300
2024-06-12,211.63259887695312,213.07000732421875,220.1999969482422,206.89999389648438,207.3699951171875,198134300
2024-06-13,212.7947235107422,214.24000549316406,216.75,211.60000610351562,214.74000549316406,97862700
2024-06-14,211.05653381347656,212.49000549316406,215.1699981689453,211.3000030517578,213.85000610351562,70122700
2024-06-17,215.2082977294922,216.6699981689453,218.9499969482422,212.72000122070312,213.3699951171875,93728300
2024-06-18,212.8443603515625,214.2899932861328,218.6300048828125,213.0,217.58999633789062,79943300
2024-06-20,208.2654571533203,209.67999267578125,214.24000549316406,208.85000610351562,213.92999267578125,86172500
2024-06-21,206.09027099609375,207.49000549316406,211.88999938964844,207.11000061035156,210.38999938964844,241805100
2024-06-24,206.7358856201172,208.13999938964844,212.6999969482422,206.58999633789062,207.72000122070312,80727000
2024-06-25,207.6595916748047,209.07000732421875,211.3800048828125,208.61000061035156,209.14999389648438,55549700
2024-06-26,211.81138610839844,213.25,214.86000061035156,210.63999938964844,211.5,66213200
2024-06-27,212.65565490722656,214.10000610351562,215.74000549316406,212.35000610351562,214.69000244140625,49772700
2024-06-28,209.19911193847656,210.6199951171875,216.07000732421875,210.3000030517578,215.77000427246094,82542700
2024-07-01,215.28778076171875,216.75,217.50999450683594,211.9199981689453,212.08999633789062,60402900
2024-07-02,218.78404235839844,220.27000427246094,220.3800048828125,215.10000610351562,216.14999389648438,58046200
2024-07-03,220.05538940429688,221.5500030517578,221.5500030517578,219.02999877929688,220.0,37369800
2024-07-05,224.8130645751953,226.33999633789062,226.4499969482422,221.64999389648438,221.64999389648438,60412400
2024-07-08,226.2831268310547,227.82000732421875,227.85000610351562,223.25,227.08999633789062,59085900
2024-07-09,227.1372833251953,228.67999267578125,229.39999389648438,226.3699951171875,227.92999267578125,48076100
2024-07-10,231.4082794189453,232.97999572753906,233.0800018310547,229.25,229.3000030517578,62627700
2024-07-11,226.0347900390625,227.57000732421875,232.38999938964844,225.77000427246094,231.38999938964844,64710600
2024-07-12,228.9847412109375,230.5399932861328,232.63999938964844,228.67999267578125,228.9199981689453,53046500
2024-07-15,232.81871032714844,234.39999389648438,237.22999572753906,233.08999633789062,236.47999572753906,62631300
2024-07-16,233.2358856201172,234.82000732421875,236.27000427246094,232.3300018310547,235.0,43234300
2024-07-17,227.33595275878906,228.8800048828125,231.4600067138672,226.63999938964844,229.4499969482422,57345900
2024-07-18,222.66766357421875,224.17999267578125,230.44000244140625,222.27000427246094,230.27999877929688,66034600
2024-07-19,222.79678344726562,224.30999755859375,226.8000030517578,223.27999877929688,224.82000732421875,49151500
2024-07-22,222.4491729736328,223.9600067138672,227.77999877929688,223.08999633789062,227.00999450683594,48201800
2024-07-23,223.49205017089844,225.00999450683594,226.94000244140625,222.67999267578125,224.3699951171875,39960300
2024-07-24,217.06568908691406,218.5399932861328,224.8000030517578,217.1300048828125,224.0,61777600
2024-07-25,216.0227813720703,217.49000549316406,220.85000610351562,214.6199951171875,218.92999267578125,51391200
2024-07-26,216.4896240234375,217.9600067138672,219.49000549316406,216.00999450683594,218.6999969482422,41601300
2024-07-29,216.7677459716797,218.24000549316406,219.3000030517578,215.75,216.9600067138672,36311800
2024-07-30,217.32395935058594,218.8000030517578,220.3300018310547,216.1199951171875,219.19000244140625,41643800
2024-07-31,220.5818328857422,222.0800018310547,223.82000732421875,220.6300048828125,221.44000244140625,50036300
2024-08-01,216.88693237304688,218.36000061035156,224.47999572753906,217.02000427246094,224.3699951171875,62501000
2024-08-02,218.37680053710938,219.86000061035156,225.60000610351562,217.7100067138672,219.14999389648438,105568600
2024-08-05,207.85824584960938,209.27000427246094,213.5,196.0,199.08999633789062,119548600
2024-08-06,205.8319854736328,207.22999572753906,209.99000549316406,201.07000732421875,205.3000030517578,69660500
2024-08-07,208.40452575683594,209.82000732421875,213.63999938964844,206.38999938964844,206.89999389648438,63516400
2024-08-08,211.87098693847656,213.30999755859375,214.1999969482422,208.8300018310547,213.11000061035156,47161100
2024-08-09,214.78121948242188,216.24000549316406,216.77999877929688,211.97000122070312,212.10000610351562,42201600
2024-08-12,216.3126220703125,217.52999877929688,219.50999450683594,215.60000610351562,216.07000732421875,38028100
2024-08-13,220.03167724609375,221.27000427246094,221.88999938964844,219.00999450683594,219.00999450683594,44155300
2024-08-14,220.4791717529297,221.72000122070312,223.02999877929688,219.6999969482422,220.57000732421875,41960600
2024-08-15,223.46234130859375,224.72000122070312,225.35000610351562,222.75999450683594,224.60000610351562,46414000
2024-08-16,224.78492736816406,226.0500030517578,226.8300018310547,223.64999389648438,223.9199981689453,44340200
2024-08-19,224.6258087158203,225.88999938964844,225.99000549316406,223.0399932861328,225.72000122070312,40687800
2024-08-20,225.2423553466797,226.50999450683594,227.1699981689453,225.4499969482422,225.77000427246094,30299000
2024-08-21,225.13296508789062,226.39999389648438,227.97999572753906,225.0500030517578,226.52000427246094,34765500
2024-08-22,223.2734375,224.52999877929688,228.33999633789062,223.89999389648438,227.7899932861328,43695300
2024-08-23,225.5705108642578,226.83999633789062,228.22000122070312,224.3300018310547,225.66000366210938,38677300
2024-08-26,225.90859985351562,227.17999267578125,227.27999877929688,223.88999938964844,226.75999450683594,30602200
2024-08-27,226.7538604736328,228.02999877929688,228.85000610351562,224.88999938964844,226.0,35934600
2024-08-28,225.22247314453125,226.49000549316406,229.86000061035156,225.67999267578125,227.9199981689453,38052200
2024-08-29,228.50399780273438,229.7899932861328,232.9199981689453,228.8800048828125,230.10000610351562,51906300
2024-08-30,227.71841430664062,229.0,230.39999389648438,227.47999572753906,230.19000244140625,52990800
2024-09-03,221.52328491210938,222.77000427246094,229.0,221.1699981689453,228.5500030517578,50190600
2024-09-04,219.61402893066406,220.85000610351562,221.77999877929688,217.47999572753906,221.66000366210938,43840200
2024-09-05,221.13546752929688,222.3800048828125,225.47999572753906,221.52000427246094,221.6300048828125,36615400
2024-09-06,219.58419799804688,220.82000732421875,225.24000549316406,219.77000427246094,223.9499969482422,48423000
2024-09-09,219.67369079589844,220.91000366210938,221.27000427246094,216.7100067138672,220.82000732421875,67180000
2024-09-10,218.87815856933594,220.11000061035156,221.47999572753906,216.72999572753906,218.9199981689453,51591000
2024-09-11,221.4138946533203,222.66000366210938,223.08999633789062,217.88999938964844,221.4600067138672,44587100
2024-09-12,221.52328491210938,222.77000427246094,223.5500030517578,219.82000732421875,222.5,37455600
2024-09-13,221.2548065185547,222.5,224.0399932861328,221.91000366210938,223.5800018310547,36766600
2024-09-16,215.109375,216.32000732421875,217.22000122070312,213.9199981689453,216.5399932861328,59357400
2024-09-17,215.57675170898438,216.7899932861328,216.89999389648438,214.5,215.75,45519300
2024-09-18,219.45494079589844,220.69000244140625,222.7100067138672,217.5399932861328,217.5500030517578,59894900
2024-09-19,227.5891571044922,228.8699951171875,229.82000732421875,224.6300048828125,224.99000549316406,66781300
2024-09-20,226.92288208007812,228.1999969482422,233.08999633789062,227.6199951171875,229.97000122070312,318679900
2024-09-23,225.20257568359375,226.47000122070312,229.4499969482422,225.80999755859375,227.33999633789062,54146000
2024-09-24,226.09751892089844,227.3699951171875,229.35000610351562,225.72999572753906,228.64999389648438,43556100
2024-09-25,225.10313415527344,226.3699951171875,227.2899932861328,224.02000427246094,224.92999267578125,42308700
2024-09-26,226.24668884277344,227.52000427246094,228.5,225.41000366210938,227.3000030517578,36636700
2024-09-27,226.51516723632812,227.7899932861328,229.52000427246094,227.3000030517578,228.4600067138672,34026000
2024-09-30,231.69602966308594,233.0,233.0,229.64999389648438,230.0399932861328,54541900
2024-10-01,224.9440460205078,226.2100067138672,229.64999389648438,223.74000549316406,229.52000427246094,63285000
2024-10-02,225.51084899902344,226.77999877929688,227.3699951171875,223.02000427246094,225.88999938964844,32880600
2024-10-03,224.40704345703125,225.6699981689453,226.80999755859375,223.32000732421875,225.13999938964844,34044200
2024-10-04,225.53073120117188,226.8000030517578,228.0,224.1300048828125,227.89999389648438,37245100
2024-10-07,220.4493408203125,221.69000244140625,225.69000244140625,221.3300018310547,224.5,39505400
2024-10-08,224.50650024414062,225.77000427246094,225.97999572753906,223.25,224.3000030517578,31855700
2024-10-09,228.25537109375,229.5399932861328,229.75,224.8300018310547,225.22999572753906,33591100
2024-10-10,227.7581787109375,229.0399932861328,229.5,227.1699981689453,227.77999877929688,28183500
2024-10-11,226.2765350341797,227.5500030517578,229.41000366210938,227.33999633789062,229.3000030517578,31759200
2024-10-14,230.00555419921875,231.3000030517578,231.72999572753906,228.60000610351562,228.6999969482422,39882100
2024-10-15,232.54129028320312,233.85000610351562,237.49000549316406,232.3699951171875,233.61000061035156,64751400
2024-10-16,230.48284912109375,231.77999877929688,232.1199951171875,229.83999633789062,231.60000610351562,34082200
2024-10-17,230.8507843017578,232.14999389648438,233.85000610351562,230.52000427246094,233.42999267578125,32993800
2024-10-18,233.68484497070312,235.0,236.17999267578125,234.00999450683594,236.17999267578125,46431500
2024-10-21,235.15655517578125,236.47999572753906,236.85000610351562,234.4499969482422,234.4499969482422,36254500
2024-10-22,234.54002380371094,235.86000061035156,236.22000122070312,232.60000610351562,233.88999938964844,38846600
2024-10-23,229.46856689453125,230.75999450683594,235.13999938964844,227.75999450683594,234.0800018310547,52287000
2024-10-24,229.27964782714844,230.57000732421875,230.82000732421875,228.41000366210938,229.97999572753906,31109500
2024-10-25,230.1149444580078,231.41000366210938,233.22000122070312,229.57000732421875,229.74000549316406,38802300
2024-10-28,232.09376525878906,233.39999389648438,234.72999572753906,232.5500030517578,233.32000732421875,36087100
2024-10-29,232.36228942871094,233.6699981689453,234.3300018310547,232.32000732421875,233.10000610351562,35417200
2024-10-30,228.81227111816406,230.10000610351562,233.47000122070312,229.5500030517578,232.61000061035156,47070900
2024-10-31,224.6457061767578,225.91000366210938,229.8300018310547,225.3699951171875,229.33999633789062,64370100
2024-11-01,221.66249084472656,222.91000366210938,225.35000610351562,220.27000427246094,220.97000122070312,65276700
2024-11-04,220.7675323486328,222.00999450683594,222.7899932861328,219.7100067138672,220.99000549316406,44944500
2024-11-05,222.199462890625,223.4499969482422,223.9499969482422,221.13999938964844,221.8000030517578,28111300
2024-11-06,221.4735565185547,222.72000122070312,226.07000732421875,221.19000244140625,222.61000061035156,54561100
2024-11-07,226.2069091796875,227.47999572753906,227.8800048828125,224.57000732421875,224.6300048828125,42137700
2024-11-08,225.93812561035156,226.9600067138672,228.66000366210938,226.41000366210938,227.1699981689453,38328800
2024-11-11,223.22039794921875,224.22999572753906,225.6999969482422,221.5,225.0,42005600
2024-11-12,223.22039794921875,224.22999572753906,225.58999633789062,223.36000061035156,224.5500030517578,40398300
2024-11-13,224.10643005371094,225.1199951171875,226.64999389648438,222.75999450683594,224.00999450683594,48566200
2024-11-14,227.1924591064453,228.22000122070312,228.8699951171875,225.0,225.02000427246094,44923900
2024-11-15,223.98695373535156,225.0,226.9199981689453,224.27000427246094,226.39999389648438,47923700
2024-11-18,226.9933624267578,228.02000427246094,229.74000549316406,225.1699981689453,225.25,44633700
2024-11-19,227.252197265625,228.27999877929688,230.16000366210938,226.66000366210938,226.97999572753906,36211800
2024-11-20,227.9689483642578,229.0,229.92999267578125,225.88999938964844,228.05999755859375,35169600
2024-11-21,227.49111938476562,228.52000427246094,230.16000366210938,225.7100067138672,228.8800048828125,42108300
2024-11-22,228.83502197265625,229.8699951171875,230.72000122070312,228.05999755859375,228.05999755859375,38168300
2024-11-25,231.821533203125,232.8699951171875,233.25,229.74000549316406,231.4600067138672,90152800
2024-11-26,234.00167846679688,235.05999755859375,235.57000732421875,233.3300018310547,233.3300018310547,45986200
2024-11-27,233.8722381591797,234.92999267578125,235.69000244140625,233.80999755859375,234.47000122070312,33498400
2024-11-29,236.26145935058594,237.3300018310547,237.80999755859375,233.97000122070312,234.80999755859375,28481400
2024-12-02,238.51126098632812,239.58999633789062,240.7899932861328,237.16000366210938,237.27000427246094,48137100
2024-12-03,241.5574951171875,242.64999389648438,242.75999450683594,238.89999389648438,239.80999755859375,38861000
2024-12-04,241.91586303710938,243.00999450683594,244.11000061035156,241.25,242.8699951171875,44383900
2024-12-05,241.9457550048828,243.0399932861328,244.5399932861328,242.1300048828125,243.99000549316406,40033900
2024-12-06,241.74664306640625,242.83999633789062,244.6300048828125,242.0800018310547,242.91000366210938,36870600
2024-12-09,245.63902282714844,246.75,247.24000549316406,241.75,241.8300018310547,44649200
2024-12-10,246.65444946289062,247.77000427246094,248.2100067138672,245.33999633789062,246.88999938964844,36914800
2024-12-11,245.38021850585938,246.49000549316406,250.8000030517578,246.25999450683594,247.9600067138672,45205800
2024-12-12,246.8435821533203,247.9600067138672,248.74000549316406,245.67999267578125,246.88999938964844,32777500
2024-12-13,247.0128173828125,248.1300048828125,249.2899932861328,246.24000549316406,247.82000732421875,33155300
2024-12-16,249.9097137451172,251.0399932861328,251.3800048828125,247.64999389648438,247.99000549316406,51694800
2024-12-17,252.33872985839844,253.47999572753906,253.8300018310547,249.77999877929688,250.0800018310547,51356400
2024-12-18,246.93319702148438,248.0500030517578,254.27999877929688,247.74000549316406,252.16000366210938,56774100
2024-12-19,248.66534423828125,249.7899932861328,252.0,247.08999633789062,247.5,60882300
2024-12-20,253.3441925048828,254.49000549316406,255.0,245.69000244140625,248.0399932861328,147495300
2024-12-23,254.12066650390625,255.27000427246094,255.64999389648438,253.4499969482422,254.77000427246094,40858800
2024-12-24,257.0374755859375,258.20001220703125,258.2099914550781,255.2899932861328,255.49000549316406,23234700
2024-12-26,257.8537902832031,259.0199890136719,260.1000061035156,257.6300048828125,258.19000244140625,27237100
2024-12-27,254.43922424316406,255.58999633789062,258.70001220703125,253.05999755859375,257.8299865722656,42355300
2024-12-30,251.0644989013672,252.1999969482422,253.5,250.75,252.22999572753906,35557500
2024-12-31,249.29251098632812,250.4199981689453,253.27999877929688,249.42999267578125,252.44000244140625,39480700
2025-01-02,242.75209045410156,243.85000610351562,249.10000610351562,241.82000732421875,248.92999267578125,55740700
2025-01-03,242.26429748535156,243.36000061035156,244.17999267578125,241.88999938964844,243.36000061035156,40244100
2025-01-06,243.89691162109375,245.0,247.3300018310547,243.1999969482422,244.30999755859375,45045600
2025-01-07,241.11947631835938,242.2100067138672,245.5500030517578,241.35000610351562,242.97999572753906,40856000
2025-01-08,241.60726928710938,242.6999969482422,243.7100067138672,240.0500030517578,241.9199981689453,37628900
2025-01-10,235.78359985351562,236.85000610351562,240.16000366210938,233.0,240.00999450683594,61710900
2025-01-13,233.34461975097656,234.39999389648438,234.6699981689453,229.72000122070312,233.52999877929688,49630700
2025-01-14,232.22967529296875,233.27999877929688,236.1199951171875,232.47000122070312,234.75,39435300
2025-01-15,236.7990264892578,237.8699951171875,238.9600067138672,234.42999267578125,234.63999938964844,39832000
2025-01-16,227.23228454589844,228.25999450683594,238.00999450683594,228.02999877929688,237.35000610351562,71759100
2025-01-17,228.9445343017578,229.97999572753906,232.2899932861328,228.47999572753906,232.1199951171875,68488300
2025-01-21,221.63758850097656,222.63999938964844,224.4199981689453,219.3800048828125,224.0,98070400
2025-01-22,222.82223510742188,223.8300018310547,224.1199951171875,219.7899932861328,219.7899932861328,64126500
2025-01-23,222.6529998779297,223.66000366210938,227.02999877929688,222.3000030517578,224.74000549316406,60234800
2025-01-24,221.77696228027344,222.77999877929688,225.6300048828125,221.41000366210938,224.77999877929688,54697900
2025-01-27,228.82508850097656,229.86000061035156,232.14999389648438,223.97999572753906,224.02000427246094,94863400
2025-01-28,237.187255859375,238.25999450683594,240.19000244140625,230.80999755859375,230.85000610351562,75707600
2025-01-29,238.2823028564453,239.36000061035156,239.86000061035156,234.00999450683594,234.1199951171875,45486100
2025-01-30,236.520263671875,237.58999633789062,240.7899932861328,237.2100067138672,238.6699981689453,55658300
2025-01-31,234.9374237060547,236.0,247.19000244140625,233.44000244140625,247.19000244140625,100959800
2025-02-03,226.9833984375,228.00999450683594,231.8300018310547,225.6999969482422,229.99000549316406,73063300
2025-02-04,231.75184631347656,232.8000030517578,233.1300048828125,226.64999389648438,227.25,45067300
2025-02-05,231.42332458496094,232.47000122070312,232.6699981689453,228.27000427246094,228.52999877929688,39620300
2025-02-06,232.1699676513672,233.22000122070312,233.8000030517578,230.42999267578125,231.2899932861328,29925300
2025-02-07,226.60513305664062,227.6300048828125,234.0,227.25999450683594,232.60000610351562,39707200
2025-02-10,226.8741912841797,227.64999389648438,230.58999633789062,227.1999969482422,229.57000732421875,33115600
2025-02-11,231.82725524902344,232.6199951171875,235.22999572753906,228.1300048828125,228.1999969482422,53718400
2025-02-12,236.06277465820312,236.8699951171875,236.9600067138672,230.67999267578125,231.1999969482422,45243300
2025-02-13,240.70689392089844,241.52999877929688,242.33999633789062,235.57000732421875,236.91000366210938,53614100
2025-02-14,243.76644897460938,244.60000610351562,245.5500030517578,240.99000549316406,241.25,40896200
2025-02-18,243.6368865966797,244.47000122070312,245.17999267578125,241.83999633789062,244.14999389648438,48822500
2025-02-19,244.03550720214844,244.8699951171875,246.00999450683594,243.16000366210938,244.66000366210938,32204200
2025-02-20,244.9922332763672,245.8300018310547,246.77999877929688,244.2899932861328,244.94000244140625,32316900
2025-02-21,244.71319580078125,245.5500030517578,248.69000244140625,245.22000122070312,245.9499969482422,53197400
2025-02-24,246.25791931152344,247.10000610351562,248.86000061035156,244.4199981689453,244.92999267578125,51326400
2025-02-25,246.1981201171875,247.0399932861328,250.0,244.91000366210938,248.0,48013300
2025-02-26,239.5408935546875,240.36000061035156,244.97999572753906,239.1300048828125,244.3300018310547,44433600
2025-02-27,236.49131774902344,237.3000030517578,242.4600067138672,237.05999755859375,239.41000366210938,41153600
2025-02-28,241.01583862304688,241.83999633789062,242.08999633789062,230.1999969482422,236.9499969482422,56833400
2025-03-03,237.2188262939453,238.02999877929688,244.02999877929688,236.11000061035156,241.7899932861328,47184000
2025-03-04,235.1259765625,235.92999267578125,240.07000732421875,234.67999267578125,237.7100067138672,53798100
2025-03-05,234.93663024902344,235.74000549316406,236.5500030517578,229.22999572753906,235.4199981689453,47227600
2025-03-06,234.5280303955078,235.3300018310547,237.86000061035156,233.16000366210938,234.44000244140625,45170400
2025-03-07,238.2552947998047,239.07000732421875,241.3699951171875,234.75999450683594,235.11000061035156,46273600
2025-03-10,226.70477294921875,227.47999572753906,236.16000366210938,224.22000122070312,235.5399932861328,72071200
2025-03-11,220.08740234375,220.83999633789062,225.83999633789062,217.4499969482422,223.80999755859375,76137400
2025-03-12,216.24057006835938,216.97999572753906,221.75,214.91000366210938,220.13999938964844,62547500
2025-03-13,208.96543884277344,209.67999267578125,216.83999633789062,208.4199981689453,215.9499969482422,61368300
2025-03-14,212.762451171875,213.49000549316406,213.9499969482422,209.5800018310547,211.25,60107600
2025-03-17,213.27073669433594,214.0,215.22000122070312,209.97000122070312,213.30999755859375,48073400
2025-03-18,211.96519470214844,212.69000244140625,215.14999389648438,211.49000549316406,214.16000366210938,42432400
2025-03-19,214.50650024414062,215.24000549316406,218.75999450683594,213.75,214.22000122070312,54385400
2025-03-20,213.37037658691406,214.10000610351562,217.49000549316406,212.22000122070312,213.99000549316406,48862900
2025-03-21,217.5261688232422,218.27000427246094,218.83999633789062,211.27999877929688,211.55999755859375,94127800
2025-03-24,219.97779846191406,220.72999572753906,221.47999572753906,218.5800018310547,221.0,44299500
2025-03-25,222.9875030517578,223.75,224.10000610351562,220.0800018310547,220.77000427246094,34493600
2025-03-26,220.77505493164062,221.52999877929688,225.02000427246094,220.47000122070312,223.50999450683594,34466100
2025-03-27,223.087158203125,223.85000610351562,224.99000549316406,220.55999755859375,221.38999938964844,37094800
2025-03-28,217.15740966796875,217.89999389648438,223.80999755859375,217.67999267578125,221.6699981689453,39818600
2025-03-31,221.37301635742188,222.1300048828125,225.6199951171875,216.22999572753906,217.00999450683594,65299300
2025-04-01,222.4293975830078,223.19000244140625,223.67999267578125,218.89999389648438,219.80999755859375,36412700
2025-04-02,223.12701416015625,223.88999938964844,225.19000244140625,221.02000427246094,221.32000732421875,35905900
2025-04-03,202.49755859375,203.19000244140625,207.49000549316406,201.25,205.5399932861328,103419000
2025-04-04,187.738037109375,188.3800048828125,199.8800048828125,187.33999633789062,193.88999938964844,125910900
2025-04-07,180.84161376953125,181.4600067138672,194.14999389648438,174.6199951171875,177.1999969482422,160466300
2025-04-08,171.83242797851562,172.4199981689453,190.33999633789062,169.2100067138672,186.6999969482422,120859500
2025-04-09,198.17234802246094,198.85000610351562,200.61000061035156,171.88999938964844,171.9499969482422,184395900
2025-04-10,189.77105712890625,190.4199981689453,194.77999877929688,183.0,189.07000732421875,121880000
2025-04-11,197.4747314453125,198.14999389648438,199.5399932861328,186.05999755859375,186.10000610351562,87435900
2025-04-14,201.829833984375,202.52000427246094,212.94000244140625,201.16000366210938,211.44000244140625,101352900
2025-04-15,201.45114135742188,202.13999938964844,203.50999450683594,199.8000030517578,201.86000061035156,51343900
2025-04-16,193.6079559326172,194.27000427246094,200.6999969482422,192.3699951171875,198.36000061035156,59732400
2025-04-17,196.3087158203125,196.97999572753906,198.8300018310547,194.4199981689453,197.1999969482422,52164700
2025-04-21,192.50172424316406,193.16000366210938,193.8000030517578,189.80999755859375,193.27000427246094,46742500
2025-04-22,199.059326171875,199.74000549316406,201.58999633789062,195.97000122070312,196.1199951171875,52976400
2025-04-23,203.9027557373047,204.60000610351562,208.0,202.8000030517578,206.0,52929200
2025-04-24,207.65989685058594,208.3699951171875,208.8300018310547,202.94000244140625,204.88999938964844,47311000
2025-04-25,208.56678771972656,209.27999877929688,209.75,206.1999969482422,206.3699951171875,38222300
2025-04-28,209.42388916015625,210.13999938964844,211.5,207.4600067138672,210.0,38743100
2025-04-29,210.490234375,211.2100067138672,212.24000549316406,208.3699951171875,208.69000244140625,36827600
2025-04-30,211.7758331298828,212.5,213.5800018310547,206.6699981689453,209.3000030517578,52286500
2025-05-01,212.59304809570312,213.32000732421875,214.55999755859375,208.89999389648438,209.0800018310547,57365700
2025-05-02,204.65020751953125,205.35000610351562,206.99000549316406,202.16000366210938,206.08999633789062,101010600
2025-05-05,198.21221923828125,198.88999938964844,204.10000610351562,198.2100067138672,203.10000610351562,69018500
2025-05-06,197.83351135253906,198.50999450683594,200.64999389648438,197.02000427246094,198.2100067138672,51216500
2025-05-07,195.58120727539062,196.25,199.44000244140625,193.25,199.1699981689453,68536700
2025-05-08,196.81698608398438,197.49000549316406,200.0500030517578,194.67999267578125,197.72000122070312,50478900
2025-05-09,197.8534393310547,198.52999877929688,200.5399932861328,197.5399932861328,199.0,36453900
2025-05-12,210.3471221923828,210.7899932861328,211.27000427246094,206.75,210.97000122070312,63775800
2025-05-13,212.48263549804688,212.92999267578125,213.39999389648438,209.0,210.42999267578125,51909300
2025-05-14,211.8839111328125,212.3300018310547,213.94000244140625,210.5800018310547,212.42999267578125,49325800
2025-05-15,211.00575256347656,211.4499969482422,212.9600067138672,209.5399932861328,210.9499969482422,45029500
2025-05-16,210.81614685058594,211.25999450683594,212.57000732421875,209.77000427246094,212.36000061035156,54737900
2025-05-19,208.3413543701172,208.77999877929688,209.47999572753906,204.25999450683594,207.91000366210938,46140500
2025-05-20,206.42539978027344,206.86000061035156,208.47000122070312,205.02999877929688,207.6699981689453,42496600
2025-05-21,201.66542053222656,202.08999633789062,207.0399932861328,200.7100067138672,205.1699981689453,59211800
2025-05-22,200.93695068359375,201.36000061035156,202.75,199.6999969482422,200.7100067138672,46742400
2025-05-23,194.8597412109375,195.27000427246094,197.6999969482422,193.4600067138672,193.6699981689453,78432900
2025-05-27,199.78936767578125,200.2100067138672,200.74000549316406,197.42999267578125,198.3000030517578,56288500
2025-05-28,199.99893188476562,200.4199981689453,202.72999572753906,199.89999389648438,200.58999633789062,45339700
2025-05-29,199.5299072265625,199.9499969482422,203.80999755859375,198.50999450683594,203.5800018310547,51396800
2025-05-30,200.4280242919922,200.85000610351562,201.9600067138672,196.77999877929688,199.3699951171875,70819900
2025-06-02,201.27622985839844,201.6999969482422,202.1300048828125,200.1199951171875,200.27999877929688,35423300
2025-06-03,202.8429412841797,203.27000427246094,203.77000427246094,200.9600067138672,201.35000610351562,46381600
2025-06-04,202.3938751220703,202.82000732421875,206.24000549316406,202.10000610351562,202.91000366210938,43604000
2025-06-05,200.20848083496094,200.6300048828125,204.75,200.14999389648438,203.5,55126100
2025-06-06,203.49156188964844,203.9199981689453,205.6999969482422,202.0500030517578,203.0,46607700
2025-06-09,201.02674865722656,201.4499969482422,206.0,200.02000427246094,204.38999938964844,72862600
2025-06-10,202.24420166015625,202.6699981689453,204.35000610351562,200.57000732421875,200.60000610351562,54672600
2025-06-11,198.36236572265625,198.77999877929688,204.5,198.41000366210938,203.5,60989900
2025-06-12,198.78147888183594,199.1999969482422,199.67999267578125,197.36000061035156,199.0800018310547,43904600
2025-06-13,196.03726196289062,196.4499969482422,200.3699951171875,195.6999969482422,199.72999572753906,51447300
2025-06-16,198.0031280517578,198.4199981689453,198.69000244140625,196.55999755859375,197.3000030517578,43020700
2025-06-17,195.2289581298828,195.63999938964844,198.38999938964844,195.2100067138672,197.1999969482422,38856200
2025-06-18,196.1669921875,196.5800018310547,197.57000732421875,195.07000732421875,195.94000244140625,45394700
2025-06-20,200.5777130126953,201.0,201.6999969482422,196.86000061035156,198.24000549316406,96813500
2025-06-23,201.07664489746094,201.5,202.3000030517578,198.9600067138672,201.6300048828125,55814300
2025-06-24,199.87918090820312,200.3000030517578,203.44000244140625,200.1999969482422,202.58999633789062,54064000
2025-06-25,201.1365203857422,201.55999755859375,203.6699981689453,200.6199951171875,201.4499969482422,39525700
2025-06-26,200.5777130126953,201.0,202.63999938964844,199.4600067138672,201.42999267578125,50799100
2025-06-27,200.6575469970703,201.0800018310547,203.22000122070312,200.0,201.88999938964844,73188600
2025-06-30,204.7389373779297,205.1699981689453,207.38999938964844,199.25999450683594,202.00999450683594,91912800
2025-07-01,207.3833770751953,207.82000732421875,210.19000244140625,206.13999938964844,206.6699981689453,78788900
2025-07-02,211.99366760253906,212.44000244140625,213.33999633789062,208.13999938964844,208.91000366210938,67941800
2025-07-03,213.10133361816406,213.5500030517578,214.64999389648438,211.80999755859375,212.14999389648438,34955800
2025-07-07,209.50889587402344,209.9499969482422,216.22999572753906,208.8000030517578,212.67999267578125,50229000
2025-07-08,209.5687713623047,210.00999450683594,211.42999267578125,208.4499969482422,210.10000610351562,42848900
2025-07-09,210.69639587402344,211.13999938964844,211.3300018310547,207.22000122070312,209.52999877929688,48749400
2025-07-10,211.9637451171875,212.41000366210938,213.47999572753906,210.02999877929688,210.50999450683594,44443600
2025-07-11,210.7163543701172,211.16000366210938,212.1300048828125,209.86000061035156,210.57000732421875,39765800
2025-07-14,208.1816864013672,208.6199951171875,210.91000366210938,207.5399932861328,209.92999267578125,38840100
2025-07-15,208.67066955566406,209.11000061035156,211.88999938964844,208.9199981689453,209.22000122070312,42296300
2025-07-16,209.7184600830078,210.16000366210938,212.39999389648438,208.63999938964844,210.3000030517578,47490500
2025-07-17,209.57875061035156,210.02000427246094,211.8000030517578,209.58999633789062,210.57000732421875,48068100
2025-07-18,210.73631286621094,211.17999267578125,211.7899932861328,209.6999969482422,210.8699951171875,48974600
2025-07-21,212.03358459472656,212.47999572753906,215.77999877929688,211.6300048828125,212.10000610351562,51377400
2025-07-22,213.9495391845703,214.39999389648438,214.9499969482422,212.22999572753906,213.13999938964844,46404100
2025-07-23,213.7000732421875,214.14999389648438,215.14999389648438,212.41000366210938,215.0,46989300
2025-07-24,213.31089782714844,213.75999450683594,215.69000244140625,213.52999877929688,213.89999389648438,46022600
2025-07-25,213.43064880371094,213.8800048828125,215.24000549316406,213.39999389648438,214.6999969482422,40268800
2025-07-28,213.6002960205078,214.0500030517578,214.85000610351562,213.05999755859375,214.02999877929688,37858000
2025-07-29,210.8261260986328,211.27000427246094,214.80999755859375,210.82000732421875,214.17999267578125,51411700
2025-07-30,208.6107940673828,209.0500030517578,212.38999938964844,207.72000122070312,211.89999389648438,45512500
2025-07-31,207.1339111328125,207.57000732421875,209.83999633789062,207.16000366210938,208.49000549316406,80698400
2025-08-01,201.95480346679688,202.3800048828125,213.5800018310547,201.5,210.8699951171875,104434500
2025-08-04,202.9227752685547,203.35000610351562,207.8800048828125,201.67999267578125,204.50999450683594,75109300
2025-08-05,202.49366760253906,202.9199981689453,205.33999633789062,202.16000366210938,203.39999389648438,44155100
2025-08-06,212.8019561767578,213.25,215.3800048828125,205.58999633789062,205.6300048828125,108483100
2025-08-07,219.56771850585938,220.02999877929688,220.85000610351562,216.5800018310547,218.8800048828125,90224800
2025-08-08,228.86813354492188,229.35000610351562,231.0,219.25,220.8300018310547,113854000
2025-08-11,226.95997619628906,227.17999267578125,229.55999755859375,224.75999450683594,227.9199981689453,61806100
2025-08-12,229.42758178710938,229.64999389648438,230.8000030517578,227.07000732421875,228.00999450683594,55626200
2025-08-13,233.10403442382812,233.3300018310547,235.0,230.42999267578125,231.07000732421875,69878500
2025-08-14,232.5545654296875,232.77999877929688,235.1199951171875,230.85000610351562,234.05999755859375,51916300
2025-08-15,231.36570739746094,231.58999633789062,234.27999877929688,229.33999633789062,234.0,56038700
2025-08-18,230.66639709472656,230.88999938964844,233.1199951171875,230.11000061035156,231.6999969482422,37476200
2025-08-19,230.3367156982422,230.55999755859375,232.8699951171875,229.35000610351562,231.27999877929688,39402600
2025-08-20,225.79110717773438,226.00999450683594,230.47000122070312,225.77000427246094,229.97999572753906,42263900
2025-08-21,224.68218994140625,224.89999389648438,226.52000427246094,223.77999877929688,226.27000427246094,30621200
2025-08-22,227.53941345214844,227.75999450683594,229.08999633789062,225.41000366210938,226.1699981689453,42477800
2025-08-25,226.94000244140625,227.16000366210938,229.3000030517578,226.22999572753906,226.47999572753906,30983100
2025-08-26,229.08792114257812,229.30999755859375,229.49000549316406,224.69000244140625,226.8699951171875,54575100
2025-08-27,230.26678466796875,230.49000549316406,230.89999389648438,228.25999450683594,228.61000061035156,31259500
2025-08-28,232.33477783203125,232.55999755859375,233.41000366210938,229.33999633789062,230.82000732421875,38074700
2025-08-29,231.91517639160156,232.13999938964844,233.3800048828125,231.3699951171875,232.50999450683594,39418400
2025-09-02,229.49752807617188,229.72000122070312,230.85000610351562,226.97000122070312,229.25,44075600
2025-09-03,238.2390594482422,238.47000122070312,238.85000610351562,234.36000061035156,237.2100067138672,66427800
2025-09-04,239.5477752685547,239.77999877929688,239.89999389648438,236.74000549316406,238.4499969482422,47549400
2025-09-05,239.45787048339844,239.69000244140625,241.32000732421875,238.49000549316406,240.0,54870400
2025-09-08,237.64962768554688,237.8800048828125,240.14999389648438,236.33999633789062,239.3000030517578,48999500
2025-09-09,234.123046875,234.35000610351562,238.77999877929688,233.36000061035156,237.0,66313900
2025-09-10,226.5703582763672,226.7899932861328,232.4199981689453,225.9499969482422,232.19000244140625,83440800
2025-09-11,229.80722045898438,230.02999877929688,230.4499969482422,226.64999389648438,226.8800048828125,50208600
2025-09-12,233.84332275390625,234.07000732421875,234.50999450683594,229.02000427246094,229.22000122070312,55824200
2025-09-15,236.47076416015625,236.6999969482422,238.19000244140625,235.02999877929688,237.0,42699500
2025-09-16,237.9193572998047,238.14999389648438,241.22000122070312,236.32000732421875,237.17999267578125,63421100
2025-09-17,238.75856018066406,238.99000549316406,240.10000610351562,237.72999572753906,238.97000122070312,46508000
2025-09-18,237.64962768554688,237.8800048828125,241.1999969482422,236.64999389648438,239.97000122070312,44249600
2025-09-19,245.26223754882812,245.5,246.3000030517578,240.2100067138672,241.22999572753906,163741300
2025-09-22,255.8319854736328,256.0799865722656,256.6400146484375,248.1199951171875,248.3000030517578,105517400
2025-09-23,254.18359375,254.42999267578125,257.3399963378906,253.5800018310547,255.8800048828125,60275200
2025-09-24,252.06564331054688,252.30999755859375,255.74000549316406,251.0399932861328,255.22000122070312,42303700
2025-09-25,256.6212158203125,256.8699951171875,257.1700134277344,251.7100067138672,253.2100067138672,55202100
2025-09-26,255.2126007080078,255.4600067138672,257.6000061035156,253.77999877929688,254.10000610351562,46076300
2025-09-29,254.18359375,254.42999267578125,255.0,253.00999450683594,254.55999755859375,40127700
2025-09-30,254.38340759277344,254.6300048828125,255.9199981689453,253.11000061035156,254.86000061035156,37704300
2025-10-01,255.20260620117188,255.4499969482422,258.7900085449219,254.92999267578125,255.0399932861328,48713900
2025-10-02,256.8809814453125,257.1300048828125,258.17999267578125,254.14999389648438,256.5799865722656,42630200
2025-10-03,257.7701110839844,258.0199890136719,259.239990234375,253.9499969482422,254.6699981689453,49155600
2025-10-06,256.44140625,256.69000244140625,259.07000732421875,255.0500030517578,257.989990234375,44664100
2025-10-07,256.23162841796875,256.4800109863281,257.3999938964844,255.42999267578125,256.80999755859375,31955800
2025-10-08,257.8100891113281,258.05999755859375,258.5199890136719,256.1099853515625,256.5199890136719,36496900
2025-10-09,253.79396057128906,254.0399932861328,258.0,253.13999938964844,257.80999755859375,38322000
2025-10-10,245.032470703125,245.27000427246094,256.3800048828125,244.0,254.94000244140625,61999100
2025-10-13,247.42015075683594,247.66000366210938,249.69000244140625,245.55999755859375,249.3800048828125,38142900
2025-10-14,247.53004455566406,247.77000427246094,248.85000610351562,244.6999969482422,246.60000610351562,35478000
2025-10-15,249.09852600097656,249.33999633789062,251.82000732421875,247.47000122070312,249.49000549316406,33893600
2025-10-16,247.21035766601562,247.4499969482422,249.0399932861328,245.1300048828125,248.25,39777000
2025-10-17,252.045654296875,252.2899932861328,253.3800048828125,247.27000427246094,248.02000427246094,49147000
2025-10-20,261.98602294921875,262.239990234375,264.3800048828125,255.6300048828125,255.88999938964844,90483000
2025-10-21,262.5155029296875,262.7699890136719,265.2900085449219,261.8299865722656,261.8800048828125,46695900
2025-10-22,258.19970703125,258.45001220703125,262.8500061035156,255.42999267578125,262.6499938964844,45015300
2025-10-23,259.3285827636719,259.5799865722656,260.6199951171875,258.010009765625,259.94000244140625,32754900
2025-10-24,262.56549072265625,262.82000732421875,264.1300048828125,259.17999267578125,261.19000244140625,38253700
2025-10-27,268.5496520996094,268.80999755859375,269.1199951171875,264.6499938964844,264.8800048828125,44888200
2025-10-28,268.7394714355469,269.0,269.8900146484375,268.1499938964844,268.989990234375,41534800
2025-10-29,269.4388122558594,269.70001220703125,271.4100036621094,267.1099853515625,269.2799987792969,51086700
2025-10-30,271.13714599609375,271.3999938964844,274.1400146484375,268.4800109863281,271.989990234375,69886500
2025-10-31,270.108154296875,270.3699951171875,277.32000732421875,269.1600036621094,276.989990234375,86167100
2025-11-03,268.7894287109375,269.04998779296875,270.8500061035156,266.25,270.4200134277344,50194600
2025-11-04,269.7784729003906,270.0400085449219,271.489990234375,267.6199951171875,268.3299865722656,49274800
2025-11-05,269.8783874511719,270.1400146484375,271.70001220703125,266.92999267578125,268.6099853515625,43683100
2025-11-06,269.50872802734375,269.7699890136719,273.3999938964844,267.8900146484375,267.8900146484375,51204000
2025-11-07,268.2099914550781,268.4700012207031,272.2900085449219,266.7699890136719,269.79998779296875,48227400
2025-11-10,269.42999267578125,269.42999267578125,273.7300109863281,267.4599914550781,268.9599914550781,41312400
2025-11-11,275.25,275.25,275.9100036621094,269.79998779296875,269.80999755859375,46208300
2025-11-12,273.4700012207031,273.4700012207031,275.7300109863281,271.70001220703125,275.0,48398000
2025-11-13,272.95001220703125,272.95001220703125,276.70001220703125,272.0899963378906,274.1099853515625,49602800
2025-11-14,272.4100036621094,272.4100036621094,275.9599914550781,269.6000061035156,271.04998779296875,47431300
2025-11-17,267.4599914550781,267.4599914550781,270.489990234375,265.7300109863281,268.82000732421875,45018300
2025-11-18,267.44000244140625,267.44000244140625,270.7099914550781,265.32000732421875,269.989990234375,45677300
2025-11-19,268.55999755859375,268.55999755859375,272.2099914550781,265.5,265.5299987792969,40424500
2025-11-20,266.25,266.25,275.42999267578125,265.9200134277344,270.8299865722656,45823600
2025-11-21,271.489990234375,271.489990234375,273.3299865722656,265.6700134277344,265.95001220703125,59030800
2025-11-24,275.9200134277344,275.9200134277344,277.0,270.8999938964844,270.8999938964844,65585800
2025-11-25,276.9700012207031,276.9700012207031,280.3800048828125,275.25,275.2699890136719,46914200
2025-11-26,277.54998779296875,277.54998779296875,279.5299987792969,276.6300048828125,276.9599914550781,33431400
2025-11-28,278.8500061035156,278.8500061035156,279.0,275.989990234375,277.260009765625,20135600
2025-12-01,283.1000061035156,283.1000061035156,283.4200134277344,276.1400146484375,278.010009765625,46587700
2025-12-02,286.19000244140625,286.19000244140625,287.3999938964844,282.6300048828125,283.0,53669500
2025-12-03,284.1499938964844,284.1499938964844,288.6199951171875,283.29998779296875,286.20001220703125,43538700
2025-12-04,280.70001220703125,280.70001220703125,284.7300109863281,278.5899963378906,284.1000061035156,43989100
2025-12-05,278.7799987792969,278.7799987792969,281.1400146484375,278.04998779296875,280.5400085449219,47265800
2025-12-08,277.8900146484375,277.8900146484375,279.6700134277344,276.1499938964844,278.1300048828125,38211800
2025-12-09,277.17999267578125,277.17999267578125,280.0299987792969,276.9200134277344,278.1600036621094,32193300
2025-12-10,278.7799987792969,278.7799987792969,279.75,276.44000244140625,277.75,33038300
2025-12-11,278.0299987792969,278.0299987792969,279.5899963378906,273.80999755859375,279.1000061035156,33248000
2025-12-12,278.2799987792969,278.2799987792969,279.2200012207031,276.82000732421875,277.8999938964844,39532900
2025-12-15,274.1099853515625,274.1099853515625,280.1499938964844,272.8399963378906,280.1499938964844,50409100
2025-12-16,274.6099853515625,274.6099853515625,275.5,271.7900085449219,272.82000732421875,37648600
2025-12-17,271.8399963378906,271.8399963378906,276.1600036621094,271.6400146484375,275.010009765625,50138700
2025-12-18,272.19000244140625,272.19000244140625,273.6300048828125,266.95001220703125,273.6099853515625,51630700
2025-12-19,273.6700134277344,273.6700134277344,274.6000061035156,269.8999938964844,272.1499938964844,144632000
2025-12-22,270.9700012207031,270.9700012207031,273.8800048828125,270.510009765625,272.8599853515625,36571800
2025-12-23,272.3599853515625,272.3599853515625,272.5,269.55999755859375,270.8399963378906,29642000
2025-12-24,273.80999755859375,273.80999755859375,275.42999267578125,272.20001220703125,272.3399963378906,17910600
2025-12-26,273.3999938964844,273.3999938964844,275.3699951171875,272.8599853515625,274.1600036621094,21521800
2025-12-29,273.760009765625,273.760009765625,274.3599853515625,272.3500061035156,272.69000244140625,23715200
2025-12-30,273.0799865722656,273.0799865722656,274.0799865722656,272.2799987792969,272.80999755859375,22139600
2025-12-31,271.8599853515625,271.8599853515625,273.67999267578125,271.75,273.05999755859375,27293600
2026-01-02,271.010009765625,271.010009765625,277.8399963378906,269.0,272.260009765625,37838100
2026-01-05,267.260009765625,267.260009765625,271.510009765625,266.1400146484375,270.6400146484375,45647200
2026-01-06,262.3599853515625,262.3599853515625,267.54998779296875,262.1199951171875,267.0,52352100
2026-01-07,260.3299865722656,260.3299865722656,263.67999267578125,259.80999755859375,263.20001220703125,48309800
2026-01-08,259.0400085449219,259.0400085449219,259.2900085449219,255.6999969482422,257.0199890136719,50419300
2026-01-09,259.3699951171875,259.3699951171875,260.2099914550781,256.2200012207031,259.0799865722656,39997000
2026-01-12,260.25,260.25,261.29998779296875,256.79998779296875,259.1600036621094,45263800
2026-01-13,261.04998779296875,261.04998779296875,261.80999755859375,258.3900146484375,258.7200012207031,45730800
2026-01-14,259.9599914550781,259.9599914550781,261.82000732421875,256.7099914550781,259.489990234375,40019400
2026-01-15,258.2099914550781,258.2099914550781,261.0400085449219,257.04998779296875,260.6499938964844,39388600
2026-01-16,255.52999877929688,255.52999877929688,258.8999938964844,254.92999267578125,257.8999938964844,72018600
