Date,adj close,close,high,low,open,volume
2021-01-19,353.4607238769531,378.6499938964844,379.2300109863281,376.75,378.3399963378906,51233300
2021-01-20,358.3521728515625,383.8900146484375,384.7900085449219,380.69000244140625,381.1099853515625,61836100
2021-01-21,358.6789245605469,384.239990234375,384.95001220703125,383.25,384.489990234375,47840100
2021-01-22,357.4093933105469,382.8800048828125,384.1300048828125,381.8399963378906,382.25,52860500
2021-01-25,358.81903076171875,384.3900146484375,384.7699890136719,378.4599914550781,383.6700134277344,70402000
2021-01-26,358.25897216796875,383.7900085449219,385.8500061035156,383.5400085449219,385.4100036621094,42665300
2021-01-27,349.5029296875,374.4100036621094,380.32000732421875,372.010009765625,380.2200012207031,123351100
2021-01-28,352.5086975097656,377.6300048828125,381.92999267578125,375.8900146484375,376.3599853515625,94198100
2021-01-29,345.4516296386719,370.07000732421875,376.6700134277344,368.2699890136719,375.6300048828125,126765100
2021-02-01,351.20184326171875,376.2300109863281,377.3399963378906,370.3800048828125,373.7200012207031,75817600
2021-02-02,356.1678161621094,381.54998779296875,383.2200012207031,376.32000732421875,379.6499938964844,64450700
2021-02-03,356.4479064941406,381.8500061035156,383.70001220703125,380.4800109863281,382.44000244140625,52427100
2021-02-04,360.4992370605469,386.19000244140625,386.239990234375,381.9700012207031,382.9599914550781,47142600
2021-02-05,361.9180908203125,387.7099914550781,388.4700012207031,386.1400146484375,388.20001220703125,48669800
2021-02-08,364.5318603515625,390.510009765625,390.55999755859375,388.3500061035156,389.2699890136719,38365200
2021-02-09,364.2890930175781,390.25,390.8900146484375,389.1700134277344,389.6099853515625,35551100
2021-02-10,364.1304016113281,390.0799865722656,392.2799987792969,387.5,392.1199951171875,59154400
2021-02-11,364.71844482421875,390.7099914550781,391.69000244140625,388.1000061035156,391.239990234375,42913300
2021-02-12,366.5201416015625,392.6400146484375,392.8999938964844,389.7699890136719,389.8500061035156,50593300
2021-02-16,366.2027587890625,392.29998779296875,394.1700134277344,391.5299987792969,393.9599914550781,50972400
2021-02-17,366.2867736816406,392.3900146484375,392.6600036621094,389.3299865722656,390.4200134277344,52290600
2021-02-18,364.72784423828125,390.7200012207031,391.5199890136719,387.739990234375,389.5899963378906,59712800
2021-02-19,364.08380126953125,390.0299987792969,392.3800048828125,389.54998779296875,392.07000732421875,83241000
2021-02-22,361.28338623046875,387.0299987792969,389.6199951171875,386.739990234375,387.05999755859375,67414200
2021-02-23,361.7220458984375,387.5,388.95001220703125,380.20001220703125,384.6600036621094,107284100
2021-02-24,365.7079772949219,391.7699890136719,392.2300109863281,385.2699890136719,386.3299865722656,72433900
2021-02-25,356.8960266113281,382.3299865722656,391.8800048828125,380.7799987792969,390.4100036621094,146670500
2021-02-26,355.0570068359375,380.3599853515625,385.5799865722656,378.2300109863281,384.3500061035156,152701600
2021-03-01,363.66375732421875,389.5799865722656,390.9200134277344,380.57000732421875,385.5899963378906,105348800
2021-03-02,360.8259582519531,386.5400085449219,390.07000732421875,386.0,389.82000732421875,79595300
2021-03-03,356.04656982421875,381.4200134277344,386.8299865722656,381.30999755859375,385.7900085449219,119940200
2021-03-04,351.6405334472656,376.70001220703125,384.0,371.8800048828125,381.2200012207031,183433000
2021-03-05,358.1095886230469,383.6300048828125,384.760009765625,372.6400146484375,380.4599914550781,152039600
2021-03-08,356.32666015625,381.7200012207031,387.67999267578125,381.4200134277344,384.6600036621094,123149200
2021-03-09,361.4139709472656,387.1700134277344,389.9100036621094,385.30999755859375,385.8500061035156,113633600
2021-03-10,363.66375732421875,389.5799865722656,391.3999938964844,388.1700134277344,389.69000244140625,109899400
2021-03-11,367.3509521484375,393.5299987792969,395.6499938964844,391.739990234375,392.2300109863281,86245000
2021-03-12,367.8457336425781,394.05999755859375,394.2099914550781,391.20001220703125,392.07000732421875,64653600
2021-03-15,370.0393981933594,396.4100036621094,396.69000244140625,392.0299987792969,394.3299865722656,73427200
2021-03-16,369.5726013183594,395.9100036621094,397.8299865722656,395.0799865722656,397.07000732421875,73722500
2021-03-17,370.8328552246094,397.260009765625,398.1199951171875,393.29998779296875,394.5299987792969,97959300
2021-03-18,365.4373779296875,391.4800109863281,396.7200012207031,390.75,394.4800109863281,115349100
2021-03-19,364.7611999511719,389.4800109863281,391.57000732421875,387.1499938964844,389.8800048828125,113624500
2021-03-22,367.6737976074219,392.5899963378906,394.07000732421875,389.9700012207031,390.0299987792969,73778600
2021-03-23,364.77984619140625,389.5,393.4599914550781,388.6600036621094,391.9100036621094,90686600
2021-03-24,362.9255676269531,387.5199890136719,392.75,387.4700012207031,391.0,97588600
2021-03-25,364.9671630859375,389.70001220703125,390.54998779296875,383.8999938964844,385.9800109863281,116128600
2021-03-26,370.84857177734375,395.9800109863281,396.4100036621094,390.2900085449219,390.92999267578125,114409100
2021-03-29,370.6612854003906,395.7799987792969,396.75,392.80999755859375,394.3999938964844,108107600
2021-03-30,369.677978515625,394.7300109863281,395.45001220703125,393.0199890136719,394.4200134277344,76262200
2021-03-31,371.1763000488281,396.3299865722656,398.0,395.30999755859375,395.3399963378906,112734200
2021-04-01,375.1846923828125,400.6099853515625,400.6700134277344,398.17999267578125,398.3999938964844,99682900
2021-04-05,380.5697326660156,406.3599853515625,406.94000244140625,403.3800048828125,403.4599914550781,91684800
2021-04-06,380.3450927734375,406.1199951171875,407.239990234375,405.3999938964844,405.760009765625,62021000
2021-04-07,380.78521728515625,406.5899963378906,406.9599914550781,405.45001220703125,405.94000244140625,55836300
2021-04-08,382.59271240234375,408.5199890136719,408.5799865722656,406.92999267578125,407.92999267578125,57863100
2021-04-09,385.37420654296875,411.489990234375,411.6700134277344,408.260009765625,408.3900146484375,61104600
2021-04-12,385.51470947265625,411.6400146484375,411.92999267578125,410.20001220703125,410.8500061035156,56704900
2021-04-13,386.65728759765625,412.8599853515625,413.5299987792969,411.1199951171875,411.5299987792969,56551000
2021-04-14,385.3367614746094,411.45001220703125,413.9599914550781,410.8699951171875,412.8299865722656,61659900
2021-04-15,389.4762878417969,415.8699951171875,416.1600036621094,413.69000244140625,413.739990234375,60229800
2021-04-16,390.77801513671875,417.260009765625,417.9100036621094,415.7300109863281,417.25,82037300
2021-04-19,388.8580017089844,415.2099914550781,416.739990234375,413.7900085449219,416.260009765625,78498500
2021-04-20,386.0111389160156,412.1700134277344,415.0899963378906,410.5899963378906,413.9100036621094,81851800
2021-04-21,389.66357421875,416.07000732421875,416.2900085449219,411.3599853515625,411.510009765625,66793000
2021-04-22,386.104736328125,412.2699890136719,416.7799987792969,411.1300048828125,415.8900146484375,97582800
2021-04-23,390.2911071777344,416.739990234375,418.25,412.7900085449219,412.8699951171875,73209200
2021-04-26,391.10577392578125,417.6099853515625,418.2200012207031,416.80999755859375,417.44000244140625,52182400
2021-04-27,391.0215759277344,417.5199890136719,418.1400146484375,416.29998779296875,417.92999267578125,51303100
2021-04-28,390.9091491699219,417.3999938964844,419.010009765625,416.8999938964844,417.80999755859375,51238900
2021-04-29,393.4002990722656,420.05999755859375,420.7200012207031,416.44000244140625,420.32000732421875,78544300
2021-04-30,390.8154602050781,417.29998779296875,418.5400085449219,416.3399963378906,417.6300048828125,85527000
2021-05-03,391.65838623046875,418.20001220703125,419.8399963378906,417.6700134277344,419.42999267578125,68128300
2021-05-04,389.24212646484375,415.6199951171875,416.6000061035156,411.6700134277344,416.07000732421875,101591200
2021-05-05,389.3638916015625,415.75,417.6300048828125,415.1499938964844,417.3800048828125,60162200
2021-05-06,392.47320556640625,419.07000732421875,419.2099914550781,413.67999267578125,415.8299865722656,74321400
2021-05-07,395.32952880859375,422.1199951171875,422.82000732421875,419.1600036621094,419.8900146484375,67733800
2021-05-10,391.4148864746094,417.94000244140625,422.739990234375,417.80999755859375,422.5,81852400
2021-05-11,387.9216003417969,414.2099914550781,415.2699890136719,410.05999755859375,413.1000061035156,116888000
2021-05-12,379.6800842285156,405.4100036621094,412.5899963378906,404.0,411.2300109863281,134811000
2021-05-13,384.24102783203125,410.2799987792969,412.3500061035156,407.0199890136719,407.07000732421875,106394000
2021-05-14,390.1412048339844,416.5799865722656,417.489990234375,413.17999267578125,413.2099914550781,82201600
2021-05-17,389.14849853515625,415.5199890136719,416.3900146484375,413.3599853515625,415.3900146484375,65129200
2021-05-18,385.795654296875,411.94000244140625,416.05999755859375,411.7699890136719,415.79998779296875,59810200
2021-05-19,384.78424072265625,410.8599853515625,411.04998779296875,405.3299865722656,406.9200134277344,106467100
2021-05-20,388.9237060546875,415.2799987792969,416.6300048828125,411.6700134277344,411.79998779296875,78022200
2021-05-21,388.60528564453125,414.94000244140625,418.20001220703125,414.45001220703125,416.8699951171875,76578700
2021-05-24,392.56683349609375,419.1700134277344,420.32000732421875,417.0799865722656,417.3399963378906,51376700
2021-05-25,391.69586181640625,418.239990234375,420.7099914550781,417.6199951171875,420.3299865722656,57451400
2021-05-26,392.47320556640625,419.07000732421875,419.6099853515625,417.760009765625,418.8699951171875,43088600
2021-05-27,392.6792297363281,419.2900085449219,420.7200012207031,418.989990234375,420.1700134277344,56707700
2021-05-28,393.3816223144531,420.0400085449219,421.25,419.7900085449219,420.9700012207031,58520200
2021-06-01,393.03515625,419.6700134277344,422.7200012207031,419.20001220703125,422.57000732421875,54216600
2021-06-02,393.6531677246094,420.3299865722656,421.2300109863281,419.2900085449219,420.3699951171875,49097100
2021-06-03,392.1922302246094,418.7699890136719,419.989990234375,416.2799987792969,417.8500061035156,58138800
2021-06-04,395.7791748046875,422.6000061035156,422.9200134277344,418.8399963378906,420.75,55938800
2021-06-07,395.3951721191406,422.19000244140625,422.7799987792969,421.19000244140625,422.5899963378906,51555000
2021-06-08,395.4794921875,422.2799987792969,423.2099914550781,420.32000732421875,423.1099853515625,47134300
2021-06-09,394.889404296875,421.6499938964844,423.260009765625,421.4100036621094,423.17999267578125,48436300
2021-06-10,396.72503662109375,423.6099853515625,424.6300048828125,421.54998779296875,422.9599914550781,51020100
2021-06-11,397.380615234375,424.30999755859375,424.42999267578125,422.82000732421875,424.20001220703125,45570800
2021-06-14,398.2703552246094,425.260009765625,425.3699951171875,423.1000061035156,424.42999267578125,42358500
2021-06-15,397.53985595703125,424.4800109863281,425.4599914550781,423.5400085449219,425.4200134277344,51508500
2021-06-16,395.3201904296875,422.1099853515625,424.8699951171875,419.9200134277344,424.6300048828125,80386100
2021-06-17,395.18914794921875,421.9700012207031,423.0199890136719,419.32000732421875,421.6700134277344,90949700
2021-06-18,389.85784912109375,414.9200134277344,417.8299865722656,414.70001220703125,417.0899963378906,118676300
2021-06-21,395.43902587890625,420.8599853515625,421.05999755859375,415.92999267578125,416.79998779296875,72822000
2021-06-22,397.5531005859375,423.1099853515625,424.0,420.0799865722656,420.8500061035156,57700300
2021-06-23,397.07391357421875,422.6000061035156,424.04998779296875,422.510009765625,423.19000244140625,49445400
2021-06-24,399.42291259765625,425.1000061035156,425.54998779296875,424.6199951171875,424.8900146484375,45110300
2021-06-25,400.8417663574219,426.6099853515625,427.0899963378906,425.54998779296875,425.8999938964844,58129500
2021-06-28,401.6497802734375,427.4700012207031,427.6499938964844,425.8900146484375,427.1700134277344,53159600
2021-06-29,401.8658752441406,427.70001220703125,428.55999755859375,427.1300048828125,427.8800048828125,35970500
2021-06-30,402.20416259765625,428.05999755859375,428.7799987792969,427.17999267578125,427.2099914550781,64827900
2021-07-01,404.4309997558594,430.42999267578125,430.6000061035156,428.79998779296875,428.8699951171875,53441000
2021-07-02,407.5223388671875,433.7200012207031,434.1000061035156,430.5199890136719,431.6700134277344,57697700
2021-07-06,406.77996826171875,432.92999267578125,434.010009765625,430.010009765625,433.7799987792969,68710400
2021-07-07,408.21759033203125,434.4599914550781,434.760009765625,431.510009765625,433.6600036621094,63549500
2021-07-08,404.8913879394531,430.9200134277344,431.7300109863281,427.5199890136719,428.7799987792969,97595200
2021-07-09,409.2134704589844,435.5199890136719,435.8399963378906,430.7099914550781,432.5299987792969,76238600
2021-07-12,410.6793518066406,437.0799865722656,437.3500061035156,434.9700012207031,435.42999267578125,52889600
2021-07-13,409.27935791015625,435.5899963378906,437.8399963378906,435.30999755859375,436.239990234375,52911300
2021-07-14,409.8900451660156,436.239990234375,437.9200134277344,434.9100036621094,437.3999938964844,64130400
2021-07-15,408.489990234375,434.75,435.5299987792969,432.7200012207031,434.80999755859375,55126400
2021-07-16,405.2859802246094,431.3399963378906,436.05999755859375,430.9200134277344,436.010009765625,75874700
2021-07-19,399.3008117675781,424.9700012207031,431.4100036621094,421.9700012207031,426.19000244140625,147987000
2021-07-20,405.02301025390625,431.05999755859375,432.4200134277344,424.8299865722656,425.67999267578125,99608200
2021-07-21,408.3021545410156,434.54998779296875,434.70001220703125,431.010009765625,432.3399963378906,64724400
2021-07-22,409.15716552734375,435.4599914550781,435.7200012207031,433.69000244140625,434.739990234375,47878500
2021-07-23,413.3665771484375,439.94000244140625,440.29998779296875,436.7900085449219,437.5199890136719,63766600
2021-07-26,414.38134765625,441.0199890136719,441.0299987792969,439.260009765625,439.30999755859375,43719200
2021-07-27,412.4927673339844,439.010009765625,439.94000244140625,435.989990234375,439.9100036621094,67397100
2021-07-28,412.3236389160156,438.8299865722656,440.29998779296875,437.30999755859375,439.67999267578125,52472400
2021-07-29,414.0337219238281,440.6499938964844,441.79998779296875,439.80999755859375,439.82000732421875,47435300
2021-07-30,412.0229797363281,438.510009765625,440.05999755859375,437.7699890136719,437.9100036621094,68951200
2021-08-02,411.15850830078125,437.5899963378906,440.92999267578125,437.2099914550781,440.3399963378906,58783300
2021-08-03,414.5035095214844,441.1499938964844,441.2799987792969,436.1000061035156,438.44000244140625,58053900
2021-08-04,412.464599609375,438.9800109863281,441.1199951171875,438.7300109863281,439.7799987792969,46732200
2021-08-05,415.07659912109375,441.760009765625,441.8500061035156,439.8800048828125,440.2200012207031,38969700
2021-08-06,415.76251220703125,442.489990234375,442.94000244140625,441.79998779296875,442.1000061035156,46930000
2021-08-09,415.42431640625,442.1300048828125,442.79998779296875,441.30999755859375,442.4599914550781,41222600
2021-08-10,415.9410400390625,442.67999267578125,443.44000244140625,441.8800048828125,442.6099853515625,43339300
2021-08-11,416.9746398925781,443.7799987792969,443.8800048828125,442.6199951171875,443.82000732421875,44034300
2021-08-12,418.2243347167969,445.1099853515625,445.260009765625,442.6600036621094,443.6199951171875,38909400
2021-08-13,418.9853820800781,445.9200134277344,445.94000244140625,445.07000732421875,445.5899963378906,39470300
2021-08-16,419.97198486328125,446.9700012207031,447.1099853515625,442.8699951171875,444.5299987792969,73740000
2021-08-17,417.2189636230469,444.0400085449219,444.9599914550781,440.8500061035156,444.239990234375,92673900
2021-08-18,412.6525573730469,439.17999267578125,444.6300048828125,438.9200134277344,442.9599914550781,89351900
2021-08-19,413.2913818359375,439.8599853515625,441.1400146484375,436.1199951171875,436.2699890136719,92812200
2021-08-20,416.580078125,443.3599853515625,443.7099914550781,439.7099914550781,440.2300109863281,72008700
2021-08-23,420.24444580078125,447.260009765625,448.2300109863281,443.44000244140625,445.1600036621094,54973000
2021-08-24,420.91156005859375,447.9700012207031,448.5400085449219,447.4200134277344,447.9700012207031,38744700
2021-08-25,421.7947998046875,448.9100036621094,449.4599914550781,447.7699890136719,448.1700134277344,40529700
2021-08-26,419.3048400878906,446.260009765625,448.8599853515625,446.1600036621094,448.6099853515625,57829600
2021-08-27,423.0538330078125,450.25,450.6499938964844,447.05999755859375,447.1199951171875,77235100
2021-08-30,424.9142761230469,452.2300109863281,453.07000732421875,450.7099914550781,450.9700012207031,48357400
2021-08-31,424.2846984863281,451.55999755859375,452.489990234375,450.9200134277344,452.1300048828125,59300200
2021-09-01,424.51025390625,451.79998779296875,453.1099853515625,451.54998779296875,452.55999755859375,48721400
2021-09-02,425.8163146972656,453.19000244140625,454.04998779296875,451.9100036621094,453.32000732421875,42501000
2021-09-03,425.712890625,453.0799865722656,453.6300048828125,451.54998779296875,451.9800109863281,47170500
2021-09-07,424.19073486328125,451.4599914550781,452.80999755859375,450.739990234375,452.7099914550781,51671500
2021-09-08,423.6739807128906,450.9100036621094,451.6700134277344,448.8599853515625,450.8900146484375,56181900
2021-09-09,421.8605651855469,448.9800109863281,452.57000732421875,448.7200012207031,450.70001220703125,57970400
2021-09-10,418.5343322753906,445.44000244140625,451.489990234375,445.30999755859375,451.0400085449219,89948200
2021-09-13,419.6055603027344,446.5799865722656,448.9200134277344,444.1099853515625,448.6400146484375,83738600
2021-09-14,417.34112548828125,444.1700134277344,448.3399963378906,443.2200012207031,448.1199951171875,78197100
2021-09-15,420.8269348144531,447.8800048828125,448.4100036621094,443.44000244140625,444.6199951171875,78792200
2021-09-16,420.1598815917969,447.1700134277344,448.3599853515625,444.0199890136719,447.32000732421875,77786700
2021-09-17,416.0670166015625,441.3999938964844,445.3699951171875,441.0199890136719,444.9200134277344,118425000
2021-09-20,409.1294860839844,434.0400085449219,436.55999755859375,428.8599853515625,434.8800048828125,166445500
2021-09-21,408.7430114746094,433.6300048828125,437.9100036621094,433.07000732421875,436.5299987792969,92526100
2021-09-22,412.7302551269531,437.8599853515625,440.0299987792969,433.75,436.04998779296875,102350100
2021-09-23,417.7449645996094,443.17999267578125,444.8900146484375,439.6000061035156,439.8500061035156,76396000
2021-09-24,418.43304443359375,443.9100036621094,444.6700134277344,441.2099914550781,441.44000244140625,62094800
2021-09-27,417.2359313964844,442.6400146484375,444.04998779296875,441.8999938964844,442.80999755859375,61371100
2021-09-28,408.8278503417969,433.7200012207031,440.0400085449219,432.94000244140625,439.69000244140625,130436300
2021-09-29,409.5159606933594,434.45001220703125,437.0400085449219,433.8500061035156,435.19000244140625,82329200
2021-09-30,404.5107727050781,429.1400146484375,436.7699890136719,428.7799987792969,436.0199890136719,140506000
2021-10-01,409.3180236816406,434.239990234375,436.0299987792969,427.2300109863281,430.9800109863281,129240100
2021-10-04,404.0393371582031,428.6400146484375,433.9599914550781,426.3599853515625,433.0,128570000
2021-10-05,408.243408203125,433.1000061035156,435.489990234375,429.3900146484375,430.239990234375,90682500
2021-10-06,409.9400939941406,434.8999938964844,435.1199951171875,427.5400085449219,429.2699890136719,113032200
2021-10-07,413.484375,438.6600036621094,441.67999267578125,438.20001220703125,438.3900146484375,72437500
2021-10-08,412.7302551269531,437.8599853515625,439.8900146484375,437.19000244140625,439.4800109863281,74557400
2021-10-11,409.7421875,434.69000244140625,440.260009765625,434.6199951171875,437.1600036621094,65233300
2021-10-12,408.7336730957031,433.6199951171875,436.1000061035156,432.7799987792969,435.6700134277344,71181200
2021-10-13,410.2041320800781,435.17999267578125,436.04998779296875,431.5400085449219,434.7099914550781,72974000
2021-10-14,417.10394287109375,442.5,442.6600036621094,438.5799865722656,439.0799865722656,70236800
2021-10-15,420.2805480957031,445.8699951171875,446.260009765625,444.0899963378906,444.75,66260200
2021-10-18,421.5247802734375,447.19000244140625,447.54998779296875,443.2699890136719,443.9700012207031,62213200
2021-10-19,424.7767639160156,450.6400146484375,450.7099914550781,448.2699890136719,448.9200134277344,46996800
2021-10-20,426.4452209472656,452.4100036621094,452.7300109863281,451.010009765625,451.1300048828125,49571600
2021-10-21,427.5574645996094,453.5899963378906,453.8299865722656,451.30999755859375,451.7699890136719,41305400
2021-10-22,427.11444091796875,453.1199951171875,454.6700134277344,451.04998779296875,453.1300048828125,58845100
2021-10-25,429.4049377441406,455.54998779296875,455.8999938964844,452.3900146484375,454.2799987792969,45214500
2021-10-26,429.7913513183594,455.9599914550781,458.489990234375,455.55999755859375,457.20001220703125,56075100
2021-10-27,427.8873291015625,453.94000244140625,457.1600036621094,453.8599853515625,456.45001220703125,72438000
2021-10-28,432.0160827636719,458.32000732421875,458.3999938964844,455.45001220703125,455.4599914550781,51437900
2021-10-29,432.892578125,459.25,459.55999755859375,455.55999755859375,455.8699951171875,70162400
2021-11-01,433.6372985839844,460.0400085449219,460.70001220703125,458.20001220703125,460.29998779296875,48433600
2021-11-02,435.39056396484375,461.8999938964844,462.2300109863281,460.0799865722656,460.2200012207031,48908400
2021-11-03,438.0487365722656,464.7200012207031,465.1499938964844,460.8299865722656,461.29998779296875,52509800
2021-11-04,440.11297607421875,466.9100036621094,467.0,464.989990234375,465.3599853515625,52847100
2021-11-05,441.64007568359375,468.5299987792969,470.6499938964844,466.9200134277344,469.2799987792969,66390600
2021-11-08,442.0171203613281,468.92999267578125,470.2300109863281,468.20001220703125,469.70001220703125,50405200
2021-11-09,440.55596923828125,467.3800048828125,469.57000732421875,465.8800048828125,469.32000732421875,51149100
2021-11-10,437.0118103027344,463.6199951171875,467.3800048828125,462.0400085449219,465.5799865722656,69429700
2021-11-11,437.1532287597656,463.7699890136719,465.2900085449219,463.75,465.2099914550781,34848500
2021-11-12,440.4523620605469,467.2699890136719,467.8599853515625,464.1099853515625,465.1199951171875,53466700
2021-11-15,440.6031799316406,467.42999267578125,468.80999755859375,466.2300109863281,468.6400146484375,46980500
2021-11-16,442.3469543457031,469.2799987792969,470.489990234375,467.07000732421875,467.1499938964844,48857500
2021-11-17,441.2724304199219,468.1400146484375,469.19000244140625,467.4800109863281,469.0,47858300
2021-11-18,442.7712097167969,469.7300109863281,470.010009765625,466.3399963378906,469.239990234375,50625600
2021-11-19,441.9793395996094,468.8900146484375,470.94000244140625,468.5,469.6099853515625,57315600
2021-11-22,440.7351379394531,467.57000732421875,473.5400085449219,467.3500061035156,470.8900146484375,72762000
2021-11-23,441.3196105957031,468.19000244140625,469.1000061035156,464.45001220703125,467.2200012207031,73206500
2021-11-24,442.49786376953125,469.44000244140625,469.57000732421875,465.19000244140625,466.05999755859375,61858800
2021-11-26,432.6286926269531,458.9700012207031,463.8999938964844,457.7699890136719,462.3399963378906,112669600
2021-11-29,437.9355773925781,464.6000061035156,466.55999755859375,461.7300109863281,464.07000732421875,86268800
2021-11-30,429.41436767578125,455.55999755859375,464.0299987792969,455.29998779296875,462.0,148559600
2021-12-01,424.6447448730469,450.5,464.6700134277344,450.2900085449219,461.6400146484375,131939200
2021-12-02,431.1488037109375,457.3999938964844,459.07000732421875,450.30999755859375,450.7300109863281,127637800
2021-12-03,427.3972473144531,453.4200134277344,460.29998779296875,448.9200134277344,459.1700134277344,137331600
2021-12-06,432.45904541015625,458.7900085449219,460.7900085449219,453.55999755859375,456.1300048828125,98977500
2021-12-07,441.4043884277344,468.2799987792969,468.8800048828125,458.6499938964844,464.4100036621094,95484700
2021-12-08,442.5732116699219,469.5199890136719,470.0,466.8299865722656,468.70001220703125,72238800
2021-12-09,439.5851745605469,466.3500061035156,469.6300048828125,466.1400146484375,468.1499938964844,61272600
2021-12-10,443.7231750488281,470.739990234375,470.8999938964844,466.510009765625,469.2300109863281,77159800
2021-12-13,439.7925109863281,466.57000732421875,470.55999755859375,466.2699890136719,470.19000244140625,87724700
2021-12-14,436.7666931152344,463.3599853515625,465.739990234375,460.25,463.0899963378906,97264100
2021-12-15,443.5911865234375,470.6000061035156,470.8599853515625,460.739990234375,463.4200134277344,116899300
2021-12-16,439.67938232421875,466.45001220703125,472.8699951171875,464.79998779296875,472.57000732421875,116568600
2021-12-17,434.9999084472656,459.8699951171875,464.739990234375,458.05999755859375,461.54998779296875,135511600
2021-12-20,430.3743896484375,454.9800109863281,455.3999938964844,451.1400146484375,454.4800109863281,107134800
2021-12-21,438.0174560546875,463.05999755859375,463.2099914550781,456.30999755859375,458.6099853515625,69806300
2021-12-22,442.39703369140625,467.69000244140625,467.80999755859375,462.5799865722656,462.7900085449219,58890200
2021-12-23,445.1496887207031,470.6000061035156,472.19000244140625,468.6400146484375,468.75,56439700
2021-12-27,451.4495544433594,477.260009765625,477.30999755859375,472.010009765625,472.05999755859375,56808600
2021-12-28,451.0805358886719,476.8699951171875,478.80999755859375,476.05999755859375,477.7200012207031,47274600
2021-12-29,451.6576232910156,477.4800109863281,478.55999755859375,475.9200134277344,476.9800109863281,54503000
2021-12-30,450.408935546875,476.1600036621094,479.0,475.6700134277344,477.92999267578125,55329000
2021-12-31,449.2738342285156,474.9599914550781,476.8599853515625,474.6700134277344,475.6400146484375,65237400
2022-01-03,451.8752136230469,477.7099914550781,477.8500061035156,473.8500061035156,476.29998779296875,72668200
2022-01-04,451.7237854003906,477.54998779296875,479.9800109863281,475.5799865722656,479.2200012207031,71178700
2022-01-05,443.0497741699219,468.3800048828125,477.9800109863281,468.2799987792969,477.1600036621094,104538900
2022-01-06,442.63360595703125,467.94000244140625,470.82000732421875,465.42999267578125,467.8900146484375,86858900
2022-01-07,440.8835754394531,466.0899963378906,469.20001220703125,464.6499938964844,467.95001220703125,85111600
2022-01-10,440.3348693847656,465.510009765625,465.739990234375,456.6000061035156,462.70001220703125,119362000
2022-01-11,444.3456115722656,469.75,469.8500061035156,462.04998779296875,465.2300109863281,74303100
2022-01-12,445.5469055175781,471.0199890136719,473.20001220703125,468.94000244140625,471.5899963378906,67605400
2022-01-13,439.4079284667969,464.5299987792969,472.8800048828125,463.44000244140625,472.19000244140625,91173100
2022-01-14,439.5876770019531,464.7200012207031,465.0899963378906,459.8999938964844,461.19000244140625,95890900
2022-01-18,431.8027038574219,456.489990234375,459.9599914550781,455.30999755859375,459.739990234375,109709100
2022-01-19,427.319091796875,451.75,459.6099853515625,451.4599914550781,458.1300048828125,109357600
2022-01-20,422.5895080566406,446.75,458.739990234375,444.5,453.75,122379700
2022-01-21,414.2937316894531,437.9800109863281,448.05999755859375,437.95001220703125,445.55999755859375,202271200
2022-01-24,416.05316162109375,439.8399963378906,440.3800048828125,420.760009765625,432.0299987792969,251783900
2022-01-25,410.9736022949219,434.4700012207031,439.7200012207031,427.1499938964844,433.05999755859375,167997300
2022-01-26,409.942626953125,433.3800048828125,444.0400085449219,428.8599853515625,440.7200012207031,186391100
2022-01-27,407.9182434082031,431.239990234375,441.5899963378906,429.45001220703125,438.260009765625,149878300
2022-01-28,418.0491027832031,441.95001220703125,442.0,427.82000732421875,432.67999267578125,164457400
2022-01-31,425.5785827636719,449.9100036621094,450.2799987792969,439.80999755859375,441.239990234375,152251400
2022-02-01,428.4542236328125,452.95001220703125,453.6300048828125,446.94000244140625,450.67999267578125,123155400
2022-02-02,432.61627197265625,457.3500061035156,458.1199951171875,453.04998779296875,455.5,117361000
2022-02-03,422.44757080078125,446.6000061035156,452.9700012207031,445.7099914550781,450.95001220703125,118024400
2022-02-04,424.43408203125,448.70001220703125,452.7799987792969,443.8299865722656,446.3500061035156,118454400
2022-02-07,423.0718994140625,447.260009765625,450.989990234375,445.8500061035156,449.510009765625,84472900
2022-02-08,426.5529479980469,450.94000244140625,451.9200134277344,445.2200012207031,446.7300109863281,81012000
2022-02-09,432.7959899902344,457.5400085449219,457.8800048828125,455.010009765625,455.2200012207031,92589900
2022-02-10,425.0205078125,449.32000732421875,457.7099914550781,447.20001220703125,451.3399963378906,140103700
2022-02-11,416.6396789550781,440.4599914550781,451.6099853515625,438.94000244140625,449.4100036621094,153214600
2022-02-14,415.27752685546875,439.0199890136719,441.6000061035156,435.3399963378906,439.9200134277344,123006300
2022-02-15,421.974609375,446.1000061035156,446.2799987792969,443.17999267578125,443.7300109863281,88482700
2022-02-16,422.44757080078125,446.6000061035156,448.05999755859375,441.94000244140625,443.92999267578125,84863600
2022-02-17,413.4235534667969,437.05999755859375,446.57000732421875,436.4200134277344,443.2200012207031,102259100
2022-02-18,410.74664306640625,434.2300109863281,438.6600036621094,431.82000732421875,437.3299865722656,132642900
2022-02-22,406.3386535644531,429.57000732421875,435.5,425.8599853515625,431.8900146484375,124391800
2022-02-23,399.1307067871094,421.95001220703125,433.260009765625,421.3500061035156,432.6600036621094,132578000
2022-02-24,405.1372985839844,428.29998779296875,428.760009765625,410.6400146484375,411.0199890136719,213942900
2022-02-25,414.0762023925781,437.75,437.8399963378906,427.8599853515625,429.6099853515625,121804500
2022-02-28,413.01678466796875,436.6300048828125,438.20001220703125,430.70001220703125,432.0299987792969,145615000
2022-03-01,406.7264099121094,429.9800109863281,437.1700134277344,427.1099853515625,435.0400085449219,137785900
2022-03-02,414.2087097167969,437.8900146484375,439.7200012207031,431.57000732421875,432.3699951171875,117726500
2022-03-03,412.14654541015625,435.7099914550781,441.1099853515625,433.79998779296875,440.4700012207031,105501700
2022-03-04,408.7979736328125,432.1700134277344,433.3699951171875,427.8800048828125,431.75,113978200
2022-03-07,396.7469787597656,419.42999267578125,432.29998779296875,419.3599853515625,431.54998779296875,137896600
2022-03-08,393.7388916015625,416.25,427.2099914550781,415.1199951171875,419.6199951171875,164772700
2022-03-09,404.29541015625,427.4100036621094,429.510009765625,422.82000732421875,425.1400146484375,116990800
2022-03-10,402.4697570800781,425.4800109863281,426.42999267578125,420.44000244140625,422.5199890136719,93972700
2022-03-11,397.3524169921875,420.07000732421875,428.7699890136719,419.5299987792969,428.1199951171875,95636300
2022-03-14,394.4483947753906,417.0,424.54998779296875,415.7900085449219,420.8900146484375,95729200
2022-03-15,403.12249755859375,426.1700134277344,426.8399963378906,418.4200134277344,419.7699890136719,106219100
2022-03-16,412.0613708496094,435.6199951171875,435.67999267578125,424.79998779296875,429.8900146484375,144954800
2022-03-17,417.2166442871094,441.07000732421875,441.07000732421875,433.19000244140625,433.5899963378906,102676900
2022-03-18,421.7864074707031,444.5199890136719,444.8599853515625,437.2200012207031,438.0,106345500
2022-03-21,421.6630554199219,444.3900146484375,446.4599914550781,440.67999267578125,444.3399963378906,88349800
2022-03-22,426.59710693359375,449.5899963378906,450.5799865722656,445.8599853515625,445.8599853515625,74650400
2022-03-23,421.1032409667969,443.79998779296875,448.489990234375,443.7099914550781,446.9100036621094,79426100
2022-03-24,427.4509582519531,450.489990234375,450.5,444.760009765625,445.94000244140625,64736900
2022-03-25,429.5385437011719,452.69000244140625,452.9800109863281,448.42999267578125,451.1600036621094,77101300
2022-03-28,432.5938415527344,455.9100036621094,455.9100036621094,450.05999755859375,452.05999755859375,68529800
2022-03-29,437.94537353515625,461.54998779296875,462.07000732421875,457.17999267578125,460.0199890136719,86581500
2022-03-30,435.2412109375,458.70001220703125,461.20001220703125,456.4700012207031,460.3399963378906,79666900
2022-03-31,428.5422058105469,451.6400146484375,458.760009765625,451.1600036621094,457.8900146484375,121699900
2022-04-01,429.75677490234375,452.9200134277344,453.4599914550781,449.1400146484375,453.30999755859375,89048800
2022-04-04,433.4383239746094,456.79998779296875,456.9100036621094,452.260009765625,453.1300048828125,59601000
2022-04-05,427.9634704589844,451.0299987792969,457.8299865722656,449.82000732421875,455.2200012207031,74214500
2022-04-06,423.68402099609375,446.5199890136719,448.92999267578125,443.4700012207031,446.8900146484375,106898000
2022-04-07,425.8190002441406,448.7699890136719,450.69000244140625,443.5299987792969,445.5899963378906,78097200
2022-04-08,424.680419921875,447.57000732421875,450.6300048828125,445.94000244140625,447.9700012207031,79272700
2022-04-11,417.421630859375,439.9200134277344,445.0,439.3900146484375,444.1099853515625,89770500
2022-04-12,415.8750305175781,438.2900085449219,445.75,436.6499938964844,443.0799865722656,84363600
2022-04-13,420.63818359375,443.30999755859375,444.1099853515625,437.8399963378906,438.0299987792969,74070400
2022-04-14,415.4005126953125,437.7900085449219,444.7300109863281,437.67999267578125,443.54998779296875,97869500
2022-04-18,415.57135009765625,437.9700012207031,439.75,435.6099853515625,436.80999755859375,66002500
2022-04-19,422.27972412109375,445.0400085449219,445.79998779296875,437.67999267578125,437.8599853515625,77821000
2022-04-20,421.96661376953125,444.7099914550781,447.57000732421875,443.4800109863281,446.9200134277344,65224400
2022-04-21,415.6567077636719,438.05999755859375,450.010009765625,437.1000061035156,448.5400085449219,85417300
2022-04-22,404.2514953613281,426.0400085449219,438.0799865722656,425.44000244140625,436.9100036621094,132471800
2022-04-25,406.59515380859375,428.510009765625,428.69000244140625,418.8399963378906,423.6700134277344,119647700
2022-04-26,394.8198547363281,416.1000061035156,426.0400085449219,416.07000732421875,425.8299865722656,103996300
2022-04-27,395.9300231933594,417.2699890136719,422.9200134277344,415.010009765625,417.239990234375,122030000
2022-04-28,405.93096923828125,427.80999755859375,429.6400146484375,417.6000061035156,422.2900085449219,105449100
2022-04-29,390.9294738769531,412.0,425.8699951171875,411.2099914550781,423.5899963378906,145491100
2022-05-02,393.28271484375,414.4800109863281,415.9200134277344,405.0199890136719,412.07000732421875,158312500
2022-05-03,395.0854797363281,416.3800048828125,418.92999267578125,413.3599853515625,415.010009765625,100028200
2022-05-04,407.1170349121094,429.05999755859375,429.6600036621094,413.7099914550781,417.0799865722656,144247900
2022-05-05,392.6469421386719,413.80999755859375,425.0,409.44000244140625,424.54998779296875,172929100
2022-05-06,390.30322265625,411.3399963378906,414.79998779296875,405.7300109863281,411.1000061035156,151770800
2022-05-09,377.8067932128906,398.1700134277344,406.4100036621094,396.5,405.1000061035156,155586100
2022-05-10,378.6797180175781,399.0899963378906,406.0799865722656,394.82000732421875,404.489990234375,132497200
2022-05-11,372.6639709472656,392.75,404.0400085449219,391.9599914550781,398.07000732421875,142361000
2022-05-12,372.2749328613281,392.3399963378906,395.79998779296875,385.1499938964844,389.3699951171875,125090800
2022-05-13,381.17523193359375,401.7200012207031,403.17999267578125,395.6099853515625,396.7099914550781,104174400
2022-05-16,379.62860107421875,400.0899963378906,403.9700012207031,397.6000061035156,399.9800109863281,78622400
2022-05-17,387.4377136230469,408.32000732421875,408.57000732421875,402.5799865722656,406.5299987792969,83029700
2022-05-18,371.8194580078125,391.8599853515625,403.79998779296875,390.54998779296875,403.5,117674500
2022-05-19,369.5422668457031,389.4599914550781,394.1400146484375,387.1099853515625,388.6199951171875,98510700
2022-05-20,369.70361328125,389.6300048828125,397.0299987792969,380.5400085449219,393.25,131432200
2022-05-23,376.6207580566406,396.9200134277344,397.7300109863281,390.3800048828125,392.8299865722656,76414900
2022-05-24,373.7456970214844,393.8900146484375,395.1499938964844,386.9599914550781,392.55999755859375,91448800
2022-05-25,377.0477294921875,397.3699951171875,399.45001220703125,391.8900146484375,392.30999755859375,91472900
2022-05-26,384.5816345214844,405.30999755859375,407.0400085449219,398.45001220703125,398.6700134277344,82168300
2022-05-27,394.0227966308594,415.260009765625,415.3800048828125,407.70001220703125,407.9100036621094,84768700
2022-05-31,391.81201171875,412.92999267578125,416.4599914550781,410.0299987792969,413.54998779296875,95937000
2022-06-01,388.6427001953125,409.5899963378906,416.239990234375,406.92999267578125,415.1700134277344,86585800
2022-06-02,396.0438537597656,417.3900146484375,417.44000244140625,407.0400085449219,409.4200134277344,79609600
2022-06-03,389.5442810058594,410.5400085449219,414.0400085449219,409.510009765625,412.3999938964844,71874300
2022-06-06,390.730224609375,411.7900085449219,416.6099853515625,410.54998779296875,414.7799987792969,57508900
2022-06-07,394.4781799316406,415.739990234375,416.2200012207031,407.6099853515625,408.1000061035156,59272400
2022-06-08,390.1893310546875,411.2200012207031,415.82000732421875,410.3800048828125,413.92999267578125,64350000
2022-06-09,380.9095764160156,401.44000244140625,411.739990234375,401.44000244140625,409.3399963378906,86289800
2022-06-10,369.8648376464844,389.79998779296875,395.7799987792969,389.75,394.8800048828125,132893900
2022-06-13,355.8217468261719,375.0,381.80999755859375,373.29998779296875,379.8500061035156,170004900
2022-06-14,354.7495422363281,373.8699951171875,377.94000244140625,370.5899963378906,376.8500061035156,104011800
2022-06-15,359.80694580078125,379.20001220703125,383.8999938964844,372.1199951171875,377.3599853515625,125666800
2022-06-16,347.8988342285156,366.6499938964844,370.94000244140625,364.0799865722656,370.510009765625,134473300
2022-06-17,348.6487121582031,365.8599853515625,369.3800048828125,362.1700134277344,365.510009765625,111113900
2022-06-21,357.4255676269531,375.07000732421875,376.5299987792969,371.80999755859375,371.8900146484375,76811900
2022-06-22,356.7775573730469,374.3900146484375,378.7200012207031,370.17999267578125,370.6199951171875,90059400
2022-06-23,360.27484130859375,378.05999755859375,378.8299865722656,372.8900146484375,376.6400146484375,79292100
2022-06-24,371.7293701171875,390.0799865722656,390.0899963378906,381.3699951171875,381.3999938964844,98050300
2022-06-27,370.30950927734375,388.5899963378906,391.3599853515625,387.44000244140625,391.04998779296875,66009600
2022-06-28,362.7430114746094,380.6499938964844,393.1600036621094,380.5299987792969,390.2300109863281,86548900
2022-06-29,362.4475402832031,380.3399963378906,382.2699890136719,378.4200134277344,381.2300109863281,65676000
2022-06-30,359.5029296875,377.25,380.6600036621094,372.55999755859375,376.239990234375,112508300
2022-07-01,363.30523681640625,381.239990234375,381.70001220703125,373.79998779296875,376.55999755859375,74839700
2022-07-05,363.9913635253906,381.9599914550781,381.9800109863281,372.8999938964844,375.8800048828125,81438000
2022-07-06,365.2206726074219,383.25,385.8699951171875,379.6000061035156,382.1099853515625,70426200
2022-07-07,370.6907043457031,388.989990234375,389.8299865722656,383.2699890136719,385.1199951171875,64525900
2022-07-08,370.3857727050781,388.6700134277344,390.6400146484375,385.6600036621094,387.2699890136719,72397800
2022-07-11,366.15460205078125,384.2300109863281,386.8699951171875,383.5,385.8500061035156,58366900
2022-07-12,362.91455078125,380.8299865722656,386.1600036621094,378.989990234375,383.6499938964844,62219200
2022-07-13,361.0086364746094,378.8299865722656,381.9200134277344,374.6600036621094,375.1000061035156,84224600
2022-07-14,360.1319274902344,377.9100036621094,379.04998779296875,371.0400085449219,373.6099853515625,89704800
2022-07-15,367.01226806640625,385.1300048828125,385.25,380.5400085449219,382.54998779296875,79060400
2022-07-18,363.98187255859375,381.95001220703125,389.0899963378906,380.6600036621094,388.3800048828125,63203600
2022-07-19,373.8163757324219,392.2699890136719,392.8699951171875,385.3900146484375,386.0799865722656,78506000
2022-07-20,376.19879150390625,394.7699890136719,396.260009765625,391.0299987792969,392.4700012207031,71843800
2022-07-21,380.0296325683594,398.7900085449219,398.8399963378906,391.6300048828125,394.1600036621094,64903900
2022-07-22,376.503662109375,395.0899963378906,400.17999267578125,392.75,398.9200134277344,72197300
2022-07-25,376.96112060546875,395.57000732421875,396.4700012207031,393.2099914550781,395.75,53631500
2022-07-26,372.50128173828125,390.8900146484375,394.05999755859375,389.95001220703125,393.8399963378906,52946400
2022-07-27,382.1737976074219,401.0400085449219,402.8800048828125,394.04998779296875,394.3599853515625,82342100
2022-07-28,386.9671936035156,406.07000732421875,406.79998779296875,398.1499938964844,401.8900146484375,73966600
2022-07-29,392.6086120605469,411.989990234375,413.0299987792969,406.7699890136719,407.5799865722656,87003700
2022-08-01,391.446044921875,410.7699890136719,413.4100036621094,408.3999938964844,409.1499938964844,69997500
2022-08-02,388.8636169433594,408.05999755859375,413.0,406.82000732421875,409.1199951171875,63435400
2022-08-03,394.9529724121094,414.45001220703125,415.67999267578125,410.0,410.29998779296875,67820600
2022-08-04,394.6861877441406,414.1700134277344,415.0899963378906,412.44000244140625,414.3699951171875,45656600
2022-08-05,394.01904296875,413.4700012207031,414.1499938964844,409.6000061035156,409.6600036621094,56814900
2022-08-08,393.5616149902344,412.989990234375,417.6199951171875,411.8299865722656,415.25,53886100
2022-08-09,391.99871826171875,411.3500061035156,412.75,410.2200012207031,412.2200012207031,44931800
2022-08-10,400.23236083984375,419.989990234375,420.1400146484375,416.7200012207031,418.7799987792969,68665700
2022-08-11,400.23236083984375,419.989990234375,424.95001220703125,419.2099914550781,422.989990234375,59489700
2022-08-12,407.0078125,427.1000061035156,427.2099914550781,421.0299987792969,422.0299987792969,61694500
2022-08-15,408.6850891113281,428.8599853515625,429.4100036621094,424.7099914550781,424.7699890136719,54048300
2022-08-16,409.485595703125,429.70001220703125,431.7300109863281,426.8800048828125,427.7300109863281,59289000
2022-08-17,406.5789794921875,426.6499938964844,429.5,424.5400085449219,425.9100036621094,63563400
2022-08-18,407.7607116699219,427.8900146484375,428.6099853515625,425.5,426.8599853515625,49023200
2022-08-19,402.28118896484375,422.1400146484375,425.260009765625,421.2200012207031,424.9800109863281,68016900
2022-08-22,393.90472412109375,413.3500061035156,417.2300109863281,412.3999938964844,417.04998779296875,77695600
2022-08-23,392.9517822265625,412.3500061035156,415.4200134277344,411.7699890136719,412.8999938964844,49105200
2022-08-24,394.2096862792969,413.6700134277344,415.1099853515625,411.3900146484375,412.1099853515625,49177800
2022-08-25,399.7749328613281,419.510009765625,419.55999755859375,414.0899963378906,415.239990234375,50942300
2022-08-26,386.242919921875,405.30999755859375,419.9599914550781,405.25,419.3900146484375,103087000
2022-08-29,383.6889953613281,402.6300048828125,405.8399963378906,401.20001220703125,402.20001220703125,65370800
2022-08-30,379.4769287109375,398.2099914550781,404.1000061035156,396.0,403.8500061035156,85652400
2022-08-31,376.58941650390625,395.17999267578125,401.239990234375,395.0400085449219,399.92999267578125,76029700
2022-09-01,377.77117919921875,396.4200134277344,396.7799987792969,390.0400085449219,392.8900146484375,78740100
2022-09-02,373.78778076171875,392.239990234375,401.55999755859375,390.3299865722656,400.2799987792969,99632100
2022-09-06,372.3774108886719,390.760009765625,394.1199951171875,388.4200134277344,393.1300048828125,76637400
2022-09-07,379.067138671875,397.7799987792969,398.5899963378906,390.20001220703125,390.42999267578125,70964200
2022-09-08,381.5448303222656,400.3800048828125,400.8599853515625,394.1199951171875,395.3900146484375,80821700
2022-09-09,387.4721984863281,406.6000061035156,407.510009765625,402.4599914550781,402.739990234375,76706900
2022-09-12,391.63665771484375,410.9700012207031,411.7300109863281,408.4599914550781,408.7799987792969,69256300
2022-09-13,374.60736083984375,393.1000061035156,403.1000061035156,391.9200134277344,401.8299865722656,122947100
2022-09-14,376.0367736816406,394.6000061035156,396.20001220703125,391.1199951171875,394.4700012207031,85023700
2022-09-15,371.7674865722656,390.1199951171875,395.9599914550781,388.7799987792969,392.9599914550781,87633800
2022-09-16,368.93133544921875,385.55999755859375,386.25,382.1099853515625,384.1400146484375,103084800
2022-09-19,371.7923583984375,388.54998779296875,388.54998779296875,382.17999267578125,382.260009765625,73278500
2022-09-20,367.5247802734375,384.0899963378906,386.1199951171875,381.20001220703125,385.05999755859375,77274900
2022-09-21,361.11370849609375,377.3900146484375,389.30999755859375,377.3800048828125,386.1099853515625,106746600
2022-09-22,358.0804443359375,374.2200012207031,378.29998779296875,373.44000244140625,376.5799865722656,89472600
2022-09-23,352.0808410644531,367.95001220703125,370.6199951171875,363.2900085449219,370.5799865722656,122346900
2022-09-26,348.59783935546875,364.30999755859375,370.2099914550781,363.0299987792969,366.4100036621094,92581200
2022-09-27,347.7079162597656,363.3800048828125,370.3999938964844,360.8699951171875,368.0199890136719,108294100
2022-09-28,354.5495300292969,370.5299987792969,372.29998779296875,362.6000061035156,364.3800048828125,110802200
2022-09-29,347.14337158203125,362.7900085449219,367.1099853515625,359.70001220703125,366.80999755859375,112952300
2022-09-30,341.77532958984375,357.17999267578125,365.9100036621094,357.0400085449219,361.79998779296875,153711200
2022-10-03,350.79864501953125,366.6099853515625,368.54998779296875,359.2099914550781,361.0799865722656,89756500
2022-10-04,361.668701171875,377.9700012207031,378.0,366.57000732421875,372.3999938964844,103602800
2022-10-05,360.8266296386719,377.0899963378906,379.4599914550781,370.95001220703125,373.3900146484375,88065700
2022-10-06,357.10443115234375,373.20001220703125,378.7200012207031,372.67999267578125,375.6199951171875,82333500
2022-10-07,347.14337158203125,362.7900085449219,373.2900085449219,360.94000244140625,368.9700012207031,107789500
2022-10-10,344.4927978515625,360.0199890136719,364.2099914550781,357.6700134277344,363.9599914550781,76042800
2022-10-11,342.3111877441406,357.739990234375,363.0299987792969,355.7099914550781,358.239990234375,92482800
2022-10-12,341.1820068359375,356.55999755859375,359.82000732421875,356.29998779296875,358.1700134277344,76991800
2022-10-13,350.1861877441406,365.9700012207031,367.510009765625,348.1099853515625,349.2099914550781,147254500
2022-10-14,342.20587158203125,357.6300048828125,370.260009765625,356.9599914550781,368.54998779296875,123737000
2022-10-17,350.9995422363281,366.82000732421875,367.9800109863281,357.2799987792969,364.010009765625,93168200
2022-10-18,355.1236877441406,371.1300048828125,375.45001220703125,367.5199890136719,375.1300048828125,97162900
2022-10-19,352.60711669921875,368.5,371.8500061035156,365.54998779296875,368.989990234375,79746900
2022-10-20,349.6503601074219,365.4100036621094,372.6700134277344,364.6099853515625,368.0299987792969,88283100
2022-10-21,358.1474304199219,374.2900085449219,374.79998779296875,363.5400085449219,365.1199951171875,131038400
2022-10-24,362.5298156738281,378.8699951171875,380.05999755859375,373.1099853515625,375.8900146484375,85436900
2022-10-25,368.3189697265625,384.9200134277344,385.25,378.6700134277344,378.7900085449219,78846300
2022-10-26,365.5439758300781,382.0199890136719,387.5799865722656,381.3500061035156,381.6199951171875,104087300
2022-10-27,363.5920104980469,379.9800109863281,385.0,379.3299865722656,383.07000732421875,81971800
2022-10-28,372.2420959472656,389.0199890136719,389.5199890136719,379.67999267578125,379.8699951171875,100302000
2022-10-31,369.5532531738281,386.2099914550781,388.3999938964844,385.260009765625,386.44000244140625,96631300
2022-11-01,367.9361572265625,384.5199890136719,390.3900146484375,383.2900085449219,390.1400146484375,85407600
2022-11-02,358.702392578125,374.8699951171875,388.6300048828125,374.760009765625,383.8999938964844,126990400
2022-11-03,355.00885009765625,371.010009765625,374.20001220703125,368.7900085449219,371.4700012207031,87100100
2022-11-04,360.1184997558594,376.3500061035156,378.8699951171875,370.0,377.0,103505200
2022-11-07,363.5633239746094,379.95001220703125,380.57000732421875,375.5299987792969,377.7099914550781,68286900
2022-11-08,365.52490234375,382.0,385.1199951171875,377.7200012207031,381.1099853515625,84641100
2022-11-09,357.9942626953125,374.1300048828125,381.1400146484375,373.6099853515625,379.92999267578125,78495500
2022-11-10,377.6675720214844,394.69000244140625,395.0400085449219,385.6400146484375,388.04998779296875,141455800
2022-11-11,381.32281494140625,398.510009765625,399.3500061035156,393.6099853515625,395.5899963378906,93839900
2022-11-14,378.0790100097656,395.1199951171875,400.17999267578125,394.8299865722656,396.6600036621094,71903500
2022-11-15,381.3036804199219,398.489990234375,402.30999755859375,394.489990234375,401.1499938964844,93194500
2022-11-16,378.3948059082031,395.45001220703125,397.7799987792969,394.7900085449219,396.7799987792969,68508500
2022-11-17,377.2370300292969,394.239990234375,394.95001220703125,390.1400146484375,390.4599914550781,74496300
2022-11-18,378.9497375488281,396.0299987792969,397.80999755859375,393.0400085449219,397.739990234375,92922500
2022-11-21,377.5718994140625,394.5899963378906,395.82000732421875,392.6600036621094,394.6400146484375,51243200
2022-11-22,382.65289306640625,399.8999938964844,400.07000732421875,395.1499938964844,396.6300048828125,60429000
2022-11-23,385.06414794921875,402.4200134277344,402.92999267578125,399.30999755859375,399.54998779296875,68261600
2022-11-25,384.9780578613281,402.3299865722656,402.9100036621094,401.5400085449219,401.8299865722656,30545400
2022-11-28,378.8349609375,395.9100036621094,400.80999755859375,395.1099853515625,399.0899963378906,67881600
2022-11-29,378.18426513671875,395.2300109863281,397.29998779296875,393.29998779296875,396.04998779296875,52310000
2022-11-30,390.0972900390625,407.67999267578125,407.67999267578125,393.4800109863281,395.489990234375,144566700
2022-12-01,389.81024169921875,407.3800048828125,410.0,404.75,408.7699890136719,76398200
2022-12-02,389.3605041503906,406.9100036621094,407.8599853515625,402.1400146484375,402.25,85342700
2022-12-05,382.35626220703125,399.5899963378906,404.92999267578125,398.1700134277344,403.95001220703125,77289800
2022-12-06,376.8446044921875,393.8299865722656,399.989990234375,391.6400146484375,399.4200134277344,77972200
2022-12-07,376.20355224609375,393.1600036621094,395.6400146484375,391.9700012207031,392.94000244140625,65927900
2022-12-08,379.1507263183594,396.239990234375,397.3599853515625,393.2699890136719,395.1400146484375,60737900
2022-12-09,376.3183898925781,393.2799987792969,397.6199951171875,393.1499938964844,394.94000244140625,81447700
2022-12-12,381.74383544921875,398.95001220703125,398.95001220703125,393.4100036621094,394.1099853515625,75405800
2022-12-13,384.6335754394531,401.9700012207031,410.489990234375,399.07000732421875,410.2200012207031,123782500
2022-12-14,382.1744384765625,399.3999938964844,405.5,396.30999755859375,401.6099853515625,108111300
2022-12-15,372.8258056640625,389.6300048828125,395.25,387.8900146484375,394.29998779296875,117705900
2022-12-16,368.42413330078125,383.2699890136719,386.5799865722656,381.0400085449219,385.17999267578125,119858000
2022-12-19,365.3000793457031,380.0199890136719,383.82000732421875,378.2799987792969,383.4700012207031,79878100
2022-12-20,365.7999267578125,380.5400085449219,382.2300109863281,377.8500061035156,379.2300109863281,74427200
2022-12-21,371.2695007324219,386.2300109863281,387.4100036621094,382.69000244140625,383.25,78167400
2022-12-22,365.9729309082031,380.7200012207031,386.2099914550781,374.7699890136719,383.04998779296875,100120900
2022-12-23,368.0781555175781,382.9100036621094,383.05999755859375,378.0299987792969,379.6499938964844,59857300
2022-12-27,366.6265869140625,381.3999938964844,383.1499938964844,379.6499938964844,382.7900085449219,51638200
2022-12-28,362.07025146484375,376.6600036621094,383.3900146484375,376.4200134277344,381.3299865722656,70911500
2022-12-29,368.5875549316406,383.44000244140625,384.3500061035156,379.0799865722656,379.6300048828125,66970900
2022-12-30,367.61669921875,382.42999267578125,382.5799865722656,378.42999267578125,380.6400146484375,84022200
2023-01-03,366.0690612792969,380.82000732421875,386.42999267578125,377.8299865722656,384.3699951171875,74850700
2023-01-04,368.89520263671875,383.760009765625,385.8800048828125,380.0,383.17999267578125,85934100
2023-01-05,364.68487548828125,379.3800048828125,381.8399963378906,378.760009765625,381.7200012207031,76970500
2023-01-06,373.0478820800781,388.0799865722656,389.25,379.4100036621094,382.6099853515625,104189600
2023-01-09,372.83636474609375,387.8599853515625,393.70001220703125,387.6700134277344,390.3699951171875,73978100
2023-01-10,375.4509582519531,390.5799865722656,390.6499938964844,386.2699890136719,387.25,65358100
2023-01-11,380.19964599609375,395.5199890136719,395.6000061035156,391.3800048828125,392.2300109863281,68881100
2023-01-12,381.5838623046875,396.9599914550781,398.489990234375,392.4200134277344,396.6700134277344,90157700
2023-01-13,383.0642395019531,398.5,399.1000061035156,393.3399963378906,393.6199951171875,63903900
2023-01-17,382.362548828125,397.7699890136719,400.2300109863281,397.05999755859375,398.4800109863281,62677300
2023-01-18,376.32574462890625,391.489990234375,400.1199951171875,391.2799987792969,399.010009765625,99632300
2023-01-19,373.586181640625,388.6400146484375,391.0799865722656,387.260009765625,389.3599853515625,86958900
2023-01-20,380.5457458496094,395.8800048828125,396.0400085449219,388.3800048828125,390.1000061035156,91806400
2023-01-23,385.1117248535156,400.6300048828125,402.6499938964844,395.7200012207031,396.7200012207031,84178800
2023-01-24,384.6983642578125,400.20001220703125,401.1499938964844,397.6400146484375,398.8800048828125,59524900
2023-01-25,384.84259033203125,400.3500061035156,400.70001220703125,393.55999755859375,395.95001220703125,84800300
2023-01-26,389.0721740722656,404.75,404.9200134277344,400.0299987792969,403.1300048828125,72287400
2023-01-27,389.96612548828125,405.67999267578125,408.1600036621094,403.44000244140625,403.6600036621094,68346200
2023-01-30,385.0732421875,400.5899963378906,405.1300048828125,400.2799987792969,402.79998779296875,74202000
2023-01-31,390.73516845703125,406.4800109863281,406.5299987792969,400.7699890136719,401.1300048828125,86811800
2023-02-01,394.88775634765625,410.79998779296875,413.6700134277344,402.3500061035156,405.2099914550781,101459200
2023-02-02,400.6361999511719,416.7799987792969,418.30999755859375,412.8800048828125,414.8599853515625,101654500
2023-02-03,396.37774658203125,412.3500061035156,416.9700012207031,411.0899963378906,411.5899963378906,94736800
2023-02-06,393.9554138183594,409.8299865722656,411.2900085449219,408.1000061035156,409.7900085449219,60295300
2023-02-07,399.1077880859375,415.19000244140625,416.489990234375,407.57000732421875,408.8699951171875,90990700
2023-02-08,394.7436218261719,410.6499938964844,414.5299987792969,409.92999267578125,413.1300048828125,76227500
2023-02-09,391.32147216796875,407.0899963378906,414.57000732421875,405.80999755859375,414.4100036621094,78694900
2023-02-10,392.23468017578125,408.0400085449219,408.44000244140625,405.010009765625,405.8599853515625,70769700
2023-02-13,396.8391418457031,412.8299865722656,412.9700012207031,408.239990234375,408.7200012207031,64913500
2023-02-14,396.6565856933594,412.6400146484375,415.04998779296875,408.510009765625,411.239990234375,88389300
2023-02-15,397.9446716308594,413.9800109863281,414.05999755859375,409.4700012207031,410.3500061035156,61555700
2023-02-16,392.46539306640625,408.2799987792969,412.9100036621094,408.1400146484375,408.7900085449219,76431500
2023-02-17,391.4848937988281,407.260009765625,407.510009765625,404.04998779296875,406.05999755859375,89257800
2023-02-21,383.63140869140625,399.0899963378906,404.1600036621094,398.82000732421875,403.05999755859375,82655900
2023-02-22,383.1026916503906,398.5400085449219,401.1300048828125,397.0199890136719,399.5199890136719,83742300
2023-02-23,385.14056396484375,400.6600036621094,402.20001220703125,396.25,401.55999755859375,96242400
2023-02-24,381.0263671875,396.3800048828125,397.25,393.6400146484375,395.4200134277344,108194400
2023-02-27,382.3240661621094,397.7300109863281,401.2900085449219,396.75,399.8699951171875,80444700
2023-02-28,380.9109802246094,396.260009765625,399.2799987792969,396.1499938964844,397.2300109863281,96438600
2023-03-01,379.4498596191406,394.739990234375,396.69000244140625,393.3800048828125,395.4100036621094,99706800
2023-03-02,382.40093994140625,397.80999755859375,398.69000244140625,392.3299865722656,392.67999267578125,85127800
2023-03-03,388.53387451171875,404.19000244140625,404.45001220703125,399.0299987792969,399.7099914550781,90120000
2023-03-06,388.80303955078125,404.4700012207031,407.45001220703125,404.010009765625,405.04998779296875,72795900
2023-03-07,382.8431396484375,398.2699890136719,404.6700134277344,397.6300048828125,404.4200134277344,108310600
2023-03-08,383.4679870605469,398.9200134277344,399.7099914550781,396.5899963378906,398.3900146484375,74746600
2023-03-09,376.3930358886719,391.55999755859375,401.4800109863281,390.5299987792969,399.739990234375,111945300
2023-03-10,370.9619445800781,385.9100036621094,393.1600036621094,384.32000732421875,390.989990234375,189253000
2023-03-13,370.43316650390625,385.3599853515625,390.3900146484375,380.6499938964844,381.80999755859375,157790000
2023-03-14,376.55645751953125,391.7300109863281,393.45001220703125,387.04998779296875,390.5,149752400
2023-03-15,374.2013854980469,389.2799987792969,389.489990234375,383.7099914550781,385.8900146484375,172996900
2023-03-16,380.76678466796875,396.1099853515625,396.4700012207031,386.2900085449219,386.82000732421875,143254200
2023-03-17,376.31463623046875,389.989990234375,394.3999938964844,388.54998779296875,393.2200012207031,140553400
2023-03-20,379.9331359863281,393.739990234375,394.1700134277344,390.07000732421875,390.79998779296875,93055800
2023-03-21,384.9218444824219,398.9100036621094,399.4100036621094,395.5799865722656,397.239990234375,91524200
2023-03-22,378.3602294921875,392.1099853515625,402.489990234375,392.07000732421875,398.7300109863281,111746600
2023-03-23,379.3830871582031,393.1700134277344,399.2900085449219,390.3500061035156,395.0899963378906,119351300
2023-03-24,381.8725891113281,395.75,395.8399963378906,389.3999938964844,391.8399963378906,107682400
2023-03-27,382.5867004394531,396.489990234375,398.9200134277344,395.55999755859375,398.1199951171875,74010400
2023-03-28,381.7279052734375,395.6000061035156,396.489990234375,393.69000244140625,395.7699890136719,62871700
2023-03-29,387.2762451171875,401.3500061035156,401.6000061035156,398.67999267578125,399.92999267578125,77497900
2023-03-30,389.54388427734375,403.70001220703125,404.3500061035156,401.760009765625,404.0899963378906,69840000
2023-03-31,395.0343322753906,409.3900146484375,409.70001220703125,404.54998779296875,404.6600036621094,112062600
2023-04-03,396.53961181640625,410.95001220703125,411.3699951171875,408.44000244140625,408.8500061035156,67391100
2023-04-04,394.339599609375,408.6700134277344,411.9200134277344,407.239990234375,411.6199951171875,66601500
2023-04-05,393.30712890625,407.6000061035156,408.70001220703125,405.8800048828125,407.9100036621094,65200200
2023-04-06,394.8414001464844,409.19000244140625,409.4800109863281,405.67999267578125,406.7699890136719,63743300
2023-04-10,395.24664306640625,409.6099853515625,409.69000244140625,405.9700012207031,406.6099853515625,63681000
2023-04-11,395.35284423828125,409.7200012207031,411.17999267578125,408.9200134277344,410.260009765625,59297900
2023-04-12,393.7413024902344,408.04998779296875,412.1700134277344,407.44000244140625,411.8699951171875,86420400
2023-04-13,398.97125244140625,413.4700012207031,413.8399963378906,407.989990234375,409.17999267578125,85814800
2023-04-14,397.9967346191406,412.4599914550781,415.0899963378906,410.05999755859375,412.80999755859375,78161500
2023-04-17,399.42474365234375,413.94000244140625,413.9599914550781,411.0899963378906,412.3699951171875,66436400
2023-04-18,399.6853332519531,414.2099914550781,415.7200012207031,412.7799987792969,415.5799865722656,63560000
2023-04-19,399.6178283691406,414.1400146484375,415.0799865722656,412.1600036621094,412.2200012207031,55227300
2023-04-20,397.43701171875,411.8800048828125,413.70001220703125,410.2699890136719,411.2099914550781,75840400
2023-04-21,397.7458190917969,412.20001220703125,412.67999267578125,410.1700134277344,412.19000244140625,73457400
2023-04-24,398.1607360839844,412.6300048828125,413.07000732421875,410.6000061035156,411.989990234375,64332100
2023-04-25,391.8404235839844,406.0799865722656,411.1600036621094,406.0199890136719,410.5799865722656,97766700
2023-04-26,390.18072509765625,404.3599853515625,407.8399963378906,403.7799987792969,406.7200012207031,80447000
2023-04-27,397.9484558105469,412.4100036621094,412.69000244140625,406.739990234375,407.0,92968400
2023-04-28,401.344970703125,415.92999267578125,415.94000244140625,411.42999267578125,411.489990234375,89433100
2023-05-01,400.93975830078125,415.510009765625,417.6199951171875,415.2699890136719,415.4700012207031,62122300
2023-05-02,396.4334716796875,410.8399963378906,414.82000732421875,407.82000732421875,414.7699890136719,103998500
2023-05-03,393.7123718261719,408.0199890136719,413.8699951171875,407.7699890136719,411.3599853515625,91531800
2023-05-04,390.9237060546875,405.1300048828125,407.2699890136719,403.739990234375,406.92999267578125,94901900
2023-05-05,398.1607360839844,412.6300048828125,413.7200012207031,408.6400146484375,408.9100036621094,87891800
2023-05-08,398.2668762207031,412.739990234375,413.239990234375,411.2799987792969,412.9700012207031,50046800
2023-05-09,396.52032470703125,410.92999267578125,412.0899963378906,410.69000244140625,411.1300048828125,49220100
2023-05-10,398.373046875,412.8500061035156,414.5400085449219,408.8699951171875,413.8800048828125,96142900
2023-05-11,397.67828369140625,412.1300048828125,412.42999267578125,409.9700012207031,411.95001220703125,70157100
2023-05-12,397.1572265625,411.5899963378906,413.6400146484375,409.07000732421875,413.4200134277344,70481500
2023-05-15,398.5274353027344,413.010009765625,413.42999267578125,410.2300109863281,412.2200012207031,54289400
2023-05-16,395.8641662597656,410.25,412.82000732421875,410.239990234375,411.8599853515625,57705500
2023-05-17,400.6695861816406,415.2300109863281,415.8599853515625,410.6400146484375,412.3500061035156,87287000
2023-05-18,404.52935791015625,419.2300109863281,419.6700134277344,414.6700134277344,414.8999938964844,97177200
2023-05-19,403.940673828125,418.6199951171875,420.7200012207031,417.3500061035156,420.1700134277344,103793300
2023-05-22,404.1046447753906,418.7900085449219,420.3900146484375,417.3500061035156,418.6400146484375,60745400
2023-05-23,399.569580078125,414.0899963378906,418.7200012207031,413.67999267578125,417.0799865722656,86383500
2023-05-24,396.67474365234375,411.0899963378906,412.82000732421875,409.8800048828125,412.4200134277344,89213700
2023-05-25,400.10992431640625,414.6499938964844,416.1600036621094,412.4100036621094,414.739990234375,90961600
2023-05-26,405.2915954589844,420.0199890136719,420.7699890136719,415.25,415.3299865722656,93830000
2023-05-30,405.4459533691406,420.17999267578125,422.5799865722656,418.739990234375,422.0299987792969,72216000
2023-05-31,403.19769287109375,417.8500061035156,419.2200012207031,416.2200012207031,418.2799987792969,110811800
2023-06-01,407.0284423828125,421.82000732421875,422.9200134277344,416.7900085449219,418.0899963378906,88865000
2023-06-02,412.91461181640625,427.9200134277344,428.739990234375,423.95001220703125,424.5,91426200
2023-06-05,412.12335205078125,427.1000061035156,429.6199951171875,426.3699951171875,428.2799987792969,65460200
2023-06-06,413.0206604003906,428.0299987792969,428.5799865722656,425.989990234375,426.6700134277344,64022200
2023-06-07,411.5926208496094,426.54998779296875,429.6199951171875,426.1099853515625,428.44000244140625,85373300
2023-06-08,414.0821533203125,429.1300048828125,429.6000061035156,425.82000732421875,426.6199951171875,61952800
2023-06-09,414.8251647949219,429.8999938964844,431.989990234375,428.8699951171875,429.9599914550781,85742800
2023-06-12,418.58837890625,433.79998779296875,433.8800048828125,430.1700134277344,430.9200134277344,76104300
2023-06-13,421.34808349609375,436.6600036621094,437.3299865722656,434.6300048828125,435.32000732421875,95899700
2023-06-14,421.849853515625,437.17999267578125,439.05999755859375,433.5899963378906,437.010009765625,100612100
2023-06-15,427.079833984375,442.6000061035156,443.8999938964844,436.2300109863281,436.3299865722656,110303100
2023-06-16,425.6251220703125,439.4599914550781,443.6099853515625,438.9700012207031,443.0199890136719,114165800
2023-06-20,423.4168701171875,437.17999267578125,438.3699951171875,435.0299987792969,437.45001220703125,76160400
2023-06-21,421.2474060058594,434.94000244140625,436.989990234375,434.3299865722656,436.1600036621094,76982300
2023-06-22,422.7679443359375,436.510009765625,436.6199951171875,433.6000061035156,433.95001220703125,70637200
2023-06-23,419.5718688964844,433.2099914550781,435.05999755859375,432.4700012207031,432.92999267578125,92074500
2023-06-26,417.8575744628906,431.44000244140625,434.6099853515625,431.19000244140625,432.6199951171875,72823600
2023-06-27,422.4386901855469,436.1700134277344,436.80999755859375,431.8800048828125,432.3500061035156,72813700
2023-06-28,422.6517639160156,436.3900146484375,437.44000244140625,434.4100036621094,435.04998779296875,75636000
2023-06-29,424.3175354003906,438.1099853515625,438.2799987792969,435.5400085449219,435.9599914550781,67882300
2023-06-30,429.3248596191406,443.2799987792969,444.29998779296875,441.1099853515625,441.44000244140625,104964000
2023-07-03,429.8187561035156,443.7900085449219,444.0799865722656,442.6300048828125,442.9200134277344,32793400
2023-07-05,429.17950439453125,443.1300048828125,443.8900146484375,441.8999938964844,441.9100036621094,58418400
2023-07-06,425.81878662109375,439.6600036621094,440.1000061035156,437.05999755859375,439.4200134277344,80658300
2023-07-07,424.74371337890625,438.54998779296875,442.6400146484375,438.29998779296875,438.6300048828125,86134200
2023-07-10,425.81878662109375,439.6600036621094,439.8399963378906,437.5899963378906,438.17999267578125,62443500
2023-07-11,428.5306701660156,442.4599914550781,442.9700012207031,439.44000244140625,440.45001220703125,64463800
2023-07-12,431.9785461425781,446.0199890136719,447.4800109863281,444.9100036621094,446.3900146484375,91924500
2023-07-13,435.4071350097656,449.55999755859375,450.3800048828125,447.45001220703125,447.8999938964844,72425200
2023-07-14,435.1359558105469,449.2799987792969,451.3599853515625,448.489990234375,450.4800109863281,69815800
2023-07-17,436.6468200683594,450.8399963378906,451.92999267578125,449.0799865722656,449.1300048828125,52680200
2023-07-18,439.8913269042969,454.19000244140625,454.8599853515625,450.04998779296875,450.5,80668200
2023-07-19,440.8695373535156,455.20001220703125,456.42999267578125,454.1099853515625,455.010009765625,65891700
2023-07-20,437.944580078125,452.17999267578125,455.1000061035156,451.44000244140625,454.1700134277344,70591600
2023-07-21,437.944580078125,452.17999267578125,454.1700134277344,452.1700134277344,453.9599914550781,71275600
2023-07-24,439.9010314941406,454.20001220703125,455.0400085449219,452.29998779296875,453.3699951171875,54023400
2023-07-25,441.10198974609375,455.44000244140625,456.739990234375,453.8699951171875,453.9200134277344,55191200
2023-07-26,441.1698303222656,455.510009765625,456.989990234375,453.3800048828125,454.4700012207031,71052900
2023-07-27,438.244873046875,452.489990234375,459.44000244140625,451.54998779296875,459.0199890136719,92194400
2023-07-28,442.535400390625,456.9200134277344,457.7799987792969,452.489990234375,455.8800048828125,80011800
2023-07-31,443.3780517578125,457.7900085449219,458.1600036621094,456.04998779296875,457.4100036621094,62040400
2023-08-01,442.1092834472656,456.4800109863281,457.25,455.489990234375,456.2699890136719,55291500
2023-08-02,435.95916748046875,450.1300048828125,453.5199890136719,449.3500061035156,453.25,93933400
2023-08-03,434.70977783203125,448.8399963378906,450.7900085449219,447.3699951171875,448.0400085449219,64276100
2023-08-04,432.7436828613281,446.80999755859375,452.8999938964844,446.2699890136719,450.7200012207031,100128900
2023-08-07,436.5208740234375,450.7099914550781,450.8699951171875,447.989990234375,448.7099914550781,58357500
2023-08-08,434.62261962890625,448.75,450.70001220703125,445.2699890136719,448.0799865722656,71361300
2023-08-09,431.7170104980469,445.75,449.20001220703125,444.9599914550781,449.0299987792969,78789600
2023-08-10,431.87200927734375,445.9100036621094,451.70001220703125,444.70001220703125,448.19000244140625,93005500
2023-08-11,431.62017822265625,445.6499938964844,446.70001220703125,443.3500061035156,443.9700012207031,68690900
2023-08-14,434.0027770996094,448.1099853515625,448.1099853515625,444.3800048828125,444.70001220703125,47867400
2023-08-15,428.9471130371094,442.8900146484375,446.6400146484375,442.29998779296875,446.2699890136719,75707500
2023-08-16,425.7994079589844,439.6400146484375,444.17999267578125,439.5299987792969,442.4599914550781,80107200
2023-08-17,422.554931640625,436.2900085449219,441.42999267578125,435.75,441.1600036621094,95711300
2023-08-18,422.7582702636719,436.5,437.57000732421875,433.010009765625,433.3699951171875,98852000
2023-08-21,425.5089111328125,439.3399963378906,440.1099853515625,435.32000732421875,437.54998779296875,68719000
2023-08-22,424.3563232421875,438.1499938964844,441.17999267578125,437.57000732421875,441.17999267578125,64994200
2023-08-23,429.08270263671875,443.0299987792969,443.6700134277344,439.1000061035156,439.25,68441000
2023-08-24,423.135986328125,436.8900146484375,445.2200012207031,436.8599853515625,444.69000244140625,88517300
2023-08-25,426.1190185546875,439.9700012207031,441.29998779296875,435.0,438.67999267578125,102325100
2023-08-28,428.8211975097656,442.760009765625,443.3999938964844,439.9700012207031,442.239990234375,61595400
2023-08-29,435.01971435546875,449.1600036621094,449.45001220703125,442.4599914550781,442.6499938964844,83081900
2023-08-30,436.8114318847656,451.010009765625,451.6700134277344,448.7799987792969,449.510009765625,69053900
2023-08-31,436.1722412109375,450.3500061035156,452.8299865722656,450.1600036621094,451.6499938964844,66084600
2023-09-01,436.98577880859375,451.19000244140625,453.6700134277344,449.67999267578125,453.1700134277344,58944100
2023-09-05,435.09716796875,449.239990234375,451.05999755859375,449.1700134277344,450.7300109863281,55166200
2023-09-06,432.1722717285156,446.2200012207031,448.510009765625,443.80999755859375,448.3999938964844,70758500
2023-09-07,430.84539794921875,444.8500061035156,445.54998779296875,442.75,443.1099853515625,70355400
2023-09-08,431.4942932128906,445.5199890136719,447.1099853515625,444.5299987792969,444.8999938964844,61659700
2023-09-11,434.33209228515625,448.45001220703125,448.7699890136719,446.4700012207031,448.239990234375,60180100
2023-09-12,431.949462890625,445.989990234375,448.5299987792969,445.3900146484375,446.95001220703125,67565400
2023-09-13,432.4531555175781,446.510009765625,447.7099914550781,445.0799865722656,446.2200012207031,60199300
2023-09-14,436.1819152832031,450.3599853515625,451.0799865722656,447.7200012207031,449.07000732421875,83430800
2023-09-15,430.9266357421875,443.3699951171875,447.4800109863281,442.9200134277344,447.1400146484375,111848900
2023-09-18,431.17938232421875,443.6300048828125,444.9700012207031,442.55999755859375,443.04998779296875,55752200
2023-09-19,430.28521728515625,442.7099914550781,443.2900085449219,439.94000244140625,442.67999267578125,66514600
2023-09-20,426.3294982910156,438.6400146484375,444.44000244140625,438.42999267578125,444.010009765625,82562600
2023-09-21,419.2828369140625,431.3900146484375,435.9700012207031,431.2300109863281,435.70001220703125,104095800
2023-09-22,418.340087890625,430.4200134277344,434.1000061035156,429.989990234375,432.45001220703125,100829700
2023-09-25,420.0993347167969,432.2300109863281,432.2699890136719,428.7200012207031,429.1700134277344,70874500
2023-09-26,413.9275817871094,425.8800048828125,429.82000732421875,425.0199890136719,429.0899963378906,96168400
2023-09-27,414.0927429199219,426.04998779296875,427.6700134277344,422.2900085449219,427.0899963378906,104705800
2023-09-28,416.4934387207031,428.5199890136719,430.25,424.8699951171875,425.4800109863281,92258300
2023-09-29,415.4826965332031,427.4800109863281,431.8500061035156,425.9100036621094,431.6700134277344,115111300
2023-10-02,415.3173828125,427.30999755859375,428.6000061035156,424.4599914550781,426.6199951171875,83798600
2023-10-03,409.7579345703125,421.5899963378906,427.3699951171875,420.17999267578125,425.05999755859375,103760600
2023-10-04,412.74176025390625,424.6600036621094,425.42999267578125,420.55999755859375,422.07000732421875,87453000
2023-10-05,412.5862731933594,424.5,425.3699951171875,421.1700134277344,424.3599853515625,70142700
2023-10-06,417.4848327636719,429.5400085449219,431.1300048828125,420.6000061035156,421.9700012207031,113273300
2023-10-09,420.1576232910156,432.2900085449219,432.8800048828125,427.010009765625,427.5799865722656,80374400
2023-10-10,422.344482421875,434.5400085449219,437.2200012207031,432.5299987792969,432.94000244140625,78607300
2023-10-11,424.0745544433594,436.32000732421875,436.5799865722656,433.17999267578125,435.6400146484375,62451700
2023-10-12,421.4892272949219,433.6600036621094,437.3399963378906,431.2300109863281,436.95001220703125,81154200
2023-10-13,419.3898010253906,431.5,436.45001220703125,429.8800048828125,435.2099914550781,95143100
2023-10-16,423.8023681640625,436.0400085449219,437.1400146484375,433.57000732421875,433.82000732421875,75433200
2023-10-17,423.78289794921875,436.0199890136719,438.1400146484375,432.45001220703125,432.80999755859375,75324700
2023-10-18,418.135986328125,430.2099914550781,435.17999267578125,429.0899963378906,434.19000244140625,93559800
2023-10-19,414.4620666503906,426.42999267578125,432.82000732421875,425.7300109863281,430.95001220703125,121323000
2023-10-20,409.3691711425781,421.19000244140625,426.5400085449219,421.0799865722656,425.9800109863281,123919900
2023-10-23,408.6596374511719,420.4599914550781,424.45001220703125,417.79998779296875,419.6099853515625,92035100
2023-10-24,411.74066162109375,423.6300048828125,424.82000732421875,420.739990234375,422.6499938964844,78564200
2023-10-25,405.8312683105469,417.54998779296875,421.9200134277344,417.0199890136719,421.8900146484375,94223200
2023-10-26,400.9716491699219,412.54998779296875,417.3299865722656,411.6000061035156,416.45001220703125,115156800
2023-10-27,399.15411376953125,410.67999267578125,414.6000061035156,409.2099914550781,414.19000244140625,107367700
2023-10-30,403.9263000488281,415.5899963378906,416.67999267578125,412.2200012207031,413.55999755859375,86562700
2023-10-31,406.4631042480469,418.20001220703125,418.5299987792969,414.2099914550781,416.17999267578125,79665200
2023-11-01,410.79791259765625,422.6600036621094,423.5,418.6499938964844,419.20001220703125,98068100
2023-11-02,418.6705627441406,430.760009765625,430.9200134277344,426.55999755859375,426.5799865722656,94938900
2023-11-03,422.49029541015625,434.69000244140625,436.2900085449219,433.010009765625,433.1400146484375,100167800
2023-11-06,423.4621887207031,435.69000244140625,436.1499938964844,433.67999267578125,435.4700012207031,67831700
2023-11-07,424.6673889160156,436.92999267578125,437.5899963378906,434.510009765625,435.69000244140625,64256100
2023-11-08,424.97845458984375,437.25,438.0899963378906,434.8699951171875,437.54998779296875,61746000
2023-11-09,421.6641540527344,433.8399963378906,438.4700012207031,433.3999938964844,438.42999267578125,83174400
2023-11-10,428.244140625,440.6099853515625,440.92999267578125,433.8299865722656,435.9800109863281,89462200
2023-11-13,427.8359680175781,440.19000244140625,441.3299865722656,438.4200134277344,439.2300109863281,52236100
2023-11-14,436.1362609863281,448.7300109863281,450.05999755859375,446.0899963378906,446.32000732421875,97176900
2023-11-15,437.0596008300781,449.67999267578125,451.3800048828125,448.79998779296875,450.1099853515625,77327600
2023-11-16,437.5941467285156,450.2300109863281,450.55999755859375,448.1199951171875,449.2200012207031,66665800
2023-11-17,438.1383972167969,450.7900085449219,451.4200134277344,449.2900085449219,450.239990234375,83133200
2023-11-20,441.51104736328125,454.260009765625,455.1300048828125,450.5199890136719,450.5299987792969,69936200
2023-11-21,440.5487976074219,453.2699890136719,454.1300048828125,451.9599914550781,453.17999267578125,49244600
2023-11-22,442.24969482421875,455.0199890136719,456.3800048828125,453.8900146484375,454.9800109863281,59394900
2023-11-24,442.5218505859375,455.29998779296875,455.5,454.7300109863281,455.07000732421875,29737400
2023-11-27,441.724853515625,454.4800109863281,455.489990234375,454.0799865722656,454.6499938964844,50506000
2023-11-28,442.1622009277344,454.92999267578125,456.2699890136719,453.5,454.0799865722656,62115000
2023-11-29,441.8511962890625,454.6099853515625,458.32000732421875,454.20001220703125,457.1499938964844,63146000
2023-11-30,443.5909729003906,456.3999938964844,456.760009765625,453.3399963378906,455.4800109863281,79752700
2023-12-01,446.2152404785156,459.1000061035156,459.6499938964844,455.1600036621094,455.7699890136719,89183400
2023-12-04,443.872802734375,456.69000244140625,459.1199951171875,454.3399963378906,455.6000061035156,72430900
2023-12-05,443.78533935546875,456.6000061035156,457.5899963378906,454.8699951171875,455.260009765625,69793500
2023-12-06,441.9970703125,454.760009765625,458.8399963378906,454.30999755859375,458.80999755859375,69124700
2023-12-07,445.36962890625,458.2300109863281,458.8999938964844,456.2900085449219,456.9100036621094,66995400
2023-12-08,447.2843017578125,460.20001220703125,460.75,457.2099914550781,457.4599914550781,83194400
2023-12-11,449.02410888671875,461.989990234375,462.1700134277344,459.4700012207031,459.69000244140625,65002200
2023-12-12,451.0749206542969,464.1000061035156,464.20001220703125,460.6000061035156,461.6300048828125,68327600
2023-12-13,457.29522705078125,470.5,470.760009765625,464.1199951171875,464.489990234375,93278000
2023-12-14,458.76287841796875,472.010009765625,473.7300109863281,469.25,472.5,119026000
2023-12-15,458.0075988769531,469.3299865722656,470.70001220703125,467.42999267578125,469.489990234375,141553700
2023-12-18,460.5838317871094,471.9700012207031,472.9800109863281,469.8900146484375,470.9800109863281,70375300
2023-12-19,463.3846130371094,474.8399963378906,474.9200134277344,472.45001220703125,472.5299987792969,55761800
2023-12-20,456.96337890625,468.260009765625,475.8999938964844,467.82000732421875,473.9599914550781,102921000
2023-12-21,461.2962951660156,472.70001220703125,472.9800109863281,468.8399963378906,471.3299865722656,86667500
2023-12-22,462.22332763671875,473.6499938964844,475.3800048828125,471.70001220703125,473.8599853515625,67160400
2023-12-26,464.1750793457031,475.6499938964844,476.5799865722656,473.989990234375,474.07000732421875,55387000
2023-12-27,465.01434326171875,476.510009765625,476.6600036621094,474.8900146484375,475.44000244140625,68000300
2023-12-28,465.1899719238281,476.69000244140625,477.54998779296875,476.260009765625,476.8800048828125,77158100
2023-12-29,463.84326171875,475.30999755859375,477.0299987792969,473.29998779296875,476.489990234375,122283100
2024-01-02,461.2474365234375,472.6499938964844,473.6700134277344,470.489990234375,472.1600036621094,123623700
2024-01-03,457.4805603027344,468.7900085449219,471.19000244140625,468.1700134277344,470.42999267578125,103585900
2024-01-04,456.00701904296875,467.2799987792969,470.9599914550781,467.04998779296875,468.29998779296875,84232200
2024-01-05,456.6316223144531,467.9200134277344,470.44000244140625,466.42999267578125,467.489990234375,86118900
2024-01-08,463.1504821777344,474.6000061035156,474.75,468.29998779296875,468.42999267578125,74879100
2024-01-09,462.4477844238281,473.8800048828125,474.92999267578125,471.3500061035156,471.8699951171875,65931400
2024-01-10,465.0631103515625,476.55999755859375,477.45001220703125,473.8699951171875,474.1600036621094,67310600
2024-01-11,464.8581848144531,476.3500061035156,478.1199951171875,472.260009765625,477.5899963378906,77940700
2024-01-12,465.1802062988281,476.67999267578125,478.6000061035156,475.2300109863281,477.8399963378906,58026400
2024-01-16,463.472412109375,474.92999267578125,476.6099853515625,473.05999755859375,475.260009765625,85014900
2024-01-17,460.8961486816406,472.2900085449219,472.7900085449219,469.8699951171875,471.82000732421875,68843900
2024-01-18,464.99481201171875,476.489990234375,477.05999755859375,472.4200134277344,474.010009765625,91856200
2024-01-19,470.79150390625,482.42999267578125,482.7200012207031,476.5400085449219,477.6499938964844,110834500
2024-01-22,471.78692626953125,483.45001220703125,485.2200012207031,482.7799987792969,484.010009765625,75844900
2024-01-23,473.16290283203125,484.8599853515625,485.1099853515625,482.8900146484375,484.010009765625,49945300
2024-01-24,473.6800537109375,485.3900146484375,488.7699890136719,484.8800048828125,487.80999755859375,81765000
2024-01-25,476.2564697265625,488.0299987792969,488.30999755859375,485.3900146484375,487.5799865722656,72525000
2024-01-26,475.6513977050781,487.4100036621094,489.1199951171875,486.5400085449219,487.5899963378906,76641600
2024-01-29,479.4182434082031,491.2699890136719,491.4200134277344,487.1700134277344,487.7300109863281,61322800
2024-01-30,479.0473937988281,490.8900146484375,491.6199951171875,490.1099853515625,490.55999755859375,58618400
2024-01-31,471.2306213378906,482.8800048828125,489.0799865722656,482.8599853515625,488.6199951171875,126011100
2024-02-01,477.3982238769531,489.20001220703125,489.2300109863281,483.79998779296875,484.6300048828125,91891600
2024-02-02,482.4239807128906,494.3500061035156,496.04998779296875,489.29998779296875,489.6499938964844,99228200
2024-02-05,480.6673583984375,492.54998779296875,494.3800048828125,490.2300109863281,493.70001220703125,75757100
2024-02-06,482.0628356933594,493.9800109863281,494.32000732421875,492.04998779296875,493.5199890136719,55918600
2024-02-07,486.0834655761719,498.1000061035156,498.5299987792969,495.3599853515625,496.2900085449219,70556500
2024-02-08,486.29815673828125,498.32000732421875,498.7099914550781,497.260009765625,498.1000061035156,52343600
2024-02-09,489.1086730957031,501.20001220703125,501.6499938964844,498.489990234375,498.8399963378906,63979400
2024-02-12,488.8940124511719,500.9800109863281,503.5,500.239990234375,501.1700134277344,56502300
2024-02-13,482.16046142578125,494.0799865722656,497.0899963378906,490.7200012207031,494.5299987792969,113099200
2024-02-14,486.54217529296875,498.57000732421875,499.07000732421875,494.3999938964844,496.7900085449219,68387800
2024-02-15,489.8991394042969,502.010009765625,502.20001220703125,498.79998779296875,499.2900085449219,61683000
2024-02-16,487.45947265625,499.510009765625,502.8699951171875,498.75,501.70001220703125,75532900
2024-02-20,484.7757873535156,496.760009765625,498.4100036621094,494.45001220703125,497.7200012207031,71736700
2024-02-21,485.2149353027344,497.2099914550781,497.3699951171875,493.55999755859375,495.4200134277344,59293400
2024-02-22,495.2567138671875,507.5,508.489990234375,503.0199890136719,504.010009765625,76402500
2024-02-23,495.5982360839844,507.8500061035156,510.1300048828125,507.1000061035156,509.2699890136719,61321800
2024-02-26,493.7831115722656,505.989990234375,508.75,505.8599853515625,508.29998779296875,50386700
2024-02-27,494.7004699707031,506.92999267578125,507.1600036621094,504.75,506.70001220703125,48854500
2024-02-28,494.046630859375,506.260009765625,506.8599853515625,504.9599914550781,505.3299865722656,56506600
2024-02-29,495.82269287109375,508.0799865722656,509.739990234375,505.3500061035156,508.07000732421875,83924800
2024-03-01,500.4776306152344,512.8499755859375,513.2899780273438,508.55999755859375,508.9800109863281,76844800
2024-03-04,499.94091796875,512.2999877929688,514.2000122070312,512.0,512.030029296875,49799300
2024-03-05,494.9444580078125,507.17999267578125,510.70001220703125,504.9100036621094,510.239990234375,72855600
2024-03-06,497.4524230957031,509.75,512.0700073242188,508.4200134277344,510.54998779296875,68382400
2024-03-07,502.3903503417969,514.8099975585938,515.8900146484375,509.80999755859375,513.1400146484375,58652100
2024-03-08,499.3749084472656,511.7200012207031,518.219970703125,511.1300048828125,515.4600219726562,86532500
2024-03-11,498.9455261230469,511.2799987792969,511.8800048828125,508.5,510.4800109863281,62557200
2024-03-12,504.3128967285156,516.780029296875,517.3800048828125,510.8599853515625,513.4500122070312,73114400
2024-03-13,503.5223693847656,515.969970703125,517.2899780273438,514.489990234375,517.1099853515625,55104100
2024-03-14,502.5270080566406,514.9500122070312,517.1300048828125,511.82000732421875,516.969970703125,110171800
2024-03-15,499.0763244628906,509.8299865722656,511.70001220703125,508.1199951171875,510.2099914550781,107646300
2024-03-18,502.04241943359375,512.8599853515625,515.47998046875,512.4400024414062,514.0,88893300
2024-03-19,504.8323669433594,515.7100219726562,516.0,511.1199951171875,512.1500244140625,60755300
2024-03-20,509.501708984375,520.47998046875,520.6199951171875,515.0800170898438,515.77001953125,69594600
2024-03-21,511.1853942871094,522.2000122070312,524.1099853515625,521.9099731445312,523.3900146484375,60256100
2024-03-22,510.2164001464844,521.2100219726562,522.6099853515625,520.969970703125,522.1099853515625,79070800
2024-03-25,508.8067321777344,519.77001953125,520.9500122070312,519.6099853515625,519.7999877929688,48512100
2024-03-26,507.8669128417969,518.8099975585938,521.5800170898438,518.4000244140625,521.22998046875,65463700
2024-03-27,512.1349487304688,523.1699829101562,523.2100219726562,519.489990234375,521.7100219726562,82999800
2024-03-28,512.037109375,523.0700073242188,524.6099853515625,522.780029296875,523.2100219726562,96294900
2024-04-01,511.1462707519531,522.1599731445312,524.3800048828125,520.969970703125,523.8300170898438,62477500
2024-04-02,507.8963623046875,518.8400268554688,518.97998046875,516.47998046875,518.239990234375,74230300
2024-04-03,508.4542541503906,519.4099731445312,520.9500122070312,517.6699829101562,517.719970703125,59155800
2024-04-04,502.2480163574219,513.0700073242188,523.8699951171875,512.760009765625,523.52001953125,96858100
2024-04-05,507.4949645996094,518.4299926757812,520.4400024414062,514.010009765625,514.4600219726562,74546500
2024-04-08,507.7788391113281,518.719970703125,520.1799926757812,517.8900146484375,519.1500244140625,48401800
2024-04-09,508.3662109375,519.3200073242188,520.75,514.3499755859375,520.5,68049200
2024-04-10,503.2758483886719,514.1199951171875,516.1599731445312,512.0900268554688,513.47998046875,82652800
2024-04-11,507.073974609375,518.0,519.47998046875,512.0800170898438,515.6799926757812,70099000
2024-04-12,500.0747985839844,510.8500061035156,515.8200073242188,509.0799865722656,514.3699951171875,92561100
2024-04-15,493.80987548828125,504.45001220703125,515.2999877929688,503.5799865722656,515.1300048828125,92101400
2024-04-16,492.90924072265625,503.5299987792969,506.5,502.2099914550781,504.94000244140625,73484000
2024-04-17,489.9920654296875,500.54998779296875,506.2200012207031,499.1199951171875,506.04998779296875,75910300
2024-04-18,488.9837951660156,499.5199890136719,504.1300048828125,498.55999755859375,501.9800109863281,74548100
2024-04-19,484.7157897949219,495.1600036621094,500.4599914550781,493.8599853515625,499.44000244140625,102212600
2024-04-22,489.1795654296875,499.7200012207031,502.3800048828125,495.42999267578125,497.8299865722656,67961000
2024-04-23,494.9844970703125,505.6499938964844,506.0899963378906,499.5299987792969,501.7799987792969,64633600
2024-04-24,494.74957275390625,505.4100036621094,507.3699951171875,503.1300048828125,506.55999755859375,55928100
2024-04-25,492.8700866699219,503.489990234375,504.2699890136719,497.489990234375,499.17999267578125,69122400
2024-04-26,497.53948974609375,508.260009765625,509.8800048828125,505.70001220703125,506.3500061035156,64306100
2024-04-29,499.3014831542969,510.05999755859375,510.75,507.25,510.0899963378906,46415400
2024-04-30,491.3919372558594,501.9800109863281,509.55999755859375,501.9800109863281,508.55999755859375,77483600
2024-05-01,489.79632568359375,500.3500061035156,508.19000244140625,499.8699951171875,501.3800048828125,80242800
2024-05-02,494.3775634765625,505.0299987792969,505.8900146484375,499.54998779296875,504.1499938964844,62550200
2024-05-03,500.50555419921875,511.2900085449219,512.5499877929688,508.55999755859375,511.1600036621094,72756700
2024-05-06,505.6742248535156,516.5700073242188,516.6099853515625,513.2999877929688,513.75,47264700
2024-05-07,506.232177734375,517.1400146484375,518.5700073242188,516.4500122070312,517.5599975585938,52561300
2024-05-08,506.28106689453125,517.1900024414062,517.739990234375,515.1400146484375,515.260009765625,42047200
2024-05-09,509.1981506347656,520.1699829101562,520.2100219726562,516.7100219726562,517.3800048828125,43643700
2024-05-10,509.8541259765625,520.8400268554688,522.6400146484375,519.5900268554688,521.8099975585938,52233200
2024-05-13,509.922607421875,520.9099731445312,522.6699829101562,519.739990234375,522.5599975585938,36716400
2024-05-14,512.26220703125,523.2999877929688,523.8300170898438,520.5599975585938,521.1099853515625,57535900
2024-05-15,518.6055908203125,529.780029296875,530.0800170898438,525.1799926757812,525.8300170898438,59504900
2024-05-16,517.53857421875,528.6900024414062,531.52001953125,528.5399780273438,529.8800048828125,50244800
2024-05-17,518.282470703125,529.4500122070312,529.52001953125,527.3200073242188,528.8099975585938,59187600
2024-05-20,518.8796997070312,530.0599975585938,531.5599975585938,529.1699829101562,529.5700073242188,37764200
2024-05-21,520.1522216796875,531.3599853515625,531.52001953125,529.0700073242188,529.280029296875,33437000
2024-05-22,518.6544799804688,529.8300170898438,531.3800048828125,527.5999755859375,530.6500244140625,48390000
2024-05-23,514.8660888671875,525.9600219726562,533.0700073242188,524.719970703125,532.9600219726562,57211200
2024-05-24,518.2727661132812,529.4400024414062,530.27001953125,526.8800048828125,527.8499755859375,41291100
2024-05-28,518.6348876953125,529.8099975585938,530.510009765625,527.1099853515625,530.27001953125,36269600
2024-05-29,515.003173828125,526.0999755859375,527.3099975585938,525.3699951171875,525.6799926757812,45190300
2024-05-30,511.5867919921875,522.6099853515625,525.2000122070312,521.3300170898438,524.52001953125,46377600
2024-05-31,516.246337890625,527.3699951171875,527.5,518.3599853515625,523.5900268554688,90785800
2024-06-03,516.6672973632812,527.7999877929688,529.3099975585938,522.5999755859375,529.02001953125,46835700
2024-06-04,517.2448120117188,528.3900146484375,529.1500244140625,524.9600219726562,526.4600219726562,34632700
2024-06-05,523.3924560546875,534.6699829101562,534.6900024414062,528.72998046875,530.77001953125,47610400
2024-06-06,523.382568359375,534.6599731445312,535.4199829101562,532.6799926757812,534.97998046875,30808500
2024-06-07,522.7462768554688,534.010009765625,536.8900146484375,532.5399780273438,533.6599731445312,43224500
2024-06-10,524.3614501953125,535.6599731445312,535.989990234375,532.5700073242188,533.1799926757812,35686100
2024-06-11,525.624267578125,536.9500122070312,537.010009765625,532.0499877929688,534.0700073242188,36383400
2024-06-12,529.9413452148438,541.3599853515625,544.1199951171875,540.2999877929688,541.6300048828125,63251300
2024-06-13,531.00830078125,542.4500122070312,543.3300170898438,539.5900268554688,543.1500244140625,44760900
2024-06-14,531.3313598632812,542.780029296875,542.8099975585938,539.8499755859375,540.8800048828125,40089900
2024-06-17,535.5601806640625,547.0999755859375,548.530029296875,541.6099853515625,542.0800170898438,55839500
2024-06-18,536.9209594726562,548.489990234375,548.6199951171875,546.72998046875,547.1599731445312,41376400
2024-06-20,535.4623413085938,547.0,550.1199951171875,545.1799926757812,549.4400024414062,70328200
2024-06-21,534.744384765625,544.510009765625,545.6500244140625,543.02001953125,544.4000244140625,64338600
2024-06-24,533.006103515625,542.739990234375,546.9500122070312,542.6199951171875,544.3300170898438,45528700
2024-06-25,535.0587768554688,544.8300170898438,545.2000122070312,542.4400024414062,543.989990234375,37936200
2024-06-26,535.7265625,545.510009765625,546.239990234375,543.030029296875,543.6900024414062,38550600
2024-06-27,536.5711059570312,546.3699951171875,546.9600219726562,544.6099853515625,545.3699951171875,35041500
2024-06-28,534.4595336914062,544.219970703125,550.280029296875,542.9500122070312,547.1599731445312,76144500
2024-07-01,535.5595703125,545.3400268554688,545.8800048828125,542.52001953125,545.6300048828125,40297800
2024-07-02,539.1636962890625,549.010009765625,549.010009765625,543.6500244140625,543.7000122070312,40434800
2024-07-03,541.5698852539062,551.4600219726562,551.8300170898438,548.6500244140625,548.6900024414062,32789900
2024-07-05,544.6928100585938,554.6400146484375,555.0499877929688,551.1199951171875,551.77001953125,41488400
2024-07-08,545.3213500976562,555.280029296875,556.25,554.1900024414062,555.4400024414062,36110500
2024-07-09,545.8515625,555.8200073242188,557.1799926757812,555.52001953125,556.260009765625,27289700
2024-07-10,551.2529907226562,561.3200073242188,561.6699829101562,556.77001953125,557.0700073242188,38701200
2024-07-11,546.499755859375,556.47998046875,562.3300170898438,555.8300170898438,561.4400024414062,53054200
2024-07-12,549.94677734375,559.989990234375,563.6699829101562,557.1500244140625,557.6300048828125,53084400
2024-07-15,551.459228515625,561.530029296875,564.8400268554688,559.6300048828125,562.030029296875,40584300
2024-07-16,554.7294311523438,564.8599853515625,565.1599731445312,562.0999755859375,562.8699951171875,36475300
2024-07-17,546.9515380859375,556.9400024414062,560.510009765625,556.6099853515625,558.7999877929688,57119000
2024-07-18,542.7482299804688,552.6599731445312,559.52001953125,550.4299926757812,558.510009765625,56270400
2024-07-19,539.14404296875,548.989990234375,554.0800170898438,547.9099731445312,552.4199829101562,65509100
2024-07-22,544.7025756835938,554.6500244140625,555.27001953125,551.02001953125,553.0,43346700
2024-07-23,543.84814453125,553.780029296875,556.739990234375,553.280029296875,554.5399780273438,34439600
2024-07-24,531.523193359375,541.22998046875,549.1699829101562,540.2899780273438,548.8599853515625,74515300
2024-07-25,528.7538452148438,538.4099731445312,547.4600219726562,537.4500122070312,541.3499755859375,61158300
2024-07-26,534.6756591796875,544.4400024414062,547.1900024414062,541.489990234375,542.280029296875,53763800
2024-07-29,534.9899291992188,544.760009765625,547.0499877929688,542.719970703125,546.02001953125,39515800
2024-07-30,532.2794189453125,542.0,547.3400268554688,538.52001953125,546.260009765625,46853600
2024-07-31,540.9315185546875,550.8099975585938,553.5,547.5800170898438,548.97998046875,65663400
2024-08-01,533.2713623046875,543.010009765625,554.8699951171875,539.4299926757812,552.5700073242188,76428700
2024-08-02,523.3427124023438,532.9000244140625,536.989990234375,528.5999755859375,535.75,82789100
2024-08-05,508.10101318359375,517.3800048828125,523.5800170898438,510.2699890136719,511.6400146484375,146267400
2024-08-06,512.7855224609375,522.1500244140625,529.75,517.8699951171875,519.219970703125,84826300
2024-08-07,509.3581237792969,518.6599731445312,531.5900268554688,518.0499877929688,528.469970703125,70698300
2024-08-08,521.133056640625,530.6500244140625,531.2899780273438,521.8400268554688,523.9099731445312,63276600
2024-08-09,523.4310913085938,532.989990234375,534.510009765625,528.5599975585938,529.8099975585938,45619600
2024-08-12,523.7060546875,533.27001953125,535.72998046875,530.9500122070312,534.2100219726562,42542100
2024-08-13,532.3187255859375,542.0399780273438,542.280029296875,536.280029296875,536.530029296875,52333100
2024-08-14,533.9981079101562,543.75,544.9600219726562,540.1199951171875,542.8499755859375,42446900
2024-08-15,543.1509399414062,553.0700073242188,553.3599853515625,548.8800048828125,549.5,60846800
2024-08-16,544.3687744140625,554.3099975585938,555.02001953125,551.260009765625,551.4199829101562,44430700
2024-08-19,549.5735473632812,559.6099853515625,559.6099853515625,553.8599853515625,554.72998046875,39121800
2024-08-20,548.679931640625,558.7000122070312,560.8400268554688,557.3300170898438,559.1500244140625,33732300
2024-08-21,550.5655517578125,560.6199951171875,562.1099853515625,554.72998046875,559.77001953125,41514600
2024-08-22,546.244384765625,556.219970703125,563.1799926757812,554.97998046875,562.5599975585938,56121500
2024-08-23,552.0484619140625,562.1300048828125,563.0900268554688,557.2899780273438,559.530029296875,50639400
2024-08-26,550.7324829101562,560.7899780273438,563.9099731445312,559.0499877929688,563.1799926757812,35788600
2024-08-27,551.4887084960938,561.5599975585938,562.0599975585938,558.3200073242188,559.489990234375,32693900
2024-08-28,548.287109375,558.2999877929688,561.6500244140625,555.0399780273438,561.2100219726562,41066000
2024-08-29,548.336181640625,558.3499755859375,563.6799926757812,557.1799926757812,560.3099975585938,38715200
2024-08-30,553.5706176757812,563.6799926757812,564.2000122070312,557.1400146484375,560.77001953125,62700100
2024-09-03,542.1786499023438,552.0800170898438,560.8099975585938,549.510009765625,560.469970703125,60600100
2024-09-04,541.0689697265625,550.9500122070312,554.4299926757812,549.4600219726562,550.2000122070312,47224900
2024-09-05,539.7529907226562,549.6099853515625,553.7999877929688,547.0999755859375,550.8900146484375,44264300
2024-09-06,530.6689453125,540.3599853515625,551.5999755859375,539.4400024414062,549.9400024414062,68493800
2024-09-09,536.6103515625,546.4099731445312,547.7100219726562,542.6799926757812,544.6500244140625,40445800
2024-09-10,538.9476928710938,548.7899780273438,549.1500244140625,543.3800048828125,548.3599853515625,36394600
2024-09-11,544.4766845703125,554.4199829101562,555.3599853515625,539.9600219726562,548.7000122070312,75248600
2024-09-12,549.06298828125,559.0900268554688,559.4000244140625,552.739990234375,555.010009765625,51819600
2024-09-13,551.9306030273438,562.010009765625,563.030029296875,559.4500122070312,559.7100219726562,39310500
2024-09-16,552.7457275390625,562.8400268554688,563.1099853515625,559.9000244140625,561.739990234375,36656100
2024-09-17,552.9714965820312,563.0700073242188,566.5800170898438,560.7899780273438,565.0999755859375,49321000
2024-09-18,551.33154296875,561.4000244140625,568.6900024414062,560.8300170898438,563.739990234375,59044900
2024-09-19,560.7396850585938,570.97998046875,572.8800048828125,568.0800170898438,571.010009765625,75315500
2024-09-20,559.7703247070312,568.25,569.3099975585938,565.1699829101562,567.8400268554688,77503100
2024-09-23,561.169189453125,569.6699829101562,570.3300170898438,568.0999755859375,569.3400268554688,44116900
2024-09-24,562.77490234375,571.2999877929688,571.3599853515625,567.5999755859375,570.47998046875,46805700
2024-09-25,561.5336303710938,570.0399780273438,571.8900146484375,568.9099731445312,571.1400146484375,38428600
2024-09-26,563.7599487304688,572.2999877929688,574.7100219726562,569.9000244140625,574.3800048828125,48336000
2024-09-27,562.9423217773438,571.469970703125,574.219970703125,570.4199829101562,573.3900146484375,42100900
2024-09-30,565.1981811523438,573.760009765625,574.3800048828125,568.0800170898438,570.4199829101562,63557400
2024-10-01,560.1348266601562,568.6199951171875,574.0599975585938,566.0,573.4000244140625,72668800
2024-10-02,560.371337890625,568.8599853515625,569.9000244140625,565.27001953125,567.7100219726562,38097800
2024-10-03,559.3468627929688,567.8200073242188,569.7999877929688,565.489990234375,567.3599853515625,40846500
2024-10-04,564.4297485351562,572.97998046875,573.3599853515625,568.0999755859375,572.3499755859375,42939100
2024-10-07,559.3271484375,567.7999877929688,571.9600219726562,566.6300048828125,571.2999877929688,49964700
2024-10-08,564.616943359375,573.1699829101562,573.780029296875,569.530029296875,570.4199829101562,37398700
2024-10-09,568.5277099609375,577.1400146484375,577.7100219726562,572.5499877929688,573.1599731445312,37912200
2024-10-10,567.5328979492188,576.1300048828125,577.5800170898438,574.489990234375,575.77001953125,44138100
2024-10-11,570.931396484375,579.5800170898438,580.3300170898438,575.9099731445312,576.0499877929688,42268000
2024-10-14,575.6006469726562,584.3200073242188,585.27001953125,580.72998046875,581.219970703125,36217200
2024-10-15,571.1283569335938,579.780029296875,584.9000244140625,578.5399780273438,584.5900268554688,54203600
2024-10-16,573.6107177734375,582.2999877929688,582.8300170898438,578.9600219726562,579.780029296875,30725400
2024-10-17,573.6599731445312,582.3499755859375,586.1199951171875,582.1599731445312,585.9099731445312,34393700
2024-10-18,575.8665771484375,584.5900268554688,585.3900146484375,582.5800170898438,584.0700073242188,37416800
2024-10-21,574.9208984375,583.6300048828125,584.8499755859375,580.5999755859375,583.8499755859375,36439000
2024-10-22,574.6155395507812,583.3200073242188,584.5,580.3800048828125,581.0499877929688,34183800
2024-10-23,569.364990234375,577.989990234375,581.7100219726562,574.4199829101562,581.260009765625,49314600
2024-10-24,570.596435546875,579.239990234375,580.0599975585938,576.5700073242188,579.97998046875,34979900
2024-10-25,570.3994140625,579.0399780273438,584.4600219726562,578.0800170898438,581.510009765625,47268200
2024-10-28,572.1627807617188,580.8300170898438,582.7100219726562,580.52001953125,582.5800170898438,30174700
2024-10-29,573.088623046875,581.77001953125,582.9099731445312,578.4299926757812,579.8499755859375,42899700
2024-10-30,571.35498046875,580.010009765625,583.3200073242188,579.2899780273438,581.2899780273438,41435800
2024-10-31,560.1546020507812,568.6400146484375,575.6300048828125,568.4400024414062,575.5599975585938,60182500
2024-11-01,562.5187377929688,571.0399780273438,575.5499877929688,570.6199951171875,571.3200073242188,45667500
2024-11-04,561.30712890625,569.8099975585938,572.5,567.8900146484375,571.1799926757812,38217000
2024-11-05,568.0942993164062,576.7000122070312,576.739990234375,570.52001953125,570.739990234375,39478300
2024-11-06,582.2203369140625,591.0399780273438,591.9299926757812,585.3900146484375,589.2000122070312,68182000
2024-11-07,586.7221069335938,595.6099853515625,596.6500244140625,593.0,593.0800170898438,47233200
2024-11-08,589.2636108398438,598.1900024414062,599.6400146484375,596.1699829101562,596.1699829101562,46444900
2024-11-11,589.8250732421875,598.760009765625,600.1699829101562,597.0,599.8099975585938,37586800
2024-11-12,587.992919921875,596.9000244140625,599.2899780273438,594.3699951171875,598.6799926757812,43006100
2024-11-13,588.278564453125,597.1900024414062,599.22998046875,594.9600219726562,597.3699951171875,47388600
2024-11-14,584.4959106445312,593.3499755859375,597.8099975585938,592.6500244140625,597.3200073242188,38904100
2024-11-15,577.00927734375,585.75,590.2000122070312,583.8599853515625,589.719970703125,75988800
2024-11-18,579.3734741210938,588.1500244140625,589.489990234375,585.3400268554688,586.219970703125,37001700
2024-11-19,581.4913940429688,590.2999877929688,591.0399780273438,584.030029296875,584.7100219726562,49412000
2024-11-20,581.6883544921875,590.5,590.7899780273438,584.6300048828125,590.3800048828125,50032600
2024-11-21,584.81103515625,593.6699829101562,595.1199951171875,587.4500122070312,593.4000244140625,46750300
2024-11-22,586.6236572265625,595.510009765625,596.1500244140625,593.1500244140625,593.6599731445312,38226400
2024-11-25,588.613525390625,597.530029296875,600.8599853515625,595.2000122070312,599.52001953125,42441400
2024-11-26,591.6869506835938,600.6500244140625,601.3300170898438,598.0700073242188,598.7999877929688,45621300
2024-11-27,589.89404296875,598.8300170898438,600.8499755859375,597.280029296875,600.4600219726562,34000200
2024-11-29,593.55859375,602.5499877929688,603.3499755859375,599.3800048828125,599.6599731445312,30177400
2024-12-02,594.6224975585938,603.6300048828125,604.3200073242188,602.469970703125,602.969970703125,31746000
2024-12-03,594.8983154296875,603.9099731445312,604.1599731445312,602.3400268554688,603.3900146484375,26906600
2024-12-04,598.59228515625,607.6599731445312,607.9099731445312,604.9500122070312,605.6300048828125,42787600
2024-12-05,597.607177734375,606.6599731445312,608.47998046875,606.2999877929688,607.6599731445312,28762200
2024-12-06,598.7401123046875,607.8099975585938,609.0700073242188,607.02001953125,607.4400024414062,31241500
2024-12-09,595.65673828125,604.6799926757812,607.8599853515625,604.0800170898438,607.6900024414062,34742700
2024-12-10,593.8048095703125,602.7999877929688,605.7999877929688,602.1300048828125,605.3699951171875,37234500
2024-12-11,598.3953247070312,607.4600219726562,608.4299926757812,605.5,605.780029296875,28677700
2024-12-12,595.31201171875,604.3300170898438,607.1599731445312,604.3300170898438,606.5800170898438,31543800
2024-12-13,595.1937866210938,604.2100219726562,607.1300048828125,602.8099975585938,606.4000244140625,35904700
2024-12-16,597.7352905273438,606.7899780273438,607.780029296875,605.2100219726562,606.0,43695200
2024-12-17,595.2725830078125,604.2899780273438,605.1699829101562,602.8900146484375,604.1900024414062,55773500
2024-12-18,577.5313720703125,586.280029296875,606.4099731445312,585.8900146484375,603.97998046875,108248700
2024-12-19,577.35400390625,586.0999755859375,593.0,585.8499755859375,591.3599853515625,85919500
2024-12-20,584.2886352539062,591.1500244140625,595.75,580.9099731445312,581.77001953125,125716700
2024-12-23,587.7874755859375,594.6900024414062,595.2999877929688,587.6599731445312,590.8900146484375,57635800
2024-12-24,594.3207397460938,601.2999877929688,601.3400268554688,595.469970703125,596.0599975585938,33160100
2024-12-26,594.3603515625,601.3400268554688,602.47998046875,598.0800170898438,599.5,41219100
2024-12-27,588.1038208007812,595.010009765625,597.780029296875,590.760009765625,597.5399780273438,64969300
2024-12-30,581.392578125,588.219970703125,591.739990234375,584.4099731445312,587.8900146484375,56578800
2024-12-31,579.2774658203125,586.0800170898438,590.6400146484375,584.4199829101562,589.9099731445312,57052700
2025-01-02,577.8541259765625,584.6400146484375,591.1300048828125,580.5,589.3900146484375,50204000
2025-01-03,585.0792846679688,591.9500122070312,592.5999755859375,586.4299926757812,587.530029296875,37888500
2025-01-06,588.44970703125,595.3599853515625,599.7000122070312,593.5999755859375,596.27001953125,47679400
2025-01-07,581.7977905273438,588.6300048828125,597.75,586.780029296875,597.4199829101562,60393100
2025-01-08,582.6478271484375,589.489990234375,590.5800170898438,585.2000122070312,588.7000122070312,47304700
2025-01-10,573.7523193359375,580.489990234375,585.9500122070312,578.5499877929688,585.8800048828125,73105000
2025-01-13,574.6419067382812,581.3900146484375,581.75,575.3499755859375,575.77001953125,47910100
2025-01-14,575.4325561523438,582.1900024414062,585.0,578.3499755859375,584.3599853515625,48420600
2025-01-15,585.8997192382812,592.780029296875,593.9400024414062,589.2000122070312,590.3300170898438,56900200
2025-01-16,584.7728881835938,591.6400146484375,594.3499755859375,590.9299926757812,594.1699829101562,43319700
2025-01-17,590.6439819335938,597.5800170898438,599.3599853515625,595.6099853515625,596.9600219726562,58070600
2025-01-21,596.0504760742188,603.0499877929688,603.0599975585938,598.6699829101562,600.6699829101562,42532900
2025-01-22,599.4011840820312,606.4400024414062,607.8200073242188,605.3599853515625,605.9199829101562,48196000
2025-01-23,602.6727294921875,609.75,609.75,605.52001953125,605.7999877929688,41152100
2025-01-24,600.913330078125,607.969970703125,610.780029296875,606.7999877929688,609.8099975585938,34604700
2025-01-27,592.4132080078125,599.3699951171875,599.6900024414062,594.6400146484375,594.8099975585938,70361100
2025-01-28,597.50341796875,604.52001953125,605.3699951171875,597.25,600.6199951171875,44433300
2025-01-29,594.8248901367188,601.8099975585938,604.1300048828125,599.219970703125,603.719970703125,37177400
2025-01-30,598.0173950195312,605.0399780273438,606.5999755859375,600.719970703125,603.9600219726562,39281300
2025-01-31,594.8347778320312,601.8200073242188,609.9600219726562,601.0499877929688,607.5,66566900
2025-02-03,590.831787109375,597.77001953125,600.2899780273438,590.489990234375,592.6699829101562,65857200
2025-02-04,594.7952880859375,601.780029296875,602.2999877929688,597.280029296875,597.8300170898438,33457800
2025-02-05,597.2069091796875,604.219970703125,604.3699951171875,598.5800170898438,600.6400146484375,30653100
2025-02-06,599.2825317382812,606.3200073242188,606.4500122070312,602.6300048828125,605.989990234375,35771500
2025-02-07,593.7969360351562,600.77001953125,608.1300048828125,600.0499877929688,606.8900146484375,50788500
2025-02-10,597.82958984375,604.8499755859375,605.5,602.739990234375,604.030029296875,26048700
2025-02-11,598.2842407226562,605.3099975585938,605.8599853515625,602.4299926757812,602.5499877929688,30056700
2025-02-12,596.3568725585938,603.3599853515625,604.5499877929688,598.510009765625,599.2000122070312,45076100
2025-02-13,602.6529541015625,609.72998046875,609.9400024414062,603.2000122070312,604.47998046875,40921300
2025-02-14,602.623291015625,609.7000122070312,610.989990234375,609.0700073242188,609.9400024414062,26910400
2025-02-18,604.392578125,611.489990234375,611.489990234375,608.3800048828125,610.8800048828125,26749000
2025-02-19,605.8157958984375,612.9299926757812,613.22998046875,609.5599975585938,610.0800170898438,31011100
2025-02-20,603.29541015625,610.3800048828125,611.6799926757812,607.02001953125,611.5399780273438,36554000
2025-02-21,592.9766235351562,599.9400024414062,610.2999877929688,599.469970703125,610.1599731445312,76519800
2025-02-24,590.2782592773438,597.2100219726562,603.030029296875,596.489990234375,602.02001953125,50737200
2025-02-25,587.3427124023438,594.239990234375,597.8900146484375,589.5599975585938,597.1500244140625,58266500
2025-02-26,587.6392822265625,594.5399780273438,599.5800170898438,591.8599853515625,595.9299926757812,43321600
2025-02-27,578.2593383789062,585.0499877929688,598.02001953125,584.6500244140625,596.8499755859375,74196700
2025-02-28,587.2833862304688,594.1799926757812,594.719970703125,582.4400024414062,585.5599975585938,88744100
2025-03-03,576.9942626953125,583.77001953125,597.3400268554688,579.9000244140625,596.1799926757812,74249200
2025-03-04,570.1644897460938,576.8599853515625,585.3900146484375,572.25,579.7100219726562,109648200
2025-03-05,576.2925415039062,583.0599975585938,584.8800048828125,573.0800170898438,576.6900024414062,71230500
2025-03-06,566.0625610351562,572.7100219726562,580.1699829101562,570.1199951171875,575.47998046875,80094900
2025-03-07,569.2353515625,575.9199829101562,577.3900146484375,565.6300048828125,570.9000244140625,81158800
2025-03-10,554.0734252929688,560.5800170898438,569.5399780273438,555.5900268554688,567.5900268554688,99326600
2025-03-11,549.467529296875,555.9199829101562,564.02001953125,552.02001953125,559.4000244140625,88102100
2025-03-12,552.3832397460938,558.8699951171875,563.1099853515625,553.6900024414062,562.1699829101562,69588200
2025-03-13,545.0197143554688,551.4199829101562,559.1099853515625,549.6799926757812,558.489990234375,74079400
2025-03-14,556.2775268554688,562.8099975585938,563.8300170898438,551.489990234375,556.1099853515625,62660300
2025-03-17,560.5671997070312,567.1500244140625,569.7100219726562,562.3499755859375,562.7899780273438,49008700
2025-03-18,554.50830078125,561.02001953125,565.02001953125,559.0599975585938,564.7999877929688,66041400
2025-03-19,560.54736328125,567.1300048828125,570.9500122070312,561.6300048828125,562.8300170898438,66556000
2025-03-20,558.9264526367188,565.489990234375,570.5700073242188,562.5999755859375,563.3300170898438,62958200
2025-03-21,559.11083984375,563.97998046875,564.8900146484375,558.030029296875,559.280029296875,83763000
2025-03-24,569.1235961914062,574.0800170898438,575.1500244140625,570.2000122070312,570.7999877929688,58766800
2025-03-25,570.4917602539062,575.4600219726562,576.4099731445312,573.6900024414062,575.2999877929688,38355700
2025-03-26,563.6810913085938,568.5900268554688,576.3300170898438,567.1900024414062,575.1900024414062,51848300
2025-03-27,562.1840209960938,567.0800170898438,570.9000244140625,564.9400024414062,567.1799926757812,42164200
2025-03-28,550.8626708984375,555.6599731445312,566.27001953125,555.0700073242188,565.530029296875,71662700
2025-03-31,554.5604858398438,559.3900146484375,560.7100219726562,546.8699951171875,549.8300170898438,95328200
2025-04-01,556.1268310546875,560.969970703125,562.9400024414062,553.6799926757812,557.4500122070312,54609600
2025-04-02,559.6461791992188,564.52001953125,567.4199829101562,554.8099975585938,555.0499877929688,76014500
2025-04-03,532.06640625,536.7000122070312,547.969970703125,536.7000122070312,545.1099853515625,125986000
2025-04-04,500.9176330566406,505.2799987792969,525.8699951171875,505.05999755859375,523.6699829101562,217965100
2025-04-07,500.025390625,504.3800048828125,523.1699829101562,481.79998779296875,489.19000244140625,256611400
2025-04-08,492.193603515625,496.4800109863281,524.97998046875,489.1600036621094,521.8599853515625,165816600
2025-04-09,543.8834838867188,548.6199951171875,548.6199951171875,493.04998779296875,493.44000244140625,241867300
2025-04-10,520.051025390625,524.5800170898438,533.5,509.32000732421875,532.1699829101562,162331200
2025-04-11,529.3302612304688,533.9400024414062,536.4299926757812,520.0700073242188,523.010009765625,97866300
2025-04-14,534.4654541015625,539.1199951171875,544.280029296875,533.8599853515625,544.0499877929688,68034000
2025-04-15,532.9684448242188,537.6099853515625,543.22998046875,536.8099975585938,539.6699829101562,56892900
2025-04-16,521.1216430664062,525.6599731445312,537.8900146484375,520.2899780273438,531.6799926757812,83484800
2025-04-17,521.8651733398438,526.4099731445312,531.1699829101562,523.9099731445312,527.6400146484375,79868100
2025-04-21,509.443359375,513.8800048828125,521.7000122070312,508.4599914550781,521.1599731445312,69368100
2025-04-22,522.697998046875,527.25,529.2999877929688,519.1900024414062,520.1400146484375,75948100
2025-04-23,530.79736328125,535.4199829101562,545.4299926757812,533.8800048828125,540.4299926757812,90590700
2025-04-24,541.9700927734375,546.6900024414062,547.4299926757812,535.4500122070312,536.719970703125,64150400
2025-04-25,545.8860473632812,550.6400146484375,551.0499877929688,543.6900024414062,546.6500244140625,61119600
2025-04-28,546.09423828125,550.8499755859375,553.5499877929688,545.02001953125,551.3900146484375,47613800
2025-04-29,549.5342407226562,554.3200073242188,555.4500122070312,548.5499877929688,548.9099731445312,47775100
2025-04-30,549.7523193359375,554.5399780273438,556.52001953125,541.52001953125,547.5700073242188,93101500
2025-05-01,553.6484375,558.469970703125,564.0700073242188,557.8599853515625,560.3699951171875,63186100
2025-05-02,561.8668823242188,566.760009765625,568.3800048828125,562.3800048828125,564.72998046875,60717300
2025-05-05,558.6448974609375,563.510009765625,566.6500244140625,561.7000122070312,562.5700073242188,38659200
2025-05-06,553.9755859375,558.7999877929688,563.3499755859375,556.9600219726562,557.9299926757812,48264700
2025-05-07,556.3052978515625,561.1500244140625,563.8200073242188,556.0399780273438,560.1500244140625,55588000
2025-05-08,560.1815185546875,565.0599975585938,570.3099975585938,561.7000122070312,565.239990234375,65130800
2025-05-09,559.4677734375,564.3400268554688,567.5,562.760009765625,566.47998046875,37603400
2025-05-12,577.9567260742188,582.989990234375,583.0,577.0399780273438,581.469970703125,78993600
2025-05-13,581.7734375,586.8400268554688,589.0800170898438,582.8400268554688,583.4099731445312,67947200
2025-05-14,582.5169677734375,587.5900268554688,588.97998046875,585.5399780273438,587.8099975585938,66283500
2025-05-15,585.3622436523438,590.4600219726562,590.969970703125,585.0999755859375,585.5599975585938,71268100
2025-05-16,589.0699462890625,594.2000122070312,594.5,589.280029296875,591.25,76052100
2025-05-19,589.71435546875,594.8499755859375,595.5399780273438,588.0999755859375,588.0999755859375,68168500
2025-05-20,587.7315673828125,592.8499755859375,594.0499877929688,589.5999755859375,593.0900268554688,60614500
2025-05-21,577.8278198242188,582.8599853515625,592.5800170898438,581.8200073242188,588.4400024414062,95197700
2025-05-22,578.0558471679688,583.0900268554688,586.6199951171875,581.4099731445312,582.6599731445312,70860400
2025-05-23,574.1102294921875,579.1099853515625,581.8099975585938,575.5999755859375,575.97998046875,76029000
2025-05-27,586.0462646484375,591.1500244140625,591.3099975585938,578.4299926757812,586.0700073242188,72588500
2025-05-28,582.65576171875,587.72998046875,592.77001953125,586.989990234375,591.5599975585938,68445500
2025-05-29,584.9557495117188,590.0499877929688,593.2000122070312,586.0700073242188,593.0599975585938,69973300
2025-05-30,584.301513671875,589.3900146484375,591.1300048828125,583.239990234375,588.9299926757812,90601200
2025-06-02,587.5928955078125,592.7100219726562,592.7899780273438,585.0599975585938,587.760009765625,61630500
2025-06-03,590.943603515625,596.0900268554688,597.0800170898438,591.8499755859375,592.3400268554688,63606200
2025-06-04,590.7850341796875,595.9299926757812,597.9500122070312,595.489990234375,596.9600219726562,57314200
2025-06-05,587.9298095703125,593.0499877929688,599.0,591.0499877929688,597.6300048828125,92278700
2025-06-06,593.96728515625,599.1400146484375,600.8300170898438,596.8599853515625,598.6599731445312,66588700
2025-06-09,594.5026245117188,599.6799926757812,601.25,598.489990234375,599.719970703125,53016400
2025-06-10,597.8733520507812,603.0800170898438,603.469970703125,599.0900268554688,600.219970703125,66247000
2025-06-11,596.1680908203125,601.3599853515625,605.0599975585938,599.27001953125,604.1900024414062,73658200
2025-06-12,598.5374145507812,603.75,603.75,599.52001953125,600.010009765625,64129000
2025-06-13,591.8457641601562,597.0,601.8499755859375,595.47998046875,598.5,89506000
2025-06-16,597.4767456054688,602.6799926757812,604.4500122070312,600.219970703125,600.4000244140625,79984100
2025-06-17,592.3712158203125,597.530029296875,601.75,596.760009765625,600.2100219726562,82209400
2025-06-18,592.2819213867188,597.4400024414062,601.219970703125,596.469970703125,598.4400024414062,76605000
2025-06-20,590.8909301757812,594.280029296875,599.4600219726562,592.8599853515625,598.3800048828125,94051400
2025-06-23,596.7274780273438,600.1500244140625,600.5399780273438,591.8900146484375,595.0399780273438,87426000
2025-06-24,603.3196411132812,606.780029296875,607.8499755859375,603.4099731445312,604.3300170898438,67735300
2025-06-25,603.65771484375,607.1199951171875,608.6099853515625,605.5399780273438,607.9099731445312,62114800
2025-06-26,608.380615234375,611.8699951171875,612.3099975585938,608.3699951171875,608.989990234375,78548400
2025-06-27,611.4032592773438,614.9099731445312,616.3900146484375,610.8300170898438,612.8800048828125,86258400
2025-06-30,614.3265380859375,617.8499755859375,619.219970703125,615.0399780273438,617.3800048828125,92502500
2025-07-01,614.127685546875,617.6500244140625,618.8300170898438,615.52001953125,616.3599853515625,70030100
2025-07-02,616.9116821289062,620.4500122070312,620.489990234375,616.6099853515625,617.239990234375,66510400
2025-07-03,621.7738037109375,625.3400268554688,626.280029296875,622.4299926757812,622.4500122070312,51065800
2025-07-07,617.140380859375,620.6799926757812,624.030029296875,617.8699951171875,623.3599853515625,74814500
2025-07-08,616.8023681640625,620.3400268554688,622.1099853515625,619.52001953125,621.3499755859375,59024600
2025-07-09,620.5010986328125,624.0599975585938,624.719970703125,620.9099731445312,622.77001953125,66113300
2025-07-10,622.2510986328125,625.8200073242188,626.8699951171875,623.010009765625,624.2000122070312,57529000
2025-07-11,620.0635986328125,623.6199951171875,624.8599853515625,621.530029296875,622.739990234375,63670200
2025-07-14,621.2467651367188,624.8099975585938,625.1599731445312,621.7999877929688,623.1599731445312,51898500
2025-07-15,618.592041015625,622.1400146484375,627.8599853515625,622.0599975585938,627.52001953125,74317300
2025-07-16,620.66015625,624.219970703125,624.72998046875,618.0499877929688,623.739990234375,88987500
2025-07-17,624.4583740234375,628.0399780273438,628.4000244140625,624.1799926757812,624.4000244140625,68885700
2025-07-18,624.0010375976562,627.5800170898438,629.469970703125,626.4600219726562,629.2999877929688,65621600
2025-07-21,625.1842651367188,628.77001953125,631.5399780273438,628.3400268554688,628.77001953125,63375000
2025-07-22,625.2737426757812,628.8599853515625,629.72998046875,626.1900024414062,629.0999755859375,60046300
2025-07-23,630.59326171875,634.2100219726562,634.2100219726562,629.72998046875,631.5499877929688,70511000
2025-07-24,630.802001953125,634.4199829101562,636.1500244140625,633.989990234375,634.5999755859375,71307100
2025-07-25,633.4667358398438,637.0999755859375,637.5800170898438,634.8400268554688,635.0900268554688,56865400
2025-07-28,633.3076782226562,636.9400024414062,638.0399780273438,635.5399780273438,637.47998046875,54917100
2025-07-29,631.63720703125,635.260009765625,638.6699829101562,634.3400268554688,638.3499755859375,60556300
2025-07-30,630.841796875,634.4600219726562,637.6799926757812,631.5399780273438,635.9199829101562,80418900
2025-07-31,628.4754028320312,632.0800170898438,639.8499755859375,630.77001953125,639.4600219726562,103385200
2025-08-01,618.1743774414062,621.719970703125,626.3400268554688,619.2899780273438,626.2999877929688,140103600
2025-08-04,627.5704956054688,631.1699829101562,631.219970703125,625.5800170898438,625.6699829101562,73218000
2025-08-05,624.3887329101562,627.969970703125,632.6099853515625,627.0399780273438,631.7899780273438,68051400
2025-08-06,629.17138671875,632.780029296875,633.4400024414062,628.1300048828125,629.0499877929688,64357500
2025-08-07,628.6443481445312,632.25,636.97998046875,629.1099853515625,636.239990234375,74205800
2025-08-08,633.5462646484375,637.1799926757812,637.6500244140625,633.739990234375,634.0599975585938,64051600
2025-08-11,632.29345703125,635.9199829101562,638.9500122070312,634.6599731445312,637.4600219726562,58742300
2025-08-12,639.02490234375,642.6900024414062,642.8499755859375,636.7899780273438,638.2899780273438,64730800
2025-08-13,641.2123413085938,644.8900146484375,646.1900024414062,642.6799926757812,644.9099731445312,60092800
2025-08-14,641.27197265625,644.9500122070312,645.6199951171875,642.3400268554688,642.7899780273438,59327500
2025-08-15,639.7706298828125,643.4400024414062,646.0900268554688,642.52001953125,645.989990234375,68592500
2025-08-18,639.63134765625,643.2999877929688,644.0,642.1799926757812,642.8599853515625,43804900
2025-08-19,636.1612548828125,639.8099975585938,644.1099853515625,638.47998046875,643.1199951171875,69750700
2025-08-20,634.470947265625,638.1099853515625,639.6599731445312,632.9500122070312,639.4000244140625,88890300
2025-08-21,631.925537109375,635.5499877929688,637.969970703125,633.8099975585938,636.280029296875,54805800
2025-08-22,641.6299438476562,645.3099975585938,646.5,637.25,637.760009765625,84083200
2025-08-25,638.8060302734375,642.469970703125,645.2899780273438,642.3499755859375,644.0399780273438,51274300
2025-08-26,641.4807739257812,645.1599731445312,645.510009765625,641.5700073242188,642.2000122070312,51581600
2025-08-27,642.9423828125,646.6300048828125,647.3699951171875,644.4199829101562,644.5700073242188,48341100
2025-08-28,645.2192993164062,648.9199829101562,649.47998046875,645.3400268554688,647.239990234375,61519500
2025-08-29,641.3713989257812,645.0499877929688,647.8400268554688,643.1400146484375,647.469970703125,74522200
2025-09-02,636.61865234375,640.27001953125,640.489990234375,634.9199829101562,637.5,81983500
2025-09-03,640.06884765625,643.739990234375,644.2100219726562,640.4600219726562,642.6699829101562,70820900
2025-09-04,645.4181518554688,649.1199951171875,649.1500244140625,643.510009765625,644.4199829101562,65219200
2025-09-05,643.5488891601562,647.239990234375,652.2100219726562,643.3300170898438,651.47998046875,85178900
2025-09-08,645.1298217773438,648.8300170898438,649.8400268554688,647.22998046875,648.6199951171875,63133100
2025-09-09,646.6212768554688,650.3300170898438,650.8599853515625,647.219970703125,648.969970703125,66133900
2025-09-10,648.4906005859375,652.2100219726562,654.5499877929688,650.6300048828125,653.6199951171875,78034500
2025-09-11,653.8796997070312,657.6300048828125,658.3300170898438,653.5900268554688,654.1799926757812,69934400
2025-09-12,653.660888671875,657.4099731445312,659.1099853515625,656.9000244140625,657.5999755859375,72780100
2025-09-15,657.1409301757812,660.9099731445312,661.0399780273438,659.3400268554688,659.6400146484375,63772400
2025-09-16,656.2361450195312,660.0,661.780029296875,659.2100219726562,661.469970703125,61169000
2025-09-17,655.4208374023438,659.1799926757812,661.719970703125,654.2999877929688,660.010009765625,101952200
2025-09-18,658.4832763671875,662.260009765625,664.8900146484375,660.27001953125,661.8900146484375,90459200
2025-09-19,661.74462890625,663.7000122070312,664.5499877929688,660.3699951171875,662.3300170898438,97945600
2025-09-22,664.8753662109375,666.8400268554688,667.2899780273438,662.1699829101562,662.2000122070312,69452200
2025-09-23,661.256103515625,663.2100219726562,667.3400268554688,661.97998046875,666.719970703125,81708900
2025-09-24,659.1522216796875,661.0999755859375,664.6099853515625,659.6699829101562,664.510009765625,68082200
2025-09-25,656.1112670898438,658.0499877929688,659.4099731445312,654.4099731445312,657.9400024414062,89622100
2025-09-26,659.8701782226562,661.8200073242188,662.3699951171875,657.8800048828125,659.510009765625,69179200
2025-09-29,661.7246704101562,663.6799926757812,665.280029296875,661.8599853515625,664.3599853515625,73499000
2025-09-30,664.21728515625,666.1799926757812,666.6500244140625,661.6099853515625,662.9299926757812,86288000
2025-10-01,666.4806518554688,668.4500122070312,669.3699951171875,663.0599975585938,663.1699829101562,72545400
2025-10-02,667.248291015625,669.219970703125,670.5700073242188,666.780029296875,670.4500122070312,56896000
2025-10-03,667.2384033203125,669.2100219726562,672.6799926757812,668.1599731445312,669.989990234375,70494400
2025-10-06,669.6312866210938,671.6099853515625,672.510009765625,669.4600219726562,671.6199951171875,54623300
2025-10-07,667.1486206054688,669.1199951171875,672.989990234375,667.6699829101562,672.5399780273438,72020100
2025-10-08,671.1268920898438,673.1099853515625,673.2100219726562,669.4199829101562,670.25,60702200
2025-10-09,669.1826171875,671.1599731445312,673.9400024414062,669.2100219726562,673.530029296875,66501900
2025-10-10,651.0960693359375,653.02001953125,673.9500122070312,652.8400268554688,672.1300048828125,159422600
2025-10-13,661.0865478515625,663.0399780273438,665.1300048828125,659.77001953125,660.6500244140625,79560500
2025-10-14,660.2789306640625,662.22998046875,665.8300170898438,653.1699829101562,657.1699829101562,88779600
2025-10-15,663.2102661132812,665.1699829101562,670.22998046875,658.9299926757812,666.8200073242188,81702600
2025-10-16,658.6936645507812,660.6400146484375,668.7100219726562,657.1099853515625,666.8200073242188,110563300
2025-10-17,662.4326171875,664.3900146484375,665.760009765625,658.1400146484375,659.5,96500900
2025-10-20,669.3222045898438,671.2999877929688,672.2100219726562,667.27001953125,667.3200073242188,60493400
2025-10-21,669.3121948242188,671.2899780273438,672.989990234375,669.97998046875,671.4400024414062,56249000
2025-10-22,665.83251953125,667.7999877929688,672.0,663.2999877929688,672.0,80564000
2025-10-23,669.7808837890625,671.760009765625,672.7100219726562,667.7999877929688,668.1199951171875,65604500
2025-10-24,675.2546997070312,677.25,678.469970703125,675.6500244140625,676.4600219726562,74356500
2025-10-27,683.2211303710938,685.239990234375,685.5399780273438,682.1199951171875,682.72998046875,63339800
2025-10-28,685.0357666015625,687.0599975585938,688.9099731445312,684.8300170898438,687.0499877929688,61738100
2025-10-29,685.3648071289062,687.3900146484375,689.7000122070312,682.8699951171875,688.719970703125,85657100
2025-10-30,677.8270874023438,679.8300170898438,685.9400024414062,679.8300170898438,683.9000244140625,76335800
2025-10-31,680.050537109375,682.0599975585938,685.0800170898438,679.239990234375,685.0399780273438,87164100
2025-11-03,681.3267822265625,683.3400268554688,685.7999877929688,679.9400024414062,685.6699829101562,57315000
2025-11-04,673.2506103515625,675.239990234375,679.9600219726562,674.5800170898438,676.1099853515625,78427000
2025-11-05,675.583740234375,677.5800170898438,680.8599853515625,674.1699829101562,674.97998046875,74402400
2025-11-06,668.3351440429688,670.3099975585938,677.3800048828125,668.719970703125,676.469970703125,85035300
2025-11-07,668.9931640625,670.969970703125,671.0800170898438,661.2100219726562,667.9099731445312,100592400
2025-11-10,679.432373046875,681.4400024414062,682.1799926757812,675.030029296875,677.239990234375,75842900
2025-11-11,680.9877319335938,683.0,683.5700073242188,678.72998046875,679.9500122070312,58953400
2025-11-12,681.3666381835938,683.3800048828125,684.9600219726562,680.9500122070312,684.7899780273438,62312500
2025-11-13,670.0599975585938,672.0399780273438,680.8599853515625,670.52001953125,680.5,103457800
2025-11-14,669.9503784179688,671.9299926757812,675.6599731445312,663.27001953125,665.3800048828125,96846700
2025-11-17,663.7088012695312,665.6699829101562,673.7100219726562,662.1699829101562,669.7000122070312,90456100
2025-11-18,658.1353149414062,660.0800170898438,665.1199951171875,655.8599853515625,662.0999755859375,114467500
2025-11-19,660.6777954101562,662.6300048828125,667.3400268554688,658.75,660.780029296875,94703000
2025-11-20,650.6075439453125,652.530029296875,675.5599975585938,651.8900146484375,672.9099731445312,165293500
2025-11-21,657.08837890625,659.030029296875,664.5499877929688,650.8499755859375,655.0499877929688,123956200
2025-11-24,666.759765625,668.72998046875,670.0599975585938,661.5900268554688,662.6900024414062,80437900
2025-11-25,673.03125,675.02001953125,676.2100219726562,664.47998046875,668.6300048828125,81077100
2025-11-26,677.6775512695312,679.6799926757812,681.7000122070312,676.719970703125,677.6300048828125,71879600
2025-11-28,681.3765869140625,683.3900146484375,683.6699829101562,680.5,680.8599853515625,49212000
2025-12-01,678.2658081054688,680.27001953125,682.989990234375,678.739990234375,678.8099975585938,61201200
2025-12-02,679.5220947265625,681.530029296875,683.8200073242188,679.3300170898438,681.9199829101562,62953800
2025-12-03,681.8751220703125,683.8900146484375,684.9099731445312,679.6900024414062,680.5700073242188,57238500
2025-12-04,682.3736572265625,684.3900146484375,685.3699951171875,681.3400268554688,685.2999877929688,61970300
2025-12-05,683.6697998046875,685.6900024414062,688.3900146484375,684.5800170898438,685.469970703125,79241000
2025-12-08,681.6159057617188,683.6300048828125,686.6400146484375,681.5700073242188,686.5900268554688,55231500
2025-12-09,681.027587890625,683.0399780273438,685.3900146484375,682.5900268554688,683.1500244140625,58310100
2025-12-10,685.5443115234375,687.5700073242188,688.969970703125,681.3099975585938,682.5599975585938,85671300
2025-12-11,687.1395263671875,689.1699829101562,689.25,682.1699829101562,685.1400146484375,86173700
2025-12-12,679.7514038085938,681.760009765625,688.8800048828125,679.1699829101562,688.1699829101562,113160300
2025-12-15,678.7244262695312,680.72998046875,685.760009765625,679.25,685.739990234375,90811000
2025-12-16,676.8699340820312,678.8699951171875,681.0800170898438,674.97998046875,679.22998046875,122030600
2025-12-17,669.4219360351562,671.4000244140625,680.4400024414062,671.2000122070312,679.8900146484375,110625200
2025-12-18,674.4769287109375,676.469970703125,680.739990234375,674.9000244140625,677.5999755859375,108650100
2025-12-19,680.5900268554688,680.5900268554688,681.0900268554688,676.469970703125,676.5900268554688,103599500
2025-12-22,684.8300170898438,684.8300170898438,685.3599853515625,680.5900268554688,683.9400024414062,69556700
2025-12-23,687.9600219726562,687.9600219726562,688.2000122070312,683.8699951171875,683.9199829101562,64840000
2025-12-24,690.3800048828125,690.3800048828125,690.8300170898438,687.7999877929688,687.9500122070312,39445600
2025-12-26,690.3099975585938,690.3099975585938,691.6599731445312,689.27001953125,690.6400146484375,41613300
2025-12-29,687.8499755859375,687.8499755859375,689.2000122070312,686.0700073242188,687.5399780273438,62559500
2025-12-30,687.010009765625,687.010009765625,688.5599975585938,686.5800170898438,687.4500122070312,47160700
2025-12-31,681.9199829101562,681.9199829101562,687.3599853515625,681.7100219726562,687.1400146484375,74144800
2026-01-02,683.1699829101562,683.1699829101562,686.8699951171875,679.8200073242188,685.7100219726562,89377200
2026-01-05,687.719970703125,687.719970703125,689.4299926757812,686.3800048828125,686.5399780273438,71927200
2026-01-06,691.8099975585938,691.8099975585938,692.3200073242188,687.780029296875,687.9299926757812,69273800
2026-01-07,689.5800170898438,689.5800170898438,693.9600219726562,689.3200073242188,692.1900024414062,75588300
2026-01-08,689.510009765625,689.510009765625,690.6199951171875,687.489990234375,688.8200073242188,64019200
2026-01-09,694.0700073242188,694.0700073242188,695.3099975585938,689.1799926757812,690.6300048828125,80125500
2026-01-12,695.1599731445312,695.1599731445312,696.0900268554688,690.6300048828125,690.6799926757812,63976000
2026-01-13,693.77001953125,693.77001953125,696.0900268554688,691.3499755859375,695.489990234375,78309700
2026-01-14,690.3599853515625,690.3599853515625,691.719970703125,686.0399780273438,691.0,94676700
2026-01-15,692.239990234375,692.239990234375,695.4500122070312,691.25,694.5700073242188,77862000
2026-01-16,691.6599731445312,691.6599731445312,694.25,690.0999755859375,693.6599731445312,79246300
